species,image_id,scaled_image_path,animal_mask_path,background_ring_path,scaled_width,scaled_height,animal_area_pixels,background_ring_area_pixels,scaled_image_area_pixels,animal_area_fraction,background_ring_area_fraction,animal_red_mean,background_red_mean,red_contrast,animal_green_mean,background_green_mean,green_contrast,animal_blue_mean,background_blue_mean,blue_contrast,animal_gray_mean,background_gray_mean,gray_contrast,gray_contrast_abs,animal_saturation_mean,background_saturation_mean,saturation_contrast,saturation_contrast_abs,animal_brightness_mean,background_brightness_mean,brightness_contrast,brightness_contrast_abs,animal_lab_l_mean,background_lab_l_mean,lab_l_contrast,animal_lab_a_mean,background_lab_a_mean,lab_a_contrast,animal_lab_b_mean,background_lab_b_mean,lab_b_contrast,lab_colour_distance,animal_red_sd,animal_green_sd,animal_blue_sd,animal_gray_sd,animal_saturation_sd,animal_brightness_sd,background_gray_sd,background_saturation_sd,background_brightness_sd,animal_edge_density,background_edge_density,animal_luminance_edge_mean,animal_luminance_edge_sd,animal_luminance_edge_cv,background_luminance_edge_mean,background_luminance_edge_sd,background_luminance_edge_cv,luminance_edge_cv_difference,animal_chromatic_edge_mean,animal_chromatic_edge_sd,animal_chromatic_edge_cv,background_chromatic_edge_mean,background_chromatic_edge_sd,background_chromatic_edge_cv,chromatic_edge_cv_difference
Aphelodoris varia,Aphelodoris_varia_img01,processed_data/automated_image_analysis/scaled_images/sam_scaled_ring120_final/Aphelodoris_varia/Aphelodoris_varia_img01_sam_scaled_ring120_final_scaled_image.png,processed_data/automated_image_analysis/masks/sam_scaled_ring120_final/Aphelodoris_varia/Aphelodoris_varia_img01_sam_scaled_ring120_final_animal_mask.png,processed_data/automated_image_analysis/background_rings/sam_scaled_ring120_final/Aphelodoris_varia/Aphelodoris_varia_img01_sam_scaled_ring120_final_background_ring120.png,1024,695,208731,275340,711680,0.29329333408273384,0.38688736510791366,198.89965074665477,116.60548412871358,82.29416661794119,159.19599867772396,74.58291203602818,84.61308664169579,132.7740153594818,52.06921260986417,80.70480274961764,168.06686596624363,84.59130166339799,83.47556430284564,83.47556430284564,95.45281726240951,152.73603181521028,-57.28321455280077,57.28321455280077,199.92826652485735,117.1283794581245,82.79988706673285,82.79988706673285,68.13542175292969,35.333457946777344,32.801963806152344,12.116066932678223,15.478564262390137,-3.362497329711914,20.021841049194336,20.22650146484375,-0.20466041564941406,32.9744917128101,45.132840179209396,55.788763869275776,60.90533398620401,52.04458815656526,52.32136363325622,44.65031367851658,42.44406279451803,45.60713794920939,50.670322399118724,0.14803837722531873,0.14437735420491757,37.5291748046875,40.95552444458008,1.091298294133145,30.49671745300293,26.425899505615234,0.8665161929751606,0.22478210115798447,38.7042121887207,38.60977554321289,0.9975600421719646,36.484580993652344,31.115083694458008,0.852828313962862,0.14473172820910263
Aphelodoris varia,Aphelodoris_varia_img02,processed_data/automated_image_analysis/scaled_images/sam_scaled_ring120_final/Aphelodoris_varia/Aphelodoris_varia_img02_sam_scaled_ring120_final_scaled_image.png,processed_data/automated_image_analysis/masks/sam_scaled_ring120_final/Aphelodoris_varia/Aphelodoris_varia_img02_sam_scaled_ring120_final_animal_mask.png,processed_data/automated_image_analysis/background_rings/sam_scaled_ring120_final/Aphelodoris_varia/Aphelodoris_varia_img02_sam_scaled_ring120_final_background_ring120.png,1024,768,147043,232800,786432,0.18697484334309897,0.2960205078125,171.91637820229457,106.4026675257732,65.51371067652137,146.73451983433418,86.46835481099656,60.26616502333762,108.33209333324265,47.12186426116838,61.21022907207427,149.8935957509028,87.94606958762887,61.94752616327392,61.94752616327392,107.35319600389002,165.33837199312714,-57.98517598923712,57.98517598923712,172.3941228076141,106.64351804123712,65.750604766377,65.750604766377,61.34665298461914,36.74239730834961,24.60425567626953,4.735072135925293,3.068976879119873,1.66609525680542,24.061084747314453,24.70737075805664,-0.6462860107421875,24.66906881898204,58.4594327077733,62.460426837116,60.414685337301734,60.25616193865617,54.810727789680335,58.24403076563657,56.073760636224755,52.170551347803354,62.55208108120002,0.22745174852569797,0.2231248514100902,55.33094787597656,51.68729782104492,0.9341480637002854,45.68487548828125,37.97415542602539,0.8312194138685185,0.10292864983176686,33.77824401855469,24.409786224365234,0.722648169956873,30.359922409057617,22.908082962036133,0.7545501155563463,0.03190194559947335
Aphelodoris varia,Aphelodoris_varia_img03,processed_data/automated_image_analysis/scaled_images/sam_scaled_ring120_final/Aphelodoris_varia/Aphelodoris_varia_img03_sam_scaled_ring120_final_scaled_image.png,processed_data/automated_image_analysis/masks/sam_scaled_ring120_final/Aphelodoris_varia/Aphelodoris_varia_img03_sam_scaled_ring120_final_animal_mask.png,processed_data/automated_image_analysis/background_rings/sam_scaled_ring120_final/Aphelodoris_varia/Aphelodoris_varia_img03_sam_scaled_ring120_final_background_ring120.png,1602,1093,571318,430166,1750986,0.32628359107382926,0.24567072495154157,211.34597019523278,130.9591367053649,80.38683348986788,169.1037075674143,106.9404299735451,62.163277593869196,114.67677895672813,77.1025534328608,37.57422552386733,175.53596420907445,110.72308597146218,64.81287823761227,64.81287823761227,124.98560521460902,128.7417066899755,-3.756101475366478,3.756101475366478,211.57355973380848,132.115425207943,79.45813452586549,79.45813452586549,71.68692779541016,45.57767105102539,26.109256744384766,9.933144569396973,5.841658592224121,4.091485977172852,34.05704879760742,19.785503387451172,14.27154541015625,30.035155295748936,40.80803929772744,52.36423057076343,63.329990110786106,48.91092808274412,62.87451445867583,40.56116282692137,61.90854016487035,62.36480833420539,65.93515350505164,0.014619914175886192,0.06723967518750364,8.843015670776367,10.904793739318848,1.2331532754551218,23.241535186767578,23.050399780273438,0.991776128170614,0.24137714728450776,13.873527526855469,15.532124519348145,1.1195512092567714,26.746288299560547,25.057863235473633,0.9368725467557808,0.18267866250099063
Aphelodoris varia,Aphelodoris_varia_img05,processed_data/automated_image_analysis/scaled_images/sam_scaled_ring120_final/Aphelodoris_varia/Aphelodoris_varia_img05_sam_scaled_ring120_final_scaled_image.png,processed_data/automated_image_analysis/masks/sam_scaled_ring120_final/Aphelodoris_varia/Aphelodoris_varia_img05_sam_scaled_ring120_final_animal_mask.png,processed_data/automated_image_analysis/background_rings/sam_scaled_ring120_final/Aphelodoris_varia/Aphelodoris_varia_img05_sam_scaled_ring120_final_background_ring120.png,2048,1536,404960,384694,3145728,0.12873331705729166,0.12229092915852864,108.36914757013038,82.9805091839228,25.388638386207575,115.88081291979455,94.35929336043712,21.52151955935743,104.47470120505729,80.19653022922115,24.278170975836133,112.33160312129593,89.34103989144619,22.99056322984974,22.99056322984974,92.53055857368629,81.66335581007242,10.867202763613875,10.867202763613875,126.90591416436192,100.46510213312399,26.440812031237925,26.440812031237925,46.55785369873047,37.7437629699707,8.814090728759766,-3.100693941116333,-5.993544101715088,2.892850160598755,5.892204761505127,7.043397903442383,-1.1511931419372559,9.347835208032311,66.0077054764387,75.98700334460189,74.18317273734733,71.32727356645061,60.22475953457809,70.5516871355589,54.755191345176456,40.18618125928008,58.57385723762701,0.16615556315228538,0.025378962496949316,46.47563934326172,49.31392288208008,1.0610703495191371,15.92335033416748,16.11308479309082,1.0119154860592507,0.0491548634598864,23.052745819091797,16.221397399902344,0.7036644366445981,12.875055313110352,9.90803050994873,0.769552461639495,0.06588802499489688
Aphelodoris varia,Aphelodoris_varia_img06,processed_data/automated_image_analysis/scaled_images/sam_scaled_ring120_final/Aphelodoris_varia/Aphelodoris_varia_img06_sam_scaled_ring120_final_scaled_image.png,processed_data/automated_image_analysis/masks/sam_scaled_ring120_final/Aphelodoris_varia/Aphelodoris_varia_img06_sam_scaled_ring120_final_animal_mask.png,processed_data/automated_image_analysis/background_rings/sam_scaled_ring120_final/Aphelodoris_varia/Aphelodoris_varia_img06_sam_scaled_ring120_final_background_ring120.png,1000,750,290367,258196,750000,0.387156,0.3442613333333333,136.15929496120427,40.875733938558305,95.28356102264596,118.83137891013786,42.47972857828936,76.3516503318485,98.96568136186275,37.19750886923113,61.76817249263162,121.75224112932943,41.40848812530016,80.34375300402928,80.34375300402928,92.76161891675018,87.83927713829804,4.922341778452136,4.922341778452136,141.15630219687498,49.65182264636168,91.5044795505133,91.5044795505133,50.27457046508789,16.91147804260254,33.36309242248535,4.3580002784729,-0.9730156660079956,5.331015944480896,13.983236312866211,3.232546329498291,10.75068998336792,35.455507359366564,61.91045146579573,56.75020768261457,62.468773755535516,57.445871033966036,50.12337627407256,60.768712068603925,35.32408316922119,52.084597051100836,43.11066873295994,0.027408559164089838,0.052263063746966494,16.631017684936523,16.573619842529297,0.9965487474371929,20.007232666015625,22.20429801940918,1.1098135554311566,0.11326480799396366,22.297468185424805,25.27655029296875,1.1336062947941006,25.606142044067383,36.7077751159668,1.4335535221508122,0.29994722735671164
Aphelodoris varia,Aphelodoris_varia_img07,processed_data/automated_image_analysis/scaled_images/sam_scaled_ring120_final/Aphelodoris_varia/Aphelodoris_varia_img07_sam_scaled_ring120_final_scaled_image.png,processed_data/automated_image_analysis/masks/sam_scaled_ring120_final/Aphelodoris_varia/Aphelodoris_varia_img07_sam_scaled_ring120_final_animal_mask.png,processed_data/automated_image_analysis/background_rings/sam_scaled_ring120_final/Aphelodoris_varia/Aphelodoris_varia_img07_sam_scaled_ring120_final_background_ring120.png,1389,1629,486026,393344,2262681,0.21480093747196358,0.17383979447390066,182.14424125458308,107.78818032053368,74.3560609340494,139.98039405299306,78.01165646355354,61.96873758943953,92.80254965783723,54.393121542466645,38.40942811537059,147.21683819384148,84.22938699967459,62.987451194166894,62.987451194166894,129.08235773394838,128.56517958835013,0.5171781455982511,0.5171781455982511,182.9880952870834,107.81540585340059,75.17268943368282,75.17268943368282,60.82822036743164,35.394676208496094,25.433544158935547,11.393488883972168,9.447858810424805,1.9456300735473633,31.30339241027832,18.737720489501953,12.565671920776367,28.43495657967854,53.47455772158771,54.36303186210705,55.076079400268775,52.00037696959473,63.23044968679226,52.539114447310936,27.611550854265616,27.060416401345964,31.999802168562024,0.029246751290697773,0.010791720851317318,14.170455932617188,17.321372985839844,1.2223581985086278,12.190237998962402,11.047464370727539,0.9062550191118391,0.31610317939678867,8.259892463684082,5.945646286010742,0.71982127033151,7.158285617828369,4.15628719329834,0.5806260626073265,0.13919520772418348
Aphelodoris varia,Aphelodoris_varia_img08,processed_data/automated_image_analysis/scaled_images/sam_scaled_ring120_final/Aphelodoris_varia/Aphelodoris_varia_img08_sam_scaled_ring120_final_scaled_image.png,processed_data/automated_image_analysis/masks/sam_scaled_ring120_final/Aphelodoris_varia/Aphelodoris_varia_img08_sam_scaled_ring120_final_animal_mask.png,processed_data/automated_image_analysis/background_rings/sam_scaled_ring120_final/Aphelodoris_varia/Aphelodoris_varia_img08_sam_scaled_ring120_final_background_ring120.png,1604,1202,440438,424622,1928008,0.2284419981659827,0.22023871270243692,162.6890141177646,104.74044679738685,57.94856732037775,158.42790812781823,104.21416224312448,54.21374588469375,127.71920451913776,78.33889906787684,49.380305451260924,156.20272773920507,101.42197059973341,54.78075713947166,54.78075713947166,74.31367411531248,83.47157942829152,-9.15790531297904,9.15790531297904,169.07349275039846,111.7505758062465,57.322916944151956,57.322916944151956,64.26327514648438,42.92683792114258,21.336437225341797,-2.736983299255371,-3.7955167293548584,1.0585334300994873,16.94654655456543,14.731650352478027,2.2148962020874023,21.477192825870205,46.92797318230365,55.78415497836773,56.21562214643205,52.22248969358811,43.78801692813672,49.11940494463272,39.94086284868338,33.33024801001924,41.057657841376304,0.056428158594382154,0.07383221179822191,19.553081512451172,25.003040313720703,1.2787263377283555,23.468103408813477,19.61417007446289,0.8357799406617905,0.442946397066565,18.811595916748047,13.549419403076172,0.7202695328477189,23.804819107055664,12.050224304199219,0.5062094464993256,0.21406008634839324
Aphelodoris varia,Aphelodoris_varia_img09,processed_data/automated_image_analysis/scaled_images/sam_scaled_ring120_final/Aphelodoris_varia/Aphelodoris_varia_img09_sam_scaled_ring120_final_scaled_image.png,processed_data/automated_image_analysis/masks/sam_scaled_ring120_final/Aphelodoris_varia/Aphelodoris_varia_img09_sam_scaled_ring120_final_animal_mask.png,processed_data/automated_image_analysis/background_rings/sam_scaled_ring120_final/Aphelodoris_varia/Aphelodoris_varia_img09_sam_scaled_ring120_final_background_ring120.png,2048,1536,439632,352412,3145728,0.1397552490234375,0.1120287577311198,157.3642296284165,114.96607663757193,42.398152990844565,130.49989764166395,104.93476953111698,25.565128110546965,98.21515949703388,74.46586949366083,23.749290003373048,134.8624690650362,104.46387466942102,30.39859439561519,30.39859439561519,119.14116124394948,112.60679261773151,6.534368626217969,6.534368626217969,161.7313343887615,121.70044152866531,40.03089286009619,40.03089286009619,55.74329376220703,44.08608627319336,11.657207489013672,7.540048599243164,-0.19288237392902374,7.732930973172188,22.636878967285156,18.914993286132812,3.7218856811523438,14.47553594521906,54.63903354224176,71.52392990355443,74.70249663031603,65.20721262252748,65.32157611893523,57.5638566120348,44.580629421026146,48.65683711437294,46.66948351555826,0.12004904768062663,0.05197221827146447,32.62583541870117,29.374303817749023,0.9003387481355231,19.29603385925293,21.690876007080078,1.1241105900463977,0.22377184191087462,20.79732894897461,13.109634399414062,0.630351831794266,12.72335433959961,9.790776252746582,0.7695121892718337,0.13916035747756772
Ardeadoris egretta,Ardeadoris_egretta_img01,processed_data/automated_image_analysis/scaled_images/sam_scaled_ring120_final/Ardeadoris_egretta/Ardeadoris_egretta_img01_sam_scaled_ring120_final_scaled_image.png,processed_data/automated_image_analysis/masks/sam_scaled_ring120_final/Ardeadoris_egretta/Ardeadoris_egretta_img01_sam_scaled_ring120_final_animal_mask.png,processed_data/automated_image_analysis/background_rings/sam_scaled_ring120_final/Ardeadoris_egretta/Ardeadoris_egretta_img01_sam_scaled_ring120_final_background_ring120.png,2048,1536,360548,345417,3145728,0.11461512247721355,0.10980510711669922,133.24974760642132,52.62498082028389,80.62476678613743,202.73724719038796,62.039971975901594,140.69727521448635,182.96464825765224,37.048865574074235,145.91578268357802,179.6993770593652,56.37199385091064,123.32738320845455,123.32738320845455,103.87096031596347,129.70683840112096,-25.83587808515749,25.83587808515749,205.87627444889446,65.94277930732999,139.9334951415645,139.9334951415645,76.79344940185547,24.575550079345703,52.217899322509766,-24.322059631347656,-7.852431774139404,-16.469627857208252,3.46341609954834,13.983104705810547,-10.519688606262207,55.7550132255694,35.67927174106957,28.595217884887912,46.34744223454961,27.08839105750742,36.21545361722426,28.062129037177307,24.92897807992598,52.30202142225144,27.184104862508285,0.007118975274197739,0.09965030209425825,6.485592842102051,8.06272029876709,1.2431739850252264,25.37842559814453,25.63417625427246,1.0100774831416899,0.23309650188353648,10.842933654785156,11.309350967407227,1.0430157858999933,13.799311637878418,7.688255310058594,0.5571477412652033,0.48586804463479005
Ardeadoris egretta,Ardeadoris_egretta_img10,processed_data/automated_image_analysis/scaled_images/sam_scaled_ring120_final/Ardeadoris_egretta/Ardeadoris_egretta_img10_sam_scaled_ring120_final_scaled_image.png,processed_data/automated_image_analysis/masks/sam_scaled_ring120_final/Ardeadoris_egretta/Ardeadoris_egretta_img10_sam_scaled_ring120_final_animal_mask.png,processed_data/automated_image_analysis/background_rings/sam_scaled_ring120_final/Ardeadoris_egretta/Ardeadoris_egretta_img10_sam_scaled_ring120_final_background_ring120.png,1304,975,332719,390059,1271400,0.26169498190970586,0.3067948717948718,191.92258332106073,131.8114695469147,60.11111377414602,188.66773463493217,78.1578504790301,110.50988415590207,189.94959109639063,45.97812894972299,143.97146214666765,189.78733706220564,90.53237330762782,99.25496375457782,99.25496375457782,44.88776715486642,175.1608269518201,-130.27305979695367,130.27305979695367,209.62432563214003,133.55121148339097,76.07311414874906,76.07311414874906,76.93376922607422,38.521114349365234,38.412654876708984,3.0230557918548584,19.605443954467773,-16.582388162612915,-0.03909154608845711,27.829252243041992,-27.86834378913045,50.27078910661623,32.636865670588314,30.62000435557894,54.08097331744837,28.722967398014628,58.12647699412318,25.9404434377785,50.271108185091215,51.9611575652188,60.14915299740926,0.0054826822968775495,0.08399009773937592,5.564824104309082,7.199027061462402,1.2936665969168526,23.51791000366211,23.345008850097656,0.99264810718565,0.3010184897312026,13.066064834594727,14.290308952331543,1.0936964673935654,27.201967239379883,19.84490203857422,0.7295392228046305,0.36415724458893495
Ardeadoris egretta,Ardeadoris_egretta_img02,processed_data/automated_image_analysis/scaled_images/sam_scaled_ring120_final/Ardeadoris_egretta/Ardeadoris_egretta_img02_sam_scaled_ring120_final_scaled_image.png,processed_data/automated_image_analysis/masks/sam_scaled_ring120_final/Ardeadoris_egretta/Ardeadoris_egretta_img02_sam_scaled_ring120_final_animal_mask.png,processed_data/automated_image_analysis/background_rings/sam_scaled_ring120_final/Ardeadoris_egretta/Ardeadoris_egretta_img02_sam_scaled_ring120_final_background_ring120.png,2048,1536,302172,340960,3145728,0.09605789184570312,0.10838826497395833,92.95600187972413,27.001135030502112,65.95486684922201,201.8667712428683,41.708775222900044,160.15799601996827,215.80728525475556,38.581780854059126,177.22550440069642,170.9195623684524,36.943858517128106,133.97570385132428,133.97570385132428,158.79966707702897,137.78038772876585,21.019279348263126,21.019279348263126,225.99466198059383,46.37989793524167,179.61476404535216,179.61476404535216,75.86550903320312,15.518767356872559,60.346741676330566,-24.376510620117188,-5.2273030281066895,-19.149207592010498,-15.906713485717773,0.1266206055879593,-16.033334091305733,65.31071263150565,33.306006863754675,30.92731366895856,57.466552467126576,27.61130508019787,35.128725304736605,34.32387986954743,33.87776229989678,63.222028104706396,38.9765576098618,0.006875296348980559,0.010795182791479133,6.9672112464904785,9.626635551452637,1.3817057084786633,9.306023597717285,12.204864501953125,1.3115015638845908,0.07020414459407243,10.354450225830078,14.704984664916992,1.4201608336707368,9.60974407196045,10.462711334228516,1.0887606637472143,0.3314001699235225
Ardeadoris egretta,Ardeadoris_egretta_img03,processed_data/automated_image_analysis/scaled_images/sam_scaled_ring120_final/Ardeadoris_egretta/Ardeadoris_egretta_img03_sam_scaled_ring120_final_scaled_image.png,processed_data/automated_image_analysis/masks/sam_scaled_ring120_final/Ardeadoris_egretta/Ardeadoris_egretta_img03_sam_scaled_ring120_final_animal_mask.png,processed_data/automated_image_analysis/background_rings/sam_scaled_ring120_final/Ardeadoris_egretta/Ardeadoris_egretta_img03_sam_scaled_ring120_final_background_ring120.png,949,1187,215689,333880,1126463,0.19147455353615697,0.29639677468323417,175.4520026519665,110.8872738708518,64.5647287811147,188.20326952232148,103.93155025757757,84.27171926474391,174.79150072558173,71.9266862345753,102.86481449100643,182.8671095883425,102.36432850125794,80.50278108708454,80.50278108708454,56.575518454812254,103.42998083143644,-46.854462376624184,46.854462376624184,197.5640343272026,114.93892116928238,82.62511315792021,82.62511315792021,75.05850219726562,43.304847717285156,31.75365447998047,-4.880171298980713,-1.8458563089370728,-3.03431499004364,4.613499641418457,18.905982971191406,-14.29248332977295,34.95392281310676,34.02355213743759,32.946676645154696,64.66944335233256,32.91213300743123,65.71632971004128,32.424432643864684,42.13269493073832,51.75878512351496,43.057595747019285,0.021880857502180377,0.06499628816378439,9.795638084411621,13.920860290527344,1.4211284829602304,22.388946533203125,21.048198699951172,0.9401156355765286,0.48101284738370187,26.85378646850586,30.68726921081543,1.1427538997826425,38.33488464355469,23.127634048461914,0.6033051687387927,0.5394487310438498
Ardeadoris egretta,Ardeadoris_egretta_img04,processed_data/automated_image_analysis/scaled_images/sam_scaled_ring120_final/Ardeadoris_egretta/Ardeadoris_egretta_img04_sam_scaled_ring120_final_scaled_image.png,processed_data/automated_image_analysis/masks/sam_scaled_ring120_final/Ardeadoris_egretta/Ardeadoris_egretta_img04_sam_scaled_ring120_final_animal_mask.png,processed_data/automated_image_analysis/background_rings/sam_scaled_ring120_final/Ardeadoris_egretta/Ardeadoris_egretta_img04_sam_scaled_ring120_final_background_ring120.png,1000,750,141539,249247,750000,0.18871866666666667,0.3323293333333333,132.08231653466535,24.868178955012496,107.21413757965286,169.33241014843966,19.49498690054444,149.83742324789523,165.61750471601468,18.62359025384458,146.9939144621701,157.75861070093754,21.000834513554828,136.75777618738272,136.75777618738272,81.30378906167205,90.77135532223056,-9.467566260558513,9.467566260558513,178.78251224044257,27.041480940593065,151.7410312998495,151.7410312998495,66.47429656982422,7.812864303588867,58.66143226623535,-12.001432418823242,2.257946014404297,-14.259378433227539,-2.2309064865112305,1.6273319721221924,-3.858238458633423,60.49280546339202,32.86169886194943,35.32501341316425,52.45376425923372,34.07925436169742,42.03436025651428,37.38714485226395,28.277012052379995,54.623485712193265,35.17413724522935,0.02993066368951435,0.03223585903527476,10.927132606506348,22.223297119140625,2.0337720717243055,11.243815422058105,21.43084716796875,1.906012004245973,0.12776006747833257,13.733491897583008,19.3818302154541,1.4112820220810092,7.893457889556885,13.331274032592773,1.6889016473034166,0.27761962522240746
Ardeadoris egretta,Ardeadoris_egretta_img05,processed_data/automated_image_analysis/scaled_images/sam_scaled_ring120_final/Ardeadoris_egretta/Ardeadoris_egretta_img05_sam_scaled_ring120_final_scaled_image.png,processed_data/automated_image_analysis/masks/sam_scaled_ring120_final/Ardeadoris_egretta/Ardeadoris_egretta_img05_sam_scaled_ring120_final_animal_mask.png,processed_data/automated_image_analysis/background_rings/sam_scaled_ring120_final/Ardeadoris_egretta/Ardeadoris_egretta_img05_sam_scaled_ring120_final_background_ring120.png,1631,1088,275889,367862,1774528,0.155471764886212,0.20730132181628017,180.4376868958168,51.92874501851238,128.5089418773044,192.3137964906176,59.95809026210916,132.35570622850844,178.60756681129004,57.59826782869663,121.0092989825934,187.2022588794769,57.2923378875774,129.90992099189947,129.90992099189947,41.61163366426353,43.85992845143016,-2.2482947871666283,2.2482947871666283,196.98665042825195,61.23153791367415,135.7551125145778,135.7551125145778,76.2137222290039,23.945507049560547,52.26821517944336,-5.826366901397705,-3.5797667503356934,-2.2466001510620117,5.5753045082092285,0.33141887187957764,5.243885636329651,52.57862557019011,42.873269602492954,46.134616880319626,59.87378435483142,45.47314430059771,46.539276207996544,43.7671619957844,29.99754127724198,23.155453959499862,31.88792435638192,0.00793872853502852,0.012176131939826891,7.266554355621338,9.53682804107666,1.3124278130114118,11.384502410888672,11.677903175354004,1.0257719445150901,0.28665586849632163,8.915444374084473,16.122325897216797,1.8083592046271277,8.173348426818848,7.605467796325684,0.9305204426829765,0.8778387619441512
Ardeadoris egretta,Ardeadoris_egretta_img06,processed_data/automated_image_analysis/scaled_images/sam_scaled_ring120_final/Ardeadoris_egretta/Ardeadoris_egretta_img06_sam_scaled_ring120_final_scaled_image.png,processed_data/automated_image_analysis/masks/sam_scaled_ring120_final/Ardeadoris_egretta/Ardeadoris_egretta_img06_sam_scaled_ring120_final_animal_mask.png,processed_data/automated_image_analysis/background_rings/sam_scaled_ring120_final/Ardeadoris_egretta/Ardeadoris_egretta_img06_sam_scaled_ring120_final_background_ring120.png,1783,1178,276854,363297,2100374,0.13181176304791434,0.17296776669297945,165.87247791254597,115.26389703190503,50.60858088064094,174.38648890751082,104.85638196847208,69.53010693903875,156.41965801469365,68.60161795996113,87.81804005473252,169.7883397025147,103.83505781770837,65.95328188480632,65.95328188480632,51.03531825438679,127.6430799043207,-76.6077616499339,76.6077616499339,181.19671017937253,118.81267117537442,62.38403900399811,62.38403900399811,70.1397705078125,43.6916618347168,26.448108673095703,-5.079869270324707,-0.7660589814186096,-4.313810288906097,8.023189544677734,21.43248176574707,-13.409292221069336,29.965322115114713,23.79920542547219,26.245999025347345,47.9387603728672,24.654060673697437,50.30106685348261,26.441872927872165,50.46037054056478,62.483234444944365,52.93475897222336,0.019865036791238553,0.2593783216239338,7.493660926818848,18.078645706176758,2.412525183982586,51.92813491821289,42.602542877197266,0.8204134992388329,1.5921116847437533,10.502944946289062,13.64622688293457,1.2992762461119158,22.312602996826172,15.905863761901855,0.7128645530135755,0.5864116930983403
Ardeadoris egretta,Ardeadoris_egretta_img07,processed_data/automated_image_analysis/scaled_images/sam_scaled_ring120_final/Ardeadoris_egretta/Ardeadoris_egretta_img07_sam_scaled_ring120_final_scaled_image.png,processed_data/automated_image_analysis/masks/sam_scaled_ring120_final/Ardeadoris_egretta/Ardeadoris_egretta_img07_sam_scaled_ring120_final_animal_mask.png,processed_data/automated_image_analysis/background_rings/sam_scaled_ring120_final/Ardeadoris_egretta/Ardeadoris_egretta_img07_sam_scaled_ring120_final_background_ring120.png,1233,924,176343,359948,1139292,0.15478297047640113,0.31594007506416266,134.8314364618953,44.74851923055552,90.08291723133976,160.45490889913407,41.295762165646146,119.15914673348792,148.36280430751432,42.09655561358863,106.26624869392569,151.4188655064278,42.41886050207252,109.00000500435529,109.00000500435529,88.03919066818644,85.94340849233778,2.0957821758486546,2.0957821758486546,173.05077037364683,51.418735484014356,121.63203488963248,121.63203488963248,63.7455940246582,17.016244888305664,46.72934913635254,-8.499814987182617,1.9346530437469482,-10.434468030929565,3.0354294776916504,0.3657557964324951,2.6696736812591553,47.95453421064614,49.10424299487517,50.43559345114353,70.17006387562986,47.20877900797202,58.053228676503714,52.54862740270533,35.817795809471946,42.73843362256791,42.38170165887531,0.023234946310040944,0.02808964285195567,12.119808197021484,15.707836151123047,1.2960465954389726,10.439594268798828,14.540884971618652,1.39285920479472,0.09681260935574731,18.243770599365234,28.073930740356445,1.5388228320155066,15.4786376953125,15.063374519348145,0.9731718524499018,0.5656509795656048
Ardeadoris egretta,Ardeadoris_egretta_img08,processed_data/automated_image_analysis/scaled_images/sam_scaled_ring120_final/Ardeadoris_egretta/Ardeadoris_egretta_img08_sam_scaled_ring120_final_scaled_image.png,processed_data/automated_image_analysis/masks/sam_scaled_ring120_final/Ardeadoris_egretta/Ardeadoris_egretta_img08_sam_scaled_ring120_final_animal_mask.png,processed_data/automated_image_analysis/background_rings/sam_scaled_ring120_final/Ardeadoris_egretta/Ardeadoris_egretta_img08_sam_scaled_ring120_final_background_ring120.png,1393,995,327365,374689,1386035,0.23618811934763553,0.27033155728390695,150.6628503352527,49.23672165449212,101.42612868076057,173.16415927176087,44.535211869043394,128.62894740271747,162.5689948528401,35.57114033238232,126.99785452045776,165.2260137766713,44.92794023843774,120.29807353823355,120.29807353823355,74.35757946023551,80.17906316972208,-5.8214837094865715,5.8214837094865715,184.29503459441295,52.282661086928094,132.01237350748485,132.01237350748485,69.01248931884766,17.833850860595703,51.17863845825195,-7.509206771850586,0.9416229128837585,-8.450829684734344,2.044520139694214,5.892840385437012,-3.848320245742798,52.01422041629238,32.0626735244983,27.039652328407133,59.155062356516034,26.600947688628054,59.57375651757009,29.394253339087115,46.21412716915294,44.87054100467908,53.95511661736985,0.007648656863267333,0.03500267899002076,6.1158037185668945,13.808818817138672,2.2578911051734125,9.544957160949707,17.192726135253906,1.8012365949207947,0.45665451025261783,10.898921966552734,21.763427734375,1.996842238265758,11.128965377807617,19.239336013793945,1.7287623207238385,0.2680799175419195
Ardeadoris egretta,Ardeadoris_egretta_img09,processed_data/automated_image_analysis/scaled_images/sam_scaled_ring120_final/Ardeadoris_egretta/Ardeadoris_egretta_img09_sam_scaled_ring120_final_scaled_image.png,processed_data/automated_image_analysis/masks/sam_scaled_ring120_final/Ardeadoris_egretta/Ardeadoris_egretta_img09_sam_scaled_ring120_final_animal_mask.png,processed_data/automated_image_analysis/background_rings/sam_scaled_ring120_final/Ardeadoris_egretta/Ardeadoris_egretta_img09_sam_scaled_ring120_final_background_ring120.png,1193,895,202722,342341,1067735,0.18986171662444334,0.32062356296272015,177.2440830299622,113.2545415243865,63.989541505575716,186.65402373694025,96.2204585486401,90.43356518830015,186.217065735342,85.44885362839976,100.76821210694224,183.78024092106432,100.08496791211103,83.6952730089533,83.6952730089533,42.34791981136729,68.14617004682465,-25.79825023545736,25.79825023545736,198.61346079853197,114.80516794657957,83.8082928519524,83.8082928519524,74.98526763916016,41.3693733215332,33.61589431762695,-2.331916332244873,5.356878280639648,-7.6887946128845215,-0.9082032442092896,8.641228675842285,-9.549431920051575,35.78180492049955,30.572996906658524,26.880760529841957,42.81425969529652,26.58950441277251,40.90457120953712,27.5057981304447,46.82450326707222,34.518932546309784,51.70777346908148,0.011369947547053378,0.12661465504053848,6.826861381530762,10.67107105255127,1.5631005898875503,29.112993240356445,24.00741958618164,0.8246290372129288,0.7384715526746215,10.647422790527344,21.28104591369629,1.998703942951277,31.17621612548828,26.9619197845459,0.8648233536751446,1.1338805892761323
Ardeadoris rubroannulata,Ardeadoris_rubroannulata_img01,processed_data/automated_image_analysis/scaled_images/sam_scaled_ring120_final/Ardeadoris_rubroannulata/Ardeadoris_rubroannulata_img01_sam_scaled_ring120_final_scaled_image.png,processed_data/automated_image_analysis/masks/sam_scaled_ring120_final/Ardeadoris_rubroannulata/Ardeadoris_rubroannulata_img01_sam_scaled_ring120_final_animal_mask.png,processed_data/automated_image_analysis/background_rings/sam_scaled_ring120_final/Ardeadoris_rubroannulata/Ardeadoris_rubroannulata_img01_sam_scaled_ring120_final_background_ring120.png,1051,1051,365919,348389,1104601,0.33126803252939296,0.31539804870718025,161.67065662072753,44.27490247969941,117.3957541410281,124.45119001746288,35.69983552867628,88.7513544887866,62.48235811750688,23.009262634583756,39.47309548292312,128.5161333519167,36.81424499625419,91.7018883556625,91.7018883556625,163.84438086024502,153.77184411677752,10.07253674346751,10.07253674346751,164.9397899535143,47.935351001323234,117.00443895219107,117.00443895219107,54.864349365234375,14.963790893554688,39.90055847167969,8.824684143066406,2.083333730697632,6.741350412368774,37.90009307861328,8.947709083557129,28.952383995056152,49.75681773115578,43.77383406597473,51.07487475005563,51.16709665926327,44.11099508169477,66.90161523570433,41.90708144489214,33.535899210256616,59.73556941097411,37.639997664069696,0.04387317334763373,0.014173445553519974,14.960301399230957,20.16376304626465,1.347817968914796,10.790937423706055,13.747788429260254,1.2740124318632824,0.0738055370515136,26.910131454467773,30.561967849731445,1.135704888749526,13.020615577697754,13.359129905700684,1.0259983351772362,0.10970655357228987
Ardeadoris rubroannulata,Ardeadoris_rubroannulata_img10,processed_data/automated_image_analysis/scaled_images/sam_scaled_ring120_final/Ardeadoris_rubroannulata/Ardeadoris_rubroannulata_img10_sam_scaled_ring120_final_scaled_image.png,processed_data/automated_image_analysis/masks/sam_scaled_ring120_final/Ardeadoris_rubroannulata/Ardeadoris_rubroannulata_img10_sam_scaled_ring120_final_animal_mask.png,processed_data/automated_image_analysis/background_rings/sam_scaled_ring120_final/Ardeadoris_rubroannulata/Ardeadoris_rubroannulata_img10_sam_scaled_ring120_final_background_ring120.png,1376,1032,328883,395251,1420032,0.23160252726699115,0.2783395022084009,194.4868935153231,88.80967031076455,105.67722320455854,159.4644174372041,60.421236125904805,99.04318131129929,96.49785790083403,32.34723504810867,64.15062285272536,162.7586254078198,65.71183121611331,97.0467941917065,97.0467941917065,133.84225393224946,168.7049520431321,-34.86269811088263,34.86269811088263,196.18392254996456,89.21792228229657,106.966000267668,106.966000267668,67.77257537841797,27.79987907409668,39.97269630432129,6.8379950523376465,9.462860107421875,-2.6248650550842285,36.51145935058594,21.11570930480957,15.395750045776367,42.91544577266938,38.02099775876349,55.40957595068927,60.454010445284894,46.33271583131466,71.76295564137298,37.87960430132662,27.968817036091732,51.5407032619308,32.75215748322526,0.05898624984796554,0.046565180148264086,17.278202056884766,25.733665466308594,1.489371717125777,18.091922760009766,18.179697036743164,1.0048515725994263,0.4845201445263507,33.81098556518555,43.186588287353516,1.2772945705499288,25.29247283935547,24.28644561767578,0.960224244261546,0.31707032628838283
Ardeadoris rubroannulata,Ardeadoris_rubroannulata_img02,processed_data/automated_image_analysis/scaled_images/sam_scaled_ring120_final/Ardeadoris_rubroannulata/Ardeadoris_rubroannulata_img02_sam_scaled_ring120_final_scaled_image.png,processed_data/automated_image_analysis/masks/sam_scaled_ring120_final/Ardeadoris_rubroannulata/Ardeadoris_rubroannulata_img02_sam_scaled_ring120_final_animal_mask.png,processed_data/automated_image_analysis/background_rings/sam_scaled_ring120_final/Ardeadoris_rubroannulata/Ardeadoris_rubroannulata_img02_sam_scaled_ring120_final_background_ring120.png,1000,750,108634,237289,750000,0.14484533333333333,0.31638533333333335,158.17004805125467,50.545962939706435,107.62408511154823,127.54112892832815,40.472263779610515,87.06886514871763,71.38412467551595,41.833919819292085,29.550204856223864,130.30484931052894,43.649490705426714,86.65535860510222,86.65535860510222,167.0620892170039,64.9031139243707,102.15897529263319,102.15897529263319,167.52906088333302,52.45457648689994,115.07448439643308,115.07448439643308,55.623531341552734,17.303104400634766,38.32042694091797,7.888278961181641,4.986356258392334,2.9019227027893066,33.184200286865234,1.0891456604003906,32.095054626464844,50.069639581116995,34.49673895661503,52.87780996205459,71.9804412256823,43.53302498209972,65.13730820019282,42.04382169010041,30.34760301571103,41.88182255919459,36.113369542079106,0.08068194886341856,0.04596215398684535,22.624605178833008,29.489748001098633,1.3034370221270635,18.219480514526367,18.163759231567383,0.9969416645598344,0.3064953575672291,45.12492752075195,58.215389251708984,1.2900938007033256,15.816876411437988,17.03765869140625,1.0771822607835169,0.2129115399198087
Ardeadoris rubroannulata,Ardeadoris_rubroannulata_img03,processed_data/automated_image_analysis/scaled_images/sam_scaled_ring120_final/Ardeadoris_rubroannulata/Ardeadoris_rubroannulata_img03_sam_scaled_ring120_final_scaled_image.png,processed_data/automated_image_analysis/masks/sam_scaled_ring120_final/Ardeadoris_rubroannulata/Ardeadoris_rubroannulata_img03_sam_scaled_ring120_final_animal_mask.png,processed_data/automated_image_analysis/background_rings/sam_scaled_ring120_final/Ardeadoris_rubroannulata/Ardeadoris_rubroannulata_img03_sam_scaled_ring120_final_background_ring120.png,1159,869,393208,351324,1007171,0.3904083814962901,0.34882259318427555,155.07196699965414,29.473369311518713,125.59859768813543,110.44775792964538,20.564464710637473,89.8832932190079,34.35805222681125,8.078631121130353,26.2794211056809,115.11748743667474,21.79343284261821,93.32405459405652,93.32405459405652,205.20756190108034,205.29163962610014,-0.08407772501979593,0.08407772501979593,157.76832363532787,30.138541631086973,127.6297820042409,127.6297820042409,50.312049865722656,8.29406452178955,42.017985343933105,11.880637168884277,1.8478180170059204,10.032819151878357,44.23025894165039,7.988361835479736,36.241897106170654,56.38832909699963,45.18497041537182,58.05060894622874,48.16220976696815,47.53618635338089,63.14519669368792,45.100009075898534,21.01576808340978,54.890952534032834,23.337271963435988,0.052387057925800576,0.012093634272331167,16.311113357543945,21.636863708496094,1.326510535130882,8.631895065307617,13.016768455505371,1.507985020325486,0.18147448519460418,28.279521942138672,34.17434310913086,1.2084484023122204,12.819478034973145,15.49594497680664,1.2087812728826992,0.00033287057047881596
Ardeadoris rubroannulata,Ardeadoris_rubroannulata_img04,processed_data/automated_image_analysis/scaled_images/sam_scaled_ring120_final/Ardeadoris_rubroannulata/Ardeadoris_rubroannulata_img04_sam_scaled_ring120_final_scaled_image.png,processed_data/automated_image_analysis/masks/sam_scaled_ring120_final/Ardeadoris_rubroannulata/Ardeadoris_rubroannulata_img04_sam_scaled_ring120_final_animal_mask.png,processed_data/automated_image_analysis/background_rings/sam_scaled_ring120_final/Ardeadoris_rubroannulata/Ardeadoris_rubroannulata_img04_sam_scaled_ring120_final_background_ring120.png,1275,956,285115,366111,1218900,0.23391172368529,0.30036180162441545,203.4431510092419,71.95701303702975,131.48613797221213,152.43559265559512,58.00291441666598,94.43267823892913,96.70673587850517,51.86117325073543,44.84556262776974,161.3365449029339,61.47296311774298,99.86358178519092,99.86358178519092,139.45830629745893,90.73855743203563,48.7197488654233,48.7197488654233,206.09696789014959,74.91160058015193,131.18536730999767,131.18536730999767,66.9988021850586,25.224742889404297,41.7740592956543,14.012628555297852,5.204644680023193,8.807983875274658,37.081748962402344,6.249731540679932,30.832017421722412,52.66180692187967,45.25905214898401,62.36988448156165,60.41184745003012,51.76636668548565,58.4030955420785,45.5133942570451,37.37855262234104,38.78314038004443,45.32954855412701,0.05528131759404035,0.028650048097370772,15.904145240783691,24.560361862182617,1.5442742436230659,11.90506649017334,17.090124130249023,1.4355336985606528,0.10874054506241304,28.539432525634766,37.34698486328125,1.3086099322309699,12.693652153015137,13.66490364074707,1.076514739495302,0.2320951927356678
Ardeadoris rubroannulata,Ardeadoris_rubroannulata_img05,processed_data/automated_image_analysis/scaled_images/sam_scaled_ring120_final/Ardeadoris_rubroannulata/Ardeadoris_rubroannulata_img05_sam_scaled_ring120_final_scaled_image.png,processed_data/automated_image_analysis/masks/sam_scaled_ring120_final/Ardeadoris_rubroannulata/Ardeadoris_rubroannulata_img05_sam_scaled_ring120_final_animal_mask.png,processed_data/automated_image_analysis/background_rings/sam_scaled_ring120_final/Ardeadoris_rubroannulata/Ardeadoris_rubroannulata_img05_sam_scaled_ring120_final_background_ring120.png,1557,1168,473472,396615,1818576,0.2603531554359015,0.218090967878164,166.10613299202487,62.53418554517605,103.57194744684881,118.56988586442282,42.36427013602612,76.2056157283967,17.58518771965396,25.83666527993142,-8.251477560277461,121.27352198229251,46.51021519609697,74.76330678619553,74.76330678619553,228.2252741450392,160.86168954779825,67.36358459724096,67.36358459724096,166.2464982089754,62.560016640822965,103.68648156815243,103.68648156815243,52.93815612792969,19.060897827148438,33.87725830078125,11.338822364807129,6.7800726890563965,4.558749675750732,52.924652099609375,13.330572128295898,39.59407997131348,52.308144656055006,46.535244685469934,53.730796014428854,33.64412939079303,45.69201654071435,48.764841432014634,46.525249607371414,28.16787138992881,41.287098126367695,34.25153734441283,0.043346154672626085,0.006679180806503843,15.110897064208984,20.02851104736328,1.32543494686374,7.444849491119385,9.788567543029785,1.3148106694038761,0.01062427745986394,21.251201629638672,27.425384521484375,1.290533354275585,8.502169609069824,11.080476760864258,1.3032528484310621,0.012719494155477129
Ardeadoris rubroannulata,Ardeadoris_rubroannulata_img06,processed_data/automated_image_analysis/scaled_images/sam_scaled_ring120_final/Ardeadoris_rubroannulata/Ardeadoris_rubroannulata_img06_sam_scaled_ring120_final_scaled_image.png,processed_data/automated_image_analysis/masks/sam_scaled_ring120_final/Ardeadoris_rubroannulata/Ardeadoris_rubroannulata_img06_sam_scaled_ring120_final_animal_mask.png,processed_data/automated_image_analysis/background_rings/sam_scaled_ring120_final/Ardeadoris_rubroannulata/Ardeadoris_rubroannulata_img06_sam_scaled_ring120_final_background_ring120.png,2048,1365,259642,333114,2795520,0.09287789033882785,0.11915994162087912,185.72252948290338,76.59769028020438,109.12483920269901,148.20906864066677,71.11069783917817,77.0983708014886,93.00869273846295,67.75141543135383,25.25727730710912,153.14379799878293,72.37035069075452,80.77344730802841,80.77344730802841,136.95488788408656,48.333654544690404,88.62123333939616,88.62123333939616,188.00157524591552,79.00303499702804,108.99854024888748,108.99854024888748,63.66696548461914,30.13823127746582,33.52873420715332,9.038241386413574,1.923797845840454,7.11444354057312,33.970985412597656,2.9683117866516113,31.002673625946045,46.216415875561644,38.52126090932866,52.83858045268052,64.82061264673348,47.09843027770151,66.04843864859686,40.11044876220825,31.463763265434775,29.168707687953493,33.079087601185265,0.07332912241917018,0.0788643928613965,20.86820411682129,31.587356567382812,1.5136595554919414,24.16745948791504,22.43675994873047,0.9283871960124725,0.5852723594794689,28.89131736755371,34.504608154296875,1.194289887004154,20.40276527404785,14.541163444519043,0.7127055205117359,0.4815843664924182
Ardeadoris rubroannulata,Ardeadoris_rubroannulata_img07,processed_data/automated_image_analysis/scaled_images/sam_scaled_ring120_final/Ardeadoris_rubroannulata/Ardeadoris_rubroannulata_img07_sam_scaled_ring120_final_scaled_image.png,processed_data/automated_image_analysis/masks/sam_scaled_ring120_final/Ardeadoris_rubroannulata/Ardeadoris_rubroannulata_img07_sam_scaled_ring120_final_animal_mask.png,processed_data/automated_image_analysis/background_rings/sam_scaled_ring120_final/Ardeadoris_rubroannulata/Ardeadoris_rubroannulata_img07_sam_scaled_ring120_final_background_ring120.png,1000,750,300085,277121,750000,0.4001133333333333,0.3694946666666667,208.50297748971124,88.85295232046651,119.65002516924473,173.2698602062749,72.67890921294308,100.59095099333182,94.99440158621724,61.20996965224577,33.78443193397147,174.89438325807689,76.20866697218905,98.68571628588784,98.68571628588784,143.741599880034,81.10759559903435,62.63400428099963,62.63400428099963,208.9954979422497,89.52299897878544,119.47249896346426,119.47249896346426,72.28397369384766,31.554790496826172,40.729183197021484,4.6930975914001465,5.3084259033203125,-0.615328311920166,44.065425872802734,9.3263521194458,34.739073753356934,53.53548578344237,40.136277701627776,57.513843981526904,53.85509196184381,49.102864743999945,51.93209524702985,40.417871235009,40.82730551253937,43.44000052152689,45.289367553933864,0.043820675765781705,0.07371581430522478,14.488401412963867,20.338424682617188,1.4037728596074694,21.020444869995117,20.349342346191406,0.9680738191815507,0.4356990404259188,27.60379981994629,33.52207946777344,1.2144009044563004,20.411569595336914,18.164154052734375,0.8898950160542299,0.3245058884020705
Ardeadoris rubroannulata,Ardeadoris_rubroannulata_img08,processed_data/automated_image_analysis/scaled_images/sam_scaled_ring120_final/Ardeadoris_rubroannulata/Ardeadoris_rubroannulata_img08_sam_scaled_ring120_final_scaled_image.png,processed_data/automated_image_analysis/masks/sam_scaled_ring120_final/Ardeadoris_rubroannulata/Ardeadoris_rubroannulata_img08_sam_scaled_ring120_final_animal_mask.png,processed_data/automated_image_analysis/background_rings/sam_scaled_ring120_final/Ardeadoris_rubroannulata/Ardeadoris_rubroannulata_img08_sam_scaled_ring120_final_background_ring120.png,1749,1312,427655,393193,2294688,0.18636738414982779,0.17134922046047218,185.50514550280016,79.4089238618185,106.09622164098167,151.61564345091253,54.01601757915324,97.59962587175929,96.29330418210941,45.18064919772224,51.11265498438717,155.44280787083045,60.60465471155387,94.83815315927657,94.83815315927657,133.35434871567034,126.56510924660408,6.78923946906626,6.78923946906626,187.95286621225054,79.93775067206181,108.01511554018873,108.01511554018873,64.64217376708984,25.208908081054688,39.433265686035156,7.49558687210083,9.828333854675293,-2.332746982574463,33.52355194091797,10.356622695922852,23.166929244995117,45.794440293476214,41.14988341529623,59.72407452832362,65.46147319742381,51.67657227867649,69.65384162004315,42.49083640849716,34.729866014026584,50.630330934762775,37.719234550307704,0.06562473941891908,0.06984323618779757,19.181699752807617,26.982946395874023,1.4067025729523548,20.601329803466797,20.19548797607422,0.9803002121094007,0.42640236084295413,28.941082000732422,33.815650939941406,1.1684307773664309,17.565284729003906,13.355049133300781,0.7603092884255296,0.4081214889409013
Ardeadoris rubroannulata,Ardeadoris_rubroannulata_img09,processed_data/automated_image_analysis/scaled_images/sam_scaled_ring120_final/Ardeadoris_rubroannulata/Ardeadoris_rubroannulata_img09_sam_scaled_ring120_final_scaled_image.png,processed_data/automated_image_analysis/masks/sam_scaled_ring120_final/Ardeadoris_rubroannulata/Ardeadoris_rubroannulata_img09_sam_scaled_ring120_final_animal_mask.png,processed_data/automated_image_analysis/background_rings/sam_scaled_ring120_final/Ardeadoris_rubroannulata/Ardeadoris_rubroannulata_img09_sam_scaled_ring120_final_background_ring120.png,1588,1191,329804,355916,1891308,0.17437878970532564,0.18818510787243536,181.2368406690034,57.38352869778262,123.85331197122079,133.08137560490474,36.90382843142764,96.1775471734771,93.20033110574765,32.09209476393306,61.10823634181459,142.93501291676267,42.47865226626507,100.4563606504976,100.4563606504976,139.9086214842755,117.62517560323222,22.283445881043278,22.283445881043278,187.3183375580648,59.47516829813776,127.84316925992704,127.84316925992704,60.1053581237793,17.067228317260742,43.038129806518555,15.448830604553223,8.403594970703125,7.045235633850098,29.569320678710938,7.031744003295898,22.53757667541504,49.09030784971127,37.07428242065891,53.31484689259715,63.46476417468644,43.886062517392794,66.71070754888397,36.550094362109284,37.092066741624805,50.25001094300584,52.759700550129374,0.042005390567439606,0.023795869030077906,15.24008846282959,25.065837860107422,1.644730469986623,12.39266300201416,20.107959747314453,1.6225697208135441,0.022160749173078864,24.052019119262695,24.239286422729492,1.0077859285966067,16.202159881591797,14.243354797363281,0.8791022247315293,0.12868370386507733
Ceratosoma brevicaudatum,Ceratosoma_brevicaudatum_img01,processed_data/automated_image_analysis/scaled_images/sam_scaled_ring120_final/Ceratosoma_brevicaudatum/Ceratosoma_brevicaudatum_img01_sam_scaled_ring120_final_scaled_image.png,processed_data/automated_image_analysis/masks/sam_scaled_ring120_final/Ceratosoma_brevicaudatum/Ceratosoma_brevicaudatum_img01_sam_scaled_ring120_final_animal_mask.png,processed_data/automated_image_analysis/background_rings/sam_scaled_ring120_final/Ceratosoma_brevicaudatum/Ceratosoma_brevicaudatum_img01_sam_scaled_ring120_final_background_ring120.png,1427,951,405775,433533,1357077,0.29900661495257824,0.3194608706801456,187.72449263754544,164.75570717800028,22.96878545954516,120.73935801860637,143.27994178067183,-22.540583762065467,116.3481806419814,122.10655936226308,-5.758378720281684,140.26802291910542,147.28902298094954,-7.02100006184412,7.02100006184412,115.69710307436387,81.54013419970337,34.15696887466049,34.15696887466049,189.18635943564783,166.48452828273741,22.701831152910415,22.701831152910415,57.91065979003906,60.31920623779297,-2.4085464477539062,26.487451553344727,5.992455959320068,20.494995594024658,14.952387809753418,14.793990135192871,0.15839767456054688,20.636642900757487,33.20820342386691,56.287896257254964,60.07576763698457,48.28947797174125,57.37654922803947,33.966394344936035,56.08422741045841,63.07531443334992,51.272766960623464,0.04204857726495339,0.01971944541759249,19.024538040161133,19.856122970581055,1.0437111759909456,12.218501091003418,12.450263977050781,1.0189681929330932,0.024742983057852497,28.883411407470703,36.75371551513672,1.2724852683305394,13.004274368286133,16.014747619628906,1.2314987492638954,0.04098651906664408
Ceratosoma brevicaudatum,Ceratosoma_brevicaudatum_img10,processed_data/automated_image_analysis/scaled_images/sam_scaled_ring120_final/Ceratosoma_brevicaudatum/Ceratosoma_brevicaudatum_img10_sam_scaled_ring120_final_scaled_image.png,processed_data/automated_image_analysis/masks/sam_scaled_ring120_final/Ceratosoma_brevicaudatum/Ceratosoma_brevicaudatum_img10_sam_scaled_ring120_final_animal_mask.png,processed_data/automated_image_analysis/background_rings/sam_scaled_ring120_final/Ceratosoma_brevicaudatum/Ceratosoma_brevicaudatum_img10_sam_scaled_ring120_final_background_ring120.png,1486,1114,372483,410050,1655404,0.22501032980468816,0.24770388376492988,198.9333070234078,32.13559809779295,166.79770892561484,158.88126169516462,34.46465796854042,124.4166037266242,117.4698925857019,5.244577490549933,112.22531509515197,166.13879022666805,30.437441775393246,135.7013484512748,135.7013484512748,120.0812224987449,211.3508523350811,-91.2696298363362,91.2696298363362,201.72442500731577,37.257295451774176,164.4671295555416,164.4671295555416,68.06294250488281,12.993898391723633,55.06904411315918,11.070021629333496,-5.066784381866455,16.13680601119995,28.066638946533203,15.209897994995117,12.856740951538086,58.80724373472308,49.37238020794857,62.168487887090336,72.6076104284261,56.59567204628953,69.5606633487321,49.200999569859874,26.225541488287977,79.1477979945876,30.305592772621655,0.06446064715757596,0.028515210908841317,20.322256088256836,23.079252243041992,1.1356638821404421,13.807674407958984,19.600584030151367,1.4195427449283746,0.2838788627879325,36.98589324951172,32.069602966308594,0.8670766108030112,18.913570404052734,16.667442321777344,0.8812425134815318,0.014165902678520581
Ceratosoma brevicaudatum,Ceratosoma_brevicaudatum_img02,processed_data/automated_image_analysis/scaled_images/sam_scaled_ring120_final/Ceratosoma_brevicaudatum/Ceratosoma_brevicaudatum_img02_sam_scaled_ring120_final_scaled_image.png,processed_data/automated_image_analysis/masks/sam_scaled_ring120_final/Ceratosoma_brevicaudatum/Ceratosoma_brevicaudatum_img02_sam_scaled_ring120_final_animal_mask.png,processed_data/automated_image_analysis/background_rings/sam_scaled_ring120_final/Ceratosoma_brevicaudatum/Ceratosoma_brevicaudatum_img02_sam_scaled_ring120_final_background_ring120.png,1165,881,118465,254014,1026365,0.11542190156523265,0.24748895373478247,172.9686574093614,50.48365444424323,122.48500296511818,60.320693875828304,30.170923649877565,30.14977022595074,31.943299708774745,18.987465257820435,12.95583445095431,90.75555649347909,34.97013944113316,55.78541705234593,55.78541705234593,210.38571730046849,170.95821096474998,39.427506335718505,39.427506335718505,173.1548727472249,50.484583526892216,122.6702892203327,122.6702892203327,42.616024017333984,13.785319328308105,28.83070468902588,43.26727294921875,7.757777214050293,35.50949573516846,39.78208923339844,10.218391418457031,29.563697814941406,54.46233605644305,34.52426627770339,35.61192267463716,38.82217283527651,29.042403241570586,54.633892914184834,34.32067642153504,23.431471537233225,44.81373706778091,28.438953288447404,0.02936120952748448,0.08884331486626444,10.555777549743652,16.776180267333984,1.5892889167355932,23.41857147216797,22.648406982421875,0.96711308840245,0.6221758283331432,22.4534854888916,28.85929298400879,1.2852923435110477,11.58009147644043,8.38956356048584,0.7244816310436162,0.5608107124674315
Ceratosoma brevicaudatum,Ceratosoma_brevicaudatum_img03,processed_data/automated_image_analysis/scaled_images/sam_scaled_ring120_final/Ceratosoma_brevicaudatum/Ceratosoma_brevicaudatum_img03_sam_scaled_ring120_final_scaled_image.png,processed_data/automated_image_analysis/masks/sam_scaled_ring120_final/Ceratosoma_brevicaudatum/Ceratosoma_brevicaudatum_img03_sam_scaled_ring120_final_animal_mask.png,processed_data/automated_image_analysis/background_rings/sam_scaled_ring120_final/Ceratosoma_brevicaudatum/Ceratosoma_brevicaudatum_img03_sam_scaled_ring120_final_background_ring120.png,1426,1502,333588,396620,2141852,0.15574745593999959,0.18517619331307672,144.10743192201159,95.84800564772326,48.25942627428833,95.9814112018418,80.03325349200746,15.948157709834334,89.41539563773277,53.76156522616106,35.65383041157171,109.62438397064642,81.76701124502043,27.857372725625993,27.857372725625993,115.04877273762845,113.73742373052292,1.3113490071055338,1.3113490071055338,144.59692195162896,95.92209419595582,48.674827755673135,48.674827755673135,45.65341567993164,34.66563034057617,10.987785339355469,19.37813949584961,2.6743342876434326,16.703805208206177,13.356830596923828,17.802404403686523,-4.445573806762695,20.48198382893672,40.10639455349856,56.95845637091949,54.484646048852866,50.96894514421223,61.02354532773576,40.43362947926181,23.723383099611084,33.72112885997239,26.313722480743923,0.07213883763696033,0.030339968775422624,24.786264419555664,25.435617446899414,1.0261980997358935,16.872600555419922,14.512351036071777,0.86011347144765,0.16608462828824344,17.283931732177734,14.371715545654297,0.8315073079638631,7.625267505645752,5.1330437660217285,0.6731624513135074,0.1583448566503557
Ceratosoma brevicaudatum,Ceratosoma_brevicaudatum_img04,processed_data/automated_image_analysis/scaled_images/sam_scaled_ring120_final/Ceratosoma_brevicaudatum/Ceratosoma_brevicaudatum_img04_sam_scaled_ring120_final_scaled_image.png,processed_data/automated_image_analysis/masks/sam_scaled_ring120_final/Ceratosoma_brevicaudatum/Ceratosoma_brevicaudatum_img04_sam_scaled_ring120_final_animal_mask.png,processed_data/automated_image_analysis/background_rings/sam_scaled_ring120_final/Ceratosoma_brevicaudatum/Ceratosoma_brevicaudatum_img04_sam_scaled_ring120_final_background_ring120.png,1681,1120,328146,420231,1882720,0.1742935752528257,0.22320419393218321,127.182129296106,83.54451004328571,43.637619252820286,115.09782231080068,99.47165011624558,15.626172194555096,87.0171874714304,83.69808748045718,3.3190999909732284,115.51062332010751,92.91115838669684,22.599464933410673,22.599464933410673,83.15770114522195,53.230789732313895,29.926911412908055,29.926911412908055,128.5654769523322,99.63654275862561,28.928934193706596,28.928934193706596,48.734676361083984,40.06398391723633,8.670692443847656,0.4301358163356781,-9.322678565979004,9.752814382314682,17.42537498474121,6.938985824584961,10.48638916015625,16.74104696397222,21.055565632289994,23.174019618196514,22.61374402499023,21.251379208028418,31.760778133006085,21.171747756001952,25.503594755231614,14.740390443825778,26.457346492196244,0.01020420904113523,0.03264543035881211,10.095645904541016,10.417011260986328,1.0318320748849523,18.793615341186523,13.673253059387207,0.7275477767932199,0.3042842980917324,10.82929801940918,11.564105987548828,1.0678537026890076,14.558307647705078,11.48827838897705,0.789121831120805,0.27873187156820256
Ceratosoma brevicaudatum,Ceratosoma_brevicaudatum_img05,processed_data/automated_image_analysis/scaled_images/sam_scaled_ring120_final/Ceratosoma_brevicaudatum/Ceratosoma_brevicaudatum_img05_sam_scaled_ring120_final_scaled_image.png,processed_data/automated_image_analysis/masks/sam_scaled_ring120_final/Ceratosoma_brevicaudatum/Ceratosoma_brevicaudatum_img05_sam_scaled_ring120_final_animal_mask.png,processed_data/automated_image_analysis/background_rings/sam_scaled_ring120_final/Ceratosoma_brevicaudatum/Ceratosoma_brevicaudatum_img05_sam_scaled_ring120_final_background_ring120.png,1250,1666,364014,410228,2082500,0.1747966386554622,0.19698823529411766,198.73273005983287,82.28079263238979,116.45193742744308,159.81509227667067,68.08454079194985,91.73055148472082,130.27899751108473,55.02948847957721,75.24950903150751,168.08430170268176,70.84247296625291,97.24182873642884,97.24182873642884,93.07930189498207,111.09936913131234,-18.020067236330277,18.020067236330277,199.46239155636871,83.64220140994765,115.82019014642107,115.82019014642107,68.76339721679688,29.06354522705078,39.699851989746094,11.67007827758789,4.321801662445068,7.348276615142822,21.105548858642578,9.766515731811523,11.339033126831055,41.93625030295119,19.082986716940713,34.95662805315703,56.11488686057109,30.18676383143055,64.97761695177563,18.305124151571906,51.07633783801392,66.93733736770946,52.71932637342238,0.015244047970034171,0.12268875486678373,9.278307914733887,12.047937393188477,1.2985058810191499,32.27634811401367,29.590469360351562,0.9167849242369536,0.3817209567821963,14.980681419372559,14.42115592956543,0.9626501976683405,14.58970832824707,11.10152816772461,0.7609150174874291,0.2017351801809114
Ceratosoma brevicaudatum,Ceratosoma_brevicaudatum_img06,processed_data/automated_image_analysis/scaled_images/sam_scaled_ring120_final/Ceratosoma_brevicaudatum/Ceratosoma_brevicaudatum_img06_sam_scaled_ring120_final_scaled_image.png,processed_data/automated_image_analysis/masks/sam_scaled_ring120_final/Ceratosoma_brevicaudatum/Ceratosoma_brevicaudatum_img06_sam_scaled_ring120_final_animal_mask.png,processed_data/automated_image_analysis/background_rings/sam_scaled_ring120_final/Ceratosoma_brevicaudatum/Ceratosoma_brevicaudatum_img06_sam_scaled_ring120_final_background_ring120.png,1368,2048,218232,300170,2801664,0.07789370888157894,0.10713989971673976,213.87026192309102,62.68101076056901,151.189251162522,204.14391564940064,74.9918146383716,129.15210101102906,188.368626049342,62.09673851484159,126.27188753450041,205.26880567469482,69.83497018356265,135.43383549113219,135.43383549113219,55.93860662047729,119.42660492387647,-63.48799830339918,63.48799830339918,224.9133078558598,80.50379118499517,144.40951667086466,144.40951667086466,82.42868041992188,29.483535766601562,52.94514465332031,1.834114909172058,-5.929328441619873,7.763443350791931,9.619894981384277,6.015155792236328,3.604739189147949,53.632579088122796,44.266993950234536,43.10951549983335,51.95910829354676,40.610186269304755,42.96569282553138,35.50683086770917,58.02345070103609,61.271910245658304,63.3384046765059,0.01816915198071999,0.0069314310792830324,12.004528045654297,14.16518497467041,1.1799868283700068,9.966874122619629,10.837312698364258,1.0873331563172033,0.0926536720528035,21.794946670532227,18.633514404296875,0.8549465472879659,10.449624061584473,9.07503890991211,0.8684560187456222,0.013509471457656241
Ceratosoma brevicaudatum,Ceratosoma_brevicaudatum_img07,processed_data/automated_image_analysis/scaled_images/sam_scaled_ring120_final/Ceratosoma_brevicaudatum/Ceratosoma_brevicaudatum_img07_sam_scaled_ring120_final_scaled_image.png,processed_data/automated_image_analysis/masks/sam_scaled_ring120_final/Ceratosoma_brevicaudatum/Ceratosoma_brevicaudatum_img07_sam_scaled_ring120_final_animal_mask.png,processed_data/automated_image_analysis/background_rings/sam_scaled_ring120_final/Ceratosoma_brevicaudatum/Ceratosoma_brevicaudatum_img07_sam_scaled_ring120_final_background_ring120.png,1517,1459,365293,414979,2213303,0.16504427997431892,0.1874930816069919,189.89970243065156,64.87089226201807,125.02881016863348,120.79034090442467,39.909197814829184,80.88114308959548,96.36824685937043,21.63127772730668,74.73696913206375,138.67103119961237,45.27905508471513,93.39197611489723,93.39197611489723,137.29879576121087,203.34946346682602,-66.05066770561515,66.05066770561515,191.03973796377156,65.49477443436896,125.5449635294026,125.5449635294026,58.37708282470703,18.948684692382812,39.42839813232422,24.424667358398438,8.400771141052246,16.02389621734619,26.973661422729492,14.63365650177002,12.340004920959473,44.31297271358189,34.21705866386377,60.05388913861917,62.59522959804832,49.971069034137784,64.87820658647281,34.91900724330356,43.71175227062981,64.7313170109697,52.12389250094824,0.01729055009025902,0.02378812029280011,11.55357551574707,14.079000473022461,1.2185838447875583,11.971548080444336,16.09308433532715,1.344277634537123,0.1256937897495647,19.260995864868164,16.523723602294922,0.8578852162277862,15.436457633972168,14.495361328125,0.9390341794625195,0.0811489632347333
Ceratosoma brevicaudatum,Ceratosoma_brevicaudatum_img08,processed_data/automated_image_analysis/scaled_images/sam_scaled_ring120_final/Ceratosoma_brevicaudatum/Ceratosoma_brevicaudatum_img08_sam_scaled_ring120_final_scaled_image.png,processed_data/automated_image_analysis/masks/sam_scaled_ring120_final/Ceratosoma_brevicaudatum/Ceratosoma_brevicaudatum_img08_sam_scaled_ring120_final_animal_mask.png,processed_data/automated_image_analysis/background_rings/sam_scaled_ring120_final/Ceratosoma_brevicaudatum/Ceratosoma_brevicaudatum_img08_sam_scaled_ring120_final_background_ring120.png,1152,2048,99220,209963,2359296,0.04205491807725695,0.0889939202202691,190.71551098568838,112.04845615656092,78.66705482912747,106.2004636162064,103.23001671723114,2.9704468989752684,101.01676073372305,83.76544438782071,17.25131634590234,130.88335013102198,103.65017169691802,27.233178434103962,27.233178434103962,136.09866962305986,86.02446145273215,50.07420817032771,50.07420817032771,190.80078613182826,117.35904897529565,73.44173715653261,73.44173715653261,54.676456451416016,43.17026901245117,11.506187438964844,32.745365142822266,0.980941116809845,31.76442402601242,19.204593658447266,11.514004707336426,7.69058895111084,34.64846521131716,45.54660995040277,59.05616996753484,47.21735042419718,51.66282463287048,48.098544951486986,45.4070339651048,50.72884077444103,49.29985810750986,52.55720216951808,0.16624535160656834,0.21598243164688405,34.70804977416992,30.947669982910156,0.8916568399628643,39.99496078491211,31.132007598876953,0.778398252877431,0.11325858708543324,33.717830657958984,23.068613052368164,0.6841665849259757,17.315519332885742,10.238408088684082,0.5912850716085214,0.09288151331745431
Ceratosoma brevicaudatum,Ceratosoma_brevicaudatum_img09,processed_data/automated_image_analysis/scaled_images/sam_scaled_ring120_final/Ceratosoma_brevicaudatum/Ceratosoma_brevicaudatum_img09_sam_scaled_ring120_final_scaled_image.png,processed_data/automated_image_analysis/masks/sam_scaled_ring120_final/Ceratosoma_brevicaudatum/Ceratosoma_brevicaudatum_img09_sam_scaled_ring120_final_animal_mask.png,processed_data/automated_image_analysis/background_rings/sam_scaled_ring120_final/Ceratosoma_brevicaudatum/Ceratosoma_brevicaudatum_img09_sam_scaled_ring120_final_background_ring120.png,634,475,17779,126081,301150,0.059037024738502406,0.4186651170513033,207.00343101411778,136.22006487892705,70.78336613519073,132.09961190168175,134.8282611971669,-2.7286492954851553,54.255188705776476,78.56668332262593,-24.31149461684946,145.62500703076662,128.83455873605064,16.790448294715986,16.790448294715986,189.72343776365375,113.00471918845821,76.71871857519554,76.71871857519554,207.00641205917094,139.72332072239274,67.2830913367782,67.2830913367782,61.903472900390625,53.93901824951172,7.964454650878906,22.454971313476562,-7.962643146514893,30.417614459991455,51.85649108886719,29.732601165771484,22.123889923095703,38.44646033969634,25.25230665794046,38.215076456578686,31.081871723052764,30.911188890440854,33.059221884529364,25.253452030860192,63.982874295741105,31.378954939276376,68.18338108448555,0.14083802376485302,0.10751199781179806,26.910446166992188,22.37357521057129,0.8314085568010487,25.788162231445312,24.70597267150879,0.9580354136822928,0.1266268568812441,46.35042953491211,32.544246673583984,0.7021347374800697,26.43841552734375,18.09235191345215,0.6843205824774279,0.01781415500264183
Ceratosoma trilobatum,Ceratosoma_trilobatum_img01,processed_data/automated_image_analysis/scaled_images/sam_scaled_ring120_final/Ceratosoma_trilobatum/Ceratosoma_trilobatum_img01_sam_scaled_ring120_final_scaled_image.png,processed_data/automated_image_analysis/masks/sam_scaled_ring120_final/Ceratosoma_trilobatum/Ceratosoma_trilobatum_img01_sam_scaled_ring120_final_animal_mask.png,processed_data/automated_image_analysis/background_rings/sam_scaled_ring120_final/Ceratosoma_trilobatum/Ceratosoma_trilobatum_img01_sam_scaled_ring120_final_background_ring120.png,1930,1086,266719,397091,2095980,0.12725264554051088,0.18945362074065591,162.4037057727421,107.32667574938742,55.077030023354666,131.8463289079518,93.5676507400067,38.2786781679451,97.00523397283283,71.4780465938538,25.527187378979022,137.01263876964146,95.16075912070534,41.85187964893612,41.85187964893612,111.51781462887908,88.68751243417756,22.830302194701517,22.830302194701517,163.50421604760066,107.60349139114209,55.90072465645858,55.90072465645858,57.06636428833008,40.131378173828125,16.934986114501953,8.271327018737793,2.1264808177948,6.144846200942993,22.575910568237305,14.729049682617188,7.846860885620117,19.65009199189389,29.941210083053345,37.35824648239919,50.13442002318573,33.94239947334394,63.753589875752404,29.32909805671431,26.490075271335897,28.919653796111596,27.974099375839494,0.018944472564709883,0.06397100976684741,10.435445785522461,13.052989959716797,1.250832041868855,20.32784080505371,16.754058837890625,0.8241927413031193,0.42663930056573574,27.341753005981445,26.034406661987305,0.9521849844921012,19.43231773376465,16.052091598510742,0.8260513140241326,0.12613367046796864
Ceratosoma trilobatum,Ceratosoma_trilobatum_img10,processed_data/automated_image_analysis/scaled_images/sam_scaled_ring120_final/Ceratosoma_trilobatum/Ceratosoma_trilobatum_img10_sam_scaled_ring120_final_scaled_image.png,processed_data/automated_image_analysis/masks/sam_scaled_ring120_final/Ceratosoma_trilobatum/Ceratosoma_trilobatum_img10_sam_scaled_ring120_final_animal_mask.png,processed_data/automated_image_analysis/background_rings/sam_scaled_ring120_final/Ceratosoma_trilobatum/Ceratosoma_trilobatum_img10_sam_scaled_ring120_final_background_ring120.png,1845,1384,305626,400934,2553480,0.11968999169760483,0.1570147406676379,106.0817895074372,57.301186728987815,48.78060277844938,52.605648734073675,60.401457596512145,-7.79580886243847,40.40070543736462,45.96111828879566,-5.560412851431039,67.20511671127457,57.82953553452688,9.375581176747687,9.375581176747687,159.51955658222795,70.04098180747954,89.47857477474841,89.47857477474841,106.19882797929496,62.174983912564166,44.023844066730796,44.023844066730796,28.848834991455078,24.518571853637695,4.330263137817383,22.621004104614258,-4.114286422729492,26.73529052734375,18.279682159423828,8.40632152557373,9.873360633850098,28.82724733009167,27.506610970765713,21.21124594962799,20.558004134453927,19.9731772290714,45.28196015449856,27.317688049564868,20.303300309732215,23.451334835107957,21.180533412058924,0.0005342526511027781,0.01495090688607529,9.149088859558105,7.059814929962158,0.771641311865359,13.28277587890625,12.272910118103027,0.9239717834577829,0.15233047159242386,17.683063507080078,10.599339485168457,0.5994062895789869,7.940709590911865,5.776144981384277,0.7274091710890762,0.12800288151008932
Ceratosoma trilobatum,Ceratosoma_trilobatum_img02,processed_data/automated_image_analysis/scaled_images/sam_scaled_ring120_final/Ceratosoma_trilobatum/Ceratosoma_trilobatum_img02_sam_scaled_ring120_final_scaled_image.png,processed_data/automated_image_analysis/masks/sam_scaled_ring120_final/Ceratosoma_trilobatum/Ceratosoma_trilobatum_img02_sam_scaled_ring120_final_animal_mask.png,processed_data/automated_image_analysis/background_rings/sam_scaled_ring120_final/Ceratosoma_trilobatum/Ceratosoma_trilobatum_img02_sam_scaled_ring120_final_background_ring120.png,1513,1008,257993,408701,1525104,0.16916420126102877,0.2679823802180048,228.99222459524097,103.55261425834534,125.43961033689563,93.86820960258612,80.83222453578533,13.03598506680079,40.650188183400324,66.21467038250456,-25.56448219910424,128.20290472997328,85.96037445467469,42.24253027529859,42.24253027529859,208.2068583256135,91.83919050846463,116.36766781714887,116.36766781714887,228.9931044640746,104.51951426593035,124.47359019814425,124.47359019814425,56.82939529418945,35.43484115600586,21.394554138183594,49.66362380981445,7.416619300842285,42.24700450897217,53.808902740478516,11.606318473815918,42.2025842666626,63.431809492852565,40.72804596318366,27.48090319277404,15.80484316224248,27.681585701607524,21.509912184088183,40.726806851119974,46.37350387257999,33.41659207650066,55.60276642245458,0.022875255313110802,0.05947163566152809,8.158632278442383,13.246278762817383,1.623590610624544,19.439538955688477,18.33342933654785,0.9431000075844417,0.6804906030401022,13.7963285446167,17.722122192382812,1.2845535053090593,12.923102378845215,10.03442096710205,0.7764715215386778,0.5080819837703815
Ceratosoma trilobatum,Ceratosoma_trilobatum_img03,processed_data/automated_image_analysis/scaled_images/sam_scaled_ring120_final/Ceratosoma_trilobatum/Ceratosoma_trilobatum_img03_sam_scaled_ring120_final_scaled_image.png,processed_data/automated_image_analysis/masks/sam_scaled_ring120_final/Ceratosoma_trilobatum/Ceratosoma_trilobatum_img03_sam_scaled_ring120_final_animal_mask.png,processed_data/automated_image_analysis/background_rings/sam_scaled_ring120_final/Ceratosoma_trilobatum/Ceratosoma_trilobatum_img03_sam_scaled_ring120_final_background_ring120.png,2048,1366,294732,329022,2797568,0.10535293512079064,0.11761000983711567,220.68769254780614,101.57123535812195,119.11645718968418,98.05898239756796,101.16689461494975,-3.107912217381795,88.88224217254998,109.53549914595376,-20.653256973403785,133.66040674239648,102.25058506725993,31.40982167513654,31.40982167513654,152.7460574352293,47.19570727793278,105.5503501572965,105.5503501572965,220.69338585562477,114.86764714821501,105.82573870740976,105.82573870740976,56.798622131347656,42.77315902709961,14.025463104248047,47.222591400146484,2.2952685356140137,44.92732286453247,28.85536003112793,-4.73557186126709,33.59093189239502,57.82325363088872,29.845432037612717,12.559473846358802,6.894234423539995,14.90409303622285,16.54512261365883,29.821129861229277,32.493911282280955,24.5444498803423,31.304687190665447,0.0006027518740733556,0.017245647330637843,4.232490062713623,4.858890056610107,1.1479979833655827,13.019078254699707,11.723429679870605,0.9004807752529339,0.24751720811264877,9.129570007324219,7.845200538635254,0.8593176384365774,8.988720893859863,5.777050495147705,0.6426999529036407,0.2166176855329367
Ceratosoma trilobatum,Ceratosoma_trilobatum_img04,processed_data/automated_image_analysis/scaled_images/sam_scaled_ring120_final/Ceratosoma_trilobatum/Ceratosoma_trilobatum_img04_sam_scaled_ring120_final_scaled_image.png,processed_data/automated_image_analysis/masks/sam_scaled_ring120_final/Ceratosoma_trilobatum/Ceratosoma_trilobatum_img04_sam_scaled_ring120_final_animal_mask.png,processed_data/automated_image_analysis/background_rings/sam_scaled_ring120_final/Ceratosoma_trilobatum/Ceratosoma_trilobatum_img04_sam_scaled_ring120_final_background_ring120.png,951,714,124064,240527,679014,0.18271199121078505,0.35422980969464546,156.19446414753676,93.77777546803478,62.41668867950199,101.15457344596338,84.51795848283145,16.636614963131933,70.42653791591437,72.2727095087038,-1.8461715927894318,114.12126805519732,85.89749175768209,28.22377629751523,28.22377629751523,159.97384414495744,62.37796172571063,97.5958824192468,97.5958824192468,160.83543171266444,94.14430812341234,66.6911235892521,66.6911235892521,48.002845764160156,35.76600646972656,12.236839294433594,20.64534568786621,1.722240924835205,18.923104763031006,25.454103469848633,8.420598030090332,17.0335054397583,28.24826432467518,51.72137325169555,46.14962921384319,48.142676105455905,44.228029257975585,48.68889745314844,47.99270490825253,41.01991147060721,31.618454102543947,43.85981759197218,0.03175782260689575,0.031118846215609768,17.918466567993164,18.360347747802734,1.0246606582171982,17.864625930786133,17.769136428833008,0.9946548277963901,0.030005830420808066,32.080543518066406,28.381616592407227,0.88469874509526,6.779841899871826,6.0701093673706055,0.8953172444161805,0.010618499320920516
Ceratosoma trilobatum,Ceratosoma_trilobatum_img05,processed_data/automated_image_analysis/scaled_images/sam_scaled_ring120_final/Ceratosoma_trilobatum/Ceratosoma_trilobatum_img05_sam_scaled_ring120_final_scaled_image.png,processed_data/automated_image_analysis/masks/sam_scaled_ring120_final/Ceratosoma_trilobatum/Ceratosoma_trilobatum_img05_sam_scaled_ring120_final_animal_mask.png,processed_data/automated_image_analysis/background_rings/sam_scaled_ring120_final/Ceratosoma_trilobatum/Ceratosoma_trilobatum_img05_sam_scaled_ring120_final_background_ring120.png,1408,1056,399657,387964,1486848,0.2687947927427686,0.2609305053374656,170.88323487390437,14.97912692930272,155.90410794460166,109.31608604378255,28.381373013990988,80.93471302979157,70.5379888254178,30.965499376230785,39.57248944918702,123.3063877274763,24.659623057809487,98.64676466966682,98.64676466966682,156.345188499138,182.16609015269458,-25.820901653556575,25.820901653556575,171.1712893806439,33.580082172572716,137.59120720807118,137.59120720807118,52.00821304321289,9.699848175048828,42.30836486816406,21.294511795043945,-3.5270872116088867,24.821599006652832,30.505260467529297,-3.0963687896728516,33.60162925720215,59.45737131595401,42.1335437275795,42.75677872759035,43.76053510713535,39.089812977486076,58.8176141635232,41.51952422532049,23.210120960089764,70.12392527770639,27.205997430147303,0.022399640051435833,0.019682167057474297,9.658639907836914,14.831625938415527,1.535581208114127,8.495980262756348,15.766812324523926,1.855796722320622,0.3202155142064951,22.646835327148438,17.94231414794922,0.7922658459233127,10.311456680297852,10.261005401611328,0.9951072597935731,0.20284141387026033
Ceratosoma trilobatum,Ceratosoma_trilobatum_img06,processed_data/automated_image_analysis/scaled_images/sam_scaled_ring120_final/Ceratosoma_trilobatum/Ceratosoma_trilobatum_img06_sam_scaled_ring120_final_scaled_image.png,processed_data/automated_image_analysis/masks/sam_scaled_ring120_final/Ceratosoma_trilobatum/Ceratosoma_trilobatum_img06_sam_scaled_ring120_final_animal_mask.png,processed_data/automated_image_analysis/background_rings/sam_scaled_ring120_final/Ceratosoma_trilobatum/Ceratosoma_trilobatum_img06_sam_scaled_ring120_final_background_ring120.png,1224,918,260774,381574,1123632,0.2320813219986615,0.33958983012231764,168.37432412740534,46.228841587739204,122.14548253966615,141.87404419152216,44.95633088208316,96.917713309439,120.52315031406505,37.31463621735234,83.20851409671272,147.36340279322326,44.463343938528304,102.90005885469495,102.90005885469495,98.03937509107503,104.71143736208442,-6.672062271009395,6.672062271009395,174.4869887335394,52.68822299213259,121.79876574140681,121.79876574140681,60.917667388916016,18.433582305908203,42.48408508300781,8.770731925964355,-0.5629469752311707,9.333678901195526,16.173599243164062,4.959868907928467,11.213730335235596,44.91951463676174,39.85177526183703,56.35391759971413,66.64534313404478,49.48288428076218,76.4313003766821,40.04824418849456,38.42707342881218,65.53726752009017,42.93594047290272,0.019041555277852475,0.020853609194396754,9.401147842407227,16.687171936035156,1.7750143084402654,12.783349990844727,16.781810760498047,1.3127866148166927,0.46222769362357274,16.0616397857666,26.53093910217285,1.6518200791480746,14.045970916748047,14.892860412597656,1.0602941228391554,0.5915259563089192
Ceratosoma trilobatum,Ceratosoma_trilobatum_img07,processed_data/automated_image_analysis/scaled_images/sam_scaled_ring120_final/Ceratosoma_trilobatum/Ceratosoma_trilobatum_img07_sam_scaled_ring120_final_scaled_image.png,processed_data/automated_image_analysis/masks/sam_scaled_ring120_final/Ceratosoma_trilobatum/Ceratosoma_trilobatum_img07_sam_scaled_ring120_final_animal_mask.png,processed_data/automated_image_analysis/background_rings/sam_scaled_ring120_final/Ceratosoma_trilobatum/Ceratosoma_trilobatum_img07_sam_scaled_ring120_final_background_ring120.png,953,953,331361,360972,908209,0.3648510419958402,0.3974547708732241,183.08355237942908,84.17808583491241,98.90546654451667,139.6742434987823,68.89746850171204,70.77677499707025,142.22708767778948,54.48152765311437,87.74556002467511,152.94757077628327,71.83098966124797,81.1165811150353,81.1165811150353,84.15576667139464,100.41392407167315,-16.258157400278506,16.258157400278506,190.37393356490352,84.74605232538812,105.6278812395154,105.6278812395154,62.414188385009766,29.758371353149414,32.65581703186035,18.337810516357422,4.3527350425720215,13.9850754737854,6.2195868492126465,10.966066360473633,-4.746479511260986,35.84011425451424,40.12235214309717,51.89812123846538,58.74683433830869,45.726701065069854,54.3414957414594,37.17261641078229,40.92438983096827,44.64027043101557,44.78650687180989,0.01265897443061001,0.01060158503523264,10.635716438293457,11.631513595581055,1.0936276519842398,7.564874649047852,9.687365531921387,1.2805718510009523,0.18694419901671244,16.873497009277344,25.301403045654297,1.499475955206152,6.79946231842041,10.155925750732422,1.4936365958259703,0.005839359380181763
Ceratosoma trilobatum,Ceratosoma_trilobatum_img08,processed_data/automated_image_analysis/scaled_images/sam_scaled_ring120_final/Ceratosoma_trilobatum/Ceratosoma_trilobatum_img08_sam_scaled_ring120_final_scaled_image.png,processed_data/automated_image_analysis/masks/sam_scaled_ring120_final/Ceratosoma_trilobatum/Ceratosoma_trilobatum_img08_sam_scaled_ring120_final_animal_mask.png,processed_data/automated_image_analysis/background_rings/sam_scaled_ring120_final/Ceratosoma_trilobatum/Ceratosoma_trilobatum_img08_sam_scaled_ring120_final_background_ring120.png,1024,768,88726,230699,786432,0.11282094319661458,0.2933489481608073,190.60739805693933,67.33724030013134,123.27015775680799,196.81011203029553,55.07111864377392,141.7389933865216,150.16944300430538,57.98477670037582,92.18466630392956,189.64148051304014,59.07821013528451,130.56327037775563,130.56327037775563,85.09698397313076,117.23682807467739,-32.13984410154663,32.13984410154663,206.45106282262245,74.29680232684147,132.154260495781,132.154260495781,77.60894012451172,23.9505615234375,53.65837860107422,-8.185397148132324,6.120699405670166,-14.30609655380249,22.20416259765625,0.7848149538040161,21.419347643852234,59.5203700105362,51.96695587698993,55.44217348318617,62.35930118884511,52.16341927254717,55.83053166541382,48.13453650703335,54.73175874917439,65.43796722355755,59.61219358152139,0.03257352072753041,0.03283433359755407,17.255884170532227,36.18549728393555,2.096994678819722,14.74804973602295,21.23075294494629,1.4395634219410698,0.657431256878652,44.0994873046875,35.18522644042969,0.7978602154109333,12.664780616760254,10.870780944824219,0.8583473550610186,0.06048713965008523
Ceratosoma trilobatum,Ceratosoma_trilobatum_img09,processed_data/automated_image_analysis/scaled_images/sam_scaled_ring120_final/Ceratosoma_trilobatum/Ceratosoma_trilobatum_img09_sam_scaled_ring120_final_scaled_image.png,processed_data/automated_image_analysis/masks/sam_scaled_ring120_final/Ceratosoma_trilobatum/Ceratosoma_trilobatum_img09_sam_scaled_ring120_final_animal_mask.png,processed_data/automated_image_analysis/background_rings/sam_scaled_ring120_final/Ceratosoma_trilobatum/Ceratosoma_trilobatum_img09_sam_scaled_ring120_final_background_ring120.png,1255,941,331082,388517,1180955,0.2803510718020585,0.3289854397500328,150.76334563642843,55.7101799921239,95.05316564430453,100.55430376764669,47.36977789903659,53.184525868610095,89.61767477543327,49.65531495404319,39.96235982139008,114.32130710820884,50.12175014220742,64.19955696600142,64.19955696600142,135.60916630925269,87.19560276641691,48.413563542835774,48.413563542835774,156.40062280643465,59.5867439520021,96.81387885443255,96.81387885443255,47.8770866394043,20.281042098999023,27.596044540405273,21.135522842407227,4.210783958435059,16.924738883972168,13.679869651794434,0.11934641003608704,13.560523241758347,35.09809469411323,43.97919625399003,46.410368168689025,60.43198863360514,42.53183745056654,71.79071262118707,41.97601660011942,38.006338521168274,64.08199102997278,43.01184684688015,0.01759602624365923,0.026329562381738395,11.074193000793457,15.295670509338379,1.3811995608386505,13.777341842651367,16.06203842163086,1.1658299986363565,0.21536956220229397,27.85067367553711,24.27373504638672,0.8715672492945036,11.863045692443848,10.27008056640625,0.86572039193508,0.005846857359423585
Chromodoris elisabethina,Chromodoris_elisabethina_img01,processed_data/automated_image_analysis/scaled_images/sam_scaled_ring120_final/Chromodoris_elisabethina/Chromodoris_elisabethina_img01_sam_scaled_ring120_final_scaled_image.png,processed_data/automated_image_analysis/masks/sam_scaled_ring120_final/Chromodoris_elisabethina/Chromodoris_elisabethina_img01_sam_scaled_ring120_final_animal_mask.png,processed_data/automated_image_analysis/background_rings/sam_scaled_ring120_final/Chromodoris_elisabethina/Chromodoris_elisabethina_img01_sam_scaled_ring120_final_background_ring120.png,1789,1342,177493,412163,2400838,0.07392960291364932,0.17167464027143856,35.50882570016846,47.9701525852636,-12.46132688509514,77.0226713166153,65.88384449841446,11.13882681820084,104.42502521226189,68.77513508005327,35.64989013220861,67.72956679981746,60.85606907946613,6.873497720351331,6.873497720351331,168.06546737054418,124.50804172135781,43.55742564918637,43.55742564918637,108.33077360797327,77.5325999665181,30.798173641455165,30.798173641455165,31.288196563720703,26.37659454345703,4.911602020263672,-0.8957607746124268,-3.9481217861175537,3.052361011505127,-18.178476333618164,-3.027245044708252,-15.151231288909912,16.21729175047602,36.887412578290956,44.330009599505836,60.61553127898371,37.311613439723345,84.35532547088967,59.03227505609443,38.7330347504976,64.64432305378273,47.204779235417504,0.03900698764631306,0.01117781364904554,16.510879516601562,21.503522872924805,1.3023850638182646,13.460128784179688,12.148819923400879,0.9025782827338138,0.3998067810844508,20.168869018554688,22.03135108947754,1.0923443981518959,14.38416576385498,10.488943099975586,0.729200655232475,0.36314374291942086
Chromodoris elisabethina,Chromodoris_elisabethina_img10,processed_data/automated_image_analysis/scaled_images/sam_scaled_ring120_final/Chromodoris_elisabethina/Chromodoris_elisabethina_img10_sam_scaled_ring120_final_scaled_image.png,processed_data/automated_image_analysis/masks/sam_scaled_ring120_final/Chromodoris_elisabethina/Chromodoris_elisabethina_img10_sam_scaled_ring120_final_animal_mask.png,processed_data/automated_image_analysis/background_rings/sam_scaled_ring120_final/Chromodoris_elisabethina/Chromodoris_elisabethina_img10_sam_scaled_ring120_final_background_ring120.png,2048,1363,162214,290534,2791424,0.058111558831621425,0.10408092787050624,128.25679657736077,69.05607949499887,59.200717082361905,122.04822025225936,46.82482601003669,75.22339424222267,87.25021884670866,32.87231786985344,54.37790097685522,119.92799018580394,51.88114988262991,68.04684030317402,68.04684030317402,192.52023869702984,174.0603612658071,18.459877431222736,18.459877431222736,177.2008211375097,70.0156332821632,107.18518785534651,107.18518785534651,52.1547966003418,21.305461883544922,30.849334716796875,8.785564422607422,8.110721588134766,0.6748428344726562,14.531922340393066,11.419400215148926,3.1125221252441406,31.013298104205916,84.67479005163501,61.91451313421249,102.14482854465564,58.956417989034286,72.51983976493749,76.40411541321451,43.54656390821612,72.52973250696856,48.02387963917115,0.06644433370388828,0.10955300789486941,24.348535537719727,33.46463394165039,1.3744002751134001,29.094491958618164,29.69843101501465,1.0207578485046407,0.35364242660875944,36.53099822998047,49.66843032836914,1.359624229693427,29.943933486938477,25.7274112701416,0.8591860946179259,0.5004381350755012
Chromodoris elisabethina,Chromodoris_elisabethina_img02,processed_data/automated_image_analysis/scaled_images/sam_scaled_ring120_final/Chromodoris_elisabethina/Chromodoris_elisabethina_img02_sam_scaled_ring120_final_scaled_image.png,processed_data/automated_image_analysis/masks/sam_scaled_ring120_final/Chromodoris_elisabethina/Chromodoris_elisabethina_img02_sam_scaled_ring120_final_animal_mask.png,processed_data/automated_image_analysis/background_rings/sam_scaled_ring120_final/Chromodoris_elisabethina/Chromodoris_elisabethina_img02_sam_scaled_ring120_final_background_ring120.png,1536,2048,491604,433100,3145728,0.15627670288085938,0.13767878214518228,87.0881054670019,68.40151235280536,18.68659311419654,102.77894606227777,79.45762641422304,23.321319648054725,88.92627195873101,90.01956822904641,-1.093296270315406,96.50827291885338,77.35274532440545,19.155527594447932,19.155527594447932,209.86183188094483,78.58098591549296,131.28084596545187,131.28084596545187,153.75236979357368,94.3478827060725,59.40448708750118,59.40448708750118,43.71383285522461,32.73841094970703,10.975421905517578,6.347315311431885,-0.818213164806366,7.165528476238251,4.283752918243408,-7.140289306640625,11.424042224884033,17.38716265248099,74.17743326936439,49.882927660397286,91.4708980898761,45.605153887405834,57.928537176947174,64.21121175902304,35.49482808514268,36.388092077243726,44.187232490200365,0.019198327520362646,0.0053955923940952255,11.840445518493652,19.866619110107422,1.6778607763599476,10.995966911315918,10.644696235656738,0.9680545896061502,0.7098061867537974,22.255638122558594,28.408498764038086,1.2764630071533594,14.614651679992676,13.31717300415039,0.9112206911083265,0.3652423160450329
Chromodoris elisabethina,Chromodoris_elisabethina_img03,processed_data/automated_image_analysis/scaled_images/sam_scaled_ring120_final/Chromodoris_elisabethina/Chromodoris_elisabethina_img03_sam_scaled_ring120_final_scaled_image.png,processed_data/automated_image_analysis/masks/sam_scaled_ring120_final/Chromodoris_elisabethina/Chromodoris_elisabethina_img03_sam_scaled_ring120_final_animal_mask.png,processed_data/automated_image_analysis/background_rings/sam_scaled_ring120_final/Chromodoris_elisabethina/Chromodoris_elisabethina_img03_sam_scaled_ring120_final_background_ring120.png,1761,1767,209631,383767,3111687,0.06736892238840217,0.12333084915031621,69.99756238342611,109.15909653513721,-39.161534151711095,142.2240985350449,124.49420351411143,17.72989502093347,156.36731685676259,103.95423264637137,52.41308421039122,122.240842241844,117.56688042484112,4.6739618170028905,4.6739618170028905,183.5681554731886,106.57120336037231,76.99695211281629,76.99695211281629,180.46909569672425,133.90661781758203,46.56247787914222,46.56247787914222,55.410579681396484,50.00669860839844,5.403881072998047,-9.702227592468262,-7.155795097351074,-2.5464324951171875,-14.220584869384766,10.065056800842285,-24.28564167022705,25.00957097668738,67.55934412589833,71.8775684031307,70.14235922106253,61.549836387058306,59.764690280021625,60.6647457650584,57.88576246655053,71.89328738938016,57.31130344272477,0.03963452461896561,0.08445627218838106,20.094833374023438,27.729530334472656,1.3799333300428647,27.223085403442383,25.717132568359375,0.9446810377014584,0.4352522923414063,29.203380584716797,27.559499740600586,0.9437092277947946,19.624378204345703,13.666820526123047,0.6964205634345454,0.2472886643602492
Chromodoris elisabethina,Chromodoris_elisabethina_img04,processed_data/automated_image_analysis/scaled_images/sam_scaled_ring120_final/Chromodoris_elisabethina/Chromodoris_elisabethina_img04_sam_scaled_ring120_final_scaled_image.png,processed_data/automated_image_analysis/masks/sam_scaled_ring120_final/Chromodoris_elisabethina/Chromodoris_elisabethina_img04_sam_scaled_ring120_final_animal_mask.png,processed_data/automated_image_analysis/background_rings/sam_scaled_ring120_final/Chromodoris_elisabethina/Chromodoris_elisabethina_img04_sam_scaled_ring120_final_background_ring120.png,1382,1380,269348,305179,1907160,0.14122989156651775,0.16001751295119446,123.20446411334036,125.13471110397505,-1.9302469906346857,124.32536347030607,106.43103883294722,17.89432463735885,115.96472964343526,83.03040182974583,32.934327813689436,123.04066486478459,109.35938580308606,13.681279061698532,13.681279061698532,108.2421922568573,117.97580764076164,-9.73361538390435,9.73361538390435,147.1404762611937,126.08423580914807,21.05624045204563,21.05624045204563,50.100799560546875,44.711082458496094,5.389717102050781,1.4844921827316284,4.626453876495361,-3.141961693763733,3.7511684894561768,15.747511863708496,-11.99634337425232,13.52158378586565,89.21482561655517,90.20802823878213,86.1436171229815,86.7331557149414,61.68143509830854,90.96673541817415,70.0386727654172,70.64634289737508,69.35167725890801,0.03389675928740804,0.08551288550329501,16.81073760986328,27.085451126098633,1.6111994461329835,24.697193145751953,27.843040466308594,1.1273767145112903,0.4838227316216932,14.53829288482666,16.948795318603516,1.1658036781122116,12.864749908447266,9.659400939941406,0.7508424966426157,0.41496118146959593
Chromodoris elisabethina,Chromodoris_elisabethina_img05,processed_data/automated_image_analysis/scaled_images/sam_scaled_ring120_final/Chromodoris_elisabethina/Chromodoris_elisabethina_img05_sam_scaled_ring120_final_scaled_image.png,processed_data/automated_image_analysis/masks/sam_scaled_ring120_final/Chromodoris_elisabethina/Chromodoris_elisabethina_img05_sam_scaled_ring120_final_animal_mask.png,processed_data/automated_image_analysis/background_rings/sam_scaled_ring120_final/Chromodoris_elisabethina/Chromodoris_elisabethina_img05_sam_scaled_ring120_final_background_ring120.png,1389,1042,284637,382320,1447338,0.19666242439568365,0.2641539156713912,100.97726578062586,44.17678123038293,56.80048455024293,122.37574173420883,50.665390249006066,71.71035148520276,147.70896967014127,58.88335164260305,88.82561802753821,118.86589234709471,49.66180686336054,69.20408548373418,69.20408548373418,130.33571180134697,94.11550272023436,36.220209081112614,36.220209081112614,164.17137617386356,61.65343952709772,102.51793664676585,102.51793664676585,50.145755767822266,20.078758239746094,30.066997528076172,3.7136356830596924,0.07717753946781158,3.636458143591881,-15.856531143188477,-5.65834379196167,-10.198187351226807,31.957021035042626,63.935986710965906,67.41007601767818,81.86998283723312,63.63984147441253,76.25404837166154,72.06411407427252,41.58043997924373,44.7437796037992,45.9415994804182,0.03614540540735843,0.04449940894956825,20.39383888244629,27.55093002319336,1.3509437915049647,19.70326805114746,21.6485652923584,1.098729674496696,0.2522141170082688,22.561086654663086,23.01883316040039,1.0202892047153542,12.097576141357422,9.747469902038574,0.8057374293942529,0.21455177532110137
Chromodoris elisabethina,Chromodoris_elisabethina_img06,processed_data/automated_image_analysis/scaled_images/sam_scaled_ring120_final/Chromodoris_elisabethina/Chromodoris_elisabethina_img06_sam_scaled_ring120_final_scaled_image.png,processed_data/automated_image_analysis/masks/sam_scaled_ring120_final/Chromodoris_elisabethina/Chromodoris_elisabethina_img06_sam_scaled_ring120_final_animal_mask.png,processed_data/automated_image_analysis/background_rings/sam_scaled_ring120_final/Chromodoris_elisabethina/Chromodoris_elisabethina_img06_sam_scaled_ring120_final_background_ring120.png,2048,1495,123532,218332,3061760,0.040346728678929765,0.0713093122909699,100.83707055661691,49.307861422054486,51.52920913456242,132.99664054657902,55.8690159939908,77.12762455258822,151.60281546481883,48.0243482402946,103.57846722452423,125.4838341482369,53.0062977483832,72.4775363998537,72.4775363998537,135.95413334196806,111.98243042705604,23.971702914912015,23.971702914912015,165.61605090179063,59.225798325485954,106.39025257630468,106.39025257630468,53.096031188964844,22.126720428466797,30.969310760498047,-2.5117580890655518,-3.6838598251342773,1.1721017360687256,-12.786688804626465,3.6675007343292236,-16.45418953895569,35.08863612116997,68.34036209402998,77.75071813367802,82.59173922717461,72.08693502600947,77.9091936471213,80.01919278960271,55.64262575269923,87.5301246978361,58.01496267973238,0.058685170924431644,0.14937685829331468,27.515405654907227,46.10992431640625,1.6757857359876063,37.9832763671875,46.499603271484375,1.2242125408553184,0.4515731951322879,29.150230407714844,28.785120010375977,0.9874748709621781,11.709770202636719,9.45348072052002,0.8073156481235947,0.18015922283858343
Chromodoris elisabethina,Chromodoris_elisabethina_img07,processed_data/automated_image_analysis/scaled_images/sam_scaled_ring120_final/Chromodoris_elisabethina/Chromodoris_elisabethina_img07_sam_scaled_ring120_final_scaled_image.png,processed_data/automated_image_analysis/masks/sam_scaled_ring120_final/Chromodoris_elisabethina/Chromodoris_elisabethina_img07_sam_scaled_ring120_final_animal_mask.png,processed_data/automated_image_analysis/background_rings/sam_scaled_ring120_final/Chromodoris_elisabethina/Chromodoris_elisabethina_img07_sam_scaled_ring120_final_background_ring120.png,1910,1273,232255,398087,2431430,0.09552197677909707,0.1637254619709389,147.7326171664765,129.68595055854624,18.046666607930263,145.85396654539193,79.28865800691808,66.56530853847384,114.65437557856666,58.07927915254706,56.5750964260196,142.85662310822156,91.94158563329121,50.915037474930344,50.915037474930344,154.24226819659427,145.34307324780764,8.89919494878663,8.89919494878663,193.23108221566812,130.7744111211871,62.45667109448104,62.45667109448104,60.517539978027344,39.18655776977539,21.330982208251953,4.947487831115723,19.206605911254883,-14.25911808013916,11.502876281738281,21.113174438476562,-9.610298156738281,27.39874232612731,81.82389765975904,61.93778824464392,95.80913933845069,58.94512223734156,77.64299453350354,67.8294924159776,42.06861294927197,61.62843501366883,49.604915384797145,0.06831065380378304,0.08464243783668784,23.643638610839844,32.23807907104492,1.363499062122562,21.423505783081055,21.901952743530273,1.0223328042241837,0.3411662578983783,33.05952453613281,37.367454528808594,1.1303082864354983,24.537744522094727,19.801128387451172,0.8069661157985192,0.3233421706369791
Chromodoris elisabethina,Chromodoris_elisabethina_img08,processed_data/automated_image_analysis/scaled_images/sam_scaled_ring120_final/Chromodoris_elisabethina/Chromodoris_elisabethina_img08_sam_scaled_ring120_final_scaled_image.png,processed_data/automated_image_analysis/masks/sam_scaled_ring120_final/Chromodoris_elisabethina/Chromodoris_elisabethina_img08_sam_scaled_ring120_final_animal_mask.png,processed_data/automated_image_analysis/background_rings/sam_scaled_ring120_final/Chromodoris_elisabethina/Chromodoris_elisabethina_img08_sam_scaled_ring120_final_background_ring120.png,273,168,13755,32109,45864,0.2999084249084249,0.700091575091575,120.22093784078517,138.34158647108288,-18.12064863029771,108.02399127589968,141.16982777414432,-33.14583649824465,100.64994547437296,136.92868043227756,-36.278734957904604,110.82733551435841,139.83870565884953,-29.011370144491124,29.011370144491124,173.1735368956743,40.900432900432904,132.2731039952414,132.2731039952414,167.07139222101054,150.3864337101747,16.684958510835827,16.684958510835827,47.32569122314453,57.9853630065918,-10.659671783447266,13.032360076904297,-1.0627049207687378,14.095064997673035,4.082740306854248,1.9909833669662476,2.0917569398880005,17.79536194953671,85.76440876593676,68.46563908690445,88.0493696348273,64.8697685506683,62.44166788174282,76.78597005696525,40.50877948210657,40.747272760771075,40.36061600749901,0.22287755441103174,0.08221614677690306,65.58746337890625,65.46398162841797,0.998117296444674,22.77125358581543,21.41004753112793,0.9402226122704366,0.057894684174237376,108.26609802246094,83.86832427978516,0.7746499209972987,21.460081100463867,24.050323486328125,1.1207004938023402,0.3460505728050415
Chromodoris elisabethina,Chromodoris_elisabethina_img09,processed_data/automated_image_analysis/scaled_images/sam_scaled_ring120_final/Chromodoris_elisabethina/Chromodoris_elisabethina_img09_sam_scaled_ring120_final_scaled_image.png,processed_data/automated_image_analysis/masks/sam_scaled_ring120_final/Chromodoris_elisabethina/Chromodoris_elisabethina_img09_sam_scaled_ring120_final_animal_mask.png,processed_data/automated_image_analysis/background_rings/sam_scaled_ring120_final/Chromodoris_elisabethina/Chromodoris_elisabethina_img09_sam_scaled_ring120_final_background_ring120.png,1702,1277,270117,382481,2173454,0.12428006297809846,0.17597841960308339,135.2845729813377,161.30231567058232,-26.017742689244614,120.41681567616996,123.48794842096731,-3.071132744797353,97.87945964156273,86.21198438615251,11.667475255410224,122.29132931285332,130.550892724083,-8.259563411229692,8.259563411229692,163.86347397609185,130.48675359037443,33.37672038571742,33.37672038571742,169.01042881418053,161.31427182003813,7.696156994142399,7.696156994142399,51.72503662109375,54.1083984375,-2.38336181640625,8.94482421875,10.281942367553711,-1.337118148803711,13.275408744812012,25.913860321044922,-12.63845157623291,12.930535825577675,69.87864378720991,60.44469297886342,82.81731963069713,56.97585857681133,62.83302960165453,64.98384677583606,45.80873045064246,52.61535768937034,46.28170317080411,0.04448097895535881,0.0324476120491604,20.658740997314453,35.623043060302734,1.7243569230541966,14.141304969787598,15.551488876342773,1.0997209175226745,0.6246360055315221,19.752197265625,18.646085739135742,0.9440005832457821,9.44117259979248,6.745131969451904,0.7144379469982536,0.22956263624752848
Chromodoris kuiteri,Chromodoris_kuiteri_img01,processed_data/automated_image_analysis/scaled_images/sam_scaled_ring120_final/Chromodoris_kuiteri/Chromodoris_kuiteri_img01_sam_scaled_ring120_final_scaled_image.png,processed_data/automated_image_analysis/masks/sam_scaled_ring120_final/Chromodoris_kuiteri/Chromodoris_kuiteri_img01_sam_scaled_ring120_final_animal_mask.png,processed_data/automated_image_analysis/background_rings/sam_scaled_ring120_final/Chromodoris_kuiteri/Chromodoris_kuiteri_img01_sam_scaled_ring120_final_background_ring120.png,1014,1352,289428,361224,1370928,0.2111183081824866,0.2634886733657785,96.62998396837901,74.73792992713662,21.89205404124239,85.5096742540459,66.7047953624344,18.80487889161151,48.365869922744174,56.25397814098731,-7.888108218243133,84.5947247674724,67.91776847607025,16.67695629140215,16.67695629140215,168.06914673079316,73.59929849622395,94.46984823456921,94.46984823456921,115.00760810978896,77.38428786570105,37.62332024408791,37.62332024408791,36.07819747924805,28.282411575317383,7.795785903930664,3.9008216857910156,1.9029948711395264,1.9978268146514893,18.11345100402832,7.518332004547119,10.595118999481201,13.304966608542545,77.3882832663884,64.17125813612356,70.50182703164351,61.99489026824086,73.03529863960624,78.3732026805263,38.06678514699694,42.832428884682734,40.50094764015733,0.03655287556392313,0.02714057544964237,20.24353790283203,32.49049758911133,1.6049811917790304,15.998634338378906,14.96021556854248,0.9350932868472794,0.669887904931751,20.363065719604492,23.039819717407227,1.1314514245870992,19.361003875732422,13.975354194641113,0.7218300396168084,0.4096213849702909
Chromodoris kuiteri,Chromodoris_kuiteri_img10,processed_data/automated_image_analysis/scaled_images/sam_scaled_ring120_final/Chromodoris_kuiteri/Chromodoris_kuiteri_img10_sam_scaled_ring120_final_scaled_image.png,processed_data/automated_image_analysis/masks/sam_scaled_ring120_final/Chromodoris_kuiteri/Chromodoris_kuiteri_img10_sam_scaled_ring120_final_animal_mask.png,processed_data/automated_image_analysis/background_rings/sam_scaled_ring120_final/Chromodoris_kuiteri/Chromodoris_kuiteri_img10_sam_scaled_ring120_final_background_ring120.png,1165,874,219642,360610,1018210,0.21571385077734456,0.35416073305113877,91.09139417779842,98.46421341615596,-7.372819238357536,70.2210688301873,58.558096003993235,11.662972826194071,38.67527613115889,31.527095754416127,7.148180376742761,72.87731854563334,67.40921216827043,5.468106377362915,5.468106377362915,152.5786325019805,182.80795873658522,-30.229326234604713,30.229326234604713,106.42858378634322,98.49212445578326,7.93645933055997,7.93645933055997,31.114320755004883,28.529869079589844,2.584451675415039,8.835623741149902,14.853819847106934,-6.018196105957031,17.726404190063477,22.73491668701172,-5.008512496948242,8.245196920898778,77.5270808354727,60.166277740475905,67.1060799852509,58.64149848089712,85.98638041904574,84.39524447435768,35.49296379429177,49.41515471756199,42.419579451192,0.04895689638882065,0.03135168053823623,21.81736183166504,32.612083435058594,1.494776668539568,16.767805099487305,14.63427734375,0.8727604630970729,0.6220162054424951,22.60611915588379,32.334449768066406,1.4303405880991555,19.673465728759766,16.050533294677734,0.8158467611130749,0.6144938269860807
Chromodoris kuiteri,Chromodoris_kuiteri_img02,processed_data/automated_image_analysis/scaled_images/sam_scaled_ring120_final/Chromodoris_kuiteri/Chromodoris_kuiteri_img02_sam_scaled_ring120_final_scaled_image.png,processed_data/automated_image_analysis/masks/sam_scaled_ring120_final/Chromodoris_kuiteri/Chromodoris_kuiteri_img02_sam_scaled_ring120_final_animal_mask.png,processed_data/automated_image_analysis/background_rings/sam_scaled_ring120_final/Chromodoris_kuiteri/Chromodoris_kuiteri_img02_sam_scaled_ring120_final_background_ring120.png,1442,1803,372601,403332,2599926,0.14331215580751144,0.15513210760613955,63.867778132640545,77.10870697093213,-13.240928838291588,44.79164038743858,37.72788422441066,7.063756163027918,34.61316528941146,26.37111610286315,8.24204918654831,49.338493455465766,48.20793043943947,1.1305630160262936,1.1305630160262936,173.70321067307924,171.75164380708696,1.9515668659922767,1.9515668659922767,80.33921272353,77.17500966945346,3.1642030540765376,3.1642030540765376,20.679584503173828,19.9852237701416,0.6943607330322266,10.098440170288086,16.422006607055664,-6.323566436767578,7.471933841705322,13.873271942138672,-6.40133810043335,9.024785802657595,74.51196332317222,46.159012205658414,41.061855677600974,48.069812704085486,58.27625562103781,71.31957828393264,35.9157752640876,50.40319429737448,52.193397316660445,0.02671587241964538,0.04795174797116268,17.41180992126465,25.789566040039062,1.4811536627529371,16.911378860473633,18.848426818847656,1.11454110125233,0.36661256150060706,19.183971405029297,17.726171493530273,0.9240094826706818,16.601560592651367,13.014744758605957,0.7839470684681834,0.14006241420249843
Chromodoris kuiteri,Chromodoris_kuiteri_img03,processed_data/automated_image_analysis/scaled_images/sam_scaled_ring120_final/Chromodoris_kuiteri/Chromodoris_kuiteri_img03_sam_scaled_ring120_final_scaled_image.png,processed_data/automated_image_analysis/masks/sam_scaled_ring120_final/Chromodoris_kuiteri/Chromodoris_kuiteri_img03_sam_scaled_ring120_final_animal_mask.png,processed_data/automated_image_analysis/background_rings/sam_scaled_ring120_final/Chromodoris_kuiteri/Chromodoris_kuiteri_img03_sam_scaled_ring120_final_background_ring120.png,1115,836,210238,307924,932140,0.22554337331302166,0.3303409359109147,103.67696134856686,134.27505813122718,-30.59809678266032,81.70236589008647,117.15957508995726,-35.45720919987079,39.01910691692272,85.9801931645471,-46.96108624762438,83.40942645953633,118.72646497187618,-35.31703851233985,35.31703851233985,155.95993588219065,98.48526909237344,57.474666789817206,57.474666789817206,114.79514169655343,135.19973435003442,-20.40459265348099,20.40459265348099,35.76204299926758,49.68942642211914,-13.927383422851562,7.294000625610352,2.2888119220733643,5.005188703536987,23.56892204284668,19.542743682861328,4.026178359985352,15.337341202162424,71.25907428201073,55.93201804190313,63.32418065590848,54.79229925632526,94.25365231796238,73.51320562949319,37.87102467219557,48.10802816744018,40.12728651378994,0.03558367104872986,0.006454637487175654,18.062969207763672,27.118749618530273,1.501345061634403,8.721901893615723,8.988910675048828,1.03061359605851,0.47073146557589296,15.739110946655273,20.865127563476562,1.325686541901569,8.975443840026855,10.050339698791504,1.1197596328296375,0.20592690907193156
Chromodoris kuiteri,Chromodoris_kuiteri_img04,processed_data/automated_image_analysis/scaled_images/sam_scaled_ring120_final/Chromodoris_kuiteri/Chromodoris_kuiteri_img04_sam_scaled_ring120_final_scaled_image.png,processed_data/automated_image_analysis/masks/sam_scaled_ring120_final/Chromodoris_kuiteri/Chromodoris_kuiteri_img04_sam_scaled_ring120_final_animal_mask.png,processed_data/automated_image_analysis/background_rings/sam_scaled_ring120_final/Chromodoris_kuiteri/Chromodoris_kuiteri_img04_sam_scaled_ring120_final_background_ring120.png,2048,1363,160967,240061,2791424,0.057664833432685254,0.08599947553650036,77.65688619406463,99.48555992018696,-21.828673726122332,63.20222157336597,62.918333256963855,0.28388831640211265,49.37626345772736,48.02913842731639,1.3471250304109716,65.93286201519567,72.15974689766351,-6.226884882467843,6.226884882467843,177.69580100269,152.38285685721544,25.312944145474546,25.312944145474546,102.30168295364888,99.84062800704821,2.461054946600669,2.461054946600669,28.455509185791016,30.278278350830078,-1.8227691650390625,9.513955116271973,13.856119155883789,-4.342164039611816,9.900185585021973,15.291431427001953,-5.3912458419799805,7.158380243084439,81.69373404773252,67.3321539531422,81.08358440676965,65.16547333085691,70.90969651776496,90.10699212792628,42.63862752150573,62.666240595474584,48.588356332231086,0.07379094267865462,0.0639840627052514,29.329742431640625,44.7030029296875,1.5241525913116223,23.999624252319336,22.11007308959961,0.9212674689047634,0.6028851224068589,31.10779571533203,45.30009460449219,1.4562296544259878,28.114980697631836,23.89604377746582,0.8499398962588872,0.6062897581671006
Chromodoris kuiteri,Chromodoris_kuiteri_img05,processed_data/automated_image_analysis/scaled_images/sam_scaled_ring120_final/Chromodoris_kuiteri/Chromodoris_kuiteri_img05_sam_scaled_ring120_final_scaled_image.png,processed_data/automated_image_analysis/masks/sam_scaled_ring120_final/Chromodoris_kuiteri/Chromodoris_kuiteri_img05_sam_scaled_ring120_final_animal_mask.png,processed_data/automated_image_analysis/background_rings/sam_scaled_ring120_final/Chromodoris_kuiteri/Chromodoris_kuiteri_img05_sam_scaled_ring120_final_background_ring120.png,2048,1363,217874,298885,2791424,0.07805120254035217,0.1070725909070066,68.24074465057785,98.40938822624086,-30.168643575663012,49.119720572440954,71.42457466918715,-22.304854096746197,29.199004929454638,47.03100189035917,-17.831996960904533,52.52711200051406,76.71569332686485,-24.188581326350793,24.188581326350793,162.82174559607847,153.38371279923717,9.438032796841298,9.438032796841298,83.08692638864665,99.52034059922713,-16.43341421058048,16.43341421058048,22.808990478515625,32.308448791503906,-9.499458312988281,9.475664138793945,8.828514099121094,0.6471500396728516,13.578911781311035,18.287214279174805,-4.7083024978637695,10.621987753026312,76.2086434660003,57.914502885830174,63.38749899900193,57.03291803864674,83.2037421097971,83.63724984910132,41.29384893361132,68.577610348879,44.45356817628724,0.05026322505032939,0.15700135499931725,21.46659278869629,39.98420715332031,1.8626247559125864,33.377044677734375,27.7333927154541,0.8309121728190297,1.0317125830935567,25.693471908569336,47.461265563964844,1.8472110632948546,46.00518035888672,37.80135726928711,0.8216761020041323,1.0255349612907223
Chromodoris kuiteri,Chromodoris_kuiteri_img06,processed_data/automated_image_analysis/scaled_images/sam_scaled_ring120_final/Chromodoris_kuiteri/Chromodoris_kuiteri_img06_sam_scaled_ring120_final_scaled_image.png,processed_data/automated_image_analysis/masks/sam_scaled_ring120_final/Chromodoris_kuiteri/Chromodoris_kuiteri_img06_sam_scaled_ring120_final_animal_mask.png,processed_data/automated_image_analysis/background_rings/sam_scaled_ring120_final/Chromodoris_kuiteri/Chromodoris_kuiteri_img06_sam_scaled_ring120_final_background_ring120.png,1468,1835,475444,412325,2693780,0.1764969670871415,0.15306558070814988,113.58508047214814,94.97560662099072,18.609473851157418,106.93485037144227,80.65895592069363,26.275894450748638,66.80071259706716,75.10037470442006,-8.299662107352901,104.34706505918678,84.30542169405203,20.041643365134746,20.041643365134746,207.91564937195548,93.89408840113988,114.0215609708156,114.0215609708156,148.12884798209674,101.63028193779179,46.49856604430495,46.49856604430495,44.51042938232422,34.654048919677734,9.856380462646484,5.902735233306885,6.178342342376709,-0.2756071090698242,16.238065719604492,5.588992118835449,10.649073600769043,14.512992925568637,106.52308927447314,80.69867448748785,83.55158079986313,79.5541846102294,75.06140316017647,91.10412739661516,58.79775213327699,61.103795324389424,64.5659894883119,0.036642314423436635,0.08661157108829444,16.856897354125977,25.14446449279785,1.4916424988874581,25.099693298339844,27.196821212768555,1.083551933862372,0.4080905650250861,21.54448127746582,28.898807525634766,1.3413554568083805,25.544265747070312,27.24166488647461,1.066449321981352,0.2749061348270285
Chromodoris kuiteri,Chromodoris_kuiteri_img07,processed_data/automated_image_analysis/scaled_images/sam_scaled_ring120_final/Chromodoris_kuiteri/Chromodoris_kuiteri_img07_sam_scaled_ring120_final_scaled_image.png,processed_data/automated_image_analysis/masks/sam_scaled_ring120_final/Chromodoris_kuiteri/Chromodoris_kuiteri_img07_sam_scaled_ring120_final_animal_mask.png,processed_data/automated_image_analysis/background_rings/sam_scaled_ring120_final/Chromodoris_kuiteri/Chromodoris_kuiteri_img07_sam_scaled_ring120_final_background_ring120.png,2048,1536,307988,374572,3145728,0.09790674845377605,0.11907323201497395,72.55527163395976,50.28512275343592,22.27014888052384,56.81272971674221,41.61483506508762,15.197894651654593,25.230190786654024,32.57644992151042,-7.346259134856393,57.916629868696184,43.18094785515201,14.73568201354417,14.73568201354417,146.40081756432068,82.03141452110675,64.36940304321392,64.36940304321392,79.22148265516839,51.58698194205653,27.634500713111855,27.634500713111855,24.66335678100586,17.62506675720215,7.038290023803711,4.886350154876709,2.2753989696502686,2.6109511852264404,17.24679183959961,6.497684478759766,10.749107360839844,13.110984006003193,66.99625391949131,53.06535449220377,49.80118688581251,52.575270537805025,92.48563142839565,70.76005998909172,51.40457120349919,69.52270822349901,59.15169064642882,0.03057321445230765,0.029167410614649825,17.30059242248535,24.672626495361328,1.4261145452623138,11.70147705078125,14.752469062805176,1.2607356318166882,0.1653789134456256,15.061470031738281,17.756948471069336,1.1789651630054043,7.148562908172607,8.898521423339844,1.2447986452167321,0.06583348221132779
Chromodoris kuiteri,Chromodoris_kuiteri_img08,processed_data/automated_image_analysis/scaled_images/sam_scaled_ring120_final/Chromodoris_kuiteri/Chromodoris_kuiteri_img08_sam_scaled_ring120_final_scaled_image.png,processed_data/automated_image_analysis/masks/sam_scaled_ring120_final/Chromodoris_kuiteri/Chromodoris_kuiteri_img08_sam_scaled_ring120_final_animal_mask.png,processed_data/automated_image_analysis/background_rings/sam_scaled_ring120_final/Chromodoris_kuiteri/Chromodoris_kuiteri_img08_sam_scaled_ring120_final_background_ring120.png,1714,1200,269587,333021,2056800,0.13107108129132633,0.16191219369894982,108.1162259307756,60.46570036123848,47.650525569537116,98.86868061145381,52.02068938595464,46.84799122549917,63.79124735243168,47.26968269268304,16.52156465974864,97.63141768705464,54.003146948690926,43.62827073836371,43.62827073836371,155.4112216093506,55.59628972347089,99.81493188587972,99.81493188587972,122.58098869752622,62.111536509709595,60.46945218781663,60.46945218781663,40.569576263427734,22.265819549560547,18.303756713867188,2.3911895751953125,2.9209301471710205,-0.529740571975708,16.52388572692871,4.1013712882995605,12.42251443862915,22.1275168035635,84.20173027502972,79.16138611341493,77.60758501762758,76.27028216523277,71.57559179346943,82.86592144006298,63.862375070692714,73.27705488973572,70.42115986843842,0.09469831014105623,0.06557418236406233,29.719524383544922,42.13821029663086,1.4178628753548257,15.149497985839844,26.127744674682617,1.7246607576768604,0.30679788232203475,28.694564819335938,38.49163055419922,1.3414258343538805,10.867008209228516,18.863664627075195,1.7358654989379445,0.394439664584064
Chromodoris kuiteri,Chromodoris_kuiteri_img09,processed_data/automated_image_analysis/scaled_images/sam_scaled_ring120_final/Chromodoris_kuiteri/Chromodoris_kuiteri_img09_sam_scaled_ring120_final_scaled_image.png,processed_data/automated_image_analysis/masks/sam_scaled_ring120_final/Chromodoris_kuiteri/Chromodoris_kuiteri_img09_sam_scaled_ring120_final_animal_mask.png,processed_data/automated_image_analysis/background_rings/sam_scaled_ring120_final/Chromodoris_kuiteri/Chromodoris_kuiteri_img09_sam_scaled_ring120_final_background_ring120.png,1210,907,351351,378741,1097470,0.3201463365741205,0.3451037385987772,92.98058921135845,99.40142472032339,-6.420835508964942,58.27015434707742,126.01687432836688,-67.74671998128946,46.63439124977587,137.34399497281782,-90.70960372304197,67.32196293734755,119.35007828568864,-52.02811534834109,52.02811534834109,203.9957734573119,93.02327976110324,110.97249369620867,110.97249369620867,115.66319150934535,143.56601212966117,-27.902820620315822,27.902820620315822,29.852563858032227,50.6965217590332,-20.843957901000977,17.150657653808594,-5.134352207183838,22.28500986099243,12.288241386413574,-8.399693489074707,20.68793487548828,36.86574148034561,79.92140489952715,58.23282504800316,57.15119899627565,55.18847180665034,57.51448182158838,71.81356445121114,50.92176539204652,39.74454920902456,56.70880081035017,0.036553273146268585,0.023386559569251692,16.626670837402344,23.494230270385742,1.4130447700651267,15.737139701843262,14.52099609375,0.9227214327931005,0.49032333727202626,24.735597610473633,27.130409240722656,1.0968164047605222,15.483768463134766,13.53818416595459,0.874346848972044,0.22246955578847827
Dendrodoris krusensternii (=denisoni),Dendrodoris_krusensternii_denisoni_img01,processed_data/automated_image_analysis/scaled_images/sam_scaled_ring120_final/Dendrodoris_krusensternii_(=denisoni)/Dendrodoris_krusensternii_denisoni_img01_sam_scaled_ring120_final_scaled_image.png,processed_data/automated_image_analysis/masks/sam_scaled_ring120_final/Dendrodoris_krusensternii_(=denisoni)/Dendrodoris_krusensternii_denisoni_img01_sam_scaled_ring120_final_animal_mask.png,processed_data/automated_image_analysis/background_rings/sam_scaled_ring120_final/Dendrodoris_krusensternii_(=denisoni)/Dendrodoris_krusensternii_denisoni_img01_sam_scaled_ring120_final_background_ring120.png,1152,2048,54815,169626,2359296,0.02323362562391493,0.07189687093098958,121.64338228587066,117.84320799877378,3.8001742870968798,114.6748335309678,107.6960607454046,6.9787727855632085,115.1975006841193,98.48870456180067,16.70879612231863,116.81304387485177,109.68145803119805,7.131585843653724,7.131585843653724,36.10363951473137,47.02127032412484,-10.917630809393472,10.917630809393472,125.69676183526407,118.48164786058742,7.215113974676655,7.215113974676655,48.24930191040039,45.14009475708008,3.1092071533203125,3.1352598667144775,2.5274665355682373,0.6077933311462402,0.6818779706954956,6.482972145080566,-5.801094174385071,6.6097863411557,45.33655930013809,45.63369139813672,44.95694228717051,45.14265308435955,26.874110053860868,43.89051738873697,54.650833701043965,28.27207803020595,56.47773700768548,0.20663377929631266,0.32382366349198527,39.29933166503906,31.62625503540039,0.8047529994902002,76.7357177734375,53.60710525512695,0.6985939118130378,0.10615908767716242,9.510519027709961,4.946529388427734,0.5201114023341384,12.358034133911133,6.37359094619751,0.5157447274488441,0.004366674885294297
Dendrodoris krusensternii (=denisoni),Dendrodoris_krusensternii_denisoni_img10,processed_data/automated_image_analysis/scaled_images/sam_scaled_ring120_final/Dendrodoris_krusensternii_(=denisoni)/Dendrodoris_krusensternii_denisoni_img10_sam_scaled_ring120_final_scaled_image.png,processed_data/automated_image_analysis/masks/sam_scaled_ring120_final/Dendrodoris_krusensternii_(=denisoni)/Dendrodoris_krusensternii_denisoni_img10_sam_scaled_ring120_final_animal_mask.png,processed_data/automated_image_analysis/background_rings/sam_scaled_ring120_final/Dendrodoris_krusensternii_(=denisoni)/Dendrodoris_krusensternii_denisoni_img10_sam_scaled_ring120_final_background_ring120.png,1710,1140,422080,380126,1949400,0.21651790294449574,0.1949964091515338,118.2917669636088,101.8057065288878,16.486060434720997,100.72070697498104,81.84489353530145,18.87581343967959,88.17472280136467,51.88842646911814,36.28629633224653,104.54582543593632,84.40456585447983,20.141259581456495,20.141259581456495,69.85693470432146,125.44965616663949,-55.592721462318025,55.592721462318025,118.60529757391964,101.81953089238831,16.785766681531328,16.785766681531328,43.34233474731445,35.23584747314453,8.106487274169922,5.246153354644775,4.147266864776611,1.098886489868164,9.738940238952637,19.940635681152344,-10.201695442199707,13.076592726673564,43.68313112970728,42.013651360449636,39.9388254049726,41.86774570379349,38.69340054383513,43.2738158493115,44.65153317781446,40.6585239819317,51.72112958117081,0.040350156966916205,0.0030671727318450034,15.958333969116211,18.4968204498291,1.1590696425845934,8.24998950958252,8.674193382263184,1.0514187166162992,0.10765092596829429,9.609353065490723,6.424623966217041,0.6685802803197297,8.55720329284668,4.868603706359863,0.5689480008532379,0.09963227946649178
Dendrodoris krusensternii (=denisoni),Dendrodoris_krusensternii_denisoni_img02,processed_data/automated_image_analysis/scaled_images/sam_scaled_ring120_final/Dendrodoris_krusensternii_(=denisoni)/Dendrodoris_krusensternii_denisoni_img02_sam_scaled_ring120_final_scaled_image.png,processed_data/automated_image_analysis/masks/sam_scaled_ring120_final/Dendrodoris_krusensternii_(=denisoni)/Dendrodoris_krusensternii_denisoni_img02_sam_scaled_ring120_final_animal_mask.png,processed_data/automated_image_analysis/background_rings/sam_scaled_ring120_final/Dendrodoris_krusensternii_(=denisoni)/Dendrodoris_krusensternii_denisoni_img02_sam_scaled_ring120_final_background_ring120.png,1536,2048,273478,280285,3145728,0.08693631490071614,0.08910020192464192,115.54288461960377,109.08664395169203,6.456240667911743,91.75280644146878,86.76387605473,4.988930386738772,72.93790359736433,53.68876679094493,19.249136806419394,96.72937128397896,89.6742815348663,7.055089749112668,7.055089749112668,107.62488755951118,148.05429473571544,-40.429407176204265,40.429407176204265,115.91436971164042,109.15783934209823,6.75653036954219,6.75653036954219,40.06230545043945,37.09095001220703,2.971355438232422,7.431765079498291,4.907639503479004,2.524125576019287,14.674781799316406,21.65852165222168,-6.983739852905273,7.998298906447887,48.57889884886715,48.62390514588275,48.86993159003385,48.07465261532525,49.16553360845337,48.308338499695445,60.50243267588295,55.033543953376174,66.11180199464218,0.11643539725456022,0.1903958275123405,27.406082153320312,29.973182678222656,1.0936690078698947,47.13772964477539,48.39228057861328,1.0266145812132244,0.06705442665667039,15.152718544006348,8.829302787780762,0.5826877046609692,21.15272331237793,12.75196647644043,0.6028522326947078,0.020164528033738582
Dendrodoris krusensternii (=denisoni),Dendrodoris_krusensternii_denisoni_img03,processed_data/automated_image_analysis/scaled_images/sam_scaled_ring120_final/Dendrodoris_krusensternii_(=denisoni)/Dendrodoris_krusensternii_denisoni_img03_sam_scaled_ring120_final_scaled_image.png,processed_data/automated_image_analysis/masks/sam_scaled_ring120_final/Dendrodoris_krusensternii_(=denisoni)/Dendrodoris_krusensternii_denisoni_img03_sam_scaled_ring120_final_animal_mask.png,processed_data/automated_image_analysis/background_rings/sam_scaled_ring120_final/Dendrodoris_krusensternii_(=denisoni)/Dendrodoris_krusensternii_denisoni_img03_sam_scaled_ring120_final_background_ring120.png,1264,1658,596058,438525,2095712,0.2844178971156342,0.20924869447710373,129.81388891685037,156.48718773160024,-26.67329881474987,116.69506826516883,149.96628698477852,-33.27121871960969,111.86407866348577,127.57179864317884,-15.707719979693067,120.06854702059195,149.3393671968531,-29.27082017626114,29.27082017626114,70.86452157340393,55.65653269482926,15.207988878574675,15.207988878574675,132.92865123863785,156.59012142979304,-23.66147019115519,23.66147019115519,48.88232421875,61.00727844238281,-12.124954223632812,4.998490810394287,-1.343723177909851,6.342213988304138,4.840588092803955,12.707700729370117,-7.867112636566162,15.783841561389636,66.23937981387797,70.47394558846436,70.37102544417051,68.751494953343,64.01618092651653,65.94324764051085,60.44476953132593,32.916847392340614,61.18079375273096,0.11456580820499547,0.07171457086303774,27.97723960876465,27.998212814331055,1.0007496524267474,20.849750518798828,17.183427810668945,0.8241550801855301,0.17659457224121733,9.400748252868652,7.763607501983643,0.8258499529135424,4.575273036956787,3.871241569519043,0.8461225238907215,0.02027257097717916
Dendrodoris krusensternii (=denisoni),Dendrodoris_krusensternii_denisoni_img04,processed_data/automated_image_analysis/scaled_images/sam_scaled_ring120_final/Dendrodoris_krusensternii_(=denisoni)/Dendrodoris_krusensternii_denisoni_img04_sam_scaled_ring120_final_scaled_image.png,processed_data/automated_image_analysis/masks/sam_scaled_ring120_final/Dendrodoris_krusensternii_(=denisoni)/Dendrodoris_krusensternii_denisoni_img04_sam_scaled_ring120_final_animal_mask.png,processed_data/automated_image_analysis/background_rings/sam_scaled_ring120_final/Dendrodoris_krusensternii_(=denisoni)/Dendrodoris_krusensternii_denisoni_img04_sam_scaled_ring120_final_background_ring120.png,922,1229,332535,360079,1133138,0.2934638146457007,0.3177715335643143,140.20178026373165,38.71101897083695,101.49076129289469,115.12523193047349,44.54938777323865,70.57584415723484,125.51740719022058,42.97380574818304,82.54360144203754,123.80830288541055,42.6291397165622,81.17916316884836,81.17916316884836,76.3139248500158,99.9936263986514,-23.679701548635606,23.679701548635606,146.64968198836212,47.752757033873124,98.896924954489,98.896924954489,50.43812561035156,17.214920043945312,33.22320556640625,12.406558990478516,-2.029099225997925,14.43565821647644,-1.25395667552948,0.3129941523075104,-1.5669508278369904,36.25775711689114,63.09153633591282,59.47903942110117,62.73535455905099,59.22249436591992,50.90563552537269,59.90771435896825,41.60276547535596,82.92022707618808,41.99846954408561,0.11034104292170996,0.016716199374231952,28.233137130737305,30.140453338623047,1.0675559431831347,8.98371410369873,15.26331901550293,1.6989987481033921,0.6314428049202574,24.77647590637207,26.485986709594727,1.0689973347978434,5.907982349395752,7.049117088317871,1.1931513453216105,0.12415401052376707
Dendrodoris krusensternii (=denisoni),Dendrodoris_krusensternii_denisoni_img05,processed_data/automated_image_analysis/scaled_images/sam_scaled_ring120_final/Dendrodoris_krusensternii_(=denisoni)/Dendrodoris_krusensternii_denisoni_img05_sam_scaled_ring120_final_scaled_image.png,processed_data/automated_image_analysis/masks/sam_scaled_ring120_final/Dendrodoris_krusensternii_(=denisoni)/Dendrodoris_krusensternii_denisoni_img05_sam_scaled_ring120_final_animal_mask.png,processed_data/automated_image_analysis/background_rings/sam_scaled_ring120_final/Dendrodoris_krusensternii_(=denisoni)/Dendrodoris_krusensternii_denisoni_img05_sam_scaled_ring120_final_background_ring120.png,1336,1782,583726,411146,2380752,0.24518555481629334,0.17269585408307964,124.18261478844526,136.1047875937015,-11.922172805256238,118.30501982094339,123.08158172522656,-4.77656190428317,107.3131983156481,87.73388771871792,19.57931059693017,118.81347584311817,122.94505114971324,-4.131575306595067,4.131575306595067,56.8127289173345,111.49244307374995,-54.67971415641545,54.67971415641545,125.77177991043743,136.11273367611506,-10.340953765677625,10.340953765677625,48.589778900146484,50.56562423706055,-1.9758453369140625,0.6325626969337463,-0.19582390785217285,0.8283866047859192,6.889944076538086,20.8201961517334,-13.930252075195312,14.094045268867172,64.77887563889671,68.26851767993142,65.55372172171559,66.74682900697871,53.02034767964362,65.52510826514596,67.20962976606671,51.51236217101612,68.41428746292709,0.10807821209648011,0.19207443841590183,29.349613189697266,30.964914321899414,1.055036539042674,46.36779022216797,37.556488037109375,0.8099693312353281,0.2450672078073458,7.011140823364258,4.193276882171631,0.5980876704398457,11.141860008239746,6.583278656005859,0.5908599328242613,0.007227737615584373
Dendrodoris krusensternii (=denisoni),Dendrodoris_krusensternii_denisoni_img06,processed_data/automated_image_analysis/scaled_images/sam_scaled_ring120_final/Dendrodoris_krusensternii_(=denisoni)/Dendrodoris_krusensternii_denisoni_img06_sam_scaled_ring120_final_scaled_image.png,processed_data/automated_image_analysis/masks/sam_scaled_ring120_final/Dendrodoris_krusensternii_(=denisoni)/Dendrodoris_krusensternii_denisoni_img06_sam_scaled_ring120_final_animal_mask.png,processed_data/automated_image_analysis/background_rings/sam_scaled_ring120_final/Dendrodoris_krusensternii_(=denisoni)/Dendrodoris_krusensternii_denisoni_img06_sam_scaled_ring120_final_background_ring120.png,1152,2048,247480,309008,2359296,0.10489569769965278,0.1309746636284722,116.31198884758365,99.02075998032413,17.29122886725952,104.54467431711653,94.2414371148967,10.303237202219833,102.14229028608372,86.37180914409983,15.770481141983893,107.78395425893001,94.76893478485994,13.015019474070073,13.015019474070073,49.430600452561826,62.78445541862994,-13.353854966068113,13.353854966068113,119.806210602877,103.2528575311966,16.553353071680405,16.553353071680405,44.18814468383789,38.72781753540039,5.4603271484375,4.587526321411133,0.8190740346908569,3.768452286720276,2.788322687149048,4.574026107788086,-1.785703420639038,6.870599821830176,60.6101521595848,55.66205480324807,49.575189680245636,55.97961952510374,31.558977940751383,59.50256173591884,65.24448325627255,46.19075545883323,67.45565643652083,0.10590260535637434,0.12262703155845209,26.797992706298828,25.447254180908203,0.9495955335090028,28.830080032348633,26.018131256103516,0.9024647599628587,0.047130773546144145,10.097283363342285,7.773313045501709,0.7698420224317323,10.547921180725098,8.097749710083008,0.7677104873404395,0.0021315350912928244
Dendrodoris krusensternii (=denisoni),Dendrodoris_krusensternii_denisoni_img07,processed_data/automated_image_analysis/scaled_images/sam_scaled_ring120_final/Dendrodoris_krusensternii_(=denisoni)/Dendrodoris_krusensternii_denisoni_img07_sam_scaled_ring120_final_scaled_image.png,processed_data/automated_image_analysis/masks/sam_scaled_ring120_final/Dendrodoris_krusensternii_(=denisoni)/Dendrodoris_krusensternii_denisoni_img07_sam_scaled_ring120_final_animal_mask.png,processed_data/automated_image_analysis/background_rings/sam_scaled_ring120_final/Dendrodoris_krusensternii_(=denisoni)/Dendrodoris_krusensternii_denisoni_img07_sam_scaled_ring120_final_background_ring120.png,1536,2048,365620,372529,3145728,0.1162274678548177,0.1184237798055013,139.3167797166457,88.59640457521428,50.72037514143142,130.99379410316723,84.37606468221266,46.617729420954575,127.76537935561512,76.60773255236505,51.157646803250074,133.11713801214376,84.7500758330224,48.36706217912136,48.36706217912136,54.10814233357037,65.30766463818924,-11.199522304618867,11.199522304618867,147.6212953339533,91.95019716585823,55.67109816809507,55.67109816809507,54.31779479980469,34.75434112548828,19.563453674316406,3.2921628952026367,0.6161195039749146,2.676043391227722,2.911705732345581,4.773654460906982,-1.8619487285614014,19.833224169727146,62.24508698721837,61.620625483083835,61.90875003786385,60.98538510194052,34.43950907694621,63.46039818009858,59.515405678894844,54.79666079519623,60.04785385656199,0.1357093460341539,0.17723927119494107,30.262535095214844,30.821619033813477,1.0184744581655036,38.853763580322266,36.64021682739258,0.9430287686711835,0.07544568949432018,8.889581680297852,5.419954299926758,0.6096973395203854,8.218972206115723,4.976107120513916,0.605441531583621,0.004255807936764389
Dendrodoris krusensternii (=denisoni),Dendrodoris_krusensternii_denisoni_img08,processed_data/automated_image_analysis/scaled_images/sam_scaled_ring120_final/Dendrodoris_krusensternii_(=denisoni)/Dendrodoris_krusensternii_denisoni_img08_sam_scaled_ring120_final_scaled_image.png,processed_data/automated_image_analysis/masks/sam_scaled_ring120_final/Dendrodoris_krusensternii_(=denisoni)/Dendrodoris_krusensternii_denisoni_img08_sam_scaled_ring120_final_animal_mask.png,processed_data/automated_image_analysis/background_rings/sam_scaled_ring120_final/Dendrodoris_krusensternii_(=denisoni)/Dendrodoris_krusensternii_denisoni_img08_sam_scaled_ring120_final_background_ring120.png,1410,941,426039,385700,1326810,0.3211002328894114,0.29069723622824667,129.0683575916759,139.85125226860254,-10.782894676926645,121.87034285593572,127.32943220119263,-5.459089345256913,149.91792770145457,103.12054705729842,46.79738064415615,127.21921232563216,128.31417941405238,-1.0949670884202192,1.0949670884202192,63.402596945350076,73.68872698988851,-10.286130044538432,10.286130044538432,154.26790035654014,140.67711433756807,13.590786018972068,13.590786018972068,52.093788146972656,53.04738235473633,-0.9535942077636719,9.636191368103027,1.2945760488510132,8.341615319252014,-14.033647537231445,14.846880912780762,-28.880528450012207,30.076183461327417,49.82720185331302,48.54867691543262,51.85939137420659,48.31744986646182,38.50054052402512,49.30823594277312,50.918996432566566,43.973498547429486,52.155694494552755,0.1393876204050008,0.14018964733389622,29.092641830444336,26.82695960998535,0.9221218123241034,33.39161682128906,30.427919387817383,0.9112442668070462,0.010877545517057219,17.24155616760254,12.897056579589844,0.7480216086192872,20.665679931640625,16.19068145751953,0.7834574768929062,0.035435868273619
Dendrodoris krusensternii (=denisoni),Dendrodoris_krusensternii_denisoni_img09,processed_data/automated_image_analysis/scaled_images/sam_scaled_ring120_final/Dendrodoris_krusensternii_(=denisoni)/Dendrodoris_krusensternii_denisoni_img09_sam_scaled_ring120_final_scaled_image.png,processed_data/automated_image_analysis/masks/sam_scaled_ring120_final/Dendrodoris_krusensternii_(=denisoni)/Dendrodoris_krusensternii_denisoni_img09_sam_scaled_ring120_final_animal_mask.png,processed_data/automated_image_analysis/background_rings/sam_scaled_ring120_final/Dendrodoris_krusensternii_(=denisoni)/Dendrodoris_krusensternii_denisoni_img09_sam_scaled_ring120_final_background_ring120.png,1212,1616,405934,383093,1958592,0.20725807110414013,0.19559612211221122,114.26900432089946,113.02827250824213,1.2407318126573301,103.0893618174383,100.90066380748277,2.18869800995553,94.35470051781817,73.37164343906049,20.983057078757682,105.4368641207684,101.38959730404889,4.047266816719514,4.047266816719514,54.38044361891342,100.75556066020522,-46.3751170412918,46.3751170412918,115.7255144925037,113.17455291534954,2.550961577154169,2.550961577154169,43.34743881225586,41.746097564697266,1.6013412475585938,3.160598039627075,0.6519882082939148,2.5086098313331604,6.453124046325684,16.82745361328125,-10.374329566955566,10.79278143208702,57.538304495544374,55.62022706898869,51.586801986743986,55.43533654659845,31.699243933038318,56.88215852808538,63.42313918755715,45.013644921182895,66.83521889435688,0.15147889731164418,0.18872662068814938,33.344635009765625,35.05760192871094,1.0513715900157143,47.25812911987305,46.15526580810547,0.9766629925410272,0.07470859747468717,7.51980447769165,5.044336318969727,0.6708068453022044,10.915006637573242,7.519481658935547,0.6889122387750898,0.018105393472885423
Dendrodoris nigra,Dendrodoris_nigra_img01,processed_data/automated_image_analysis/scaled_images/sam_scaled_ring120_final/Dendrodoris_nigra/Dendrodoris_nigra_img01_sam_scaled_ring120_final_scaled_image.png,processed_data/automated_image_analysis/masks/sam_scaled_ring120_final/Dendrodoris_nigra/Dendrodoris_nigra_img01_sam_scaled_ring120_final_animal_mask.png,processed_data/automated_image_analysis/background_rings/sam_scaled_ring120_final/Dendrodoris_nigra/Dendrodoris_nigra_img01_sam_scaled_ring120_final_background_ring120.png,1195,1593,446282,438177,1903635,0.23443674864141498,0.23017910471282574,37.79817021524507,155.86851432183798,-118.0703441065929,32.46257747343608,134.62502595982903,-102.16244848639295,30.08139920498698,60.42179758408132,-30.34039837909434,33.77407782523158,132.5196621456626,-98.74558432043102,98.74558432043102,61.285460762477534,163.00774344614163,-101.7222826836641,101.7222826836641,38.32146714409275,156.1200496602971,-117.79858251620435,117.79858251620435,12.815824508666992,56.13545227050781,-43.31962776184082,2.101628065109253,-0.18693459033966064,2.2885626554489136,2.335188627243042,40.782135009765625,-38.44694638252258,57.96546691430107,19.867885782164617,18.422761513199003,16.72497003204799,18.423563325980613,35.91061761396474,19.979226314581258,46.37614936214653,52.517553103820404,45.54969885572438,0.042702147099132025,0.11431429762401,17.985267639160156,22.606746673583984,1.2569591471834018,27.117023468017578,24.93256187438965,0.9194431646893572,0.3375159824940447,6.142947673797607,5.680370330810547,0.9246978213797656,16.646209716796875,11.202410697937012,0.6729706574964754,0.2517271638832902
Dendrodoris nigra,Dendrodoris_nigra_img10,processed_data/automated_image_analysis/scaled_images/sam_scaled_ring120_final/Dendrodoris_nigra/Dendrodoris_nigra_img10_sam_scaled_ring120_final_scaled_image.png,processed_data/automated_image_analysis/masks/sam_scaled_ring120_final/Dendrodoris_nigra/Dendrodoris_nigra_img10_sam_scaled_ring120_final_animal_mask.png,processed_data/automated_image_analysis/background_rings/sam_scaled_ring120_final/Dendrodoris_nigra/Dendrodoris_nigra_img10_sam_scaled_ring120_final_background_ring120.png,1083,1443,608778,424887,1562769,0.38955085492481617,0.27188087298890623,78.58414890157003,201.94158211477404,-123.357433213204,65.1514033030103,186.36434628501226,-121.21294298200196,46.35300552910913,167.24919096136148,-120.89618543225234,67.02581072246369,188.84596845749576,-121.82015773503207,121.82015773503207,109.1559386180184,50.754586513590674,58.40135210442772,58.40135210442772,78.70236933660546,202.70307164022435,-124.0007023036189,124.0007023036189,28.009836196899414,75.83745574951172,-47.827619552612305,2.981597661972046,2.8830838203430176,0.09851384162902832,13.491037368774414,11.987187385559082,1.503849983215332,47.85135799346171,32.0163132566039,30.90613199695524,27.224733325272503,30.321183328744418,43.85180574734878,32.139459880175146,53.95997228740656,36.30334223439769,49.89943526693328,0.019078679983209963,0.05773622766756532,11.12455940246582,16.715728759765625,1.5025969258666092,18.16159439086914,20.94598960876465,1.1533122675229097,0.3492846583436995,9.323278427124023,8.089221000671387,0.8676369652479305,17.34670639038086,14.424792289733887,0.8315579894597604,0.0360789757881701
Dendrodoris nigra,Dendrodoris_nigra_img02,processed_data/automated_image_analysis/scaled_images/sam_scaled_ring120_final/Dendrodoris_nigra/Dendrodoris_nigra_img02_sam_scaled_ring120_final_scaled_image.png,processed_data/automated_image_analysis/masks/sam_scaled_ring120_final/Dendrodoris_nigra/Dendrodoris_nigra_img02_sam_scaled_ring120_final_animal_mask.png,processed_data/automated_image_analysis/background_rings/sam_scaled_ring120_final/Dendrodoris_nigra/Dendrodoris_nigra_img02_sam_scaled_ring120_final_background_ring120.png,1536,2048,166582,323209,3145728,0.05295499165852865,0.10274537404378255,23.260418292492588,125.88444938105066,-102.62403108855807,23.90607028370412,112.28139377306944,-88.37532348936531,21.733476606115907,93.25975452416239,-71.52627791804647,23.472884225186395,114.18470092107583,-90.71181669588944,90.71181669588944,102.75496752350193,78.1677057260163,24.58726179748564,24.58726179748564,27.0655352919283,126.77447719587016,-99.70894190394186,99.70894190394186,8.810324668884277,47.107295989990234,-38.29697132110596,-0.35191789269447327,2.445281982421875,-2.7971998751163483,0.9962661862373352,12.59945297241211,-11.603186786174774,40.11379168198668,29.89178894679794,27.367264148998366,26.878460945724886,27.838894161847982,72.61531856094152,29.84753386711381,56.7782276758453,52.559060002269746,61.22611533401295,0.048623377920367514,0.06354939350395485,17.403779983520508,32.56583786010742,1.8711933781594423,20.469629287719727,23.16695785522461,1.131772223599725,0.7394211545597174,8.923652648925781,7.541982173919678,0.8451676091210892,12.233181953430176,8.25076961517334,0.6744581783041189,0.17070943081697032
Dendrodoris nigra,Dendrodoris_nigra_img03,processed_data/automated_image_analysis/scaled_images/sam_scaled_ring120_final/Dendrodoris_nigra/Dendrodoris_nigra_img03_sam_scaled_ring120_final_scaled_image.png,processed_data/automated_image_analysis/masks/sam_scaled_ring120_final/Dendrodoris_nigra/Dendrodoris_nigra_img03_sam_scaled_ring120_final_animal_mask.png,processed_data/automated_image_analysis/background_rings/sam_scaled_ring120_final/Dendrodoris_nigra/Dendrodoris_nigra_img03_sam_scaled_ring120_final_background_ring120.png,1024,768,129951,264602,786432,0.16524124145507812,0.33645884195963544,70.30118275349939,171.46311441334532,-101.16193165984593,56.788081661549356,158.46079772639663,-101.67271606484728,55.45605651360898,149.86991028034558,-94.4138537667366,60.67945610268486,161.37229499399098,-100.69283889130611,100.69283889130611,74.3742256696755,43.28784740856078,31.086378261114717,31.086378261114717,72.28409939130903,174.14343051072933,-101.8593311194203,101.8593311194203,24.876890182495117,65.61376190185547,-40.73687171936035,6.264516353607178,3.6943953037261963,2.5701210498809814,3.251885414123535,6.365462779998779,-3.113577365875244,40.936445909530946,30.094235647398765,30.996835864416383,32.14821644699107,30.15395554288111,44.8094255518905,31.98780922976739,48.01187341102196,28.99169206626468,47.04386545476801,0.0102689525509066,0.046193448843195754,9.814476013183594,16.35234260559082,1.6661452515269322,18.515857696533203,18.28127670288086,0.9873308059773939,0.6788144455495383,9.636119842529297,9.129535675048828,0.9474286148616952,17.227764129638672,13.52929401397705,0.7853192040574338,0.16210941080426133
Dendrodoris nigra,Dendrodoris_nigra_img04,processed_data/automated_image_analysis/scaled_images/sam_scaled_ring120_final/Dendrodoris_nigra/Dendrodoris_nigra_img04_sam_scaled_ring120_final_scaled_image.png,processed_data/automated_image_analysis/masks/sam_scaled_ring120_final/Dendrodoris_nigra/Dendrodoris_nigra_img04_sam_scaled_ring120_final_animal_mask.png,processed_data/automated_image_analysis/background_rings/sam_scaled_ring120_final/Dendrodoris_nigra/Dendrodoris_nigra_img04_sam_scaled_ring120_final_background_ring120.png,2048,1536,361491,399708,3145728,0.1149148941040039,0.12706375122070312,32.35341682088904,150.42995386632242,-118.07653704543338,29.80418046369066,147.92255096220242,-118.11837049851177,30.971708839224213,132.30995126442303,-101.33824242519881,30.700908183052967,146.87854133517467,-116.1776331521217,116.1776331521217,49.043049481176574,42.580914067269106,6.462135413907468,6.462135413907468,34.50337076165105,152.962032283567,-118.45866152191596,118.45866152191596,11.335850715637207,60.31666564941406,-48.980814933776855,1.4997570514678955,-1.8355591297149658,3.3353161811828613,-0.3353542685508728,8.784157752990723,-9.119512021541595,49.93405716659122,23.060285867328503,21.765682330719518,18.307683971894026,21.58370307536076,25.62305718079865,22.746004045823845,53.576708344635115,41.15009673658052,53.3786805427642,0.004550860897145446,0.045189908511228165,8.115323066711426,10.320579528808594,1.2717398240302964,17.668500900268555,16.812480926513672,0.9515510694095235,0.3201887546207729,4.1502685546875,3.973551034927368,0.9574202205395747,6.216198444366455,5.538058757781982,0.8909076515729563,0.06651256896661839
Dendrodoris nigra,Dendrodoris_nigra_img05,processed_data/automated_image_analysis/scaled_images/sam_scaled_ring120_final/Dendrodoris_nigra/Dendrodoris_nigra_img05_sam_scaled_ring120_final_scaled_image.png,processed_data/automated_image_analysis/masks/sam_scaled_ring120_final/Dendrodoris_nigra/Dendrodoris_nigra_img05_sam_scaled_ring120_final_animal_mask.png,processed_data/automated_image_analysis/background_rings/sam_scaled_ring120_final/Dendrodoris_nigra/Dendrodoris_nigra_img05_sam_scaled_ring120_final_background_ring120.png,2048,1461,316275,406762,2992128,0.10570236300051335,0.1359440505219028,40.827469765235946,110.18030445321834,-69.3528346879824,53.50542091534266,108.57825952276761,-55.07283860742495,71.21427238953443,106.83786096046337,-35.623588570928945,51.765520512212476,108.86281904406016,-57.097298531847684,57.097298531847684,109.60285511026797,23.881198342028018,85.72165676823995,85.72165676823995,71.2297083234527,113.64074815248229,-42.41103982902959,42.41103982902959,21.923458099365234,45.67680740356445,-23.75334930419922,0.18458984792232513,0.41429707407951355,-0.22970722615718842,-12.560458183288574,1.1335207223892212,-13.693978905677795,27.41896108254649,7.720928127132842,6.432662448234104,5.367166412233244,6.506276376375501,16.60260084039588,5.4676595937010735,23.698843442872697,20.69212387154635,22.558845194737536,0.00253130871906043,0.0005496509459646888,6.633064270019531,6.114173889160156,0.9217721463660946,6.283263683319092,4.932427406311035,0.7850104109757039,0.13676173539039072,7.478122234344482,3.7188594341278076,0.49729856207061524,6.092582702636719,3.6045103073120117,0.591622712934544,0.09432415086392881
Dendrodoris nigra,Dendrodoris_nigra_img06,processed_data/automated_image_analysis/scaled_images/sam_scaled_ring120_final/Dendrodoris_nigra/Dendrodoris_nigra_img06_sam_scaled_ring120_final_scaled_image.png,processed_data/automated_image_analysis/masks/sam_scaled_ring120_final/Dendrodoris_nigra/Dendrodoris_nigra_img06_sam_scaled_ring120_final_animal_mask.png,processed_data/automated_image_analysis/background_rings/sam_scaled_ring120_final/Dendrodoris_nigra/Dendrodoris_nigra_img06_sam_scaled_ring120_final_background_ring120.png,2048,1814,260065,367706,3715072,0.07000268097092062,0.09897681660005513,49.1044162036414,170.71761679167597,-121.61320058803457,29.86982100628689,140.01623307751302,-110.14641207122614,13.075119681618057,82.42396914926599,-69.34884946764792,33.71343702535904,142.64440612880944,-108.9309691034504,108.9309691034504,190.86945571299484,139.88716257009676,50.98229314289807,50.98229314289807,49.11686309191933,170.77751246920093,-121.6606493772816,121.6606493772816,13.099428176879883,59.61369323730469,-46.514265060424805,6.983275413513184,4.895152568817139,2.088122844696045,12.91010856628418,34.953338623046875,-22.043230056762695,51.51544528062786,26.395469215401093,23.309176151178416,15.632970966975583,22.825224616570512,35.729512211608714,26.462243787096153,39.74825051400711,47.36745247539025,37.22933162727929,0.005777993826794557,0.020927992361922138,8.365997314453125,8.24254322052002,0.9852433500403083,12.30527400970459,12.39283561706543,1.0071157787540355,0.021872428713727188,6.757709503173828,4.281381607055664,0.6335551424702215,7.545104026794434,5.765946388244629,0.7641970697512455,0.13064192728102397
Dendrodoris nigra,Dendrodoris_nigra_img07,processed_data/automated_image_analysis/scaled_images/sam_scaled_ring120_final/Dendrodoris_nigra/Dendrodoris_nigra_img07_sam_scaled_ring120_final_scaled_image.png,processed_data/automated_image_analysis/masks/sam_scaled_ring120_final/Dendrodoris_nigra/Dendrodoris_nigra_img07_sam_scaled_ring120_final_animal_mask.png,processed_data/automated_image_analysis/background_rings/sam_scaled_ring120_final/Dendrodoris_nigra/Dendrodoris_nigra_img07_sam_scaled_ring120_final_background_ring120.png,1117,837,345233,328992,934929,0.3692611952351462,0.35188982264963437,52.647965287211825,155.84688381480402,-103.19891852759218,46.99878922350992,141.41450551989107,-94.41571629638115,45.14531635156546,129.88501544110494,-84.73969908953947,48.46492658581306,144.42134155237818,-95.95641496656512,95.95641496656512,71.3843317411719,66.8930034772882,4.491328263883702,4.491328263883702,54.39738089927672,156.49843765197937,-102.10105675270265,102.10105675270265,19.16015625,57.917869567871094,-38.757713317871094,2.1735472679138184,3.9470136165618896,-1.7734663486480713,1.8419039249420166,8.381257057189941,-6.539353132247925,39.34550373179012,50.58739618158323,49.766337528875695,47.37339442268701,49.55220553898581,43.63543372762875,51.429366742710656,81.81906714695803,53.83776266631662,80.6519980768308,0.044753634256428004,0.018787706879902093,20.628982543945312,34.21803283691406,1.6587358472004325,12.431269645690918,14.06382942199707,1.131326873508214,0.5274089736922185,9.66443157196045,9.925485610961914,1.0270118358289033,10.102579116821289,7.501828193664551,0.7425656465460032,0.2844461892829001
Dendrodoris nigra,Dendrodoris_nigra_img08,processed_data/automated_image_analysis/scaled_images/sam_scaled_ring120_final/Dendrodoris_nigra/Dendrodoris_nigra_img08_sam_scaled_ring120_final_scaled_image.png,processed_data/automated_image_analysis/masks/sam_scaled_ring120_final/Dendrodoris_nigra/Dendrodoris_nigra_img08_sam_scaled_ring120_final_animal_mask.png,processed_data/automated_image_analysis/background_rings/sam_scaled_ring120_final/Dendrodoris_nigra/Dendrodoris_nigra_img08_sam_scaled_ring120_final_background_ring120.png,1152,2048,212563,322247,2359296,0.09009594387478298,0.13658608330620658,48.63532693836651,151.59524215896502,-102.9599152205985,50.21372016766794,144.42951214441098,-94.21579197674305,61.27530661498003,127.28235173640095,-66.00704512142093,51.045939321518794,144.627881718061,-93.58194239654219,93.58194239654219,71.6138885883244,45.77283264080038,25.84105594752402,25.84105594752402,62.950010114648364,152.6510595909349,-89.70104947628653,89.70104947628653,20.8852596282959,59.65074157714844,-38.76548194885254,2.4433696269989014,-0.08796246349811554,2.531332090497017,-7.142022609710693,10.123564720153809,-17.265587329864502,42.51200699478172,23.162314316581114,20.57965643161408,19.493393576060026,20.891606360888918,28.263304695947433,20.989396074419428,40.57703972663453,29.475501121262223,40.432160143305666,0.005889566983523754,0.011879607911553944,7.2480244636535645,9.044793128967285,1.2478977098275426,11.242841720581055,11.081277847290039,0.9856296230698278,0.26226808675771474,4.100343704223633,3.93829607963562,0.9604795021400053,6.199339389801025,4.420740604400635,0.7130986588141165,0.24738084332588883
Dendrodoris nigra,Dendrodoris_nigra_img09,processed_data/automated_image_analysis/scaled_images/sam_scaled_ring120_final/Dendrodoris_nigra/Dendrodoris_nigra_img09_sam_scaled_ring120_final_scaled_image.png,processed_data/automated_image_analysis/masks/sam_scaled_ring120_final/Dendrodoris_nigra/Dendrodoris_nigra_img09_sam_scaled_ring120_final_animal_mask.png,processed_data/automated_image_analysis/background_rings/sam_scaled_ring120_final/Dendrodoris_nigra/Dendrodoris_nigra_img09_sam_scaled_ring120_final_background_ring120.png,2048,1152,266200,301073,2359296,0.11283026801215278,0.12761137220594618,41.96075882794891,121.12451797404616,-79.16375914609725,40.371754320060106,95.89282665665802,-55.52107233659791,42.74743425995492,75.57819532140046,-32.830761061445536,41.127404207362886,101.13061284140392,-60.00320863404103,60.00320863404103,71.8234973703982,92.83103433386587,-21.007536963467672,21.007536963467672,48.428155522163784,121.77480544585532,-73.34664992369153,73.34664992369153,16.302640914916992,41.8005256652832,-25.49788475036621,1.687152624130249,7.467841625213623,-5.780689001083374,-1.217225432395935,14.954227447509766,-16.1714528799057,30.742062070024097,30.42451980367867,29.747781222827175,31.063055297027272,29.723985594684475,45.99039597027226,31.460062214724324,49.71467782918754,40.71906205802659,58.638513449090915,0.06284349872373696,0.18290181294006763,23.10363006591797,25.52639389038086,1.1048650717463186,37.042686462402344,30.596046447753906,0.8259672655979835,0.27889780614833515,6.496095657348633,5.195383548736572,0.7997701731592198,11.34510326385498,6.922167778015137,0.6101458591451406,0.1896243140140792
Dendrodoris tuberculosa,Dendrodoris_tuberculosa_img01,processed_data/automated_image_analysis/scaled_images/sam_scaled_ring120_final/Dendrodoris_tuberculosa/Dendrodoris_tuberculosa_img01_sam_scaled_ring120_final_scaled_image.png,processed_data/automated_image_analysis/masks/sam_scaled_ring120_final/Dendrodoris_tuberculosa/Dendrodoris_tuberculosa_img01_sam_scaled_ring120_final_animal_mask.png,processed_data/automated_image_analysis/background_rings/sam_scaled_ring120_final/Dendrodoris_tuberculosa/Dendrodoris_tuberculosa_img01_sam_scaled_ring120_final_background_ring120.png,1211,909,582755,301215,1100799,0.5293927410907895,0.27363306107654534,114.15987164417294,136.70055276131666,-22.54068111714372,104.03653336307711,132.58682004548245,-28.550286682405343,106.48050724575508,130.70737845060836,-24.226871204853282,107.34184520081338,133.6011188021845,-26.259273601371106,26.259273601371106,44.10254566670385,41.64990123333831,2.452644433365535,2.452644433365535,117.12312206673474,141.15579569410554,-24.032673627370798,24.032673627370798,44.198692321777344,54.39884948730469,-10.200157165527344,4.902022838592529,1.4844611883163452,3.417561650276184,0.30156973004341125,1.6533105373382568,-1.3517408072948456,10.84205409712585,44.956774240753774,49.38170166095561,50.99589089220348,47.99099294616162,35.50154000990255,47.10233037731746,66.55482464436322,46.69395719945086,67.03325607622303,0.09005907225902628,0.07983526498128643,26.28879165649414,25.895214080810547,0.9850286928046627,21.403017044067383,19.89422607421875,0.9295056875980553,0.055523005206607356,16.216529846191406,15.193347930908203,0.9369050021806296,23.263938903808594,21.69761085510254,0.9326714166856057,0.004233585495023839
Dendrodoris tuberculosa,Dendrodoris_tuberculosa_img10,processed_data/automated_image_analysis/scaled_images/sam_scaled_ring120_final/Dendrodoris_tuberculosa/Dendrodoris_tuberculosa_img10_sam_scaled_ring120_final_scaled_image.png,processed_data/automated_image_analysis/masks/sam_scaled_ring120_final/Dendrodoris_tuberculosa/Dendrodoris_tuberculosa_img10_sam_scaled_ring120_final_animal_mask.png,processed_data/automated_image_analysis/background_rings/sam_scaled_ring120_final/Dendrodoris_tuberculosa/Dendrodoris_tuberculosa_img10_sam_scaled_ring120_final_background_ring120.png,1157,1807,616474,423757,2090699,0.294865018828631,0.20268675691718416,129.99163630582962,111.14392210630149,18.847714199528127,123.88724260877183,98.70929093796681,25.177951670805015,127.79943517488167,88.32376810294579,39.475667071935874,126.15788662619997,101.24849383019041,24.909392796009556,24.909392796009556,25.537777748939938,53.34398723796893,-27.806209489028994,27.806209489028994,133.924747840136,111.6950445656355,22.22970327450051,22.22970327450051,52.040550231933594,42.0465202331543,9.994029998779297,3.269275426864624,3.211452007293701,0.05782341957092285,-1.2238012552261353,7.586035251617432,-8.809836506843567,13.32280745344858,40.14397553698198,41.86373428149181,42.99903687051656,41.26903484993993,14.599654618885532,41.6980176908818,39.8406874456024,20.416120606445222,43.56004388701451,0.09906272696500343,0.09269080576935387,23.784942626953125,20.570398330688477,0.8648496089865727,22.997848510742188,20.294313430786133,0.8824439999814223,0.017594390994849607,6.298354148864746,3.5559017658233643,0.5645763451495184,8.33103084564209,5.440601348876953,0.6530525993338384,0.08847625418432004
Dendrodoris tuberculosa,Dendrodoris_tuberculosa_img02,processed_data/automated_image_analysis/scaled_images/sam_scaled_ring120_final/Dendrodoris_tuberculosa/Dendrodoris_tuberculosa_img02_sam_scaled_ring120_final_scaled_image.png,processed_data/automated_image_analysis/masks/sam_scaled_ring120_final/Dendrodoris_tuberculosa/Dendrodoris_tuberculosa_img02_sam_scaled_ring120_final_animal_mask.png,processed_data/automated_image_analysis/background_rings/sam_scaled_ring120_final/Dendrodoris_tuberculosa/Dendrodoris_tuberculosa_img02_sam_scaled_ring120_final_background_ring120.png,1398,1173,623686,409141,1639854,0.38033020012757235,0.24949843095787796,98.43480212799389,69.70293615159567,28.731865976398225,83.64455190592702,71.64165165554174,12.00290025038528,41.24231424146125,38.51498627612486,2.727327965336393,83.23516641386851,67.28755123539318,15.947615178475331,15.947615178475331,156.7336351946332,134.28922058654595,22.444414608087243,22.444414608087243,98.93814996648955,74.64609266732006,24.292057299169485,24.292057299169485,35.78947830200195,29.03424072265625,6.755237579345703,0.727453887462616,-5.992812156677246,6.720266044139862,26.45350456237793,18.75607681274414,7.697427749633789,12.24931036500651,26.99461321589644,31.50085216543411,30.115696495583443,29.289529758830017,50.36231664644735,27.79024185877895,30.974453987027196,56.01816023905639,32.728402946541785,0.04514446521159489,0.13001375712422505,15.945052146911621,17.774126052856445,1.1147110645416796,33.560577392578125,28.406761169433594,0.8464324328256554,0.2682786317160242,13.533880233764648,10.667278289794922,0.7881906818697819,28.15521812438965,19.781646728515625,0.7025925581936671,0.08559812367611486
Dendrodoris tuberculosa,Dendrodoris_tuberculosa_img03,processed_data/automated_image_analysis/scaled_images/sam_scaled_ring120_final/Dendrodoris_tuberculosa/Dendrodoris_tuberculosa_img03_sam_scaled_ring120_final_scaled_image.png,processed_data/automated_image_analysis/masks/sam_scaled_ring120_final/Dendrodoris_tuberculosa/Dendrodoris_tuberculosa_img03_sam_scaled_ring120_final_animal_mask.png,processed_data/automated_image_analysis/background_rings/sam_scaled_ring120_final/Dendrodoris_tuberculosa/Dendrodoris_tuberculosa_img03_sam_scaled_ring120_final_background_ring120.png,1414,1885,680484,415685,2665390,0.2553037266591381,0.1559565391931387,134.98187760476367,177.65008840828992,-42.66821080352625,120.40478100881137,166.73626423854603,-46.33148322973466,122.48348381446147,150.7419271804371,-28.258443365975637,125.00028656074205,168.17936899334833,-43.17908243260628,43.17908243260628,49.70128320430752,44.17160109217316,5.52968211213436,5.52968211213436,138.25943593089625,177.80918243381407,-39.54974650291783,39.54974650291783,51.27309799194336,68.24421691894531,-16.971118927001953,6.373499393463135,1.408056378364563,4.965443015098572,1.2797452211380005,9.838225364685059,-8.558480143547058,19.644899702928605,46.64987312500768,46.540105384928864,54.16729118291625,47.0858115150264,37.30047003150177,47.786583196043885,50.37509536381159,31.41199366939312,50.12855524142658,0.14407618877687572,0.28597779023101877,32.3502197265625,31.096895217895508,0.961257619909212,49.05260467529297,35.869991302490234,0.731255588565257,0.23000203134395503,14.616135597229004,10.048088073730469,0.6874654389245973,14.312148094177246,8.541167259216309,0.5967774510865491,0.09068798783804821
Dendrodoris tuberculosa,Dendrodoris_tuberculosa_img04,processed_data/automated_image_analysis/scaled_images/sam_scaled_ring120_final/Dendrodoris_tuberculosa/Dendrodoris_tuberculosa_img04_sam_scaled_ring120_final_scaled_image.png,processed_data/automated_image_analysis/masks/sam_scaled_ring120_final/Dendrodoris_tuberculosa/Dendrodoris_tuberculosa_img04_sam_scaled_ring120_final_animal_mask.png,processed_data/automated_image_analysis/background_rings/sam_scaled_ring120_final/Dendrodoris_tuberculosa/Dendrodoris_tuberculosa_img04_sam_scaled_ring120_final_background_ring120.png,1415,979,464505,401037,1385285,0.33531367191588735,0.28949782896660253,115.1845943531286,67.55680149213165,47.62779286099695,112.87774297370319,57.59463590641263,55.283107067290565,114.28307553201796,49.799661876584956,64.483413655433,113.7273829129934,59.682884621618456,54.04449829137495,54.04449829137495,61.91094390803113,127.815680348696,-65.90473644066488,65.90473644066488,127.38449317014887,73.1998643516683,54.184628818480576,54.184628818480576,46.804054260253906,24.612689971923828,22.191364288330078,2.2769248485565186,3.7436625957489014,-1.4667377471923828,-0.061238206923007965,6.284575939178467,-6.345814146101475,23.12741502574968,56.57901703870797,61.6119328116626,64.45515048663226,59.53009993485764,50.90336367344706,60.10830920102196,52.39511422074019,76.38269732270427,55.8856337233877,0.21007729870584887,0.1845633477152536,43.395835876464844,38.17057800292969,0.8795908001770049,40.933170318603516,42.518951416015625,1.0387407348384983,0.1591499346614934,36.47794723510742,29.696504592895508,0.814094729659424,49.587425231933594,43.488563537597656,0.8770078973487747,0.06291316768935074
Dendrodoris tuberculosa,Dendrodoris_tuberculosa_img05,processed_data/automated_image_analysis/scaled_images/sam_scaled_ring120_final/Dendrodoris_tuberculosa/Dendrodoris_tuberculosa_img05_sam_scaled_ring120_final_scaled_image.png,processed_data/automated_image_analysis/masks/sam_scaled_ring120_final/Dendrodoris_tuberculosa/Dendrodoris_tuberculosa_img05_sam_scaled_ring120_final_animal_mask.png,processed_data/automated_image_analysis/background_rings/sam_scaled_ring120_final/Dendrodoris_tuberculosa/Dendrodoris_tuberculosa_img05_sam_scaled_ring120_final_background_ring120.png,1372,915,424225,373149,1255380,0.3379255683538052,0.2972398795583807,132.8699180859214,141.76990156747036,-8.899983481548958,119.95721845718663,119.54898177403665,0.40823668314997974,104.83068654605457,89.43825924764639,15.39242729840818,122.09351641228122,122.76236034399128,-0.6688439317100574,0.6688439317100574,58.77088337556721,95.37679854428124,-36.605915168714034,36.605915168714034,133.8940632918852,141.89423527866884,-8.000171986783641,8.000171986783641,50.36466979980469,50.837120056152344,-0.47245025634765625,2.855287551879883,4.5193915367126465,-1.6641039848327637,9.983817100524902,19.466670989990234,-9.482853889465332,9.639344853567955,53.49984017692113,52.42932675389349,45.5394202549147,51.35600904774226,40.85851838343208,53.10794343336386,49.98234791012878,43.344205807894575,53.58937608605968,0.15393855815640833,0.06753866909998825,33.31159210205078,25.799312591552734,0.7744845251621713,21.326732635498047,18.82811164855957,0.8828408913056116,0.10835636614344035,20.590099334716797,12.935563087463379,0.6282418980685942,17.28148651123047,12.477860450744629,0.722036292574474,0.09379439450587979
Dendrodoris tuberculosa,Dendrodoris_tuberculosa_img06,processed_data/automated_image_analysis/scaled_images/sam_scaled_ring120_final/Dendrodoris_tuberculosa/Dendrodoris_tuberculosa_img06_sam_scaled_ring120_final_scaled_image.png,processed_data/automated_image_analysis/masks/sam_scaled_ring120_final/Dendrodoris_tuberculosa/Dendrodoris_tuberculosa_img06_sam_scaled_ring120_final_animal_mask.png,processed_data/automated_image_analysis/background_rings/sam_scaled_ring120_final/Dendrodoris_tuberculosa/Dendrodoris_tuberculosa_img06_sam_scaled_ring120_final_background_ring120.png,2048,1155,125316,227937,2365440,0.05297788149350649,0.09636135349025975,64.72414536052858,62.54071081044324,2.1834345500853445,76.20814580739889,93.16297046991055,-16.954824662511655,95.07080500494749,120.14240777056818,-25.071602765620696,74.9229228510326,87.07386690181936,-12.150944050786762,12.150944050786762,87.1773915541511,129.9934938162738,-42.8161022621227,42.8161022621227,95.86095949439816,120.14342998284614,-24.282470488447984,24.282470488447984,31.440399169921875,37.85960006713867,-6.419200897216797,1.02012300491333,-2.8169639110565186,3.8370869159698486,-12.118127822875977,-18.74363899230957,6.625511169433594,9.991334966651115,31.41146187249317,40.87650551547305,47.78568452640714,38.4368422226761,38.50874630485787,46.85809744908738,31.76737946674973,35.86568432946883,33.43564794670507,0.23516544964147096,0.34560333746552063,45.68285369873047,38.96002960205078,0.8528370372609513,63.8460807800293,40.59945297241211,0.6358957742808137,0.2169412629801376,17.63169288635254,10.271857261657715,0.5825791844190096,18.426349639892578,12.230947494506836,0.6637748514240251,0.08119566700501557
Dendrodoris tuberculosa,Dendrodoris_tuberculosa_img07,processed_data/automated_image_analysis/scaled_images/sam_scaled_ring120_final/Dendrodoris_tuberculosa/Dendrodoris_tuberculosa_img07_sam_scaled_ring120_final_scaled_image.png,processed_data/automated_image_analysis/masks/sam_scaled_ring120_final/Dendrodoris_tuberculosa/Dendrodoris_tuberculosa_img07_sam_scaled_ring120_final_animal_mask.png,processed_data/automated_image_analysis/background_rings/sam_scaled_ring120_final/Dendrodoris_tuberculosa/Dendrodoris_tuberculosa_img07_sam_scaled_ring120_final_background_ring120.png,1703,1277,588646,417012,2174731,0.27067531570571257,0.19175337087667393,122.24769895658851,130.1270227235667,-7.879323766978203,132.569634381275,162.00722760975702,-29.43759322848203,139.67456162107615,174.1426601632567,-34.46809854218054,130.29268015071878,153.85578592462568,-23.563105773906898,23.563105773906898,67.1412003139408,74.86426769493444,-7.7230673809936405,7.7230673809936405,150.1764218222837,178.84571427201135,-28.669292449727664,28.669292449727664,54.57231140136719,64.72332763671875,-10.151016235351562,-0.524934709072113,-6.7449750900268555,6.220040380954742,-4.847750186920166,-9.701116561889648,4.853366374969482,12.856406889981471,44.792660426432796,39.56597658474945,41.53244994622887,38.91890545230474,51.47123393919138,36.5458589723025,28.446405905729286,49.372718738443226,21.90181634200114,0.05657099567844906,0.12240990990990991,19.894588470458984,19.185270309448242,0.9643461757420119,23.48265838623047,23.411693572998047,0.9969779906488767,0.03263181490686484,20.278152465820312,20.44794273376465,1.0083730639776245,31.930145263671875,33.86848831176758,1.0607057384828447,0.05233267450522017
Dendrodoris tuberculosa,Dendrodoris_tuberculosa_img08,processed_data/automated_image_analysis/scaled_images/sam_scaled_ring120_final/Dendrodoris_tuberculosa/Dendrodoris_tuberculosa_img08_sam_scaled_ring120_final_scaled_image.png,processed_data/automated_image_analysis/masks/sam_scaled_ring120_final/Dendrodoris_tuberculosa/Dendrodoris_tuberculosa_img08_sam_scaled_ring120_final_animal_mask.png,processed_data/automated_image_analysis/background_rings/sam_scaled_ring120_final/Dendrodoris_tuberculosa/Dendrodoris_tuberculosa_img08_sam_scaled_ring120_final_background_ring120.png,946,2048,355444,284282,1937408,0.18346367930761098,0.14673316100687103,145.95097399309034,156.0411457637135,-10.090171770623158,141.10488853377748,143.5511288087181,-2.4462402749406067,141.6874500624571,122.11759450123469,19.569855561222397,142.61901452830827,144.8544121681992,-2.2353976398909197,2.2353976398909197,19.80981532955965,54.9866576146221,-35.17684228506245,35.17684228506245,149.01186684822363,156.12636396254425,-7.1144971143206135,7.1144971143206135,58.72639465332031,59.636924743652344,-0.9105300903320312,2.0289816856384277,1.080390453338623,0.9485912322998047,0.3674091100692749,12.975104331970215,-12.60769522190094,12.676074675535006,34.451942357855486,34.84394921069034,35.44381700935297,34.54232569394523,12.504160246269818,35.40724423205384,39.8334147696508,12.185777803979178,42.69936788587515,0.08974402984220704,0.1808264971738987,22.24274253845215,19.002042770385742,0.8543030490748141,30.49582862854004,21.6964054107666,0.7114548574837429,0.1428481915910712,5.579165935516357,3.442694902420044,0.6170626473939816,5.996734142303467,3.2231130599975586,0.5374780644785256,0.079584582915456
Dendrodoris tuberculosa,Dendrodoris_tuberculosa_img09,processed_data/automated_image_analysis/scaled_images/sam_scaled_ring120_final/Dendrodoris_tuberculosa/Dendrodoris_tuberculosa_img09_sam_scaled_ring120_final_scaled_image.png,processed_data/automated_image_analysis/masks/sam_scaled_ring120_final/Dendrodoris_tuberculosa/Dendrodoris_tuberculosa_img09_sam_scaled_ring120_final_animal_mask.png,processed_data/automated_image_analysis/background_rings/sam_scaled_ring120_final/Dendrodoris_tuberculosa/Dendrodoris_tuberculosa_img09_sam_scaled_ring120_final_background_ring120.png,1206,1528,265421,291698,1842768,0.14403386644439234,0.15829339341685986,132.38498837695585,129.61654862220516,2.7684397547506876,125.68977586551178,117.32757852299297,8.362197342518812,136.61351588608287,107.75448237560765,28.859033510475214,128.93073645265446,119.92882021817084,9.001916234483616,9.001916234483616,27.952524479977093,44.180947418220214,-16.22842293824312,16.22842293824312,139.7757901597839,129.7926039945423,9.983186165241591,9.983186165241591,52.9522705078125,49.64778137207031,3.3044891357421875,4.8383026123046875,3.1551883220672607,1.6831142902374268,-4.886362552642822,6.90254020690918,-11.788902759552002,12.358428315785645,44.16413332595166,44.27859902724301,48.26223772937775,44.490183660854484,13.726412811077015,47.46076483194793,39.640949984587486,14.7119130077435,41.79382568819332,0.08808823416462493,0.10297876295366885,23.43520736694336,18.950756072998047,0.8086446932715912,25.01063346862793,18.7907657623291,0.751311068785974,0.057333624485617185,7.996356964111328,4.627406120300293,0.5786892882682305,7.289697647094727,4.079692363739014,0.559651793701616,0.01903749456661452
Doriprismatica atromarginata,Doriprismatica_atromarginata_img01,processed_data/automated_image_analysis/scaled_images/sam_scaled_ring120_final/Doriprismatica_atromarginata/Doriprismatica_atromarginata_img01_sam_scaled_ring120_final_scaled_image.png,processed_data/automated_image_analysis/masks/sam_scaled_ring120_final/Doriprismatica_atromarginata/Doriprismatica_atromarginata_img01_sam_scaled_ring120_final_animal_mask.png,processed_data/automated_image_analysis/background_rings/sam_scaled_ring120_final/Doriprismatica_atromarginata/Doriprismatica_atromarginata_img01_sam_scaled_ring120_final_background_ring120.png,1024,688,197899,292592,704512,0.2809022415515988,0.41531159156976744,191.4540548461589,98.20257218242467,93.25148266373422,180.28812171865445,74.17012768633455,106.1179940323199,157.1485505232467,46.42828580412315,110.72026471912356,180.99501260744117,78.19596571334829,102.79904689409288,102.79904689409288,56.10150632393292,151.05928733526548,-94.95778101133257,94.95778101133257,192.41500967665326,98.47124323289769,93.94376644375556,93.94376644375556,72.99748229980469,32.234397888183594,40.763084411621094,0.6664757132530212,6.567744731903076,-5.901269018650055,13.587691307067871,18.954803466796875,-5.367112159729004,41.53624826238567,52.86172593188776,58.54866253344151,63.34750082382452,56.97519199200873,41.600746264432914,53.24345858761041,56.719732918388985,49.226514208242904,64.7250973377453,0.056538393295133126,0.11479885518357338,21.884050369262695,35.72563552856445,1.6324964951983019,26.266775131225586,26.697397232055664,1.0163941747199168,0.6161023204783851,15.975113868713379,21.202924728393555,1.327247173487673,28.021604537963867,26.471811294555664,0.9446929157354808,0.3825542577521922
Doriprismatica atromarginata,Doriprismatica_atromarginata_img10,processed_data/automated_image_analysis/scaled_images/sam_scaled_ring120_final/Doriprismatica_atromarginata/Doriprismatica_atromarginata_img10_sam_scaled_ring120_final_scaled_image.png,processed_data/automated_image_analysis/masks/sam_scaled_ring120_final/Doriprismatica_atromarginata/Doriprismatica_atromarginata_img10_sam_scaled_ring120_final_animal_mask.png,processed_data/automated_image_analysis/background_rings/sam_scaled_ring120_final/Doriprismatica_atromarginata/Doriprismatica_atromarginata_img10_sam_scaled_ring120_final_background_ring120.png,1405,1054,489347,366608,1480870,0.3304456164281807,0.24756258145549576,174.5695651551966,74.7198888185746,99.84967633662201,182.51190668380517,39.82652588050452,142.68538080330063,170.53367651175955,29.29258772312661,141.24108878863294,178.77751370704223,49.05865393008336,129.71885977695888,129.71885977695888,57.31628271962432,151.88738379958974,-94.57110107996542,94.57110107996542,191.5529552648734,75.82412004102474,115.72883522384865,115.72883522384865,72.26506042480469,20.760269165039062,51.504791259765625,-3.774397611618042,13.861757278442383,-17.636154890060425,5.499711990356445,12.846575736999512,-7.346863746643066,54.934086767051745,64.17292145637656,71.9326942418779,82.32456082584855,69.83665479069661,51.50778203522758,69.26536812987408,41.724820805451735,74.77783295177315,59.824407060938,0.030864261635888946,0.0042770478396776685,15.331588745117188,25.80271339416504,1.6829771410600027,6.733270645141602,7.982431888580322,1.1855207237718945,0.4974564172881082,10.705090522766113,11.253212928771973,1.0512020337278034,9.401751518249512,10.030211448669434,1.0668449840649408,0.015642950337137362
Doriprismatica atromarginata,Doriprismatica_atromarginata_img02,processed_data/automated_image_analysis/scaled_images/sam_scaled_ring120_final/Doriprismatica_atromarginata/Doriprismatica_atromarginata_img02_sam_scaled_ring120_final_scaled_image.png,processed_data/automated_image_analysis/masks/sam_scaled_ring120_final/Doriprismatica_atromarginata/Doriprismatica_atromarginata_img02_sam_scaled_ring120_final_animal_mask.png,processed_data/automated_image_analysis/background_rings/sam_scaled_ring120_final/Doriprismatica_atromarginata/Doriprismatica_atromarginata_img02_sam_scaled_ring120_final_background_ring120.png,819,1024,79941,224270,838656,0.09532036973443224,0.26741596077533575,146.26196820154865,71.104628349757,75.15733985179166,150.02473073891994,43.79147010300085,106.2332606359191,162.6183310191266,52.394087483836444,110.22424353529016,150.33664827810512,52.94318455433183,97.3934637237733,97.3934637237733,54.11522247657648,162.99970571186518,-108.8844832352887,108.8844832352887,168.79359777836154,83.39774379096625,85.3958539873953,85.3958539873953,61.32183837890625,21.89558982849121,39.42624855041504,2.3218297958374023,15.51485824584961,-13.193028450012207,-6.591479301452637,0.7143415212631226,-7.305820822715759,42.21208467175677,52.16953563004306,62.86008651615322,66.18450090458906,59.24811728509265,44.94924572956926,59.005002986570155,49.3336215575029,58.202627219269885,64.65109848923389,0.09466144287466857,0.14324930441175102,32.26715850830078,50.0945930480957,1.552494714872671,35.47990036010742,43.01753234863281,1.2124479469226606,0.34004676795001054,23.803285598754883,37.9190788269043,1.5930186893563882,50.220680236816406,55.10933303833008,1.0973434206478516,0.4956752687085366
Doriprismatica atromarginata,Doriprismatica_atromarginata_img04,processed_data/automated_image_analysis/scaled_images/sam_scaled_ring120_final/Doriprismatica_atromarginata/Doriprismatica_atromarginata_img04_sam_scaled_ring120_final_scaled_image.png,processed_data/automated_image_analysis/masks/sam_scaled_ring120_final/Doriprismatica_atromarginata/Doriprismatica_atromarginata_img04_sam_scaled_ring120_final_animal_mask.png,processed_data/automated_image_analysis/background_rings/sam_scaled_ring120_final/Doriprismatica_atromarginata/Doriprismatica_atromarginata_img04_sam_scaled_ring120_final_background_ring120.png,1500,1125,63221,178629,1687500,0.037464296296296294,0.10585422222222222,188.62593125701903,153.91955393581108,34.70637732120795,184.27301055029184,94.01697932586534,90.25603122442651,160.99243922114488,76.33042227185955,84.66201694928533,182.93540121162272,109.91628458984823,73.01911662177449,73.01911662177449,61.577751063728826,145.78519725240582,-84.207446188677,84.207446188677,197.14231030828364,154.2114774196799,42.93083288860373,42.93083288860373,74.05186462402344,45.372920989990234,28.678943634033203,-1.334081768989563,22.52747344970703,-23.861555218696594,12.653892517089844,20.82466697692871,-8.170774459838867,38.19184704478844,50.539969861667075,60.29778339985708,64.02473091897171,56.51998547263159,40.403595137878305,52.2797035850438,64.3639172031143,57.24892729783008,73.56570106193101,0.09505861255935974,0.13211863762163048,35.255985260009766,55.80332946777344,1.5828044247304063,31.248573303222656,37.988258361816406,1.2156797685831848,0.36712465614722145,19.606611251831055,20.289592742919922,1.0348342445472358,20.866352081298828,17.253210067749023,0.8268436188811349,0.20799062566610094
Doriprismatica atromarginata,Doriprismatica_atromarginata_img05,processed_data/automated_image_analysis/scaled_images/sam_scaled_ring120_final/Doriprismatica_atromarginata/Doriprismatica_atromarginata_img05_sam_scaled_ring120_final_scaled_image.png,processed_data/automated_image_analysis/masks/sam_scaled_ring120_final/Doriprismatica_atromarginata/Doriprismatica_atromarginata_img05_sam_scaled_ring120_final_animal_mask.png,processed_data/automated_image_analysis/background_rings/sam_scaled_ring120_final/Doriprismatica_atromarginata/Doriprismatica_atromarginata_img05_sam_scaled_ring120_final_background_ring120.png,1578,888,298261,336403,1401264,0.21285139702440084,0.2400711072289019,166.09014252617675,109.04911965707797,57.04102286909878,162.06544603551922,72.66826990246817,89.39717613305105,138.3480944541861,44.843853948983806,93.5042405052023,160.5755428969929,80.37980933582638,80.19573356116653,80.19573356116653,80.28043223887803,164.3989352056908,-84.11850296681277,84.11850296681277,171.45983216042325,109.40119737338847,62.05863478703478,62.05863478703478,64.86671447753906,33.485687255859375,31.381027221679688,-1.416214108467102,11.883879661560059,-13.30009377002716,13.414039611816406,21.384796142578125,-7.970756530761719,35.00277593923084,73.40554581880465,83.4928171629924,90.52727722599708,80.7815648112289,70.12230879925477,77.06426784436078,54.318234668537386,60.39846923170403,67.03539594162955,0.04692494346185307,0.07807023529630709,20.22538185119629,36.46533203125,1.8029490023741208,22.00075912475586,26.1700382232666,1.1895061472592259,0.6134428551148949,11.17038631439209,9.440169334411621,0.8451067911813192,12.690372467041016,9.379695892333984,0.7391190382074756,0.10598775297384355
Doriprismatica atromarginata,Doriprismatica_atromarginata_img06,processed_data/automated_image_analysis/scaled_images/sam_scaled_ring120_final/Doriprismatica_atromarginata/Doriprismatica_atromarginata_img06_sam_scaled_ring120_final_scaled_image.png,processed_data/automated_image_analysis/masks/sam_scaled_ring120_final/Doriprismatica_atromarginata/Doriprismatica_atromarginata_img06_sam_scaled_ring120_final_animal_mask.png,processed_data/automated_image_analysis/background_rings/sam_scaled_ring120_final/Doriprismatica_atromarginata/Doriprismatica_atromarginata_img06_sam_scaled_ring120_final_background_ring120.png,1795,1347,362421,378456,2417865,0.14989298409960855,0.15652486801372284,191.29775868396146,128.98791669308983,62.30984199087163,196.57782799561835,115.32884932462426,81.24897867099409,160.94571230695794,61.184232777390235,99.76147952956771,190.94255851620076,113.2410795442535,77.70147897194727,77.70147897194727,66.71479301696094,158.22433783583824,-91.5095448188773,91.5095448188773,200.40089564346437,129.6808611833344,70.72003446012997,70.72003446012997,77.26929473876953,47.84695816040039,29.42233657836914,-7.074249744415283,-1.3529026508331299,-5.721347093582153,17.284395217895508,30.272802352905273,-12.988407135009766,32.66659489755325,64.4953792802257,64.53191499257632,70.27705540485007,64.09500271151651,49.553374247342845,62.536329861122276,54.947350414038624,70.18026261382641,55.15293423689569,0.036638168119801084,0.013592136588972355,14.413670539855957,27.838157653808594,1.931371858183654,10.836220741271973,13.044928550720215,1.203826395030504,0.7275454631531502,14.590167999267578,19.830759048461914,1.3591864774591638,20.024839401245117,14.7955322265625,0.7388589706064027,0.6203275068527611
Doriprismatica atromarginata,Doriprismatica_atromarginata_img07,processed_data/automated_image_analysis/scaled_images/sam_scaled_ring120_final/Doriprismatica_atromarginata/Doriprismatica_atromarginata_img07_sam_scaled_ring120_final_scaled_image.png,processed_data/automated_image_analysis/masks/sam_scaled_ring120_final/Doriprismatica_atromarginata/Doriprismatica_atromarginata_img07_sam_scaled_ring120_final_animal_mask.png,processed_data/automated_image_analysis/background_rings/sam_scaled_ring120_final/Doriprismatica_atromarginata/Doriprismatica_atromarginata_img07_sam_scaled_ring120_final_background_ring120.png,1000,750,143949,279574,750000,0.191932,0.37276533333333334,145.27647291749162,78.62882814567878,66.64764477181284,155.2315820186316,64.5033801426456,90.728201875986,133.81437175666383,47.0679355018707,86.74643625479314,149.81587228810204,66.73491097169264,83.0809613164094,83.0809613164094,58.05111532556669,108.50179916587379,-50.4506838403071,50.4506838403071,159.48531771669133,80.06722728150686,79.41809043518447,79.41809043518447,61.996665954589844,27.342256546020508,34.654409408569336,-6.797252655029297,3.47422194480896,-10.271474599838257,10.319615364074707,12.015498161315918,-1.695882797241211,36.184351595321424,49.05129177858623,57.107080713308655,61.55062456111313,54.48399730011505,32.80851009694448,55.461573628893255,51.16549410768232,46.554781198949485,60.385460569772306,0.045446006676011154,0.07000979183963722,16.592485427856445,26.8409366607666,1.6176561840280088,20.85906982421875,21.614898681640625,1.0362350221650012,0.5814211618630076,18.459794998168945,26.558135986328125,1.4387015667813465,27.37232208251953,29.576534271240234,1.0805270441461141,0.3581745226352324
Doriprismatica atromarginata,Doriprismatica_atromarginata_img08,processed_data/automated_image_analysis/scaled_images/sam_scaled_ring120_final/Doriprismatica_atromarginata/Doriprismatica_atromarginata_img08_sam_scaled_ring120_final_scaled_image.png,processed_data/automated_image_analysis/masks/sam_scaled_ring120_final/Doriprismatica_atromarginata/Doriprismatica_atromarginata_img08_sam_scaled_ring120_final_animal_mask.png,processed_data/automated_image_analysis/background_rings/sam_scaled_ring120_final/Doriprismatica_atromarginata/Doriprismatica_atromarginata_img08_sam_scaled_ring120_final_background_ring120.png,1584,893,486416,397021,1414512,0.3438754849729094,0.28067701087018,152.64333615670537,41.21730588558288,111.4260302711225,151.38725699812505,44.943280078383765,106.44397691974129,132.8030204598533,49.44970920933653,83.35331125051675,149.65063649222066,44.348792633135275,105.30184385908538,105.30184385908538,80.075451876583,122.31258044284812,-42.23712856626511,42.23712856626511,162.49305738298082,55.98280443603739,106.51025294694344,106.51025294694344,60.719207763671875,18.344928741455078,42.3742790222168,-1.395316481590271,0.8532086610794067,-2.2485251426696777,10.52015209197998,-2.467677354812622,12.987829446792603,44.377010959604675,84.36226912460059,84.13534809498645,88.59611443584892,83.36757963938524,66.22647733936157,80.70220320683049,36.52419947705809,68.88687656780567,41.60521579914439,0.034027081243731196,0.004086566889610134,17.481794357299805,34.48512268066406,1.9726306107853422,7.778579235076904,10.3010892868042,1.3242893047039015,0.6483413060814407,13.161367416381836,15.867682456970215,1.2056256736074287,8.979199409484863,10.494606018066406,1.1687685660461884,0.03685710756124028
Doriprismatica atromarginata,Doriprismatica_atromarginata_img09,processed_data/automated_image_analysis/scaled_images/sam_scaled_ring120_final/Doriprismatica_atromarginata/Doriprismatica_atromarginata_img09_sam_scaled_ring120_final_scaled_image.png,processed_data/automated_image_analysis/masks/sam_scaled_ring120_final/Doriprismatica_atromarginata/Doriprismatica_atromarginata_img09_sam_scaled_ring120_final_animal_mask.png,processed_data/automated_image_analysis/background_rings/sam_scaled_ring120_final/Doriprismatica_atromarginata/Doriprismatica_atromarginata_img09_sam_scaled_ring120_final_background_ring120.png,1024,768,88251,206538,786432,0.11221694946289062,0.26262664794921875,162.5204926856353,104.96731352099856,57.553179164636745,171.19528390613138,80.17748307817448,91.0178008279569,173.64378873893781,65.16157801469947,108.48221072423834,168.87571812217425,85.8834354937106,82.99228262846364,82.99228262846364,43.5845032917474,109.7588821427534,-66.174378851006,66.174378851006,179.19846800602826,107.30914892174806,71.8893190842802,71.8893190842802,68.1747817993164,35.53577423095703,32.639007568359375,-1.8625507354736328,8.507580757141113,-10.370131492614746,-2.2601633071899414,12.88514232635498,-15.145305633544922,37.44629120427053,76.51414661357677,74.57548503728351,72.14056736962739,74.1331651647171,52.4083649152279,72.46951688958323,52.97736616890524,57.158731271169984,60.05155510402078,0.09335890787245883,0.14656503231749599,42.293128967285156,72.1564712524414,1.7061038758389413,36.23638916015625,40.91133499145508,1.1290124634283145,0.5770914124106268,17.783193588256836,21.48667335510254,1.2082572935207376,24.914264678955078,19.237363815307617,0.7721425481827403,0.4361147453379973
Glossodoris hikuerensis,Glossodoris_hikuerensis_img01,processed_data/automated_image_analysis/scaled_images/sam_scaled_ring120_final/Glossodoris_hikuerensis/Glossodoris_hikuerensis_img01_sam_scaled_ring120_final_scaled_image.png,processed_data/automated_image_analysis/masks/sam_scaled_ring120_final/Glossodoris_hikuerensis/Glossodoris_hikuerensis_img01_sam_scaled_ring120_final_animal_mask.png,processed_data/automated_image_analysis/background_rings/sam_scaled_ring120_final/Glossodoris_hikuerensis/Glossodoris_hikuerensis_img01_sam_scaled_ring120_final_background_ring120.png,1026,1026,330377,361194,1052676,0.3138449057449776,0.3431198203435815,186.44114753751018,99.02336971267518,87.417777824835,170.74002124845254,66.81671899311728,103.92330225533526,145.0694479337242,29.357749575020627,115.71169835870359,172.51001431697728,72.17475373345073,100.33526058352655,100.33526058352655,64.03069826289361,187.92466375410444,-123.89396549121084,123.89396549121084,188.22370806684484,99.04746756590642,89.17624050093842,89.17624050093842,70.18721771240234,30.95441436767578,39.23280334472656,2.3378074169158936,9.77754020690918,-7.439732789993286,15.720598220825195,27.047090530395508,-11.326492309570312,41.50725129795087,45.562116348202466,49.75350260884073,57.51900908609978,48.14601775297504,52.0313284986519,44.025015823420986,34.64702402297938,44.640300670759935,39.206369406095014,0.23484063831502694,0.04000935216081098,45.773048400878906,36.068077087402344,0.7879762949480504,17.480640411376953,17.423227310180664,0.9967156179725016,0.2087393230244512,37.28950500488281,34.437095642089844,0.9235063763270801,11.986348152160645,10.603837966918945,0.884659600431138,0.0388467758959421
Glossodoris hikuerensis,Glossodoris_hikuerensis_img10,processed_data/automated_image_analysis/scaled_images/sam_scaled_ring120_final/Glossodoris_hikuerensis/Glossodoris_hikuerensis_img10_sam_scaled_ring120_final_scaled_image.png,processed_data/automated_image_analysis/masks/sam_scaled_ring120_final/Glossodoris_hikuerensis/Glossodoris_hikuerensis_img10_sam_scaled_ring120_final_animal_mask.png,processed_data/automated_image_analysis/background_rings/sam_scaled_ring120_final/Glossodoris_hikuerensis/Glossodoris_hikuerensis_img10_sam_scaled_ring120_final_background_ring120.png,1080,1440,269366,304009,1555200,0.1732034465020576,0.19547903806584363,121.22568549854101,75.05274185961599,46.17294363892502,137.19254471611117,79.45712133522363,57.73542338088754,116.42696182888709,47.51182366311524,68.91513816577185,130.04736306735074,74.49662345522665,55.55073961212409,55.55073961212409,70.48288945152692,133.0176639507383,-62.53477449921138,62.53477449921138,138.7575120839304,82.92892315688023,55.82858892705018,55.82858892705018,54.44755554199219,31.9234619140625,22.524093627929688,-9.247384071350098,-6.685110092163086,-2.5622739791870117,9.532702445983887,17.394241333007812,-7.861538887023926,23.993829110343164,54.66737000424067,59.43795984132567,62.29953992049757,57.70343731644631,46.96477127052173,58.372943475880206,43.254278857027764,62.98226066714289,44.97124879958417,0.23549952314186814,0.08055416033081735,53.275299072265625,46.73043441772461,0.8771501095533374,25.213529586791992,25.742307662963867,1.020971997369574,0.1438218878162365,13.839374542236328,7.480780124664307,0.5405432233829459,13.200688362121582,8.110200881958008,0.6143771187894748,0.07383389540652885
Glossodoris hikuerensis,Glossodoris_hikuerensis_img02,processed_data/automated_image_analysis/scaled_images/sam_scaled_ring120_final/Glossodoris_hikuerensis/Glossodoris_hikuerensis_img02_sam_scaled_ring120_final_scaled_image.png,processed_data/automated_image_analysis/masks/sam_scaled_ring120_final/Glossodoris_hikuerensis/Glossodoris_hikuerensis_img02_sam_scaled_ring120_final_animal_mask.png,processed_data/automated_image_analysis/background_rings/sam_scaled_ring120_final/Glossodoris_hikuerensis/Glossodoris_hikuerensis_img02_sam_scaled_ring120_final_background_ring120.png,1300,907,298129,367693,1179100,0.25284454244762955,0.3118420829446188,144.34339832756962,88.7743905921516,55.56900773541801,121.47586447477434,76.02862714275224,45.4472373320221,100.08574811574856,58.565085546910055,41.5206625688385,125.87754965132544,77.83235742861572,48.045192222709716,48.045192222709716,93.55364624038587,95.5281607210363,-1.9745144806504271,1.9745144806504271,145.5390049273972,89.20275066427699,56.33625426312021,56.33625426312021,51.95001220703125,31.934499740600586,20.015512466430664,6.781509876251221,2.612069606781006,4.169440269470215,15.544556617736816,12.196609497070312,3.347947120666504,20.717473817463855,51.32199796825241,55.90547004725212,64.61532027191559,54.35258924936929,68.6366457254709,51.40917123049943,57.034615065588135,43.53983030077792,62.37178214176604,0.15832595445885,0.047508120438475236,35.15586853027344,29.243915557861328,0.831835957421413,14.626714706420898,24.16423988342285,1.6520620227052851,0.8202260652838721,31.44297981262207,35.20589065551758,1.119674116935475,14.3440580368042,24.398672103881836,1.7009602192963356,0.5812861023608606
Glossodoris hikuerensis,Glossodoris_hikuerensis_img03,processed_data/automated_image_analysis/scaled_images/sam_scaled_ring120_final/Glossodoris_hikuerensis/Glossodoris_hikuerensis_img03_sam_scaled_ring120_final_scaled_image.png,processed_data/automated_image_analysis/masks/sam_scaled_ring120_final/Glossodoris_hikuerensis/Glossodoris_hikuerensis_img03_sam_scaled_ring120_final_animal_mask.png,processed_data/automated_image_analysis/background_rings/sam_scaled_ring120_final/Glossodoris_hikuerensis/Glossodoris_hikuerensis_img03_sam_scaled_ring120_final_background_ring120.png,1686,1125,477067,383364,1896750,0.25151812310531174,0.20211625148279952,183.59005758101063,86.11546206738244,97.47459551362819,155.94098522848992,70.33068311056854,85.61030211792138,122.9078158833036,45.86143195500882,77.04638392829477,160.44324172495686,72.2637415093749,88.17950021558197,88.17950021558197,86.54472222979162,123.26761250404316,-36.72289027425154,36.72289027425154,184.17197165178058,87.25327886812534,96.91869278365525,96.91869278365525,65.66889953613281,30.22786521911621,35.4410343170166,5.923069477081299,2.9593799114227295,2.9636895656585693,21.387731552124023,16.92197608947754,4.465755462646484,35.84401402122394,44.43675947400015,43.475094170929104,46.36161812898025,42.62180740339876,44.69631036996053,44.050382386781116,39.91115415910221,36.22441850356329,49.362253764631774,0.13097179246857626,0.010134562494190466,27.141883850097656,20.161317825317383,0.7428120294326896,11.750683784484863,11.199756622314453,0.9531153103704626,0.21030328093777295,22.214876174926758,19.381481170654297,0.8724550620061332,9.239798545837402,8.377470970153809,0.9066724700321439,0.0342174080260107
Glossodoris hikuerensis,Glossodoris_hikuerensis_img04,processed_data/automated_image_analysis/scaled_images/sam_scaled_ring120_final/Glossodoris_hikuerensis/Glossodoris_hikuerensis_img04_sam_scaled_ring120_final_scaled_image.png,processed_data/automated_image_analysis/masks/sam_scaled_ring120_final/Glossodoris_hikuerensis/Glossodoris_hikuerensis_img04_sam_scaled_ring120_final_animal_mask.png,processed_data/automated_image_analysis/background_rings/sam_scaled_ring120_final/Glossodoris_hikuerensis/Glossodoris_hikuerensis_img04_sam_scaled_ring120_final_background_ring120.png,1569,1177,476210,390385,1846713,0.2578689812656325,0.2113945155527686,194.34812162701328,144.6451631082137,49.70295851879959,204.27516851809077,133.8321656825954,70.44300283549538,192.6307679385145,102.17449697093895,90.45627096757556,199.97956783771866,133.45644427936523,66.52312355835343,66.52312355835343,42.936551101404845,76.94157818563725,-34.00502708423241,34.00502708423241,211.62007517691774,146.21261318954365,65.40746198737409,65.40746198737409,80.86150360107422,55.206077575683594,25.655426025390625,-4.765878200531006,-0.4148061275482178,-4.351072072982788,5.032556056976318,18.26861000061035,-13.236053943634033,29.19461999628307,35.18423820844668,40.891589477257256,53.01381494334828,38.9895283479228,32.836043895927574,37.28670065842327,55.099650532353564,45.68210297538016,58.43470274952241,0.18007754504769127,0.1282402077588284,35.55863571166992,32.05791091918945,0.9015506438192292,29.047090530395508,27.390350341796875,0.9429636442636145,0.04141300044438523,17.16960906982422,12.488492965698242,0.7273603560168944,15.840010643005371,12.75406265258789,0.8051801820107884,0.07781982599389403
Glossodoris hikuerensis,Glossodoris_hikuerensis_img05,processed_data/automated_image_analysis/scaled_images/sam_scaled_ring120_final/Glossodoris_hikuerensis/Glossodoris_hikuerensis_img05_sam_scaled_ring120_final_scaled_image.png,processed_data/automated_image_analysis/masks/sam_scaled_ring120_final/Glossodoris_hikuerensis/Glossodoris_hikuerensis_img05_sam_scaled_ring120_final_animal_mask.png,processed_data/automated_image_analysis/background_rings/sam_scaled_ring120_final/Glossodoris_hikuerensis/Glossodoris_hikuerensis_img05_sam_scaled_ring120_final_background_ring120.png,2048,1366,454180,366680,2797568,0.1623481538250366,0.13107098737188871,182.23896692941125,75.26080506163412,106.97816186777713,157.91654189968736,66.98574779098942,90.93079410869794,147.23526795543617,57.87019744736555,89.36507050807063,163.9782949491391,68.41711301407221,95.56118193506688,95.56118193506688,58.740578625214674,59.54443929311661,-0.8038606679019367,0.8038606679019367,183.8873816548505,75.45096814661285,108.43641350823764,108.43641350823764,66.4358901977539,28.40166664123535,38.034223556518555,8.010980606079102,1.9298337697982788,6.081146836280823,9.424158096313477,6.710148334503174,2.7140097618103027,38.61280043429693,47.74058816962023,53.494166812424076,58.97692774134668,51.35834951828177,45.555690422675966,47.369818007149206,32.00085183904233,28.336719429012565,34.70169989351981,0.25483147977488885,0.06893015836846303,50.4550895690918,37.46138000488281,0.7424697949170072,24.513694763183594,22.248830795288086,0.907608216967071,0.1651384220500638,31.37162208557129,24.501873016357422,0.7810202784390463,11.041211128234863,9.680207252502441,0.8767341861390524,0.0957139077000061
Glossodoris hikuerensis,Glossodoris_hikuerensis_img06,processed_data/automated_image_analysis/scaled_images/sam_scaled_ring120_final/Glossodoris_hikuerensis/Glossodoris_hikuerensis_img06_sam_scaled_ring120_final_scaled_image.png,processed_data/automated_image_analysis/masks/sam_scaled_ring120_final/Glossodoris_hikuerensis/Glossodoris_hikuerensis_img06_sam_scaled_ring120_final_animal_mask.png,processed_data/automated_image_analysis/background_rings/sam_scaled_ring120_final/Glossodoris_hikuerensis/Glossodoris_hikuerensis_img06_sam_scaled_ring120_final_background_ring120.png,1255,821,285911,360645,1030355,0.2774878561272571,0.35002013869006315,129.59533211383962,62.53036365400879,67.06496845983082,122.93973299383374,62.63229491605318,60.30743807778056,113.04636407833206,44.57506689403707,68.471297184295,123.8050127487225,60.542968847481596,63.26204390124091,63.26204390124091,62.41035497060274,110.58968514744416,-48.17933017684142,48.17933017684142,134.4568029911406,65.85320467495737,68.60359831618322,68.60359831618322,51.13013458251953,25.46060562133789,25.66952896118164,1.3922159671783447,-3.110806941986084,4.503022909164429,6.533482551574707,10.408380508422852,-3.8748979568481445,26.347993596958926,49.24157790920989,53.705119102118395,53.360453209302364,51.62464686637655,54.764319350209995,49.7980331558545,42.338565096412985,69.35850424639445,43.622392203437755,0.23944791764088028,0.02723171683872647,46.26718521118164,36.76710891723633,0.7946692401843072,13.010591506958008,16.589035034179688,1.2750408023576747,0.4803715621733675,25.576032638549805,19.09380340576172,0.7465506349480622,11.39513111114502,12.881612777709961,1.1304488427615447,0.3838982078134825
Glossodoris hikuerensis,Glossodoris_hikuerensis_img07,processed_data/automated_image_analysis/scaled_images/sam_scaled_ring120_final/Glossodoris_hikuerensis/Glossodoris_hikuerensis_img07_sam_scaled_ring120_final_scaled_image.png,processed_data/automated_image_analysis/masks/sam_scaled_ring120_final/Glossodoris_hikuerensis/Glossodoris_hikuerensis_img07_sam_scaled_ring120_final_animal_mask.png,processed_data/automated_image_analysis/background_rings/sam_scaled_ring120_final/Glossodoris_hikuerensis/Glossodoris_hikuerensis_img07_sam_scaled_ring120_final_background_ring120.png,1984,1488,467017,406095,2952192,0.15819330179066945,0.13755711010665972,6.61588978559667,9.425841244043882,-2.8099514584472125,126.98699619071682,148.59840923921743,-21.61141304850061,137.13210011626987,150.8751868405176,-13.743086724247746,92.15018082853516,107.24456100173605,-15.09438017320089,15.09438017320089,244.06586269878827,241.65371403243083,2.4121486663574387,2.4121486663574387,137.24119036351996,152.61758455533803,-15.376394191818065,15.376394191818065,47.70074462890625,55.017234802246094,-7.316490173339844,-24.55458641052246,-30.48191261291504,5.927326202392578,-13.77981948852539,-10.561784744262695,-3.2180347442626953,9.950877950283079,8.928927877122502,44.57342960245583,44.45954050043104,32.91724837976834,10.317069867756068,44.49784734403914,39.44731074150809,14.18490485397849,51.085250376838914,0.13694408325329047,0.14783916884185622,37.07406997680664,26.991487503051758,0.7280422009220326,36.86829376220703,27.000959396362305,0.7323625978059354,0.004320396883902733,23.84713363647461,14.243671417236328,0.5972907115113568,22.59693717956543,13.942422866821289,0.6170049841723471,0.01971427266099024
Glossodoris hikuerensis,Glossodoris_hikuerensis_img08,processed_data/automated_image_analysis/scaled_images/sam_scaled_ring120_final/Glossodoris_hikuerensis/Glossodoris_hikuerensis_img08_sam_scaled_ring120_final_scaled_image.png,processed_data/automated_image_analysis/masks/sam_scaled_ring120_final/Glossodoris_hikuerensis/Glossodoris_hikuerensis_img08_sam_scaled_ring120_final_animal_mask.png,processed_data/automated_image_analysis/background_rings/sam_scaled_ring120_final/Glossodoris_hikuerensis/Glossodoris_hikuerensis_img08_sam_scaled_ring120_final_background_ring120.png,1478,1109,336541,377103,1639102,0.20532035224165426,0.23006682927603042,154.79484223319002,49.271008186092395,105.52383404709764,116.89172493098908,28.638496644152923,88.25322828683616,101.49630802784802,18.653118643977905,82.84318938387011,126.46667122282278,33.66987799089373,92.79679323192906,92.79679323192906,93.96785235677079,162.94525633580216,-68.97740397903137,68.97740397903137,154.88252842892842,49.32520292864284,105.55732550028559,105.55732550028559,52.09209060668945,12.991399765014648,39.100690841674805,13.105056762695312,8.271533012390137,4.833523750305176,14.643291473388672,9.657975196838379,4.985316276550293,39.71247102004902,40.65968849910628,41.87408041905152,41.9425708094166,40.854942438583585,39.959607154121294,40.54120537774677,20.988484269277127,30.74303263949067,28.127751910629325,0.1665078906119219,0.03023119111392082,31.753463745117188,23.2025146484375,0.7307081468239952,14.864246368408203,15.43251895904541,1.0382308377130365,0.3075226908890413,17.43634033203125,15.235066413879395,0.8737536732918646,11.4273681640625,9.687003135681152,0.8477020252261972,0.0260516480656674
Glossodoris hikuerensis,Glossodoris_hikuerensis_img09,processed_data/automated_image_analysis/scaled_images/sam_scaled_ring120_final/Glossodoris_hikuerensis/Glossodoris_hikuerensis_img09_sam_scaled_ring120_final_scaled_image.png,processed_data/automated_image_analysis/masks/sam_scaled_ring120_final/Glossodoris_hikuerensis/Glossodoris_hikuerensis_img09_sam_scaled_ring120_final_animal_mask.png,processed_data/automated_image_analysis/background_rings/sam_scaled_ring120_final/Glossodoris_hikuerensis/Glossodoris_hikuerensis_img09_sam_scaled_ring120_final_background_ring120.png,1503,1127,320087,396688,1693881,0.18896663933298738,0.23418882436251426,109.82172034478127,100.02834469406687,9.793375650714395,125.89021734715874,110.82941757754205,15.060799769616693,118.0391143657818,77.3319434921147,40.707170873667096,120.19119801803885,103.78050004033396,16.410697977704885,16.410697977704885,65.89822454520177,92.67497378292259,-26.77674923772082,26.77674923772082,131.47763889192626,111.8915671762191,19.586071715707163,19.586071715707163,50.652503967285156,44.399967193603516,6.252536773681641,-6.5332489013671875,-9.93388843536377,3.400639533996582,2.681201934814453,17.349348068237305,-14.668146133422852,16.30377491067236,45.85701487183244,50.340036435389685,53.4844817732315,48.170334735232025,42.036841434988524,49.36518021249435,41.973196203916736,40.51108562602985,43.10433756021494,0.25938940442747455,0.126460856790701,49.80057907104492,37.12942123413086,0.7455620381675173,28.689945220947266,23.56385612487793,0.8213280277605185,0.07576598959300118,24.81301498413086,14.968526840209961,0.6032530448147099,20.684022903442383,15.01093864440918,0.7257262629462159,0.12247321813150602
Goniobranchus collingwoodi,Goniobranchus_collingwoodi_img01,processed_data/automated_image_analysis/scaled_images/sam_scaled_ring120_final/Goniobranchus_collingwoodi/Goniobranchus_collingwoodi_img01_sam_scaled_ring120_final_scaled_image.png,processed_data/automated_image_analysis/masks/sam_scaled_ring120_final/Goniobranchus_collingwoodi/Goniobranchus_collingwoodi_img01_sam_scaled_ring120_final_animal_mask.png,processed_data/automated_image_analysis/background_rings/sam_scaled_ring120_final/Goniobranchus_collingwoodi/Goniobranchus_collingwoodi_img01_sam_scaled_ring120_final_background_ring120.png,1170,877,482576,370497,1026090,0.4703057236694637,0.3610765137561033,169.85914135804515,43.933575710464595,125.92556564758056,139.00163083120586,43.68008917751021,95.32154165369565,139.715257285899,42.070364942226256,97.64489234367275,148.31099350154173,43.57436902323096,104.73662447831077,104.73662447831077,98.92770257949007,73.31469620536738,25.61300637412269,25.61300637412269,185.27309688007693,49.87967243999277,135.39342444008417,135.39342444008417,60.93671417236328,17.621387481689453,43.31532669067383,14.296415328979492,0.2073080986738205,14.089107230305672,5.33870792388916,1.106465220451355,4.232242703437805,45.745298634588174,53.394038594465314,67.23839397269369,68.69561919811179,58.27745661800445,64.38907695750737,50.98533289541625,28.69388077445757,48.06980350754661,31.2449216132676,0.05097388617309592,0.009579092808519242,20.91405487060547,31.56979751586914,1.5095015151863367,9.287646293640137,12.246068000793457,1.3185329860353474,0.19096852915098927,29.5169620513916,32.33032989501953,1.0953135976097272,9.872642517089844,10.56059455871582,1.069682665044856,0.025630932564871145
Goniobranchus collingwoodi,Goniobranchus_collingwoodi_img10,processed_data/automated_image_analysis/scaled_images/sam_scaled_ring120_final/Goniobranchus_collingwoodi/Goniobranchus_collingwoodi_img10_sam_scaled_ring120_final_scaled_image.png,processed_data/automated_image_analysis/masks/sam_scaled_ring120_final/Goniobranchus_collingwoodi/Goniobranchus_collingwoodi_img10_sam_scaled_ring120_final_animal_mask.png,processed_data/automated_image_analysis/background_rings/sam_scaled_ring120_final/Goniobranchus_collingwoodi/Goniobranchus_collingwoodi_img10_sam_scaled_ring120_final_background_ring120.png,700,1050,191262,271672,735000,0.2602204081632653,0.369621768707483,179.06722715437462,44.71362525398274,134.35360190039188,126.21485710700505,25.91400291528019,100.30085419172485,97.18586546203638,26.31506743425896,70.87079802777741,138.71086781482992,31.599218911039785,107.11164890379014,107.11164890379014,134.61178906421557,130.2547630966754,4.3570259675401815,4.3570259675401815,183.9142642030304,44.93584543125534,138.97841877177507,138.97841877177507,58.077945709228516,12.01144027709961,46.066505432128906,19.085124969482422,8.397611618041992,10.68751335144043,24.325151443481445,3.2556302547454834,21.069521188735962,51.7713297828844,53.70129758979954,73.42407396791923,71.84658442860588,62.16813156960541,76.10763952496943,51.70339022361385,27.79064739931266,43.14057029337652,33.62735290681267,0.08175184834938101,0.03198956886969164,24.920469284057617,28.550363540649414,1.1456591453080682,14.670828819274902,17.591413497924805,1.1990742796216642,0.05341513431359601,31.029666900634766,32.56694793701172,1.0495422990294976,9.080307006835938,9.824307441711426,1.081935603533601,0.03239330450410338
Goniobranchus collingwoodi,Goniobranchus_collingwoodi_img02,processed_data/automated_image_analysis/scaled_images/sam_scaled_ring120_final/Goniobranchus_collingwoodi/Goniobranchus_collingwoodi_img02_sam_scaled_ring120_final_scaled_image.png,processed_data/automated_image_analysis/masks/sam_scaled_ring120_final/Goniobranchus_collingwoodi/Goniobranchus_collingwoodi_img02_sam_scaled_ring120_final_animal_mask.png,processed_data/automated_image_analysis/background_rings/sam_scaled_ring120_final/Goniobranchus_collingwoodi/Goniobranchus_collingwoodi_img02_sam_scaled_ring120_final_background_ring120.png,1558,1169,588732,415751,1821302,0.3232478743228745,0.2282713135987332,180.95593750636962,79.28255133481339,101.67338617155623,167.28327999836938,58.61899309923488,108.66428689913451,166.701456689971,48.76951588811572,117.93194080185528,171.3069987702384,63.676489052341424,107.63050971789698,107.63050971789698,77.0372308622599,108.85619998508723,-31.818969122827326,31.818969122827326,201.4980704293295,79.97692128220979,121.5211491471197,121.5211491471197,69.71955871582031,26.35940933227539,43.36014938354492,7.263853549957275,7.7698235511779785,-0.5059700012207031,3.0569040775299072,9.535592079162598,-6.47868800163269,43.84440623874345,47.34227599889077,60.67620392861132,62.987225132314265,52.56654774736463,52.73048460624169,43.509576744226365,30.517522482874515,55.038844963723925,35.31596482951643,0.03206207944058163,0.03727786854342089,13.23058032989502,20.46508026123047,1.5468014063592366,16.367015838623047,18.109699249267578,1.1064753298846408,0.44032607647459576,19.053119659423828,20.976383209228516,1.1009421860662816,14.726295471191406,11.639213562011719,0.7903694167199857,0.31057276934629585
Goniobranchus collingwoodi,Goniobranchus_collingwoodi_img03,processed_data/automated_image_analysis/scaled_images/sam_scaled_ring120_final/Goniobranchus_collingwoodi/Goniobranchus_collingwoodi_img03_sam_scaled_ring120_final_scaled_image.png,processed_data/automated_image_analysis/masks/sam_scaled_ring120_final/Goniobranchus_collingwoodi/Goniobranchus_collingwoodi_img03_sam_scaled_ring120_final_animal_mask.png,processed_data/automated_image_analysis/background_rings/sam_scaled_ring120_final/Goniobranchus_collingwoodi/Goniobranchus_collingwoodi_img03_sam_scaled_ring120_final_background_ring120.png,1410,1058,401022,391589,1491780,0.268821139846358,0.2624978213945756,74.69800409952572,18.7980637862657,55.89994031326002,162.8909610944038,72.57030457954642,90.32065651485738,174.52264214930852,98.31083355252574,76.21180859678279,137.8454872799996,59.42221563935657,78.42327164064301,78.42327164064301,162.1832268553845,211.98590614138803,-49.802679286003524,49.802679286003524,177.84096383739546,98.42445523239928,79.41650860499618,79.41650860499618,61.62002944946289,28.10236930847168,33.51766014099121,-21.41777229309082,-6.305956840515137,-15.111815452575684,-13.685441970825195,-18.450660705566406,4.765218734741211,37.07435524981688,51.91464288073855,59.54952321670386,64.15044987226622,56.63970752082828,47.88057532222964,61.28326682920767,46.81270784944795,31.34500043282386,69.35101699939966,0.0958743482131502,0.01481607947436797,24.043289184570312,28.23725700378418,1.1744340296794886,11.85020923614502,13.153077125549316,1.1099447160333966,0.064489313646092,19.75334930419922,19.88164520263672,1.0064948934209463,10.571701049804688,9.491744995117188,0.8978446278796871,0.10865026554125923
Goniobranchus collingwoodi,Goniobranchus_collingwoodi_img04,processed_data/automated_image_analysis/scaled_images/sam_scaled_ring120_final/Goniobranchus_collingwoodi/Goniobranchus_collingwoodi_img04_sam_scaled_ring120_final_scaled_image.png,processed_data/automated_image_analysis/masks/sam_scaled_ring120_final/Goniobranchus_collingwoodi/Goniobranchus_collingwoodi_img04_sam_scaled_ring120_final_animal_mask.png,processed_data/automated_image_analysis/background_rings/sam_scaled_ring120_final/Goniobranchus_collingwoodi/Goniobranchus_collingwoodi_img04_sam_scaled_ring120_final_background_ring120.png,1588,1191,290111,392158,1891308,0.15339172678379195,0.20734750765078983,229.5350469303129,125.81916217442969,103.7158847558832,158.13973616994875,96.76709642542036,61.372639744528385,92.01293642778109,41.973870225776345,50.03906620200474,171.95119109582194,99.21215938473779,72.73903171108415,72.73903171108415,154.47006835314758,181.70293096150021,-27.232862608352633,27.232862608352633,229.63890717690816,125.82663365276241,103.81227352414575,103.81227352414575,71.44615936279297,42.10884475708008,29.33731460571289,20.633777618408203,5.884503364562988,14.749274253845215,44.94771957397461,33.85329818725586,11.09442138671875,34.65985148836906,24.8527801174966,50.0758386156767,55.51400091100359,39.55002751412967,58.13149021537227,24.92370300995652,47.81626265528819,41.59535880271026,49.97705791885073,0.04520896881321586,0.09738829913280561,14.632821083068848,15.253396034240723,1.0424097955991496,24.532047271728516,23.90593719482422,0.97447787092658,0.06793192467256959,23.431102752685547,19.29422950744629,0.8234452177132332,13.018842697143555,8.505108833312988,0.6532922342766367,0.17015298343659646
Goniobranchus collingwoodi,Goniobranchus_collingwoodi_img05,processed_data/automated_image_analysis/scaled_images/sam_scaled_ring120_final/Goniobranchus_collingwoodi/Goniobranchus_collingwoodi_img05_sam_scaled_ring120_final_scaled_image.png,processed_data/automated_image_analysis/masks/sam_scaled_ring120_final/Goniobranchus_collingwoodi/Goniobranchus_collingwoodi_img05_sam_scaled_ring120_final_animal_mask.png,processed_data/automated_image_analysis/background_rings/sam_scaled_ring120_final/Goniobranchus_collingwoodi/Goniobranchus_collingwoodi_img05_sam_scaled_ring120_final_background_ring120.png,1548,1032,452006,387425,1597536,0.2829394767942632,0.24251409670893176,198.04327597421272,133.15080080015485,64.89247517405786,137.8634907501228,99.08910369748983,38.77438705263296,62.849267487599725,41.025486223139964,21.82378126445976,147.3074472462755,102.65660966638704,44.65083757988846,44.65083757988846,180.92601646880794,190.8865328773311,-9.960516408523148,9.960516408523148,198.0747777684367,133.1692250112925,64.90555275714419,64.90555275714419,62.063106536865234,43.603145599365234,18.4599609375,16.979936599731445,7.825130462646484,9.154806137084961,46.07724380493164,35.74265670776367,10.334587097167969,23.05177484903462,51.23276856227661,61.377221766279064,59.508374528010755,54.656428641636005,64.71023876438788,51.25001370878289,52.40802364345375,50.11373119252853,56.2113019414046,0.04238810809350331,0.014588644951245412,15.970637321472168,18.014841079711914,1.1279976319724798,10.603915214538574,12.56743049621582,1.1851688967660883,0.057171264793608456,24.94875717163086,24.388530731201172,0.9775449159019945,11.192693710327148,10.656639099121094,0.9521067381026023,0.02543817779939228
Goniobranchus collingwoodi,Goniobranchus_collingwoodi_img06,processed_data/automated_image_analysis/scaled_images/sam_scaled_ring120_final/Goniobranchus_collingwoodi/Goniobranchus_collingwoodi_img06_sam_scaled_ring120_final_scaled_image.png,processed_data/automated_image_analysis/masks/sam_scaled_ring120_final/Goniobranchus_collingwoodi/Goniobranchus_collingwoodi_img06_sam_scaled_ring120_final_animal_mask.png,processed_data/automated_image_analysis/background_rings/sam_scaled_ring120_final/Goniobranchus_collingwoodi/Goniobranchus_collingwoodi_img06_sam_scaled_ring120_final_background_ring120.png,776,1163,264228,326076,902488,0.2927773000859845,0.3613078511847249,107.55980819595199,38.57226229467977,68.98754590127223,105.87747702741572,36.97096995792392,68.9065070694918,81.76182312245486,22.524589359535813,59.23723376291905,103.63148492968195,35.80290177749973,67.82858315218222,67.82858315218222,112.5256180268556,156.4950625007667,-43.969444473911096,43.969444473911096,123.24025084396808,44.404660263251515,78.83559058071657,78.83559058071657,44.37244415283203,14.451874732971191,29.92056941986084,-1.3569731712341309,-1.4342366456985474,0.0772634744644165,14.473580360412598,8.592540740966797,5.881039619445801,30.493164333317214,35.29759188351918,49.837507942105496,51.80898339972684,41.99512608311127,62.776081712448594,39.916514715595305,27.545252526671668,55.82538324390296,29.460854317027124,0.06539250002939781,0.015746082764162315,25.526187896728516,37.53092956542969,1.4702912051446477,10.239731788635254,13.792618751525879,1.3469707055055737,0.12332049963907399,29.40966796875,31.3286075592041,1.065248597586791,9.49600601196289,8.880205154418945,0.9351515935469954,0.13009700403979552
Goniobranchus collingwoodi,Goniobranchus_collingwoodi_img07,processed_data/automated_image_analysis/scaled_images/sam_scaled_ring120_final/Goniobranchus_collingwoodi/Goniobranchus_collingwoodi_img07_sam_scaled_ring120_final_scaled_image.png,processed_data/automated_image_analysis/masks/sam_scaled_ring120_final/Goniobranchus_collingwoodi/Goniobranchus_collingwoodi_img07_sam_scaled_ring120_final_animal_mask.png,processed_data/automated_image_analysis/background_rings/sam_scaled_ring120_final/Goniobranchus_collingwoodi/Goniobranchus_collingwoodi_img07_sam_scaled_ring120_final_background_ring120.png,952,787,194771,264480,749224,0.25996364238198455,0.3530052427578401,188.8555893844566,94.21935496067755,94.63623442377906,138.48091861724794,76.25047262552934,62.2304459917186,118.46922283091425,58.760662431941924,59.708560398972324,151.2704406713525,79.6314466122202,71.6389940591323,71.6389940591323,109.51021969389693,132.98777601330914,-23.477556319412216,23.477556319412216,189.3081362215114,95.88520114942528,93.42293507208612,93.42293507208612,61.619205474853516,33.004051208496094,28.615154266357422,17.584766387939453,5.239245891571045,12.345520496368408,19.46404457092285,12.651152610778809,6.812891960144043,31.900696338391757,59.334973537384315,64.55124855767335,69.67138100087458,61.55696587710623,61.07384188269269,59.533345152750094,55.65913777934276,73.07371234599242,60.51108265439254,0.047400313259747175,0.019272606886114263,14.961256980895996,16.70314598083496,1.1164266479857394,11.697087287902832,13.976009368896484,1.1948281674661454,0.07840151948040597,17.240711212158203,14.88753604888916,0.8635105516059235,9.326600074768066,7.702935695648193,0.8259103675397758,0.037600184066147735
Goniobranchus collingwoodi,Goniobranchus_collingwoodi_img08,processed_data/automated_image_analysis/scaled_images/sam_scaled_ring120_final/Goniobranchus_collingwoodi/Goniobranchus_collingwoodi_img08_sam_scaled_ring120_final_scaled_image.png,processed_data/automated_image_analysis/masks/sam_scaled_ring120_final/Goniobranchus_collingwoodi/Goniobranchus_collingwoodi_img08_sam_scaled_ring120_final_animal_mask.png,processed_data/automated_image_analysis/background_rings/sam_scaled_ring120_final/Goniobranchus_collingwoodi/Goniobranchus_collingwoodi_img08_sam_scaled_ring120_final_background_ring120.png,1192,840,94955,215112,1001280,0.0948336129753915,0.21483700862895494,164.06750566057607,55.22195414481758,108.8455515157585,171.7936917487231,56.66984175685224,115.12384999187086,138.58265494181455,39.86449849380788,98.71815644800668,165.69985782739192,54.32381736025884,111.37604046713308,111.37604046713308,73.2682533831815,99.90863364200975,-26.640380258828245,26.640380258828245,178.98693065136118,59.89320447022946,119.09372618113171,119.09372618113171,68.35860443115234,22.67165184020996,45.68695259094238,-7.483007907867432,-3.678922414779663,-3.8040854930877686,16.19019317626953,9.805870056152344,6.3843231201171875,46.28745278353304,53.91417180112936,53.920345694947514,56.83848581623601,52.385665129838515,38.05293794919734,52.228527054581704,33.956759779286,36.48661606751801,35.47263164721894,0.03900418565511513,0.0726119960058555,18.128522872924805,15.528861045837402,0.8565982542918578,21.9294376373291,19.258684158325195,0.8782114925529303,0.02161323826107253,16.374595642089844,12.575013160705566,0.7679586986796978,8.111212730407715,6.862754821777344,0.84608246015419,0.07812376147449218
Goniobranchus collingwoodi,Goniobranchus_collingwoodi_img09,processed_data/automated_image_analysis/scaled_images/sam_scaled_ring120_final/Goniobranchus_collingwoodi/Goniobranchus_collingwoodi_img09_sam_scaled_ring120_final_scaled_image.png,processed_data/automated_image_analysis/masks/sam_scaled_ring120_final/Goniobranchus_collingwoodi/Goniobranchus_collingwoodi_img09_sam_scaled_ring120_final_animal_mask.png,processed_data/automated_image_analysis/background_rings/sam_scaled_ring120_final/Goniobranchus_collingwoodi/Goniobranchus_collingwoodi_img09_sam_scaled_ring120_final_background_ring120.png,1807,1355,497328,412553,2448485,0.2031166210942685,0.16849317026651175,183.51151754978605,108.7779412584565,74.73357629132956,171.34732409999035,104.96804289388272,66.37928120610762,122.38445653572693,60.893380971656974,61.49107556406995,169.40435085094745,101.08188766049453,68.32246319045292,68.32246319045292,98.09252445066436,133.85660751467086,-35.7640830640065,35.7640830640065,189.3822085223434,111.66022062619832,77.72198789614508,77.72198789614508,69.79509735107422,42.7059211730957,27.089176177978516,-1.645799994468689,-4.536749362945557,2.8909493684768677,26.330923080444336,24.328142166137695,2.0027809143066406,27.31651854910077,49.898713000505495,51.730824199804545,60.63756140116908,48.97994158272891,58.00626842858227,48.26047267295004,54.83422688243036,56.98392637660435,54.93857790434441,0.02321581061259178,0.008798358719052064,11.090262413024902,14.463357925415039,1.3041492966323882,8.992277145385742,13.170209884643555,1.4646134312487975,0.1604641346164093,20.156991958618164,22.5339412689209,1.1179218265891337,10.797724723815918,11.048157691955566,1.0231931239724312,0.09472870261670252
Goniobranchus daphne,Goniobranchus_daphne_img01,processed_data/automated_image_analysis/scaled_images/sam_scaled_ring120_final/Goniobranchus_daphne/Goniobranchus_daphne_img01_sam_scaled_ring120_final_scaled_image.png,processed_data/automated_image_analysis/masks/sam_scaled_ring120_final/Goniobranchus_daphne/Goniobranchus_daphne_img01_sam_scaled_ring120_final_animal_mask.png,processed_data/automated_image_analysis/background_rings/sam_scaled_ring120_final/Goniobranchus_daphne/Goniobranchus_daphne_img01_sam_scaled_ring120_final_background_ring120.png,2048,1536,145276,268487,3145728,0.04618199666341146,0.08534971872965495,190.35040887689638,73.16566910129727,117.18473977559911,183.77015473994328,65.70640291708723,118.06375182285605,144.9297956992208,33.50682155933062,111.42297413989017,181.31040915223437,64.2593868604439,117.05102229179047,117.05102229179047,73.02516589113137,145.40062647353503,-72.37546058240366,72.37546058240366,193.69327349321293,73.54966907150067,120.14360442171225,120.14360442171225,73.83474731445312,27.30603790283203,46.528709411621094,-2.4304633140563965,-1.620802879333496,-0.8096604347229004,20.25111198425293,19.926170349121094,0.32494163513183594,46.536887912674985,47.88429489230003,61.170635875761825,69.42634996138507,56.48101908676724,65.20409399059693,49.21148252211476,31.86319840047022,35.94316335060277,33.942076754440585,0.03010228794483859,0.014306546635297778,12.35515308380127,21.433734893798828,1.73480124029385,12.899931907653809,13.15943431854248,1.0201165721452146,0.7146846681486354,17.927595138549805,25.94199562072754,1.4470426970399575,15.026693344116211,15.317078590393066,1.0193246271569492,0.4277180698830083
Goniobranchus daphne,Goniobranchus_daphne_img10,processed_data/automated_image_analysis/scaled_images/sam_scaled_ring120_final/Goniobranchus_daphne/Goniobranchus_daphne_img10_sam_scaled_ring120_final_scaled_image.png,processed_data/automated_image_analysis/masks/sam_scaled_ring120_final/Goniobranchus_daphne/Goniobranchus_daphne_img10_sam_scaled_ring120_final_animal_mask.png,processed_data/automated_image_analysis/background_rings/sam_scaled_ring120_final/Goniobranchus_daphne/Goniobranchus_daphne_img10_sam_scaled_ring120_final_background_ring120.png,2048,1536,79036,185813,3145728,0.025124867757161457,0.05906836191813151,188.80184978996914,122.27908703911997,66.52276275084917,186.48676552457107,121.14137869793825,65.34538682663282,160.28645174350928,87.43609435292471,72.85035739058456,184.2005162204565,117.63314192225518,66.56737429820133,66.56737429820133,43.80902373601903,75.68983870880939,-31.88081497279036,31.88081497279036,190.52535553418696,123.17477248631688,67.35058304787007,67.35058304787007,74.84014129638672,49.92683029174805,24.913311004638672,-3.445587396621704,-5.3872456550598145,1.9416582584381104,13.727755546569824,18.78018569946289,-5.052430152893066,25.49451220275207,37.32448674414167,42.275883561992494,44.141898130482076,40.80244501178764,23.05516442938827,38.455875656821156,23.495980073390143,13.777934140838077,24.225802649088827,0.011640169790925149,0.0035433868028527074,8.365906715393066,9.89449405670166,1.1827162784992606,9.43535327911377,7.433278560638428,0.7878113665434062,0.3949049119558544,8.258382797241211,6.098449230194092,0.7384556250203532,8.02723217010498,4.728550910949707,0.5890636785814888,0.14939194643886444
Goniobranchus daphne,Goniobranchus_daphne_img02,processed_data/automated_image_analysis/scaled_images/sam_scaled_ring120_final/Goniobranchus_daphne/Goniobranchus_daphne_img02_sam_scaled_ring120_final_scaled_image.png,processed_data/automated_image_analysis/masks/sam_scaled_ring120_final/Goniobranchus_daphne/Goniobranchus_daphne_img02_sam_scaled_ring120_final_animal_mask.png,processed_data/automated_image_analysis/background_rings/sam_scaled_ring120_final/Goniobranchus_daphne/Goniobranchus_daphne_img02_sam_scaled_ring120_final_background_ring120.png,2048,1536,200716,278840,3145728,0.06380589803059895,0.08864084879557292,169.08238007931604,92.67840697174006,76.40397310757598,162.4092000637717,83.25259647109453,79.15660359267716,132.56853962813128,39.486863434227516,93.08167619390376,161.01194722892046,81.08017501075886,79.9317722181616,79.9317722181616,69.3743000059786,148.32414287763592,-78.94984287165732,78.94984287165732,172.8267601984894,92.90697891263807,79.91978128585134,79.91978128585134,66.43912506103516,35.12025451660156,31.318870544433594,-1.2902394533157349,-2.3186213970184326,1.0283819437026978,16.789159774780273,26.337913513183594,-9.54875373840332,32.758325957804914,29.417258054942447,48.33629194683003,55.66465653560979,42.5477909039241,66.62091726369948,31.089563558904068,19.197144955305582,32.72745400134394,19.641199794701905,0.018283970525198506,0.0067220984312611224,10.251794815063477,17.421634674072266,1.6993741084706244,14.198506355285645,10.92892074584961,0.7697232703481607,0.9296508381224637,14.696025848388672,21.28120231628418,1.4480923302552255,18.79515838623047,15.961151123046875,0.8492161010327097,0.5988762292225158
Goniobranchus daphne,Goniobranchus_daphne_img03,processed_data/automated_image_analysis/scaled_images/sam_scaled_ring120_final/Goniobranchus_daphne/Goniobranchus_daphne_img03_sam_scaled_ring120_final_scaled_image.png,processed_data/automated_image_analysis/masks/sam_scaled_ring120_final/Goniobranchus_daphne/Goniobranchus_daphne_img03_sam_scaled_ring120_final_animal_mask.png,processed_data/automated_image_analysis/background_rings/sam_scaled_ring120_final/Goniobranchus_daphne/Goniobranchus_daphne_img03_sam_scaled_ring120_final_background_ring120.png,1513,1891,401230,410809,2861083,0.14023710601894457,0.1435851389141804,154.40443635819855,71.06396646616797,83.34046989203058,147.7744460783092,61.858143322079115,85.9163027562301,141.651309722603,49.63644905540044,92.01486066720256,149.06131146723826,63.21511213240216,85.84619933483609,85.84619933483609,60.72113500984473,78.51940439474306,-17.798269384898333,17.798269384898333,164.17642250081002,71.38788585449686,92.78853664631316,92.78853664631316,61.16621398925781,26.01383399963379,35.15237998962402,3.1501681804656982,1.9067354202270508,1.2434327602386475,3.869100570678711,8.621858596801758,-4.752758026123047,35.4940086890595,43.03238577646424,57.034928452384584,70.0191017814278,52.45785591695488,65.01571751393617,49.0586576185955,37.18038076083981,35.21682938473984,40.03548927675099,0.00587996034267992,0.0031958053149951354,7.935615539550781,9.6351900100708,1.2141704650445087,7.116568088531494,6.9193501472473145,0.9722874932368032,0.24188297180770546,10.852865219116211,11.144834518432617,1.0269025085469718,9.075743675231934,5.660984992980957,0.6237488844500987,0.40315362409687316
Goniobranchus daphne,Goniobranchus_daphne_img04,processed_data/automated_image_analysis/scaled_images/sam_scaled_ring120_final/Goniobranchus_daphne/Goniobranchus_daphne_img04_sam_scaled_ring120_final_scaled_image.png,processed_data/automated_image_analysis/masks/sam_scaled_ring120_final/Goniobranchus_daphne/Goniobranchus_daphne_img04_sam_scaled_ring120_final_animal_mask.png,processed_data/automated_image_analysis/background_rings/sam_scaled_ring120_final/Goniobranchus_daphne/Goniobranchus_daphne_img04_sam_scaled_ring120_final_background_ring120.png,2048,1536,111680,228824,3145728,0.035502115885416664,0.07274119059244792,92.33253044412608,16.606575359228053,75.72595508489803,96.83797457020057,16.386860643988392,80.45111392621217,100.07988001432665,16.90589273852393,83.17398727580272,95.85563216332378,16.529992483305946,79.32563968001783,79.32563968001783,60.267335243553006,55.54244747054505,4.724887773007957,4.724887773007957,107.79082199140402,19.590545572142783,88.20027641926123,88.20027641926123,40.21411895751953,6.145939350128174,34.06817960739136,-0.13404202461242676,0.3167138695716858,-0.45075589418411255,-2.151848793029785,-0.3026886284351349,-1.8491601645946503,34.12130472229838,32.54290641096434,42.69171376667877,51.4971775722538,40.00059425567812,52.334886218804144,44.148318411439575,28.366248435092405,55.384405676850164,34.40141667775173,0.013563376103241119,0.002169751116783663,8.765497207641602,13.766497611999512,1.5705324279834496,3.144312620162964,6.3436808586120605,2.017509587924905,0.4469771599414556,7.742461204528809,12.33435344696045,1.5930791412613987,2.0963666439056396,4.792423248291016,2.2860615828930015,0.6929824416316028
Goniobranchus daphne,Goniobranchus_daphne_img05,processed_data/automated_image_analysis/scaled_images/sam_scaled_ring120_final/Goniobranchus_daphne/Goniobranchus_daphne_img05_sam_scaled_ring120_final_scaled_image.png,processed_data/automated_image_analysis/masks/sam_scaled_ring120_final/Goniobranchus_daphne/Goniobranchus_daphne_img05_sam_scaled_ring120_final_animal_mask.png,processed_data/automated_image_analysis/background_rings/sam_scaled_ring120_final/Goniobranchus_daphne/Goniobranchus_daphne_img05_sam_scaled_ring120_final_background_ring120.png,2048,1535,234052,318335,3143680,0.07445159812703583,0.10126189688517916,186.32468853075386,57.33931864231077,128.98536988844307,204.770345906038,63.51952188731996,141.25082401871802,154.3079913865295,26.801256537923884,127.50673484860562,193.50255498778048,57.47965193899508,136.0229030487854,136.0229030487854,74.17573445217302,176.6519704085319,-102.47623595635888,102.47623595635888,209.91800112795448,65.09435657404936,144.82364455390513,144.82364455390513,79.67167663574219,24.7830753326416,54.888601303100586,-13.635112762451172,-8.036493301391602,-5.59861946105957,22.849905014038086,19.285663604736328,3.564241409301758,55.28839760478026,28.228483490548587,43.16013599748218,55.778508465338206,38.1329574072158,55.037428084815815,33.5517736649391,45.67704474484116,58.773351120714736,48.103184782645364,0.0323720865122139,0.08062093631279797,15.0408353805542,13.630569458007812,0.9062375269149163,25.502931594848633,16.41364097595215,0.6435982041871436,0.2626393227277727,10.482316970825195,11.02743148803711,1.052003246870811,13.47516918182373,10.127957344055176,0.7516014980885352,0.30040174878227577
Goniobranchus daphne,Goniobranchus_daphne_img06,processed_data/automated_image_analysis/scaled_images/sam_scaled_ring120_final/Goniobranchus_daphne/Goniobranchus_daphne_img06_sam_scaled_ring120_final_scaled_image.png,processed_data/automated_image_analysis/masks/sam_scaled_ring120_final/Goniobranchus_daphne/Goniobranchus_daphne_img06_sam_scaled_ring120_final_animal_mask.png,processed_data/automated_image_analysis/background_rings/sam_scaled_ring120_final/Goniobranchus_daphne/Goniobranchus_daphne_img06_sam_scaled_ring120_final_background_ring120.png,2048,1536,152456,247907,3145728,0.048464457194010414,0.07880751291910808,178.69382641549038,116.76955471204927,61.92427170344111,178.99621530146402,109.97159015275889,69.02462514870513,190.45613816445402,105.89557777715031,84.56056038730371,180.2222870861101,111.5370239646319,68.6852631214782,68.6852631214782,42.11159941228945,30.37276478679505,11.738834625494402,11.738834625494402,199.06766542477828,117.45078194645573,81.61688347832255,81.61688347832255,72.89816284179688,46.50129318237305,26.396869659423828,2.7955517768859863,2.043996810913086,0.7515549659729004,-5.338129043579102,3.343512773513794,-8.681641817092896,27.798029918031688,32.43725000347745,46.30638274766277,55.79135877783941,42.62389885853198,31.160483611233783,42.719802537668194,31.70124495343198,24.03528530658405,30.581108059983624,0.008419304310251702,0.015455989617350487,6.218108654022217,9.882423400878906,1.5892973170364928,14.59436321258545,11.639769554138184,0.797552410104514,0.7917449069319787,7.111265659332275,9.161576271057129,1.288318663645224,5.843095302581787,3.233414888381958,0.5533736351952475,0.7349450284499764
Goniobranchus daphne,Goniobranchus_daphne_img07,processed_data/automated_image_analysis/scaled_images/sam_scaled_ring120_final/Goniobranchus_daphne/Goniobranchus_daphne_img07_sam_scaled_ring120_final_scaled_image.png,processed_data/automated_image_analysis/masks/sam_scaled_ring120_final/Goniobranchus_daphne/Goniobranchus_daphne_img07_sam_scaled_ring120_final_animal_mask.png,processed_data/automated_image_analysis/background_rings/sam_scaled_ring120_final/Goniobranchus_daphne/Goniobranchus_daphne_img07_sam_scaled_ring120_final_background_ring120.png,2048,1436,294820,332813,2940928,0.10024726888927576,0.11316598026201254,178.9061020283563,104.50582158749809,74.4002804408582,182.5398141238722,105.1181173812321,77.4216967426401,169.57938063903399,93.18462620150055,76.39475443753344,179.96958483142257,103.5861880395297,76.38339679189286,76.38339679189286,30.48811478190082,39.10053994285079,-8.612425160949968,8.612425160949968,186.6068211111865,107.72865242643766,78.87816868474883,78.87816868474883,73.33991241455078,43.707942962646484,29.631969451904297,-2.957690715789795,-2.3440654277801514,-0.6136252880096436,6.052326202392578,6.668696880340576,-0.616370677947998,29.644730769654636,35.35875012364156,39.322870885643766,45.34135367497889,37.62109030875115,43.11918739730374,34.81487888261235,28.8994315599821,31.092817820865026,28.255973986626287,0.01683081909986286,0.0011472886684868642,10.229089736938477,12.015162467956543,1.1746072013200102,10.001558303833008,6.596803188323975,0.6595775366120507,0.5150296647079595,9.16079044342041,9.211838722229004,1.005572475336477,9.576241493225098,6.695921897888184,0.6992223308722265,0.30635014446425046
Goniobranchus daphne,Goniobranchus_daphne_img08,processed_data/automated_image_analysis/scaled_images/sam_scaled_ring120_final/Goniobranchus_daphne/Goniobranchus_daphne_img08_sam_scaled_ring120_final_scaled_image.png,processed_data/automated_image_analysis/masks/sam_scaled_ring120_final/Goniobranchus_daphne/Goniobranchus_daphne_img08_sam_scaled_ring120_final_animal_mask.png,processed_data/automated_image_analysis/background_rings/sam_scaled_ring120_final/Goniobranchus_daphne/Goniobranchus_daphne_img08_sam_scaled_ring120_final_background_ring120.png,1063,798,67842,171663,848274,0.07997651702162273,0.20236739544062413,176.4429999115592,93.61871806970635,82.82428184185287,158.92420624391968,69.55400406610627,89.37020217781341,145.61843695645766,45.972218824091385,99.64621813236627,162.6521034167625,74.06326931254843,88.58883410421406,88.58883410421406,54.27329677780726,140.89694925522682,-86.62365247741955,86.62365247741955,177.13168833465994,93.77302621997751,83.35866211468243,83.35866211468243,66.32705688476562,30.92535972595215,35.40169715881348,5.178267955780029,7.3861823081970215,-2.207914352416992,9.583003997802734,17.457197189331055,-7.87419319152832,36.333978118690254,39.97731441561647,52.37942649426696,57.03347598063369,47.88727436418895,60.65955451752797,40.18568152199335,39.26519283733982,55.79895777739755,43.71553903359188,0.06959127228027044,0.05085147936554292,25.07149314880371,37.51244354248047,1.4962189654935003,21.256807327270508,20.2205753326416,0.9512517576757862,0.5449672078177141,28.814977645874023,40.532684326171875,1.4066533323157269,21.516870498657227,23.427175521850586,1.0887817316794546,0.3178716006362723
Goniobranchus daphne,Goniobranchus_daphne_img09,processed_data/automated_image_analysis/scaled_images/sam_scaled_ring120_final/Goniobranchus_daphne/Goniobranchus_daphne_img09_sam_scaled_ring120_final_scaled_image.png,processed_data/automated_image_analysis/masks/sam_scaled_ring120_final/Goniobranchus_daphne/Goniobranchus_daphne_img09_sam_scaled_ring120_final_animal_mask.png,processed_data/automated_image_analysis/background_rings/sam_scaled_ring120_final/Goniobranchus_daphne/Goniobranchus_daphne_img09_sam_scaled_ring120_final_background_ring120.png,1063,797,184862,259835,847211,0.2182006607562933,0.3066945542491776,169.00684835174346,97.9367791098197,71.07006924192376,169.62061970551005,87.78798853118325,81.8326311743268,129.12272938732676,63.24455519849135,65.8781741888354,164.82306801830555,88.0339253757192,76.78914264258634,76.78914264258634,76.33705683158247,102.55785787134143,-26.220801039758953,26.220801039758953,176.06433447652844,99.9896434275598,76.07469104896865,76.07469104896865,67.83059692382812,37.005523681640625,30.8250732421875,-6.518167018890381,0.41470789909362793,-6.932874917984009,21.168365478515625,15.752148628234863,5.416216850280762,32.05597136235152,58.7580782693649,58.21503412066964,60.97804921927364,57.56740170376616,44.288373485567604,55.14898791405985,45.20072294909452,52.21766057778165,48.88382805799686,0.025365133623368553,0.05428409533875317,12.584654808044434,17.747631072998047,1.4102596649415688,19.094091415405273,20.309492111206055,1.0636532354097867,0.3466064295317821,12.637721061706543,17.37893295288086,1.375163517854546,11.935548782348633,12.783787727355957,1.071068281859128,0.3040952359954181
Goniobranchus splendidus,Goniobranchus_splendidus_img01,processed_data/automated_image_analysis/scaled_images/sam_scaled_ring120_final/Goniobranchus_splendidus/Goniobranchus_splendidus_img01_sam_scaled_ring120_final_scaled_image.png,processed_data/automated_image_analysis/masks/sam_scaled_ring120_final/Goniobranchus_splendidus/Goniobranchus_splendidus_img01_sam_scaled_ring120_final_animal_mask.png,processed_data/automated_image_analysis/background_rings/sam_scaled_ring120_final/Goniobranchus_splendidus/Goniobranchus_splendidus_img01_sam_scaled_ring120_final_background_ring120.png,1063,797,169628,230659,847211,0.20021930782296263,0.2722568521891241,176.97746834249062,73.20122345106846,103.77624489142217,140.04586506944608,57.700085407462964,82.34577966198312,95.8057926757375,30.30198258034588,65.50381009539161,146.05018039474615,59.20925261966799,86.84092777507816,86.84092777507816,133.2370540240998,176.95240593256713,-43.71535190846734,43.71535190846734,177.03776499162873,73.25413705946875,103.78362793215999,103.78362793215999,60.14955139160156,24.215167999267578,35.934383392333984,9.551766395568848,2.717099666595459,6.834666728973389,29.300092697143555,16.9998836517334,12.300209045410156,38.59129074861547,62.56919992446305,75.8485567155923,70.90241520616436,69.51063311480777,66.6966665753261,62.63147230707157,55.39105096273408,47.59380004435968,63.75092296014677,0.02449211158456357,0.00728598274730002,11.372069358825684,16.53158187866211,1.4537004090493177,9.590813636779785,11.95422077178955,1.2464240495661747,0.20727635948314305,14.07874870300293,17.403514862060547,1.2361549473745816,8.99100112915039,10.762856483459473,1.1970698622831242,0.03908508509145747
Goniobranchus splendidus,Goniobranchus_splendidus_img10,processed_data/automated_image_analysis/scaled_images/sam_scaled_ring120_final/Goniobranchus_splendidus/Goniobranchus_splendidus_img10_sam_scaled_ring120_final_scaled_image.png,processed_data/automated_image_analysis/masks/sam_scaled_ring120_final/Goniobranchus_splendidus/Goniobranchus_splendidus_img10_sam_scaled_ring120_final_animal_mask.png,processed_data/automated_image_analysis/background_rings/sam_scaled_ring120_final/Goniobranchus_splendidus/Goniobranchus_splendidus_img10_sam_scaled_ring120_final_background_ring120.png,1250,1563,138699,216318,1953750,0.07099117082533589,0.11071938579654511,170.04045450940527,122.91344224706219,47.12701226234307,125.22793963907455,87.38385617470576,37.844083464368794,117.6212301458554,71.32282565482299,46.298404491032414,137.7656363780561,96.189498793443,41.57613758461309,41.57613758461309,114.17550234680856,125.08329866215479,-10.907796315346232,10.907796315346232,172.69022848037838,123.867005981934,48.82322249844438,48.82322249844438,56.66349411010742,39.49021911621094,17.173274993896484,17.572113037109375,12.873359680175781,4.698753356933594,13.503368377685547,14.90822696685791,-1.4048585891723633,17.859823201276555,59.36416617596556,86.75338152343076,83.14271505860489,75.96698030269488,79.29030716878692,61.158471923341736,57.67984649055837,47.84486853951536,65.24867853277678,0.06891515169489013,0.13290543183760994,22.75199317932129,33.73625183105469,1.4827822584667754,30.981266021728516,33.22746658325195,1.072501897112535,0.4102803613542403,27.148319244384766,30.26456069946289,1.1147857967569272,25.0451717376709,24.357179641723633,0.9725299509560781,0.14225584580084916
Goniobranchus splendidus,Goniobranchus_splendidus_img02,processed_data/automated_image_analysis/scaled_images/sam_scaled_ring120_final/Goniobranchus_splendidus/Goniobranchus_splendidus_img02_sam_scaled_ring120_final_scaled_image.png,processed_data/automated_image_analysis/masks/sam_scaled_ring120_final/Goniobranchus_splendidus/Goniobranchus_splendidus_img02_sam_scaled_ring120_final_animal_mask.png,processed_data/automated_image_analysis/background_rings/sam_scaled_ring120_final/Goniobranchus_splendidus/Goniobranchus_splendidus_img02_sam_scaled_ring120_final_background_ring120.png,1502,2002,378651,396215,3007004,0.12592301174191986,0.13176404155099228,220.05047127830113,130.15024166172407,89.90022961657706,206.9916783528896,102.07300581754855,104.91867253534106,188.7391978365302,79.66259480332647,109.07660303320372,208.81011274234058,107.91497040748078,100.8951423348598,100.8951423348598,48.87385745713071,121.18649723003925,-72.31263977290854,72.31263977290854,226.1152750157797,132.0641267998435,94.0511482159362,94.0511482159362,83.97392272949219,44.84309768676758,39.13082504272461,2.6145803928375244,9.003552436828613,-6.388972043991089,12.124716758728027,17.529006958007812,-5.404290199279785,40.015581775868945,24.180946460573313,55.97281781254204,62.9261264832088,45.06498765715736,57.723276144690544,26.945353941990142,53.35813142622978,61.12377633430528,51.71781435110686,0.0010006716097866223,0.023660141396947026,4.5531768798828125,6.483858108520508,1.424029480859392,15.74317741394043,15.16305160522461,0.963150652916982,0.4608788279424101,5.835175037384033,7.4928460121154785,1.284082476380108,8.869629859924316,6.7364888191223145,0.7595005570142017,0.5245819193659063
Goniobranchus splendidus,Goniobranchus_splendidus_img03,processed_data/automated_image_analysis/scaled_images/sam_scaled_ring120_final/Goniobranchus_splendidus/Goniobranchus_splendidus_img03_sam_scaled_ring120_final_scaled_image.png,processed_data/automated_image_analysis/masks/sam_scaled_ring120_final/Goniobranchus_splendidus/Goniobranchus_splendidus_img03_sam_scaled_ring120_final_animal_mask.png,processed_data/automated_image_analysis/background_rings/sam_scaled_ring120_final/Goniobranchus_splendidus/Goniobranchus_splendidus_img03_sam_scaled_ring120_final_background_ring120.png,2048,1536,81956,206644,3145728,0.026053110758463543,0.0656903584798177,132.44240812143101,89.3521031338921,43.090304987538914,135.16995705012445,55.23322235341941,79.93673469670505,138.66235541022013,44.95539188169025,93.70696352852988,134.75507589438234,64.26678248582103,70.48829340856132,70.48829340856132,81.65486358533848,149.66273881651537,-68.0078752311769,68.0078752311769,157.40175215969543,89.65045682429685,67.75129533539858,67.75129533539858,56.58768081665039,26.890565872192383,29.697114944458008,1.3286921977996826,13.556878089904785,-12.228185892105103,0.2344924360513687,12.93939208984375,-12.704899653792381,34.53782913631317,30.239642522214293,64.34395285097554,69.0807752238369,53.137744372413785,66.24364388902103,45.042857600250024,40.04833099749167,63.340672373131426,42.800914481557264,0.03576768257619321,0.0882512154525632,13.061874389648438,24.88382339477539,1.90507293612438,25.235557556152344,30.55667495727539,1.2108579289077674,0.6942150072166124,13.351766586303711,19.552534103393555,1.4644155121353464,17.091787338256836,12.837006568908691,0.7510628534545011,0.7133526586808453
Goniobranchus splendidus,Goniobranchus_splendidus_img04,processed_data/automated_image_analysis/scaled_images/sam_scaled_ring120_final/Goniobranchus_splendidus/Goniobranchus_splendidus_img04_sam_scaled_ring120_final_scaled_image.png,processed_data/automated_image_analysis/masks/sam_scaled_ring120_final/Goniobranchus_splendidus/Goniobranchus_splendidus_img04_sam_scaled_ring120_final_animal_mask.png,processed_data/automated_image_analysis/background_rings/sam_scaled_ring120_final/Goniobranchus_splendidus/Goniobranchus_splendidus_img04_sam_scaled_ring120_final_background_ring120.png,1638,2048,450096,381849,3354624,0.13417181776556777,0.1138276599702381,181.16110118730225,116.6277114775736,64.53338970972865,163.68170123706943,93.37724074175918,70.30446049531025,147.24101302833174,93.22850655625653,54.0125064720752,167.0235327574562,100.31962634444506,66.70390641301114,66.70390641301114,91.99307925420355,99.83675746171916,-7.843678207515609,7.843678207515609,192.8813808609719,121.70422863487923,71.17715222609266,71.17715222609266,68.509521484375,41.05651092529297,27.45301055908203,5.843243598937988,10.093977928161621,-4.250734329223633,12.474358558654785,4.105683326721191,8.368675231933594,29.0132944739526,51.56133091529855,84.87718807221074,89.40207330431353,72.08095271631998,83.02590597772331,57.41416243911917,59.66002568750088,56.10703944646474,65.74506618669191,0.0368427944443441,0.027861567281528176,13.787849426269531,21.193286895751953,1.5370988063862294,16.66297721862793,15.105328559875488,0.9065203871844036,0.6305784192018258,17.599668502807617,24.259206771850586,1.3783899831965922,16.097532272338867,15.23537540435791,0.9464416748235106,0.4319483083730816
Goniobranchus splendidus,Goniobranchus_splendidus_img05,processed_data/automated_image_analysis/scaled_images/sam_scaled_ring120_final/Goniobranchus_splendidus/Goniobranchus_splendidus_img05_sam_scaled_ring120_final_scaled_image.png,processed_data/automated_image_analysis/masks/sam_scaled_ring120_final/Goniobranchus_splendidus/Goniobranchus_splendidus_img05_sam_scaled_ring120_final_animal_mask.png,processed_data/automated_image_analysis/background_rings/sam_scaled_ring120_final/Goniobranchus_splendidus/Goniobranchus_splendidus_img05_sam_scaled_ring120_final_background_ring120.png,1063,798,76688,181083,848274,0.09040475129498252,0.2134722978660197,199.5659816398915,62.67159810694543,136.89438353294608,168.1512622574588,44.725335895694236,123.42592636176457,132.06049186313373,22.488510793393086,109.57198106974064,173.42439495097017,47.55491128377595,125.86948366719422,125.86948366719422,94.72685426663885,182.50352600741095,-87.7766717407721,87.7766717407721,199.61276862090548,62.7203657991087,136.8924028217968,136.8924028217968,70.67571258544922,19.470064163208008,51.20564842224121,7.395082950592041,4.903799533843994,2.491283416748047,23.978595733642578,15.63037395477295,8.348221778869629,51.941483712673545,43.08609056709619,61.095476955121164,65.07622903138135,54.539304400763726,59.50077903457135,43.02609949259293,35.722552139725266,38.73175736186819,42.26634688531633,0.037682377827195315,0.021571488721110643,14.738526344299316,17.63431739807129,1.1964776522513072,13.204017639160156,15.474414825439453,1.1719474517775414,0.02453020047376575,16.629858016967773,20.821483612060547,1.2520542021955916,11.008549690246582,12.401939392089844,1.1265734125792959,0.12548078961629572
Goniobranchus splendidus,Goniobranchus_splendidus_img06,processed_data/automated_image_analysis/scaled_images/sam_scaled_ring120_final/Goniobranchus_splendidus/Goniobranchus_splendidus_img06_sam_scaled_ring120_final_scaled_image.png,processed_data/automated_image_analysis/masks/sam_scaled_ring120_final/Goniobranchus_splendidus/Goniobranchus_splendidus_img06_sam_scaled_ring120_final_animal_mask.png,processed_data/automated_image_analysis/background_rings/sam_scaled_ring120_final/Goniobranchus_splendidus/Goniobranchus_splendidus_img06_sam_scaled_ring120_final_background_ring120.png,2048,1536,289500,285680,3145728,0.09202957153320312,0.09081522623697917,184.637402417962,105.04086040324839,79.5965420147136,145.28214853195163,89.3680831699804,55.91406536197124,128.70644559585492,67.69495589470736,61.01148970114755,155.15384110535405,91.58286194343322,63.57097916192083,63.57097916192083,99.84709844559586,110.4943118174181,-10.647213371822232,10.647213371822232,192.11424870466323,105.81544035284234,86.29880835182088,86.29880835182088,66.02381896972656,38.37001037597656,27.65380859375,12.649481773376465,3.5258023738861084,9.123679399490356,19.05167579650879,14.970988273620605,4.080687522888184,29.40453478944874,27.237826829348105,83.59279508712939,84.21238206974178,63.003783404192916,99.37992320280361,30.582742953783246,43.14854451020874,67.76355169647681,41.59858530527259,0.02977889984387966,0.015629570049722142,11.435432434082031,19.643922805786133,1.7178119777298155,12.662412643432617,12.776180267333984,1.0089846719661575,0.708827305763658,16.75607681274414,23.735624313354492,1.4165382851015538,11.091011047363281,8.673924446105957,0.7820679655862438,0.63447031951531
Goniobranchus splendidus,Goniobranchus_splendidus_img07,processed_data/automated_image_analysis/scaled_images/sam_scaled_ring120_final/Goniobranchus_splendidus/Goniobranchus_splendidus_img07_sam_scaled_ring120_final_scaled_image.png,processed_data/automated_image_analysis/masks/sam_scaled_ring120_final/Goniobranchus_splendidus/Goniobranchus_splendidus_img07_sam_scaled_ring120_final_animal_mask.png,processed_data/automated_image_analysis/background_rings/sam_scaled_ring120_final/Goniobranchus_splendidus/Goniobranchus_splendidus_img07_sam_scaled_ring120_final_background_ring120.png,1737,1389,356577,393895,2412693,0.14779211445467783,0.16325947810185548,203.39377189218598,131.7843816245446,71.60939026764137,176.64280085367255,110.06354231457622,66.57925853909633,153.100000841333,81.45078256895873,71.64921827237428,181.95724906541926,113.30024752789448,68.65700153752478,68.65700153752478,70.35933893661117,103.94124322471724,-33.581904288106074,33.581904288106074,206.1955706621571,131.9685982304929,74.22697243166422,74.22697243166422,74.49934387207031,47.477699279785156,27.021644592285156,7.487305641174316,4.640047550201416,2.8472580909729004,17.107179641723633,19.35254669189453,-2.2453670501708984,27.263855712249825,23.679108419157902,57.93908163056874,66.4271882477704,44.742225524933005,74.00880590540314,25.09417289220499,32.92202000833142,43.52489269217649,33.00192214492681,0.01311007008293482,0.018123353417330606,6.844141006469727,10.36198616027832,1.5139936699847645,9.630184173583984,11.627829551696777,1.2074358436043644,0.3065578263804001,12.290478706359863,21.263870239257812,1.7301091964997715,7.634764194488525,9.281760215759277,1.2157232337915171,0.5143859627082543
Goniobranchus splendidus,Goniobranchus_splendidus_img08,processed_data/automated_image_analysis/scaled_images/sam_scaled_ring120_final/Goniobranchus_splendidus/Goniobranchus_splendidus_img08_sam_scaled_ring120_final_scaled_image.png,processed_data/automated_image_analysis/masks/sam_scaled_ring120_final/Goniobranchus_splendidus/Goniobranchus_splendidus_img08_sam_scaled_ring120_final_animal_mask.png,processed_data/automated_image_analysis/background_rings/sam_scaled_ring120_final/Goniobranchus_splendidus/Goniobranchus_splendidus_img08_sam_scaled_ring120_final_background_ring120.png,2048,1536,25416,141035,3145728,0.00807952880859375,0.04483381907145182,185.46002518098837,143.5838905236289,41.87613465735947,196.6584041548631,158.67570461233026,37.98269954253283,186.01180358829083,141.8794341830042,44.132369405286624,192.10135347812403,152.24756266175064,39.85379081637339,39.85379081637339,58.83553666981429,49.31299322863119,9.522543441183096,9.522543441183096,210.6643846395971,163.2536533484596,47.410731291137495,47.410731291137495,78.16746520996094,63.57255935668945,14.594905853271484,-3.990110158920288,-8.133638381958008,4.14352822303772,5.022612571716309,7.259795665740967,-2.237183094024658,15.335745537702369,35.07138802289819,62.43722004791401,63.48694545673407,51.46070882507707,40.31101669148626,42.9030716849111,34.77510273248237,22.486198686076875,36.133903230969786,0.09179031503762596,0.19985218580244632,28.034576416015625,40.951988220214844,1.4607671474151378,32.427528381347656,24.080211639404297,0.742585477259354,0.7181816701557838,28.369525909423828,29.012502670288086,1.0226643463453393,21.138010025024414,12.874407768249512,0.6090643231320277,0.4136000232133116
Goniobranchus splendidus,Goniobranchus_splendidus_img09,processed_data/automated_image_analysis/scaled_images/sam_scaled_ring120_final/Goniobranchus_splendidus/Goniobranchus_splendidus_img09_sam_scaled_ring120_final_scaled_image.png,processed_data/automated_image_analysis/masks/sam_scaled_ring120_final/Goniobranchus_splendidus/Goniobranchus_splendidus_img09_sam_scaled_ring120_final_animal_mask.png,processed_data/automated_image_analysis/background_rings/sam_scaled_ring120_final/Goniobranchus_splendidus/Goniobranchus_splendidus_img09_sam_scaled_ring120_final_background_ring120.png,2048,1536,69963,182655,3145728,0.022240638732910156,0.05806446075439453,210.05069822620527,161.79709835482194,48.25359987138333,204.16220002001057,146.4735539678629,57.688646052147675,201.27541700613182,131.31209657551122,69.9633204306206,205.58123579606362,149.3206317921765,56.260604003887124,56.260604003887124,32.80902762888955,52.24876406339821,-19.43973643450866,19.43973643450866,219.22075954433058,162.13445019298678,57.0863093513438,57.0863093513438,82.44498443603516,61.41752624511719,21.02745819091797,2.470654010772705,3.421738386154175,-0.9510843753814697,2.864327907562256,10.312503814697266,-7.44817590713501,22.327872352813298,28.28345691868979,46.78421400022491,53.66049246118765,39.80169047114069,43.85427552457532,32.24631781732396,31.03622486882014,27.87551552756467,27.375805715314552,0.029250593522762904,0.07838941840108929,10.797905921936035,20.344860076904297,1.8841486695650447,19.239063262939453,18.173786163330078,0.9446294715574102,0.9395191980076345,16.408403396606445,29.563232421875,1.8017129215624483,12.28329086303711,11.680190086364746,0.9509007168032457,0.8508122047592026
Goniobranchus tasmaniensis,Goniobranchus_tasmaniensis_img01,processed_data/automated_image_analysis/scaled_images/sam_scaled_ring120_final/Goniobranchus_tasmaniensis/Goniobranchus_tasmaniensis_img01_sam_scaled_ring120_final_scaled_image.png,processed_data/automated_image_analysis/masks/sam_scaled_ring120_final/Goniobranchus_tasmaniensis/Goniobranchus_tasmaniensis_img01_sam_scaled_ring120_final_animal_mask.png,processed_data/automated_image_analysis/background_rings/sam_scaled_ring120_final/Goniobranchus_tasmaniensis/Goniobranchus_tasmaniensis_img01_sam_scaled_ring120_final_background_ring120.png,2048,1996,277168,316100,4087808,0.06780357590180361,0.07732750657565131,191.91502987357848,180.6666529579247,11.248376915653779,166.12694827685735,131.65588421385638,34.471064063000966,152.72932300987128,135.1973995571022,17.531923452769092,172.3100610460082,146.72807655805124,25.58198448795696,25.58198448795696,105.10391170697916,87.06622587788675,18.03768582909241,18.03768582909241,216.11833256364372,181.94661183169882,34.1717207319449,34.1717207319449,71.20632934570312,59.323974609375,11.882354736328125,11.53521728515625,19.70902442932129,-8.173807144165039,11.954935073852539,6.314273357391357,5.640661716461182,15.486075742727518,39.75889077557672,61.12869169676401,93.14478935375993,48.914433733051894,79.58257458890432,43.28861411560378,53.11024186793276,37.12020972933053,56.767043481485146,0.011029303272641426,0.014197481881182882,6.197096347808838,9.45882797241211,1.5263322436089848,9.657716751098633,12.597867965698242,1.3044354364881479,0.22189680712083693,20.027790069580078,26.33051872253418,1.3146991570741111,11.439753532409668,10.02164363861084,0.8760366742359249,0.4386624828381862
Goniobranchus tasmaniensis,Goniobranchus_tasmaniensis_img10,processed_data/automated_image_analysis/scaled_images/sam_scaled_ring120_final/Goniobranchus_tasmaniensis/Goniobranchus_tasmaniensis_img10_sam_scaled_ring120_final_scaled_image.png,processed_data/automated_image_analysis/masks/sam_scaled_ring120_final/Goniobranchus_tasmaniensis/Goniobranchus_tasmaniensis_img10_sam_scaled_ring120_final_animal_mask.png,processed_data/automated_image_analysis/background_rings/sam_scaled_ring120_final/Goniobranchus_tasmaniensis/Goniobranchus_tasmaniensis_img10_sam_scaled_ring120_final_background_ring120.png,2048,1536,352144,373948,3145728,0.11194356282552083,0.11887486775716145,211.68291664773503,45.513194347877246,166.16972229985777,213.26372449906856,39.96340400269556,173.300320496373,182.4210521831978,17.738124017243038,164.68292816595476,209.2773467672316,39.091354947746744,170.18599181948485,170.18599181948485,42.84050558862284,187.4534026121279,-144.61289702350504,144.61289702350504,217.53296662728883,46.60914351728048,170.92382311000836,170.92382311000836,84.27727508544922,16.07269287109375,68.20458221435547,-5.3897175788879395,-0.7926902770996094,-4.59702730178833,15.111723899841309,13.205903053283691,1.9058208465576172,68.38588924732451,34.23116496568781,32.90508414158974,40.95170385499375,33.06395765853594,32.59714347036911,32.187974084466646,36.54788493345228,55.18770300460573,40.92440410395784,0.005054838036496858,0.005675663603166981,6.284952163696289,8.338227272033691,1.326697014529039,7.256032943725586,9.882174491882324,1.3619252515146871,0.03522823698564803,11.047067642211914,16.3084774017334,1.4762720687449336,7.194311141967773,6.978692054748535,0.9700292240682459,0.5062428446766877
Goniobranchus tasmaniensis,Goniobranchus_tasmaniensis_img02,processed_data/automated_image_analysis/scaled_images/sam_scaled_ring120_final/Goniobranchus_tasmaniensis/Goniobranchus_tasmaniensis_img02_sam_scaled_ring120_final_scaled_image.png,processed_data/automated_image_analysis/masks/sam_scaled_ring120_final/Goniobranchus_tasmaniensis/Goniobranchus_tasmaniensis_img02_sam_scaled_ring120_final_animal_mask.png,processed_data/automated_image_analysis/background_rings/sam_scaled_ring120_final/Goniobranchus_tasmaniensis/Goniobranchus_tasmaniensis_img02_sam_scaled_ring120_final_background_ring120.png,2048,1536,215524,271190,3145728,0.0685132344563802,0.08620897928873698,147.14996009725135,121.66430178103913,25.485658316212223,154.4130305673614,80.41858106862347,73.99444949873794,152.37776303335127,43.81576016814779,108.56200286520348,151.9960236446985,88.57860171835245,63.417421926346066,63.417421926346066,30.592402702251256,174.3693130277665,-143.77691032551525,143.77691032551525,160.01671739574246,121.8181238246248,38.198593571117655,38.198593571117655,63.04519271850586,38.2572135925293,24.787979125976562,-2.6877076625823975,12.799501419067383,-15.48720908164978,0.2813712954521179,28.452280044555664,-28.170908749103546,40.59430568489753,20.608991995581107,22.753834194904215,25.923441995157045,21.35998900878396,21.805508071456195,20.77699673490923,42.28272895447034,52.68524220504098,46.41664029406542,0.008024410151282198,0.03600160126869751,7.710371494293213,8.819782257080078,1.143885513636793,15.191189765930176,15.753438949584961,1.037011530519865,0.10687398311692786,6.932835102081299,9.859349250793457,1.422123720760875,9.025397300720215,7.015874862670898,0.7773480356494712,0.6447756851114038
Goniobranchus tasmaniensis,Goniobranchus_tasmaniensis_img03,processed_data/automated_image_analysis/scaled_images/sam_scaled_ring120_final/Goniobranchus_tasmaniensis/Goniobranchus_tasmaniensis_img03_sam_scaled_ring120_final_scaled_image.png,processed_data/automated_image_analysis/masks/sam_scaled_ring120_final/Goniobranchus_tasmaniensis/Goniobranchus_tasmaniensis_img03_sam_scaled_ring120_final_animal_mask.png,processed_data/automated_image_analysis/background_rings/sam_scaled_ring120_final/Goniobranchus_tasmaniensis/Goniobranchus_tasmaniensis_img03_sam_scaled_ring120_final_background_ring120.png,2048,1365,530980,400983,2795520,0.18993961767399267,0.1434377146291209,211.9988681306264,125.2763882758122,86.7224798548142,180.53191645636372,71.56855028766806,108.96336616869566,157.21307393875475,63.778671414997646,93.4344025237571,187.28125353120646,86.74739577488323,100.53385775632323,100.53385775632323,68.78726694037441,129.5552404964799,-60.7679735561055,60.7679735561055,212.9943933858149,125.38687924425724,87.60751414155766,87.60751414155766,75.92153930664062,36.26518249511719,39.65635681152344,9.547276496887207,21.96474838256836,-12.417471885681152,17.03730010986328,14.767163276672363,2.270136833190918,41.616988896794936,23.149437248294007,45.76126817249916,64.33437263102952,37.79917523065699,71.02058498149769,22.87577170146051,30.629202006367848,24.644389983776765,38.69490969898656,0.032509934280910896,0.01871940922231445,8.081548690795898,14.14036750793457,1.7497101173243044,9.769902229309082,12.450840950012207,1.274407937539076,0.4753021797852284,14.330245971679688,22.749435424804688,1.5875118591658175,9.645207405090332,10.289456367492676,1.0667947235704165,0.520717135595401
Goniobranchus tasmaniensis,Goniobranchus_tasmaniensis_img04,processed_data/automated_image_analysis/scaled_images/sam_scaled_ring120_final/Goniobranchus_tasmaniensis/Goniobranchus_tasmaniensis_img04_sam_scaled_ring120_final_scaled_image.png,processed_data/automated_image_analysis/masks/sam_scaled_ring120_final/Goniobranchus_tasmaniensis/Goniobranchus_tasmaniensis_img04_sam_scaled_ring120_final_animal_mask.png,processed_data/automated_image_analysis/background_rings/sam_scaled_ring120_final/Goniobranchus_tasmaniensis/Goniobranchus_tasmaniensis_img04_sam_scaled_ring120_final_background_ring120.png,2048,1536,210728,295447,3145728,0.06698862711588542,0.09392007191975911,173.14792054212066,27.908596127224172,145.2393244148965,186.05055331991952,19.611165454379297,166.43938786554023,188.74816350935802,20.121954191445504,168.62620931791253,182.49227914657757,22.164154653795773,160.3281244927818,160.3281244927818,47.01115181655974,116.09661631358586,-69.08546449702612,69.08546449702612,199.08213906077978,31.964633250633785,167.11750581014599,167.11750581014599,74.25656127929688,7.91532564163208,66.3412356376648,-3.076261520385742,4.287618637084961,-7.363880157470703,-2.553804874420166,1.1138683557510376,-3.6676732301712036,66.84936876163508,44.800022935407185,49.219376663059094,52.07182550874085,46.253653749369086,29.26489817156358,46.86478275345927,15.14374869704168,55.66625706484672,22.817988307542315,0.00923195594438369,0.005432263041854967,7.725686073303223,13.66980266571045,1.7693965993450906,4.961219787597656,9.154967308044434,1.8453057312499135,0.07590913190482285,8.73220157623291,9.887100219726562,1.1322574419991662,4.688376426696777,4.9672346115112305,1.0594786253139925,0.07277881668517372
Goniobranchus tasmaniensis,Goniobranchus_tasmaniensis_img05,processed_data/automated_image_analysis/scaled_images/sam_scaled_ring120_final/Goniobranchus_tasmaniensis/Goniobranchus_tasmaniensis_img05_sam_scaled_ring120_final_scaled_image.png,processed_data/automated_image_analysis/masks/sam_scaled_ring120_final/Goniobranchus_tasmaniensis/Goniobranchus_tasmaniensis_img05_sam_scaled_ring120_final_animal_mask.png,processed_data/automated_image_analysis/background_rings/sam_scaled_ring120_final/Goniobranchus_tasmaniensis/Goniobranchus_tasmaniensis_img05_sam_scaled_ring120_final_background_ring120.png,2048,2048,213875,282584,4194304,0.05099177360534668,0.06737327575683594,172.44389012273524,73.68143985505195,98.76245026768329,162.53661718293395,55.85946125753758,106.67715592539636,152.1638293395675,54.27419457577216,97.88963476379536,164.30997545295148,61.0193358435014,103.29063960945007,103.29063960945007,96.61057627118645,83.61766058941765,12.992915681768793,12.992915681768793,200.39212156633548,77.80771735130085,122.58440421503462,122.58440421503462,68.44615173339844,25.065185546875,43.38096618652344,6.096014976501465,8.069498062133789,-1.9734830856323242,8.388038635253906,4.480763912200928,3.9072747230529785,43.60125753377964,38.378722029702395,58.504033099198836,85.81925122700127,46.38651952887718,80.27014498654647,38.68434332325017,36.46430059979598,44.38508259793693,48.24031433379628,0.037389008879289656,0.04499898183972306,12.4923734664917,16.71454620361328,1.3379800282505738,17.385509490966797,21.777908325195312,1.2526471160658668,0.08533291218470707,21.106945037841797,29.462600708007812,1.3958723375261315,17.89881706237793,22.44858741760254,1.2541939134507336,0.14167842407539788
Goniobranchus tasmaniensis,Goniobranchus_tasmaniensis_img06,processed_data/automated_image_analysis/scaled_images/sam_scaled_ring120_final/Goniobranchus_tasmaniensis/Goniobranchus_tasmaniensis_img06_sam_scaled_ring120_final_scaled_image.png,processed_data/automated_image_analysis/masks/sam_scaled_ring120_final/Goniobranchus_tasmaniensis/Goniobranchus_tasmaniensis_img06_sam_scaled_ring120_final_animal_mask.png,processed_data/automated_image_analysis/background_rings/sam_scaled_ring120_final/Goniobranchus_tasmaniensis/Goniobranchus_tasmaniensis_img06_sam_scaled_ring120_final_background_ring120.png,1410,1880,287979,309432,2650800,0.10863852421910367,0.11673155273879583,184.38243760829783,107.37358127149099,77.00885633680684,172.1222971119422,65.96898833992606,106.15330877201615,130.67867795915674,63.72020346958298,66.95847448957377,171.06076831991223,78.09240156157088,92.96836675834135,92.96836675834135,83.87923077724417,114.52533674603791,-30.646105968793734,30.646105968793734,189.96742470805162,107.63867667209597,82.32874803595566,82.32874803595566,70.41399383544922,31.748746871948242,38.66524696350098,-0.37940678000450134,17.00420379638672,-17.38361057639122,23.154224395751953,8.962179183959961,14.192045211791992,44.705764580350156,40.093484674978534,49.578488642003265,65.66692475180369,45.470886984422194,68.52010673762868,40.498305253399295,48.539961211372905,34.034944839138234,65.4305420880768,0.00528975013543035,0.002435125162735165,9.708573341369629,9.013636589050293,0.9284203015330676,12.523597717285156,7.940581798553467,0.6340495740767703,0.29437072745629733,9.969891548156738,10.316854476928711,1.0348010735218198,6.0152201652526855,5.3875956535339355,0.8956605918858525,0.13914048163596737
Goniobranchus tasmaniensis,Goniobranchus_tasmaniensis_img07,processed_data/automated_image_analysis/scaled_images/sam_scaled_ring120_final/Goniobranchus_tasmaniensis/Goniobranchus_tasmaniensis_img07_sam_scaled_ring120_final_scaled_image.png,processed_data/automated_image_analysis/masks/sam_scaled_ring120_final/Goniobranchus_tasmaniensis/Goniobranchus_tasmaniensis_img07_sam_scaled_ring120_final_animal_mask.png,processed_data/automated_image_analysis/background_rings/sam_scaled_ring120_final/Goniobranchus_tasmaniensis/Goniobranchus_tasmaniensis_img07_sam_scaled_ring120_final_background_ring120.png,1449,1087,249102,395050,1575063,0.15815367385304588,0.2508153642108284,207.85409591251778,108.0514415896722,99.80265432284558,185.40894894460902,87.08709024174155,98.32185870286747,161.23328194875995,69.90436400455638,91.32891794420357,189.36372249118835,91.40315656246045,97.9605659287279,97.9605659287279,82.66216248765566,113.36538412859132,-30.703221640935652,30.703221640935652,220.4869531356633,108.94878116694089,111.53817196872241,111.53817196872241,77.40840911865234,37.75297927856445,39.65542984008789,8.196479797363281,6.357717990875244,1.838761806488037,14.74979305267334,13.527809143066406,1.2219839096069336,39.716840325716625,35.77790203160592,51.25502120555679,91.84620624375744,43.280797753333914,94.12974727507834,29.593792376449137,52.95296510119041,58.885208695679054,54.69616981680815,0.030565530739693307,0.013390708229083465,9.605484008789062,13.115812301635742,1.3654504332769397,10.010168075561523,11.791871070861816,1.1779893186459158,0.18746111463102388,19.654190063476562,38.736759185791016,1.9709160774717267,7.38268518447876,10.582042694091797,1.433359601509125,0.5375564759626017
Goniobranchus tasmaniensis,Goniobranchus_tasmaniensis_img08,processed_data/automated_image_analysis/scaled_images/sam_scaled_ring120_final/Goniobranchus_tasmaniensis/Goniobranchus_tasmaniensis_img08_sam_scaled_ring120_final_scaled_image.png,processed_data/automated_image_analysis/masks/sam_scaled_ring120_final/Goniobranchus_tasmaniensis/Goniobranchus_tasmaniensis_img08_sam_scaled_ring120_final_animal_mask.png,processed_data/automated_image_analysis/background_rings/sam_scaled_ring120_final/Goniobranchus_tasmaniensis/Goniobranchus_tasmaniensis_img08_sam_scaled_ring120_final_background_ring120.png,2048,1536,197524,281697,3145728,0.0627911885579427,0.08954906463623047,144.13887932605658,21.15217414455958,122.986705181497,145.38684413033354,8.704664941408677,136.68217918892486,130.9472367914785,4.17732883204294,126.76990795943556,143.356792086025,11.901120707710767,131.45567137831424,131.45567137831424,73.28549442093113,192.77098087661565,-119.48548645568452,119.48548645568452,160.8637583281019,21.570581156348844,139.29317717175306,139.29317717175306,59.94676971435547,4.382434844970703,55.564334869384766,-0.7085288763046265,4.610870361328125,-5.3193992376327515,7.6489715576171875,4.5044121742248535,3.144559383392334,55.906883041734105,42.63082755521174,48.08161077263938,64.88246247365205,43.778134156943544,76.80324500910697,41.95100091290382,15.898325340131104,90.49645579909027,23.07536204407732,0.024215325813755427,0.010781601277051226,9.038247108459473,13.928555488586426,1.5410682316430364,6.178595542907715,12.813664436340332,2.0738797915084244,0.532811559865388,19.336639404296875,30.73159408569336,1.5892934363178104,7.900608062744141,10.018378257751465,1.2680515446644942,0.3212418916533162
Goniobranchus tasmaniensis,Goniobranchus_tasmaniensis_img09,processed_data/automated_image_analysis/scaled_images/sam_scaled_ring120_final/Goniobranchus_tasmaniensis/Goniobranchus_tasmaniensis_img09_sam_scaled_ring120_final_scaled_image.png,processed_data/automated_image_analysis/masks/sam_scaled_ring120_final/Goniobranchus_tasmaniensis/Goniobranchus_tasmaniensis_img09_sam_scaled_ring120_final_animal_mask.png,processed_data/automated_image_analysis/background_rings/sam_scaled_ring120_final/Goniobranchus_tasmaniensis/Goniobranchus_tasmaniensis_img09_sam_scaled_ring120_final_background_ring120.png,2048,1365,464832,407464,2795520,0.16627747252747252,0.14575606684981685,196.52023096516592,55.433176918697114,141.0870540464688,190.5309746316949,36.53145308542595,153.99952154626897,166.56200519757675,31.380605403176723,135.18139979440002,189.5869841146909,41.58655734003495,148.00042677465595,148.00042677465595,44.224358477901696,114.70096253902186,-70.47660406112016,70.47660406112016,199.94944194891917,55.82898857322365,144.12045337569552,144.12045337569552,76.86775207519531,16.51204490661621,60.3557071685791,-0.9169959425926208,8.266414642333984,-9.183410584926605,12.310290336608887,7.05610990524292,5.254180431365967,61.27603797403975,43.2105061543985,39.35948340884549,54.733368279077986,39.6251609199618,54.35502223438984,39.50128997365664,10.735272984750322,19.390556550170984,12.157392321252967,0.003716828890076483,0.002665141285834479,5.752707004547119,7.49899959564209,1.3035601482423225,6.0505523681640625,7.377959728240967,1.2193861451495351,0.08417400309278733,13.827783584594727,23.139062881469727,1.6733746764194748,7.539242744445801,14.205696105957031,1.8842338133259393,0.21085913690646452
Goniobranchus tinctorius,Goniobranchus_tinctorius_img01,processed_data/automated_image_analysis/scaled_images/sam_scaled_ring120_final/Goniobranchus_tinctorius/Goniobranchus_tinctorius_img01_sam_scaled_ring120_final_scaled_image.png,processed_data/automated_image_analysis/masks/sam_scaled_ring120_final/Goniobranchus_tinctorius/Goniobranchus_tinctorius_img01_sam_scaled_ring120_final_animal_mask.png,processed_data/automated_image_analysis/background_rings/sam_scaled_ring120_final/Goniobranchus_tinctorius/Goniobranchus_tinctorius_img01_sam_scaled_ring120_final_background_ring120.png,900,900,386630,331697,810000,0.47732098765432096,0.40950246913580246,182.172454284458,96.43773685019762,85.73471743426039,118.21020614023743,76.04227955031249,42.167926589924946,110.7175775289036,55.928892935419974,54.78868459348363,136.48711170886895,79.85199745550909,56.63511425335986,56.63511425335986,111.42788195432325,121.53572688326997,-10.107844928946719,10.107844928946719,182.57283707937822,96.56921527779872,86.0036218015795,86.0036218015795,56.70762634277344,32.780216217041016,23.927410125732422,24.799280166625977,5.858846664428711,18.940433502197266,16.5772705078125,14.734733581542969,1.8425369262695312,30.57214285752351,42.20909255225843,63.0537926903845,62.48193308831576,53.873792411771454,67.26001594410542,42.59737028430285,55.60622619787676,41.75307797192954,58.75028086598077,0.06509177879959997,0.03937459814637665,21.607316970825195,24.354814529418945,1.1271558871609788,15.849242210388184,22.955591201782227,1.448371530768599,0.3212156436076201,20.649700164794922,15.278091430664062,0.7398698919953928,9.2822904586792,7.771882057189941,0.8372806358287372,0.09741074383334447
Goniobranchus tinctorius,Goniobranchus_tinctorius_img02,processed_data/automated_image_analysis/scaled_images/sam_scaled_ring120_final/Goniobranchus_tinctorius/Goniobranchus_tinctorius_img02_sam_scaled_ring120_final_scaled_image.png,processed_data/automated_image_analysis/masks/sam_scaled_ring120_final/Goniobranchus_tinctorius/Goniobranchus_tinctorius_img02_sam_scaled_ring120_final_animal_mask.png,processed_data/automated_image_analysis/background_rings/sam_scaled_ring120_final/Goniobranchus_tinctorius/Goniobranchus_tinctorius_img02_sam_scaled_ring120_final_background_ring120.png,1574,1175,504072,418203,1849450,0.27255238043742736,0.22612290140311986,73.38204264470156,81.98710195766171,-8.605059312960151,62.15450570553413,84.34483014229932,-22.190324436765188,56.7003999428653,84.36420111763904,-27.663801174773738,64.88753392372519,83.64452670114753,-18.75699277742234,18.75699277742234,126.79704883429352,84.60019894644466,42.196849887848856,42.196849887848856,80.12171078734784,93.89129202803423,-13.769581240686392,13.769581240686392,26.736982345581055,34.62409210205078,-7.887109756469727,4.899016380310059,-0.4658202528953552,5.364836633205414,5.114690780639648,0.0042023551650345325,5.110488425474614,10.821509338280531,41.850501100093126,45.57425921354688,56.79571206620246,44.7527693308122,76.61598041222231,49.502912956564074,57.74131731606983,70.3195368882436,62.81490669468782,0.08065801767332796,0.07767227902284067,26.288677215576172,26.92334747314453,1.0241423428179306,24.508590698242188,30.688079833984375,1.2521356373292158,0.22799329451128525,19.37761878967285,15.52525520324707,0.801195202143265,16.497608184814453,18.944719314575195,1.148331267317479,0.347136065174214
Goniobranchus tinctorius,Goniobranchus_tinctorius_img03,processed_data/automated_image_analysis/scaled_images/sam_scaled_ring120_final/Goniobranchus_tinctorius/Goniobranchus_tinctorius_img03_sam_scaled_ring120_final_scaled_image.png,processed_data/automated_image_analysis/masks/sam_scaled_ring120_final/Goniobranchus_tinctorius/Goniobranchus_tinctorius_img03_sam_scaled_ring120_final_animal_mask.png,processed_data/automated_image_analysis/background_rings/sam_scaled_ring120_final/Goniobranchus_tinctorius/Goniobranchus_tinctorius_img03_sam_scaled_ring120_final_background_ring120.png,645,931,185370,264754,600495,0.3086953263557565,0.44089292999941715,234.2005988023952,143.39393172529972,90.80666707709548,184.35362787937638,108.2907567024483,76.06287117692807,159.07996439553327,54.667906811606244,104.41205758392702,196.38761396126665,112.67538922924678,83.71222473201988,83.71222473201988,90.0487781194368,176.8421742447706,-86.7933961253338,86.7933961253338,234.91010411609213,143.64348413999411,91.26661997609801,91.26661997609801,79.36963653564453,47.11127853393555,32.258358001708984,15.565053939819336,7.906355381011963,7.658698558807373,21.216657638549805,33.04808807373047,-11.831430435180664,35.202841798974404,26.149527673728908,62.885166370609184,66.23926958806265,49.016447469952446,65.73787331568026,25.947201150257268,59.9936781477658,54.57039561499428,71.57244592397834,0.16552649303371536,0.05664071733614889,38.75244140625,41.99726867675781,1.0837322024822025,19.021869659423828,19.930532455444336,1.0477693734785076,0.03596282900369485,68.34859466552734,57.68203353881836,0.8439388376760755,20.772985458374023,19.01261329650879,0.9152566603682095,0.07131782269213405
Goniobranchus tinctorius,Goniobranchus_tinctorius_img04,processed_data/automated_image_analysis/scaled_images/sam_scaled_ring120_final/Goniobranchus_tinctorius/Goniobranchus_tinctorius_img04_sam_scaled_ring120_final_scaled_image.png,processed_data/automated_image_analysis/masks/sam_scaled_ring120_final/Goniobranchus_tinctorius/Goniobranchus_tinctorius_img04_sam_scaled_ring120_final_animal_mask.png,processed_data/automated_image_analysis/background_rings/sam_scaled_ring120_final/Goniobranchus_tinctorius/Goniobranchus_tinctorius_img04_sam_scaled_ring120_final_background_ring120.png,1590,1193,320875,406218,1896870,0.1691602481983478,0.21415173417261066,120.93563225555123,69.9049672835768,51.03066497197443,119.13828437865212,67.82186166048771,51.316422718164404,108.03042929489676,53.78822947284463,54.242199822052136,118.40945851188157,66.84522842414664,51.56423008773493,51.56423008773493,55.911046357615895,78.24486113367699,-22.333814776061097,22.333814776061097,128.468665368134,72.50910348630538,55.95956188182862,55.95956188182862,49.762962341308594,27.990638732910156,21.772323608398438,-0.58899986743927,-1.4486852884292603,0.8596854209899902,6.747560024261475,8.807475090026855,-2.059915065765381,21.88644293644022,25.040867978238378,33.604382356796414,39.50473495414198,30.30419109294864,45.574685665378375,28.17902961421926,32.40823294260522,39.31327772506046,32.396272584322766,0.09387333778614367,0.025506118593955324,22.693544387817383,28.198936462402344,1.2425972770274012,14.45034408569336,17.807762145996094,1.2323417380508443,0.010255538976556844,22.221920013427734,16.919883728027344,0.7614051224108177,10.601445198059082,9.45411491394043,0.8917760491438746,0.13037092673305695
Goniobranchus tinctorius,Goniobranchus_tinctorius_img05,processed_data/automated_image_analysis/scaled_images/sam_scaled_ring120_final/Goniobranchus_tinctorius/Goniobranchus_tinctorius_img05_sam_scaled_ring120_final_scaled_image.png,processed_data/automated_image_analysis/masks/sam_scaled_ring120_final/Goniobranchus_tinctorius/Goniobranchus_tinctorius_img05_sam_scaled_ring120_final_animal_mask.png,processed_data/automated_image_analysis/background_rings/sam_scaled_ring120_final/Goniobranchus_tinctorius/Goniobranchus_tinctorius_img05_sam_scaled_ring120_final_background_ring120.png,2031,1524,385086,419476,3095244,0.12441216265987431,0.13552275684889462,220.16517089689057,214.50278442628422,5.66238647060635,158.36088562035494,199.31730063221733,-40.95641501186239,135.03106059425687,173.94410645662683,-38.913045862369955,174.18280072503285,200.96877056136705,-26.785969836334203,26.785969836334203,100.87554468352523,52.22579599309615,48.649748690429085,48.649748690429085,220.26763112655354,214.8625427914827,5.405088335070843,5.405088335070843,70.84160614013672,80.7012939453125,-9.859687805175781,20.677303314208984,1.6996725797653198,18.977630734443665,22.40038299560547,14.944336891174316,7.456046104431152,22.64854378144069,20.675414388204675,47.7361491536923,46.35610264240965,37.66966203724483,45.988641997213406,20.78486760648919,37.410852721619804,34.96477527161989,29.348299996146153,0.05300776643328411,0.006020166811900909,16.9056339263916,15.027738571166992,0.8889189625540748,8.339027404785156,9.052192687988281,1.0855213981901404,0.1966024356360656,23.62299919128418,15.97062873840332,0.6760627052087341,11.80079174041748,7.923405647277832,0.6714300041530538,0.004632701055680366
Goniobranchus tinctorius,Goniobranchus_tinctorius_img06,processed_data/automated_image_analysis/scaled_images/sam_scaled_ring120_final/Goniobranchus_tinctorius/Goniobranchus_tinctorius_img06_sam_scaled_ring120_final_scaled_image.png,processed_data/automated_image_analysis/masks/sam_scaled_ring120_final/Goniobranchus_tinctorius/Goniobranchus_tinctorius_img06_sam_scaled_ring120_final_animal_mask.png,processed_data/automated_image_analysis/background_rings/sam_scaled_ring120_final/Goniobranchus_tinctorius/Goniobranchus_tinctorius_img06_sam_scaled_ring120_final_background_ring120.png,1975,1344,152107,310037,2654400,0.057303722121760096,0.11680116033755274,143.53588592240988,34.18370710592607,109.35217881648381,128.74429184718653,36.507920022448936,92.2363718247376,121.03693452635316,32.435567367765785,88.60136715858738,132.2889018914317,35.393056312633654,96.89584557879803,96.89584557879803,66.0587218208235,95.5091940639343,-29.45047224311081,29.45047224311081,149.35852393380975,41.72508119998581,107.63344273382394,107.63344273382394,54.60771560668945,13.92813777923584,40.67957782745361,5.461264610290527,-1.0679996013641357,6.529264211654663,6.945882797241211,1.6813873052597046,5.264495491981506,41.53521705914805,41.857572479927626,52.95228358398689,57.08522709191244,48.61601724375751,52.658823900771395,44.03791541406124,26.701032262397064,40.82933056958088,28.72618543150928,0.11473974401948243,0.033236122115271154,23.272245407104492,22.121471405029297,0.9505516557622803,11.006918907165527,18.1729679107666,1.6510494956891126,0.7004978399268323,18.394081115722656,16.43241310119629,0.8933533019570302,6.523322105407715,9.915619850158691,1.5200260986559018,0.6266727966988715
Goniobranchus tinctorius,Goniobranchus_tinctorius_img07,processed_data/automated_image_analysis/scaled_images/sam_scaled_ring120_final/Goniobranchus_tinctorius/Goniobranchus_tinctorius_img07_sam_scaled_ring120_final_scaled_image.png,processed_data/automated_image_analysis/masks/sam_scaled_ring120_final/Goniobranchus_tinctorius/Goniobranchus_tinctorius_img07_sam_scaled_ring120_final_animal_mask.png,processed_data/automated_image_analysis/background_rings/sam_scaled_ring120_final/Goniobranchus_tinctorius/Goniobranchus_tinctorius_img07_sam_scaled_ring120_final_background_ring120.png,2048,1377,207124,385150,2820096,0.07344572667029775,0.13657336487835875,198.91521021224,102.26405815915876,96.65115205308123,162.79940518723083,80.63994547578865,82.15945971144218,142.67203221258762,59.989175645852264,82.68285656673535,171.31030204128928,84.760472543165,86.54982949812428,86.54982949812428,83.3711641335625,111.88829027651565,-28.517126142953146,28.517126142953146,199.3270552905506,102.4667090743866,96.86034621616399,96.86034621616399,69.38799285888672,35.00294494628906,34.385047912597656,11.85051441192627,6.1877760887146,5.66273832321167,16.80949592590332,15.019157409667969,1.7903385162353516,34.89417483293626,52.35304551635025,72.07509503364416,77.8808995103843,64.79321584469348,69.44570532285968,52.5595948200277,54.05197945992614,45.21911368806759,60.51209512231242,0.11798146405909082,0.06483554611051778,23.4963321685791,26.088960647583008,1.110341838053811,18.145551681518555,22.0642147064209,1.2159572270758539,0.10561538902204282,26.538803100585938,27.517717361450195,1.0368861495808244,15.958939552307129,15.940900802612305,0.9988696774221307,0.03801647215869364
Goniobranchus tinctorius,Goniobranchus_tinctorius_img08,processed_data/automated_image_analysis/scaled_images/sam_scaled_ring120_final/Goniobranchus_tinctorius/Goniobranchus_tinctorius_img08_sam_scaled_ring120_final_scaled_image.png,processed_data/automated_image_analysis/masks/sam_scaled_ring120_final/Goniobranchus_tinctorius/Goniobranchus_tinctorius_img08_sam_scaled_ring120_final_animal_mask.png,processed_data/automated_image_analysis/background_rings/sam_scaled_ring120_final/Goniobranchus_tinctorius/Goniobranchus_tinctorius_img08_sam_scaled_ring120_final_background_ring120.png,2048,1456,199952,297953,2981888,0.06705550309065934,0.0999209225832761,152.09988397215332,72.49083244672818,79.60905152542514,165.3693386412739,78.79109121237242,86.57824742890149,154.45953528846923,72.57319778622804,81.88633750224119,160.14593002320558,76.1981822636456,83.94774775955997,83.94774775955997,45.93404417060094,40.349555131178406,5.584489039422536,5.584489039422536,168.07610826598383,80.36138921239255,87.71471905359128,87.71471905359128,65.86288452148438,31.850526809692383,34.01235771179199,-6.216217994689941,-3.5568294525146484,-2.659388542175293,4.440831661224365,2.7967488765716553,1.64408278465271,34.155758412542106,46.54297084564944,55.37233591466974,62.6372986844488,53.087763270695866,35.42061320240125,53.166196060832675,44.703905178084476,24.352871639603826,45.87928676877536,0.06552752104307641,0.021669305269365648,21.77927017211914,23.040990829467773,1.0579321826386925,17.511615753173828,13.802153587341309,0.7881713362080702,0.26976084643062226,10.97373104095459,9.03397274017334,0.8232362089482637,6.592316150665283,4.306047439575195,0.6531918890359404,0.17004431991232327
Goniobranchus tinctorius,Goniobranchus_tinctorius_img09,processed_data/automated_image_analysis/scaled_images/sam_scaled_ring120_final/Goniobranchus_tinctorius/Goniobranchus_tinctorius_img09_sam_scaled_ring120_final_scaled_image.png,processed_data/automated_image_analysis/masks/sam_scaled_ring120_final/Goniobranchus_tinctorius/Goniobranchus_tinctorius_img09_sam_scaled_ring120_final_animal_mask.png,processed_data/automated_image_analysis/background_rings/sam_scaled_ring120_final/Goniobranchus_tinctorius/Goniobranchus_tinctorius_img09_sam_scaled_ring120_final_background_ring120.png,1684,1080,341021,393547,1818720,0.1875060482097299,0.21638679950734582,211.56132027059917,126.88407229632038,84.67724797427879,144.86499951615883,98.07023303442791,46.79476648173092,107.60459913025883,80.42766937621174,27.176929754047094,160.56277765885386,104.68701324111224,55.87576441774162,55.87576441774162,134.1573451488325,115.63109361778898,18.526251531043513,18.526251531043513,211.66422595675925,127.02751132647435,84.6367146302849,84.6367146302849,66.3756103515625,42.56294250488281,23.812667846679688,22.276185989379883,9.343083381652832,12.93310260772705,31.461355209350586,14.077561378479004,17.383793830871582,32.19479120902227,39.916569552420896,69.13442263230584,71.08817592767345,58.64401317089124,70.2191664901283,39.95587147778963,67.99050657877048,51.006088812159234,71.35980311916063,0.22008869725530938,0.1538236863836352,44.19221115112305,33.91059112548828,0.7673431639237296,35.42159652709961,31.67021942138672,0.8940935058406284,0.12675034191689882,47.549373626708984,34.823184967041016,0.7323584373671006,24.108428955078125,17.7852783203125,0.7377203364620847,0.0053618990949840795
Halgerda aurantiomaculata,Halgerda_aurantiomaculata_img01,processed_data/automated_image_analysis/scaled_images/sam_scaled_ring120_final/Halgerda_aurantiomaculata/Halgerda_aurantiomaculata_img01_sam_scaled_ring120_final_scaled_image.png,processed_data/automated_image_analysis/masks/sam_scaled_ring120_final/Halgerda_aurantiomaculata/Halgerda_aurantiomaculata_img01_sam_scaled_ring120_final_animal_mask.png,processed_data/automated_image_analysis/background_rings/sam_scaled_ring120_final/Halgerda_aurantiomaculata/Halgerda_aurantiomaculata_img01_sam_scaled_ring120_final_background_ring120.png,1499,1998,521669,407221,2995002,0.1741798502972619,0.1359668541122844,168.3093589996722,120.61658657092832,47.69277242874389,147.46873592258692,94.53282370015299,52.93591222243393,100.68557073546636,79.12620911004099,21.559361625425367,148.37039962121574,100.57723938598451,47.79316023523123,47.79316023523123,108.78055625310301,125.74718150586537,-16.966625252762356,16.966625252762356,173.24901997243464,124.99854624393143,48.25047372850321,48.25047372850321,61.96810531616211,41.681941986083984,20.286163330078125,2.862687349319458,9.727890968322754,-6.865203619003296,26.462629318237305,13.658486366271973,12.804142951965332,24.952064446040247,46.35379947912763,36.003565764553464,56.66957500445098,36.52144266453629,72.62046645169005,43.7063195197978,63.81336576418019,70.90204242857932,61.00191740736116,0.018240140766938456,0.10631897230464632,10.153629302978516,17.77018165588379,1.7501310246446555,28.349822998046875,32.22694396972656,1.1367599710215757,0.6133710536230799,20.93841552734375,25.824081420898438,1.2333350337409452,25.979602813720703,24.769365310668945,0.9534158581357298,0.2799191756052154
Halgerda aurantiomaculata,Halgerda_aurantiomaculata_img10,processed_data/automated_image_analysis/scaled_images/sam_scaled_ring120_final/Halgerda_aurantiomaculata/Halgerda_aurantiomaculata_img10_sam_scaled_ring120_final_scaled_image.png,processed_data/automated_image_analysis/masks/sam_scaled_ring120_final/Halgerda_aurantiomaculata/Halgerda_aurantiomaculata_img10_sam_scaled_ring120_final_animal_mask.png,processed_data/automated_image_analysis/background_rings/sam_scaled_ring120_final/Halgerda_aurantiomaculata/Halgerda_aurantiomaculata_img10_sam_scaled_ring120_final_background_ring120.png,924,1115,221365,344496,1030260,0.2148632384058393,0.33437772989342496,105.28701014162131,58.87151374761971,46.4154963940016,89.49734601224222,51.34569051600018,38.151655496242036,62.26645133602873,42.18025753564628,20.086193800382453,91.1138210647573,52.53018902977103,38.58363203498627,38.58363203498627,109.30619564971879,92.65385955134457,16.65233609837422,16.65233609837422,105.89409346554334,60.66907308067437,45.22502038486896,45.22502038486896,38.4826774597168,21.525468826293945,16.95720863342285,2.9993505477905273,1.9828791618347168,1.0164713859558105,17.71486473083496,6.559611797332764,11.155252933502197,20.322888739702012,37.052739506340515,33.99350170552882,37.36260138313204,33.98540280136179,67.26677750608374,36.5313745737296,58.183424122383094,72.42299415120083,61.67330169069115,0.015626988728769216,0.1210050741310741,10.321817398071289,11.320751190185547,1.096778866898083,29.45064353942871,42.67005157470703,1.4488665253640414,0.35208765846595846,20.62950897216797,24.702754974365234,1.1974475499001276,20.00599479675293,26.374431610107422,1.3183264255566096,0.12087887565648203
Halgerda aurantiomaculata,Halgerda_aurantiomaculata_img02,processed_data/automated_image_analysis/scaled_images/sam_scaled_ring120_final/Halgerda_aurantiomaculata/Halgerda_aurantiomaculata_img02_sam_scaled_ring120_final_scaled_image.png,processed_data/automated_image_analysis/masks/sam_scaled_ring120_final/Halgerda_aurantiomaculata/Halgerda_aurantiomaculata_img02_sam_scaled_ring120_final_animal_mask.png,processed_data/automated_image_analysis/background_rings/sam_scaled_ring120_final/Halgerda_aurantiomaculata/Halgerda_aurantiomaculata_img02_sam_scaled_ring120_final_background_ring120.png,2048,1363,292996,355296,2791424,0.10496291498532649,0.1272812729273661,168.67112861609033,102.54316119517247,66.12796742091786,122.48418067140848,75.55199045303071,46.93219021837777,88.61375240617619,46.797594118706655,41.816158287469534,132.41953132465972,80.34398360803387,52.07554771662585,52.07554771662585,122.67174295894824,166.03986816626136,-43.36812520731311,43.36812520731311,171.64821362748978,104.39049975231919,67.2577138751706,67.2577138751706,56.166778564453125,33.819828033447266,22.34695053100586,16.796213150024414,8.594067573547363,8.20214557647705,23.7445125579834,20.138439178466797,3.6060733795166016,24.076236319479076,29.720360277976585,33.05598810699402,70.64213641186178,27.12251739563624,101.76585116987033,28.540345724300963,52.67730916012803,75.37144629162214,54.39603090202026,0.043920429146177914,0.10813056344974986,9.649110794067383,15.217424392700195,1.5770804914020067,28.775571823120117,26.27664566040039,0.9131580710861171,0.6639224203158895,28.990198135375977,51.25849914550781,1.7681320736803938,46.7231559753418,40.604270935058594,0.8690395605229995,0.8990925131573944
Halgerda aurantiomaculata,Halgerda_aurantiomaculata_img03,processed_data/automated_image_analysis/scaled_images/sam_scaled_ring120_final/Halgerda_aurantiomaculata/Halgerda_aurantiomaculata_img03_sam_scaled_ring120_final_scaled_image.png,processed_data/automated_image_analysis/masks/sam_scaled_ring120_final/Halgerda_aurantiomaculata/Halgerda_aurantiomaculata_img03_sam_scaled_ring120_final_animal_mask.png,processed_data/automated_image_analysis/background_rings/sam_scaled_ring120_final/Halgerda_aurantiomaculata/Halgerda_aurantiomaculata_img03_sam_scaled_ring120_final_background_ring120.png,2048,1792,237900,265725,3670016,0.06482260567801339,0.07240431649344307,165.42336696090794,160.19545018346034,5.227916777447604,144.80731820092475,154.38654247812588,-9.57922427720112,107.58810004203447,141.04844482077337,-33.4603447787389,146.73580496006724,154.6063298522909,-7.870524892223671,7.870524892223671,115.9089323245061,51.30122495060683,64.60770737389927,64.60770737389927,175.47408575031525,166.6613491391476,8.81273661116765,8.81273661116765,61.1342658996582,63.63970184326172,-2.5054359436035156,4.751478672027588,0.5538570284843445,4.197621643543243,21.536893844604492,7.891042232513428,13.645851612091064,14.495050981250511,35.10062541600417,33.14910819214413,68.37241529468714,33.221738681642115,66.73058667553744,40.32294231994672,34.767290780907764,39.68414252259237,36.00653265940924,0.00079346017258831,0.0222437099316455,5.786344528198242,5.695124626159668,0.9842353144383232,15.44967269897461,13.206347465515137,0.8547978797241211,0.1294374347142021,29.037681579589844,29.347225189208984,1.0106600662580691,14.848143577575684,13.806941986083984,0.9298766484812171,0.08078341777685205
Halgerda aurantiomaculata,Halgerda_aurantiomaculata_img04,processed_data/automated_image_analysis/scaled_images/sam_scaled_ring120_final/Halgerda_aurantiomaculata/Halgerda_aurantiomaculata_img04_sam_scaled_ring120_final_scaled_image.png,processed_data/automated_image_analysis/masks/sam_scaled_ring120_final/Halgerda_aurantiomaculata/Halgerda_aurantiomaculata_img04_sam_scaled_ring120_final_animal_mask.png,processed_data/automated_image_analysis/background_rings/sam_scaled_ring120_final/Halgerda_aurantiomaculata/Halgerda_aurantiomaculata_img04_sam_scaled_ring120_final_background_ring120.png,1200,900,206218,282536,1080000,0.19094259259259258,0.2616074074074074,168.20619441561843,165.66298454002322,2.5432098755952097,144.28683723050364,148.45772220177253,-4.17088497126889,103.80159345934885,111.22078602372795,-7.419192564379102,146.8316393331329,149.3616742645185,-2.5300349313856145,2.5300349313856145,99.8732845823352,95.16696279412182,4.706321788213387,4.706321788213387,168.38029657934806,166.04408641730612,2.3362101620419367,2.3362101620419367,61.233402252197266,61.781494140625,-0.5480918884277344,4.718773365020752,1.4933758974075317,3.22539746761322,23.422548294067383,22.39373016357422,1.028818130493164,3.429586022813468,20.300291404488416,21.805884797325017,51.20990007127015,20.65141252169297,73.69499259371744,20.330974699655346,47.8677833264132,57.44069881635495,43.2069986320955,0.008490293246652241,0.08486220741468532,5.763950824737549,10.189082145690918,1.7677253771773564,24.31301498413086,25.89644432067871,1.0651268194249606,0.7025985577523959,24.944177627563477,30.609912872314453,1.227136581904801,30.657804489135742,27.33152198791504,0.8915029123367447,0.3356336695680563
Halgerda aurantiomaculata,Halgerda_aurantiomaculata_img05,processed_data/automated_image_analysis/scaled_images/sam_scaled_ring120_final/Halgerda_aurantiomaculata/Halgerda_aurantiomaculata_img05_sam_scaled_ring120_final_scaled_image.png,processed_data/automated_image_analysis/masks/sam_scaled_ring120_final/Halgerda_aurantiomaculata/Halgerda_aurantiomaculata_img05_sam_scaled_ring120_final_animal_mask.png,processed_data/automated_image_analysis/background_rings/sam_scaled_ring120_final/Halgerda_aurantiomaculata/Halgerda_aurantiomaculata_img05_sam_scaled_ring120_final_background_ring120.png,1200,900,203362,294512,1080000,0.18829814814814816,0.27269629629629627,165.10280190006,59.06170546531211,106.04109643474789,158.3608097874726,39.85647104362471,118.50433874384788,110.79120484652984,31.942287580811648,78.84891726571819,154.95379667784542,44.70076940837725,110.25302726946816,110.25302726946816,112.66151493396013,165.3084322540338,-52.646917320073655,52.646917320073655,174.6512721157345,62.254471804204925,112.39680031152959,112.39680031152959,64.41123962402344,18.270437240600586,46.14080238342285,-1.6783182621002197,7.8138427734375,-9.49216103553772,22.89922332763672,8.001595497131348,14.897627830505371,49.406619806326646,53.20414629917511,56.325528427991344,77.82274307706513,53.106366927214566,85.02587981836301,53.81184060280224,48.00992686219336,72.12177702321996,57.04155976741857,0.004569220392618249,0.07463651279574399,6.013041973114014,7.073103427886963,1.17629370616616,21.266658782958984,34.64545822143555,1.629097385490429,0.4528036793242689,30.33317756652832,47.4130744934082,1.5630764165547562,23.779863357543945,29.5955753326416,1.2445645665685743,0.31851184998618187
Halgerda aurantiomaculata,Halgerda_aurantiomaculata_img06,processed_data/automated_image_analysis/scaled_images/sam_scaled_ring120_final/Halgerda_aurantiomaculata/Halgerda_aurantiomaculata_img06_sam_scaled_ring120_final_scaled_image.png,processed_data/automated_image_analysis/masks/sam_scaled_ring120_final/Halgerda_aurantiomaculata/Halgerda_aurantiomaculata_img06_sam_scaled_ring120_final_animal_mask.png,processed_data/automated_image_analysis/background_rings/sam_scaled_ring120_final/Halgerda_aurantiomaculata/Halgerda_aurantiomaculata_img06_sam_scaled_ring120_final_background_ring120.png,1992,1725,304491,396401,3436200,0.08861271171643094,0.1153602817065363,207.0479915662532,140.44772843660837,66.60026312964482,175.12423027281594,105.48996596880431,69.63426430401162,128.2310314590579,66.1193967724602,62.1116346865977,179.3286074136838,111.45794788610523,67.87065952757858,67.87065952757858,103.31481061837624,153.60628000433903,-50.291469385962785,50.291469385962785,208.25186294504599,140.4685911488619,67.7832717961841,67.7832717961841,73.36924743652344,46.71482849121094,26.6544189453125,6.953074932098389,10.188413619995117,-3.2353386878967285,27.315155029296875,27.10926055908203,0.20589447021484375,26.850844647245275,23.999183712624262,25.935091100999735,64.76556109698413,25.812453095192442,70.13184019948183,24.82769392068904,51.70663383999514,68.94948206061116,47.90104179405009,0.0015578267305532982,0.07980466762117965,6.210918426513672,6.14891242980957,0.9900166138973255,24.386144638061523,24.710386276245117,1.013296141845953,0.02327952794862742,17.878576278686523,19.608163833618164,1.096740787855324,13.667125701904297,9.835981369018555,0.7196817811991052,0.3770590066562187
Halgerda aurantiomaculata,Halgerda_aurantiomaculata_img07,processed_data/automated_image_analysis/scaled_images/sam_scaled_ring120_final/Halgerda_aurantiomaculata/Halgerda_aurantiomaculata_img07_sam_scaled_ring120_final_scaled_image.png,processed_data/automated_image_analysis/masks/sam_scaled_ring120_final/Halgerda_aurantiomaculata/Halgerda_aurantiomaculata_img07_sam_scaled_ring120_final_animal_mask.png,processed_data/automated_image_analysis/background_rings/sam_scaled_ring120_final/Halgerda_aurantiomaculata/Halgerda_aurantiomaculata_img07_sam_scaled_ring120_final_background_ring120.png,2029,1352,384146,383758,2743208,0.14003531631578794,0.13989387607501874,185.10401514007694,113.0502868995565,72.05372824052044,159.89572193905443,88.87405604573716,71.02166589331726,124.34705814976597,58.13039467581132,66.21666347395465,163.37658077918292,92.59889044658352,70.77769033259939,70.77769033259939,96.5491427738412,144.43724169919585,-47.888098925354655,47.888098925354655,193.58503798035122,116.13551769604803,77.44952028430319,77.44952028430319,67.94168090820312,39.128082275390625,28.8135986328125,8.006564140319824,6.662374973297119,1.344189167022705,20.013357162475586,21.02446174621582,-1.0111045837402344,28.862651353761944,40.0697657637948,41.43369970992857,83.95587672427317,36.472443085001544,100.63951630793963,36.92323318289741,52.65571346547639,69.76653196634942,55.94029166205777,0.021032723480999528,0.05546692077320991,8.174630165100098,13.262475967407227,1.6223946159703517,20.599239349365234,23.16592788696289,1.1246011318217315,0.49779348414862024,20.1395263671875,38.923545837402344,1.932694201826855,32.79320526123047,39.00018310546875,1.1892763392536208,0.7434178625732342
Halgerda aurantiomaculata,Halgerda_aurantiomaculata_img08,processed_data/automated_image_analysis/scaled_images/sam_scaled_ring120_final/Halgerda_aurantiomaculata/Halgerda_aurantiomaculata_img08_sam_scaled_ring120_final_scaled_image.png,processed_data/automated_image_analysis/masks/sam_scaled_ring120_final/Halgerda_aurantiomaculata/Halgerda_aurantiomaculata_img08_sam_scaled_ring120_final_animal_mask.png,processed_data/automated_image_analysis/background_rings/sam_scaled_ring120_final/Halgerda_aurantiomaculata/Halgerda_aurantiomaculata_img08_sam_scaled_ring120_final_background_ring120.png,1365,2048,209316,277412,2795520,0.07487551510989011,0.09923448946886447,207.97083834967228,91.16745129987167,116.8033870498006,195.95802040933324,72.95780643951956,123.00021396981369,167.51571786198858,67.83514411777429,99.68057374421429,196.30691872575437,77.82444162473145,118.48247710102292,118.48247710102292,55.891121557836,73.15611076665753,-17.264989208821532,17.264989208821532,210.58716486078464,92.39170259397575,118.19546226680889,118.19546226680889,79.31356811523438,32.305206298828125,47.00836181640625,0.06466501206159592,7.034005641937256,-6.96934062987566,16.052078247070312,6.195010662078857,9.857067584991455,48.53369521118793,28.67441983359592,26.8956428617759,42.70014666057231,27.553207767011866,36.75979025219986,27.129635384885876,34.43506258499935,32.55524018119782,37.698190791623624,0.012204315814208506,0.05484077392155386,7.837530136108398,9.694730758666992,1.236962485669083,17.95185661315918,24.74667739868164,1.3785023984951885,0.14153991282610545,21.483741760253906,21.105165481567383,0.982378475643991,14.097840309143066,14.488387107849121,1.0277025977129821,0.04532412206899117
Halgerda aurantiomaculata,Halgerda_aurantiomaculata_img09,processed_data/automated_image_analysis/scaled_images/sam_scaled_ring120_final/Halgerda_aurantiomaculata/Halgerda_aurantiomaculata_img09_sam_scaled_ring120_final_scaled_image.png,processed_data/automated_image_analysis/masks/sam_scaled_ring120_final/Halgerda_aurantiomaculata/Halgerda_aurantiomaculata_img09_sam_scaled_ring120_final_animal_mask.png,processed_data/automated_image_analysis/background_rings/sam_scaled_ring120_final/Halgerda_aurantiomaculata/Halgerda_aurantiomaculata_img09_sam_scaled_ring120_final_background_ring120.png,2048,1365,403826,389194,2795520,0.14445469894688645,0.13922061011904763,157.19611912061134,95.32861760458795,61.867501516023395,124.1519441541654,94.46251997718362,29.689424176981788,86.71860405224032,66.59197726583658,20.126626786403747,129.7571255936963,91.5382148748439,38.218910718852385,38.218910718852385,119.04487328700975,105.77399959917162,13.270873687838133,13.270873687838133,157.31801815633466,104.0750808080289,53.24293734830576,53.24293734830576,54.53394317626953,38.9985466003418,15.535396575927734,10.422389030456543,-3.7277562618255615,14.150145292282104,24.110557556152344,15.85996150970459,8.250596046447754,22.575373611209624,36.87571291894352,45.08896273342966,71.80178758560623,42.24943290550838,102.76658037116925,36.877868032802674,44.82407433018643,50.79598511624236,47.72820776469751,0.020510867152341936,0.02081433888596896,11.222260475158691,10.645490646362305,0.9486048439106266,14.661532402038574,13.569941520690918,0.9255472858215095,0.023057558089117136,18.931190490722656,35.80488967895508,1.891317384213184,10.02234172821045,14.833352088928223,1.480028569288947,0.4112888149242371
Hypselodoris bennetti,Hypselodoris_bennetti_img01,processed_data/automated_image_analysis/scaled_images/sam_scaled_ring120_final/Hypselodoris_bennetti/Hypselodoris_bennetti_img01_sam_scaled_ring120_final_scaled_image.png,processed_data/automated_image_analysis/masks/sam_scaled_ring120_final/Hypselodoris_bennetti/Hypselodoris_bennetti_img01_sam_scaled_ring120_final_animal_mask.png,processed_data/automated_image_analysis/background_rings/sam_scaled_ring120_final/Hypselodoris_bennetti/Hypselodoris_bennetti_img01_sam_scaled_ring120_final_background_ring120.png,1847,1582,361959,396997,2921954,0.1238756667627211,0.1358669575222608,85.88375478990714,67.09388987826104,18.789864911646106,190.32937708414488,83.23640732801508,107.0929697561298,157.41297771294538,25.216497857666432,132.19647985527894,155.35069441566586,71.79045937374842,83.56023504191744,83.56023504191744,157.65001008401504,195.0293453099142,-37.379335225899155,37.379335225899155,191.26795023745782,86.72517424564921,104.54277599180861,104.54277599180861,70.1317367553711,32.0617790222168,38.0699577331543,-34.353824615478516,-14.93206787109375,-19.421756744384766,6.983298301696777,29.07112693786621,-22.087828636169434,48.10819567083135,46.84659859650132,60.685896361668895,71.18734162221989,51.1917362992843,42.20881494970322,59.475634100587406,47.822304663524605,38.65576866020861,52.77800651323712,0.011673206713506397,0.029555664923505306,11.178942680358887,14.942627906799316,1.3366763149303134,14.307987213134766,14.167594909667969,0.9901878369490074,0.346488477981306,11.55234146118164,16.173227310180664,1.3999956082086213,9.365551948547363,8.929120063781738,0.9534003028157547,0.4465953053928666
Hypselodoris bennetti,Hypselodoris_bennetti_img10,processed_data/automated_image_analysis/scaled_images/sam_scaled_ring120_final/Hypselodoris_bennetti/Hypselodoris_bennetti_img10_sam_scaled_ring120_final_scaled_image.png,processed_data/automated_image_analysis/masks/sam_scaled_ring120_final/Hypselodoris_bennetti/Hypselodoris_bennetti_img10_sam_scaled_ring120_final_animal_mask.png,processed_data/automated_image_analysis/background_rings/sam_scaled_ring120_final/Hypselodoris_bennetti/Hypselodoris_bennetti_img10_sam_scaled_ring120_final_background_ring120.png,1814,1360,324029,406317,2467040,0.13134322913288798,0.1646981808158765,163.81817059584174,69.09536150345666,94.72280909238508,140.16997861302536,45.80118725034887,94.36879136267649,135.2476383286681,20.08947201323105,115.15816631543706,146.6764579713544,49.8263178749597,96.85014009639471,96.85014009639471,108.56811581679418,181.94203048358793,-73.37391466679375,73.37391466679375,175.53846106367024,69.9808326995917,105.55762836407854,105.55762836407854,59.490318298339844,20.9423770904541,38.54794120788574,10.4296293258667,7.093334197998047,3.3362951278686523,6.533108711242676,16.849294662475586,-10.31618595123291,40.043705237243856,72.7469742154206,85.9930402838396,97.45634699506526,80.2615165461298,88.68814390769347,78.58901996511997,56.61172457632862,96.44523743899447,68.35461654156563,0.013164595399034007,0.019264403358236745,8.128742218017578,12.177318572998047,1.4980569252161409,10.633201599121094,20.62342643737793,1.9395312169274206,0.4414742917112797,14.958974838256836,23.04786491394043,1.54073826335991,13.267219543457031,18.6223201751709,1.4036339802905298,0.13710428306938027
Hypselodoris bennetti,Hypselodoris_bennetti_img02,processed_data/automated_image_analysis/scaled_images/sam_scaled_ring120_final/Hypselodoris_bennetti/Hypselodoris_bennetti_img02_sam_scaled_ring120_final_scaled_image.png,processed_data/automated_image_analysis/masks/sam_scaled_ring120_final/Hypselodoris_bennetti/Hypselodoris_bennetti_img02_sam_scaled_ring120_final_animal_mask.png,processed_data/automated_image_analysis/background_rings/sam_scaled_ring120_final/Hypselodoris_bennetti/Hypselodoris_bennetti_img02_sam_scaled_ring120_final_background_ring120.png,2040,1546,291260,428136,3153840,0.09235091190421835,0.1357507039038125,102.5331593765021,70.64790160136032,31.88525777514178,113.60520153814461,65.64254115514696,47.962660382997655,158.27562658792831,63.88064306668909,94.39498352123923,115.38204010162741,66.94326569127567,48.43877441035174,48.43877441035174,118.9704834168784,51.8799470261786,67.0905363906998,67.0905363906998,169.07473048135685,74.47327718295121,94.60145329840564,94.60145329840564,48.75932312011719,27.726987838745117,21.03233528137207,9.634142875671387,1.977670669555664,7.656472206115723,-24.613840103149414,1.8350539207458496,-26.448894023895264,34.648588558818865,35.263652236853176,37.41069962003924,57.84576012531555,33.43814106374814,29.708141946019236,50.32553156496588,33.70990360627856,26.19511919190137,36.19193673460622,0.006256701089103324,0.00633318080476668,8.662282943725586,8.898782730102539,1.0273022467533526,9.759129524230957,9.095349311828613,0.931983666088841,0.0953185806645116,14.315271377563477,19.046377182006836,1.3304936161991652,6.548590660095215,4.46577262878418,0.6819440793569541,0.6485495368422111
Hypselodoris bennetti,Hypselodoris_bennetti_img03,processed_data/automated_image_analysis/scaled_images/sam_scaled_ring120_final/Hypselodoris_bennetti/Hypselodoris_bennetti_img03_sam_scaled_ring120_final_scaled_image.png,processed_data/automated_image_analysis/masks/sam_scaled_ring120_final/Hypselodoris_bennetti/Hypselodoris_bennetti_img03_sam_scaled_ring120_final_animal_mask.png,processed_data/automated_image_analysis/background_rings/sam_scaled_ring120_final/Hypselodoris_bennetti/Hypselodoris_bennetti_img03_sam_scaled_ring120_final_background_ring120.png,1366,2048,113992,312953,2797568,0.040746820095168376,0.11186609226299414,152.81334655063515,102.60007093716948,50.21327561346567,133.16941539757175,73.17738446348174,59.99203093409001,156.32120675135099,80.53369994855457,75.78750680279641,141.68018808337428,82.8237083523724,58.85647973100187,58.85647973100187,108.98109516457295,102.66860518991669,6.312489974656259,6.312489974656259,187.33675170187382,105.23575105527028,82.10100064660354,82.10100064660354,58.8926887512207,34.01766586303711,24.875022888183594,14.944842338562012,14.096075057983398,0.8487672805786133,-9.344372749328613,0.5529807806015015,-9.897353529930115,26.78515963142013,44.95843671803942,54.49363963400462,73.13579359652375,44.869862836825945,66.36632443532388,45.11680496817516,43.52160606725158,50.09033273416379,45.78000974795459,0.049668444839593984,0.021147369371599046,16.838472366333008,24.877418518066406,1.477415407813748,14.266446113586426,15.762638092041016,1.104874890813187,0.3725405170005611,35.5083122253418,52.90032196044922,1.4898010816378646,12.144974708557129,9.746278762817383,0.8024947763744894,0.6873063052633752
Hypselodoris bennetti,Hypselodoris_bennetti_img04,processed_data/automated_image_analysis/scaled_images/sam_scaled_ring120_final/Hypselodoris_bennetti/Hypselodoris_bennetti_img04_sam_scaled_ring120_final_scaled_image.png,processed_data/automated_image_analysis/masks/sam_scaled_ring120_final/Hypselodoris_bennetti/Hypselodoris_bennetti_img04_sam_scaled_ring120_final_animal_mask.png,processed_data/automated_image_analysis/background_rings/sam_scaled_ring120_final/Hypselodoris_bennetti/Hypselodoris_bennetti_img04_sam_scaled_ring120_final_background_ring120.png,561,377,135656,75841,211497,0.6414086251814447,0.35859137481855535,96.53002447366869,152.03730172334227,-55.50727724967358,57.83814943681076,112.52822352025949,-54.69007408344873,35.44076192722769,93.0231800741024,-57.58241814687471,66.85489768237306,122.1210427077702,-55.26614502539714,55.26614502539714,180.6871351064457,119.1762898695956,61.5108452368501,61.5108452368501,96.53033408032081,154.15231866668424,-57.621984586363425,57.621984586363425,27.927865982055664,50.690391540527344,-22.76252555847168,14.394977569580078,14.138543128967285,0.25643444061279297,19.882776260375977,16.93111801147461,2.951658248901367,22.954533644592225,47.863350634999996,41.328939650644976,31.993615103710457,41.82705716774446,45.56461164130264,47.8633590645212,53.76354361667442,71.1517560917322,54.09145303827162,0.06555695683223679,0.13019336748150306,21.222225189208984,20.03497314453125,0.9440561941977025,27.489276885986328,28.950035095214844,1.053139200979608,0.10908300678190541,16.661184310913086,14.196919441223145,0.8520954558989036,35.91117477416992,44.44215774536133,1.2375578917938252,0.3854624358949217
Hypselodoris bennetti,Hypselodoris_bennetti_img05,processed_data/automated_image_analysis/scaled_images/sam_scaled_ring120_final/Hypselodoris_bennetti/Hypselodoris_bennetti_img05_sam_scaled_ring120_final_scaled_image.png,processed_data/automated_image_analysis/masks/sam_scaled_ring120_final/Hypselodoris_bennetti/Hypselodoris_bennetti_img05_sam_scaled_ring120_final_animal_mask.png,processed_data/automated_image_analysis/background_rings/sam_scaled_ring120_final/Hypselodoris_bennetti/Hypselodoris_bennetti_img05_sam_scaled_ring120_final_background_ring120.png,1265,603,249680,315710,762795,0.3273225440649191,0.41388577533937687,141.816569208587,115.21651832377815,26.60005088480885,173.72420297981415,102.09592664153811,71.62827633827604,189.19825376481896,115.11654366348864,74.08171010133032,165.9557633771227,107.50536568369706,58.45039769342564,58.45039769342564,106.14267061839153,66.14150961325267,40.00116100513887,40.00116100513887,203.02158362704262,126.40266383706566,76.61891978997696,76.61891978997696,68.63431549072266,44.169769287109375,24.46454620361328,-4.002098560333252,8.547904968261719,-12.55000352859497,-9.95421314239502,-4.794580459594727,-5.159632682800293,27.975675486713385,53.652767245381554,85.0171747293701,87.98942015077384,71.58573377247784,45.452514990715564,75.88097611120253,51.85526544835753,47.25915100753559,53.40849657243811,0.010847771535348274,0.03239027666214561,9.433422088623047,14.237630844116211,1.5092752884753418,16.560794830322266,17.267850875854492,1.0426945718956453,0.46658071657969646,17.083297729492188,22.40261459350586,1.3113752946441093,10.877707481384277,8.476344108581543,0.7792399384785496,0.5321353561655597
Hypselodoris bennetti,Hypselodoris_bennetti_img06,processed_data/automated_image_analysis/scaled_images/sam_scaled_ring120_final/Hypselodoris_bennetti/Hypselodoris_bennetti_img06_sam_scaled_ring120_final_scaled_image.png,processed_data/automated_image_analysis/masks/sam_scaled_ring120_final/Hypselodoris_bennetti/Hypselodoris_bennetti_img06_sam_scaled_ring120_final_animal_mask.png,processed_data/automated_image_analysis/background_rings/sam_scaled_ring120_final/Hypselodoris_bennetti/Hypselodoris_bennetti_img06_sam_scaled_ring120_final_background_ring120.png,1320,990,204395,379429,1306800,0.15640878481787573,0.2903497092133456,155.39148217911398,105.37645778261546,50.01502439649852,157.27750189583895,90.0554095759681,67.22209231987085,156.92157342400745,71.00672062493905,85.9148527990684,156.67339220626727,92.45864443677209,64.21474776949518,64.21474776949518,74.99407519753419,80.85394105353043,-5.859865855996247,5.859865855996247,181.76306661121848,105.87919479006612,75.88387182115235,75.88387182115235,64.81519317626953,38.34165954589844,26.473533630371094,1.6593599319458008,3.381273031234741,-1.7219130992889404,0.15145911276340485,12.967729568481445,-12.81627045571804,29.46302353788564,44.85808286015759,48.39442764596001,59.40602752807118,42.85224233657333,56.290215316218266,41.645392372834785,48.2466744086526,37.491159967857776,53.12681787883619,0.03119177315074072,0.02510961200241105,13.07055950164795,18.794422149658203,1.4379202472004802,16.91312599182129,15.55024528503418,0.919418757511405,0.5185014896890752,22.294231414794922,28.23618507385254,1.266524265784485,18.892913818359375,12.817157745361328,0.6784108512105808,0.5881134145739043
Hypselodoris bennetti,Hypselodoris_bennetti_img07,processed_data/automated_image_analysis/scaled_images/sam_scaled_ring120_final/Hypselodoris_bennetti/Hypselodoris_bennetti_img07_sam_scaled_ring120_final_scaled_image.png,processed_data/automated_image_analysis/masks/sam_scaled_ring120_final/Hypselodoris_bennetti/Hypselodoris_bennetti_img07_sam_scaled_ring120_final_animal_mask.png,processed_data/automated_image_analysis/background_rings/sam_scaled_ring120_final/Hypselodoris_bennetti/Hypselodoris_bennetti_img07_sam_scaled_ring120_final_background_ring120.png,1549,1161,235145,373811,1798389,0.13075313516708564,0.2078588114139933,136.9177273597142,83.00995422820623,53.90777313150798,184.46987603393652,66.68792250629329,117.78195352764322,189.00624295647367,41.05763340297637,147.9486095534973,170.76911692785302,68.64476700792646,102.12434991992656,102.12434991992656,123.17342490803547,170.84151884240967,-47.6680939343742,47.6680939343742,211.3821386803887,85.45337349623205,125.92876518415665,125.92876518415665,72.46343231201172,28.520160675048828,43.94327163696289,-9.186236381530762,4.066367149353027,-13.252603530883789,-6.760416507720947,16.327877044677734,-23.08829355239868,51.37812687971833,63.90677476668134,70.48492570930327,81.54406340146795,59.44672818764709,66.05495408718502,57.99920539249028,64.97028806229135,82.30107309280123,70.32031504877908,0.020738928825967215,0.05644121079463284,13.042712211608887,22.29356575012207,1.7092737605817374,21.84486961364746,26.09131622314453,1.194391025655018,0.5148827349267193,22.948368072509766,41.361839294433594,1.8023869568303479,20.344709396362305,23.812686920166016,1.1704609024508257,0.6319260543795222
Hypselodoris bennetti,Hypselodoris_bennetti_img08,processed_data/automated_image_analysis/scaled_images/sam_scaled_ring120_final/Hypselodoris_bennetti/Hypselodoris_bennetti_img08_sam_scaled_ring120_final_scaled_image.png,processed_data/automated_image_analysis/masks/sam_scaled_ring120_final/Hypselodoris_bennetti/Hypselodoris_bennetti_img08_sam_scaled_ring120_final_animal_mask.png,processed_data/automated_image_analysis/background_rings/sam_scaled_ring120_final/Hypselodoris_bennetti/Hypselodoris_bennetti_img08_sam_scaled_ring120_final_background_ring120.png,2048,1381,513232,402544,2828288,0.181463839608979,0.14232779688631428,125.27271487358543,112.3944165109901,12.87829836259533,158.74264660036786,99.4095676497476,59.33307895062026,197.71547175546343,82.05471699988075,115.66075475558267,153.17702520497554,101.31098215350372,51.86604305147182,51.86604305147182,132.14284767902234,88.28053579236058,43.86231188666176,43.86231188666176,215.10555265455,113.02919680829922,102.07635584625078,102.07635584625078,64.99346160888672,41.79191970825195,23.201541900634766,2.208949089050293,2.6774184703826904,-0.46846938133239746,-22.304323196411133,11.761171340942383,-34.065494537353516,41.21879338605897,45.55321599405926,47.96477363429823,67.06826306887082,38.44299774792276,40.7662553318067,46.35088335799333,57.41879224984984,53.24195628966277,57.97432845555,0.013456639716469154,0.0374765317871109,9.429805755615234,12.597620010375977,1.3359363211563908,19.449962615966797,17.907594680786133,0.9207007249507766,0.41523559620561423,12.444929122924805,16.012605667114258,1.2866771284070582,6.931744575500488,5.227684497833252,0.754165771818821,0.5325113565882371
Hypselodoris bennetti,Hypselodoris_bennetti_img09,processed_data/automated_image_analysis/scaled_images/sam_scaled_ring120_final/Hypselodoris_bennetti/Hypselodoris_bennetti_img09_sam_scaled_ring120_final_scaled_image.png,processed_data/automated_image_analysis/masks/sam_scaled_ring120_final/Hypselodoris_bennetti/Hypselodoris_bennetti_img09_sam_scaled_ring120_final_animal_mask.png,processed_data/automated_image_analysis/background_rings/sam_scaled_ring120_final/Hypselodoris_bennetti/Hypselodoris_bennetti_img09_sam_scaled_ring120_final_background_ring120.png,1775,1331,301323,401011,2362525,0.12754277732510766,0.16973830964751696,184.53124056245292,108.27618693751543,76.25505362493749,181.514603930002,81.119834618003,100.39476931199901,181.07371491721509,39.5951682123433,141.47854670487177,182.3652990312721,84.50685642039744,97.85844261087465,97.85844261087465,76.8915814590987,180.91458339048057,-104.02300193138187,104.02300193138187,212.3836945735971,108.3232853961612,104.0604091774359,104.0604091774359,74.72903442382812,35.36728286743164,39.361751556396484,3.4192311763763428,6.65364408493042,-3.234412908554077,1.2454715967178345,26.613733291625977,-25.368261694908142,46.93993623634193,34.56612636932344,56.72362265736,68.15697269932909,43.53505126632635,60.36072113658653,36.972500098632366,53.6995669054717,51.971568376906895,59.333462546917694,0.04512903016896118,0.028991121452805906,18.77562141418457,21.847305297851562,1.163599585649208,15.23752212524414,16.88776969909668,1.1083015703136245,0.05529801533558354,23.516939163208008,33.22983169555664,1.4130168669035104,12.178678512573242,10.538832664489746,0.8653510849809753,0.547665781922535
Hypselodoris obscura,Hypselodoris_obscura_img01,processed_data/automated_image_analysis/scaled_images/sam_scaled_ring120_final/Hypselodoris_obscura/Hypselodoris_obscura_img01_sam_scaled_ring120_final_scaled_image.png,processed_data/automated_image_analysis/masks/sam_scaled_ring120_final/Hypselodoris_obscura/Hypselodoris_obscura_img01_sam_scaled_ring120_final_animal_mask.png,processed_data/automated_image_analysis/background_rings/sam_scaled_ring120_final/Hypselodoris_obscura/Hypselodoris_obscura_img01_sam_scaled_ring120_final_background_ring120.png,2048,1490,116136,231701,3051520,0.03805841023489933,0.07592970060822148,53.94490080595164,74.19264051514668,-20.247739709195038,61.88446304332851,34.61010526497512,27.27435777835339,67.23170248673968,33.007889478249986,34.22381300848969,60.12057415443962,46.27201436333896,13.848559791100662,13.848559791100662,179.62668767651718,175.19676220646437,4.429925470052808,4.429925470052808,88.45860887235655,75.10795378526636,13.350655087090189,13.350655087090189,25.4714412689209,19.26615333557129,6.205287933349609,3.421902894973755,17.988323211669922,-14.566420316696167,-4.732763290405273,9.925187110900879,-14.657950401306152,21.57641557686504,63.844383822161504,63.9659015543552,49.58868362041995,58.38092725260806,64.13462081490921,60.30405304002449,41.11391459759135,65.88537602508877,39.90824176029265,0.08639994294679788,0.09363013976464013,27.510677337646484,33.40285873413086,1.2141779834850277,26.890806198120117,40.299339294433594,1.4986288993169286,0.28445091583190085,35.239524841308594,32.7679328918457,0.9298630739037198,15.707501411437988,14.3931884765625,0.9163257796100898,0.013537294293630042
Hypselodoris obscura,Hypselodoris_obscura_img10,processed_data/automated_image_analysis/scaled_images/sam_scaled_ring120_final/Hypselodoris_obscura/Hypselodoris_obscura_img10_sam_scaled_ring120_final_scaled_image.png,processed_data/automated_image_analysis/masks/sam_scaled_ring120_final/Hypselodoris_obscura/Hypselodoris_obscura_img10_sam_scaled_ring120_final_animal_mask.png,processed_data/automated_image_analysis/background_rings/sam_scaled_ring120_final/Hypselodoris_obscura/Hypselodoris_obscura_img10_sam_scaled_ring120_final_background_ring120.png,1352,1689,302802,388859,2283528,0.13260270949162875,0.1702886936354623,21.959762485056242,55.68985159145089,-33.730089106394644,27.7291398339509,57.576211428821246,-29.847071594870346,32.433068473788154,48.523927696157216,-16.090859222369062,26.53164444092179,55.96219195132426,-29.430547510402466,29.430547510402466,203.6314390261623,105.33801969351359,98.29341933264871,98.29341933264871,43.88248426364423,61.40469424650066,-17.52220998285643,17.52220998285643,10.698854446411133,23.614612579345703,-12.91575813293457,1.5383176803588867,-2.266279935836792,3.8045976161956787,-3.9843809604644775,5.271536827087402,-9.25591778755188,16.339026447727743,42.2786652765457,27.621578729100673,21.82828212279858,28.311378780912836,62.57150464069016,38.72152704325046,38.702586904263775,77.19905148141183,39.108630992988104,0.007878983160072583,0.025373206538976362,9.103618621826172,11.856225967407227,1.302364088383668,12.88025951385498,13.913958549499512,1.080254519292302,0.22210956909136592,16.341217041015625,18.731996536254883,1.1463036375588502,13.396195411682129,9.929645538330078,0.7412287767667937,0.40507486079205657
Hypselodoris obscura,Hypselodoris_obscura_img02,processed_data/automated_image_analysis/scaled_images/sam_scaled_ring120_final/Hypselodoris_obscura/Hypselodoris_obscura_img02_sam_scaled_ring120_final_scaled_image.png,processed_data/automated_image_analysis/masks/sam_scaled_ring120_final/Hypselodoris_obscura/Hypselodoris_obscura_img02_sam_scaled_ring120_final_animal_mask.png,processed_data/automated_image_analysis/background_rings/sam_scaled_ring120_final/Hypselodoris_obscura/Hypselodoris_obscura_img02_sam_scaled_ring120_final_background_ring120.png,1251,938,293299,377827,1173438,0.24994844209919911,0.3219829253867695,40.67822256468655,63.125157810320594,-22.446935245634045,43.37961943272906,74.04439862688479,-30.664779194155727,27.529504021493423,36.79416240766277,-9.264658386169344,40.758369445514646,66.5341862810228,-25.775816835508152,25.775816835508152,139.69059560380362,129.66552946189657,10.025066141907047,10.025066141907047,51.89791646067665,74.92928509608895,-23.0313686354123,23.0313686354123,17.08267593383789,29.34789276123047,-12.265216827392578,-1.9668165445327759,-10.987751960754395,9.020935416221619,6.808645725250244,20.32926368713379,-13.520617961883545,20.36221819148895,48.302177665603566,41.79967559364622,22.819791520341013,38.90240216361825,62.02404511442348,46.50431789169558,23.221443572099563,25.792131186757143,25.449365933638816,0.012589821040436532,0.0063150228019499596,11.979937553405762,14.378199577331543,1.2001898601920493,10.135652542114258,9.65045166015625,0.9521292901525611,0.24806057003948823,18.543174743652344,23.7326602935791,1.2798596044996668,14.103432655334473,12.243219375610352,0.8681020908040771,0.41175751369558977
Hypselodoris obscura,Hypselodoris_obscura_img03,processed_data/automated_image_analysis/scaled_images/sam_scaled_ring120_final/Hypselodoris_obscura/Hypselodoris_obscura_img03_sam_scaled_ring120_final_scaled_image.png,processed_data/automated_image_analysis/masks/sam_scaled_ring120_final/Hypselodoris_obscura/Hypselodoris_obscura_img03_sam_scaled_ring120_final_animal_mask.png,processed_data/automated_image_analysis/background_rings/sam_scaled_ring120_final/Hypselodoris_obscura/Hypselodoris_obscura_img03_sam_scaled_ring120_final_background_ring120.png,1065,1420,243276,374110,1512300,0.16086490775639753,0.2473781657078622,46.524112530623654,63.74792708027051,-17.223814549646853,50.480733816734904,87.05185907888054,-36.571125262145635,42.67665532152781,59.15264494400043,-16.475989622472618,48.41029119189727,76.9007217128652,-28.490430520967934,28.490430520967934,139.3228473010079,130.72243457806528,8.600412722942622,8.600412722942622,66.17534405366744,89.61962257090161,-23.444278517234167,23.444278517234167,20.090797424316406,34.25889587402344,-14.168098449707031,0.24321039021015167,-12.208033561706543,12.451243951916695,1.180850863456726,13.972312927246094,-12.791462063789368,22.790129252816783,54.29092052253519,46.13504468616715,29.96425172567957,42.968452573770215,55.122311389781956,51.05092490969497,31.18717142261042,33.58806853775679,38.88192841681259,0.02191634656423389,0.007365225056316548,14.026031494140625,16.938764572143555,1.20766622969724,8.254980087280273,10.831671714782715,1.312137836828068,0.10447160713082804,21.551576614379883,28.25664710998535,1.3111174006235644,11.818334579467773,13.72301197052002,1.1611629268273789,0.14995447379618554
Hypselodoris obscura,Hypselodoris_obscura_img04,processed_data/automated_image_analysis/scaled_images/sam_scaled_ring120_final/Hypselodoris_obscura/Hypselodoris_obscura_img04_sam_scaled_ring120_final_scaled_image.png,processed_data/automated_image_analysis/masks/sam_scaled_ring120_final/Hypselodoris_obscura/Hypselodoris_obscura_img04_sam_scaled_ring120_final_animal_mask.png,processed_data/automated_image_analysis/background_rings/sam_scaled_ring120_final/Hypselodoris_obscura/Hypselodoris_obscura_img04_sam_scaled_ring120_final_background_ring120.png,1664,1248,267023,384782,2076672,0.12858217378574952,0.1852878066444773,24.863034270456104,64.94376296188491,-40.08072869142881,31.119442894432314,70.16243743210441,-39.0429945376721,33.003501571025716,56.036932600797336,-23.03343102977162,29.45504319852597,66.98013940361035,-37.52509620508438,37.52509620508438,147.25955816540147,84.7999100789538,62.45964808644767,62.45964808644767,40.24030888724941,71.29739696763362,-31.057088080384204,31.057088080384204,11.617237091064453,28.458452224731445,-16.841215133666992,-0.6738717555999756,-4.60407018661499,3.9301984310150146,-2.145925521850586,7.6026387214660645,-9.74856424331665,19.852140733222676,29.590941042481816,20.48668968511559,16.419540165196825,20.863106773606077,60.29104551835011,26.909006169789677,31.925139586979554,55.03513481496109,31.682225316791804,0.0021847292827062853,0.0016496367000754274,10.43420124053955,8.814037322998047,0.8447256402103162,10.262638092041016,7.558351039886475,0.7364920181437756,0.10823362206654052,12.028162002563477,12.133074760437012,1.008722260130116,9.10405445098877,6.236722469329834,0.6850488980382228,0.32367336209189324
Hypselodoris obscura,Hypselodoris_obscura_img05,processed_data/automated_image_analysis/scaled_images/sam_scaled_ring120_final/Hypselodoris_obscura/Hypselodoris_obscura_img05_sam_scaled_ring120_final_scaled_image.png,processed_data/automated_image_analysis/masks/sam_scaled_ring120_final/Hypselodoris_obscura/Hypselodoris_obscura_img05_sam_scaled_ring120_final_animal_mask.png,processed_data/automated_image_analysis/background_rings/sam_scaled_ring120_final/Hypselodoris_obscura/Hypselodoris_obscura_img05_sam_scaled_ring120_final_background_ring120.png,2048,1536,335780,404219,3145728,0.10674158732096355,0.1284977595011393,91.19508606825897,107.5939948394311,-16.39890877117213,110.80637619870153,102.1955820978232,8.610794100878323,112.7637858121389,67.9124830846645,44.851302727474405,105.16475668592531,99.90024714325651,5.264509542668804,5.264509542668804,159.71329144082435,130.99476273999986,28.718528700824493,28.718528700824493,140.27144261123354,114.69916802525364,25.572274585979898,25.572274585979898,44.59977340698242,42.237152099609375,2.362621307373047,0.47676101326942444,-2.538987159729004,3.0157481729984283,-4.800171375274658,19.503808975219727,-24.303980350494385,24.604068309168174,89.48008393539465,82.38981994521554,56.94932474998844,77.67467817551668,73.82468086564835,70.787742695629,55.22968033255836,72.65101541803453,54.8839506989791,0.06391811653397383,0.06897727008652497,24.060144424438477,27.740047454833984,1.152946007533427,22.942794799804688,24.4725341796875,1.0666762438155892,0.08626976371783779,31.86208724975586,28.750078201293945,0.9023287763896962,17.40456771850586,15.116114616394043,0.8685142234427023,0.03381455294699387
Hypselodoris obscura,Hypselodoris_obscura_img06,processed_data/automated_image_analysis/scaled_images/sam_scaled_ring120_final/Hypselodoris_obscura/Hypselodoris_obscura_img06_sam_scaled_ring120_final_scaled_image.png,processed_data/automated_image_analysis/masks/sam_scaled_ring120_final/Hypselodoris_obscura/Hypselodoris_obscura_img06_sam_scaled_ring120_final_animal_mask.png,processed_data/automated_image_analysis/background_rings/sam_scaled_ring120_final/Hypselodoris_obscura/Hypselodoris_obscura_img06_sam_scaled_ring120_final_background_ring120.png,1533,1363,356909,434369,2089479,0.170812436975916,0.20788387918710838,102.36243692369764,140.3725496064406,-38.01011268274296,103.3958544054647,128.24452021207776,-24.848665806613056,111.06206343913995,93.06089983401209,18.001163605127857,103.9597516453774,127.86290918550817,-23.903157540130778,23.903157540130778,131.65696578119352,110.2028252476581,21.454140533535423,21.454140533535423,137.9049197414467,142.88226139526532,-4.977341653818627,4.977341653818627,42.81047058105469,52.67739486694336,-9.866924285888672,6.558248519897461,-0.16311131417751312,6.721359834074974,-5.571752071380615,20.77983856201172,-26.351590633392334,28.9299015171581,89.21471623112963,84.99453455090467,61.72472927771472,80.70187039255586,63.080279643107424,74.50744245190927,68.95822177904422,59.25426516027847,69.42066663836187,0.028387252451783036,0.025672036547246934,16.459070205688477,18.673717498779297,1.1345548239004053,15.174062728881836,17.143566131591797,1.1297940728135565,0.004760751086848813,22.055509567260742,19.79815673828125,0.8976512956050531,11.768925666809082,9.496454238891602,0.8069091867640611,0.09074210884099199
Hypselodoris obscura,Hypselodoris_obscura_img07,processed_data/automated_image_analysis/scaled_images/sam_scaled_ring120_final/Hypselodoris_obscura/Hypselodoris_obscura_img07_sam_scaled_ring120_final_scaled_image.png,processed_data/automated_image_analysis/masks/sam_scaled_ring120_final/Hypselodoris_obscura/Hypselodoris_obscura_img07_sam_scaled_ring120_final_animal_mask.png,processed_data/automated_image_analysis/background_rings/sam_scaled_ring120_final/Hypselodoris_obscura/Hypselodoris_obscura_img07_sam_scaled_ring120_final_background_ring120.png,2048,1536,187193,330772,3145728,0.05950705210367838,0.1051495869954427,77.71219543465834,110.4831092111787,-32.77091377652036,122.5945254363144,116.0604343777587,6.534091058555703,147.34431308863046,93.91620512014318,53.42810796848728,111.9886587639495,111.86939341903184,0.1192653449176646,0.1192653449176646,170.31207363523208,64.9496299565864,105.36244367864568,105.36244367864568,166.38630718028986,118.19683649160146,48.1894706886884,48.1894706886884,49.62643814086914,47.135276794433594,2.491161346435547,0.4037208557128906,-6.002175331115723,6.405896186828613,-18.131519317626953,11.587396621704102,-29.718915939331055,30.503366296515953,82.11883294723566,64.81746249592935,52.96134189817297,62.332834419635546,70.76109141137191,56.467108567874305,45.38369617141398,38.22384539134541,45.53901853669293,0.054643841225226024,0.041575748006631406,20.36363983154297,20.2091064453125,0.9924113082185289,16.0230770111084,19.202539443969727,1.1984302035531058,0.20601889533457696,29.769224166870117,28.188182830810547,0.9468900725394417,9.251456260681152,8.532523155212402,0.9222897363170566,0.02460033622238511
Hypselodoris obscura,Hypselodoris_obscura_img08,processed_data/automated_image_analysis/scaled_images/sam_scaled_ring120_final/Hypselodoris_obscura/Hypselodoris_obscura_img08_sam_scaled_ring120_final_scaled_image.png,processed_data/automated_image_analysis/masks/sam_scaled_ring120_final/Hypselodoris_obscura/Hypselodoris_obscura_img08_sam_scaled_ring120_final_animal_mask.png,processed_data/automated_image_analysis/background_rings/sam_scaled_ring120_final/Hypselodoris_obscura/Hypselodoris_obscura_img08_sam_scaled_ring120_final_background_ring120.png,1536,2048,23773,138442,3145728,0.007557233174641927,0.04400952657063802,76.6636099777058,161.37701709018938,-84.71340711248358,70.75783451815084,135.97539763944468,-65.21756312129384,67.8725024187103,98.78924748270033,-30.916745063990035,72.20064779371556,139.3467228153306,-67.14607502161503,67.14607502161503,105.66705926891852,102.34118258909868,3.3258766798198423,3.3258766798198423,87.88772977747865,161.40018202568584,-73.51245224820718,73.51245224820718,29.075599670410156,57.45489501953125,-28.379295349121094,3.319864511489868,4.560708045959473,-1.2408435344696045,1.5146009922027588,23.47075080871582,-21.95614981651306,35.90259895822094,73.93039164949246,64.7308360544074,46.94187364067697,64.8736084376461,51.799649699610676,67.5149795726586,49.41934929517523,34.51483691551537,52.087994719062806,0.12845176730486008,0.2497189718519189,52.66484451293945,59.702362060546875,1.1336283741591289,45.82184982299805,36.236549377441406,0.7908137606276697,0.34281461353145914,29.279081344604492,20.309917449951172,0.6936664853282309,12.155893325805664,6.122670650482178,0.5036792020446906,0.1899872832835403
Hypselodoris obscura,Hypselodoris_obscura_img09,processed_data/automated_image_analysis/scaled_images/sam_scaled_ring120_final/Hypselodoris_obscura/Hypselodoris_obscura_img09_sam_scaled_ring120_final_scaled_image.png,processed_data/automated_image_analysis/masks/sam_scaled_ring120_final/Hypselodoris_obscura/Hypselodoris_obscura_img09_sam_scaled_ring120_final_animal_mask.png,processed_data/automated_image_analysis/background_rings/sam_scaled_ring120_final/Hypselodoris_obscura/Hypselodoris_obscura_img09_sam_scaled_ring120_final_background_ring120.png,1813,1360,190383,394139,2465680,0.07721318257032543,0.15985002108951687,36.80849655694048,120.49632490060613,-83.68782834366564,42.50203537080517,126.47835154602818,-83.97631617522302,41.853012086163154,103.57156739119955,-61.718555305036396,40.728589212272105,122.07993880331559,-81.35134959104349,81.35134959104349,144.10174752997904,49.986834593886925,94.11491293609211,94.11491293609211,54.559803133683154,126.89005909082836,-72.3302559571452,72.3302559571452,16.694881439208984,51.63294219970703,-34.93806076049805,-0.4500259757041931,-6.467491626739502,6.017465651035309,-0.7981440424919128,11.860252380371094,-12.658396422863007,37.64456112858794,42.128603684921,35.216457634931416,26.1770492659175,34.317232675066265,53.59353053912304,38.45435724841919,25.48252737901163,19.41613055997098,25.885077667375636,0.016909496386321173,0.008243286927858653,12.5562105178833,16.019697189331055,1.275838531578843,8.79446792602539,10.24990177154541,1.1654942468108807,0.11034428476796232,15.709060668945312,18.458797454833984,1.1750414517988672,5.074949264526367,3.603644847869873,0.7100849013524458,0.46495655044642137
Hypselodoris tryoni,Hypselodoris_tryoni_img01,processed_data/automated_image_analysis/scaled_images/sam_scaled_ring120_final/Hypselodoris_tryoni/Hypselodoris_tryoni_img01_sam_scaled_ring120_final_scaled_image.png,processed_data/automated_image_analysis/masks/sam_scaled_ring120_final/Hypselodoris_tryoni/Hypselodoris_tryoni_img01_sam_scaled_ring120_final_animal_mask.png,processed_data/automated_image_analysis/background_rings/sam_scaled_ring120_final/Hypselodoris_tryoni/Hypselodoris_tryoni_img01_sam_scaled_ring120_final_background_ring120.png,1914,1436,305985,404044,2748504,0.11132783506955056,0.14700506166263538,204.57389741327188,106.95974200829613,97.61415540497575,185.7067503308986,86.77863302016613,98.92811731073246,163.3220648070984,60.0440991575175,103.27796564958089,188.80116999199308,89.76843611091861,99.03273388107446,99.03273388107446,62.4690785496021,129.96290008018929,-67.49382153058718,67.49382153058718,206.20549046521887,107.12928542435972,99.07620504085915,99.07620504085915,75.7519760131836,37.38053894042969,38.371437072753906,3.797973871231079,4.6806321144104,-0.8826582431793213,13.531332015991211,18.285133361816406,-4.753801345825195,38.67486129048344,53.73740949837331,58.194814759417284,46.50454973091659,54.873280357309575,34.227169012425655,50.84104154185638,54.04826443583116,50.77573083696192,56.618622782668595,0.029363105844768166,0.010564381465416967,13.663665771484375,28.234331130981445,2.0663803991682506,8.341998100280762,10.670178413391113,1.2790914460927525,0.7872889530754981,8.60092544555664,10.068266868591309,1.170602737149956,6.222163677215576,5.239792346954346,0.842117407830576,0.3284853293193801
Hypselodoris tryoni,Hypselodoris_tryoni_img10,processed_data/automated_image_analysis/scaled_images/sam_scaled_ring120_final/Hypselodoris_tryoni/Hypselodoris_tryoni_img10_sam_scaled_ring120_final_scaled_image.png,processed_data/automated_image_analysis/masks/sam_scaled_ring120_final/Hypselodoris_tryoni/Hypselodoris_tryoni_img10_sam_scaled_ring120_final_animal_mask.png,processed_data/automated_image_analysis/background_rings/sam_scaled_ring120_final/Hypselodoris_tryoni/Hypselodoris_tryoni_img10_sam_scaled_ring120_final_background_ring120.png,1200,900,141414,277628,1080000,0.13093888888888888,0.25706296296296294,164.6647290933005,79.28738815969571,85.3773409336048,148.66933966933968,132.61118475081764,16.058154918522035,142.90123325837612,125.5733607561197,17.327872502256426,152.7988812988813,115.85387280821818,36.94500849066311,36.94500849066311,71.96117074688503,162.74133012520352,-90.78015937831849,90.78015937831849,172.7738059880917,151.43839958505626,21.33540640303545,21.33540640303545,62.169525146484375,53.4658203125,8.703704833984375,6.010312080383301,-10.724982261657715,16.735294342041016,5.834226131439209,2.042217969894409,3.7920081615448,19.240682951732648,59.22764173583083,67.97448252910517,63.19525201080341,63.08320968722748,55.35367712490971,57.89467834697449,37.78341805468695,81.0748334424714,41.571666176901076,0.053808160235140824,0.004460881934566145,21.392444610595703,33.18614959716797,1.551302350023654,6.3403215408325195,12.377791404724121,1.9522340192069894,0.40093166918333534,17.863588333129883,22.764671325683594,1.2743616176747727,10.583342552185059,12.489084243774414,1.1800699242410795,0.09429169343369326
Hypselodoris tryoni,Hypselodoris_tryoni_img02,processed_data/automated_image_analysis/scaled_images/sam_scaled_ring120_final/Hypselodoris_tryoni/Hypselodoris_tryoni_img02_sam_scaled_ring120_final_scaled_image.png,processed_data/automated_image_analysis/masks/sam_scaled_ring120_final/Hypselodoris_tryoni/Hypselodoris_tryoni_img02_sam_scaled_ring120_final_animal_mask.png,processed_data/automated_image_analysis/background_rings/sam_scaled_ring120_final/Hypselodoris_tryoni/Hypselodoris_tryoni_img02_sam_scaled_ring120_final_background_ring120.png,1881,1411,287087,370792,2654091,0.10816773049605308,0.13970583525583713,133.3152006186278,39.59022039310449,93.72498022552332,170.59042729207522,33.789590929685644,136.8008363623896,164.55698098485826,38.283622624004835,126.27335836085342,158.75521009310768,36.04655170553841,122.70865838756927,122.70865838756927,68.66025629861332,106.21078933741828,-37.55053303880496,37.55053303880496,177.95171498535288,47.6059057369091,130.34580924844377,130.34580924844377,66.29894256591797,14.019908905029297,52.27903366088867,-12.753371238708496,4.275992393493652,-17.02936363220215,-0.8080093860626221,-1.166455864906311,0.35844647884368896,54.983861906129285,52.61527598239123,61.83514320290005,63.382619750636614,58.14385696636624,37.77038441212903,59.98876787797395,29.6951483169288,44.31387313092274,36.30614739130184,0.03201733182933161,0.025744405504695797,17.875255584716797,28.65369987487793,1.6029812686637397,12.498804092407227,18.46762466430664,1.4775513343332867,0.12542993433045302,15.225082397460938,23.866390228271484,1.5675705132637998,11.57271671295166,12.672608375549316,1.0950417857689982,0.47252872749480157
Hypselodoris tryoni,Hypselodoris_tryoni_img03,processed_data/automated_image_analysis/scaled_images/sam_scaled_ring120_final/Hypselodoris_tryoni/Hypselodoris_tryoni_img03_sam_scaled_ring120_final_scaled_image.png,processed_data/automated_image_analysis/masks/sam_scaled_ring120_final/Hypselodoris_tryoni/Hypselodoris_tryoni_img03_sam_scaled_ring120_final_animal_mask.png,processed_data/automated_image_analysis/background_rings/sam_scaled_ring120_final/Hypselodoris_tryoni/Hypselodoris_tryoni_img03_sam_scaled_ring120_final_background_ring120.png,2048,1536,152776,228037,3145728,0.048566182454427086,0.07249101003011067,158.01416452845996,110.5245639961936,47.48960053226635,133.08398570456092,62.85633471761162,70.2276509869493,135.30368644289678,34.421931528655435,100.88175491424134,140.79700345604022,73.88268131925959,66.91432213678063,66.91432213678063,81.16663612085668,186.43808680170324,-105.27145068084656,105.27145068084656,166.1367688642195,110.55928643158785,55.577482432631655,55.577482432631655,57.354820251464844,31.490158081054688,25.864662170410156,11.26191234588623,18.037622451782227,-6.775710105895996,2.0923383235931396,25.302934646606445,-23.210596323013306,35.406535813299584,58.43476338977931,62.81146694904975,45.46754864529474,58.32533652309402,58.663222909809654,49.00187113210515,38.89895471762545,50.047188278693774,45.05763466475171,0.021334909716251075,0.14975020263122948,15.735915184020996,20.912776947021484,1.3289838374483183,33.9228401184082,28.32130241394043,0.8348741530804756,0.49410968436784264,14.017181396484375,16.83512306213379,1.2010348290388948,20.41806411743164,14.092538833618164,0.6901995582228999,0.5108352708159949
Hypselodoris tryoni,Hypselodoris_tryoni_img04,processed_data/automated_image_analysis/scaled_images/sam_scaled_ring120_final/Hypselodoris_tryoni/Hypselodoris_tryoni_img04_sam_scaled_ring120_final_scaled_image.png,processed_data/automated_image_analysis/masks/sam_scaled_ring120_final/Hypselodoris_tryoni/Hypselodoris_tryoni_img04_sam_scaled_ring120_final_animal_mask.png,processed_data/automated_image_analysis/background_rings/sam_scaled_ring120_final/Hypselodoris_tryoni/Hypselodoris_tryoni_img04_sam_scaled_ring120_final_background_ring120.png,1860,1395,307049,390083,2594700,0.11833699464292596,0.15033838208656106,157.27772765910328,21.53587057113486,135.7418570879684,136.71352780826513,42.754713740409095,93.95881406785603,137.06366736253824,59.296785555894516,77.76688180664372,142.9055753316246,38.28692098861011,104.61865434301447,104.61865434301447,84.49382346140193,188.63277558878494,-104.138952127383,104.138952127383,168.40225175786276,64.41080487998708,103.99144687787567,103.99144687787567,58.05862808227539,17.311330795288086,40.747297286987305,8.929381370544434,-0.5587784647941589,9.488159835338593,3.42759370803833,-11.479323387145996,14.906917095184326,44.41377703525961,78.46022117479916,67.64687140540045,66.70351210417833,68.62431041506525,55.96043267141458,68.70837161503766,23.600143942318617,50.63985779530372,37.97285840714749,0.035210302323171204,0.011736843938285793,17.749839782714844,36.93400573730469,2.080807837672528,5.9594244956970215,14.000085830688477,2.3492345344415693,0.2684266967690414,14.587084770202637,18.68863296508789,1.2811766887968992,5.9990363121032715,8.491421699523926,1.4154642942220865,0.13428760542518736
Hypselodoris tryoni,Hypselodoris_tryoni_img05,processed_data/automated_image_analysis/scaled_images/sam_scaled_ring120_final/Hypselodoris_tryoni/Hypselodoris_tryoni_img05_sam_scaled_ring120_final_scaled_image.png,processed_data/automated_image_analysis/masks/sam_scaled_ring120_final/Hypselodoris_tryoni/Hypselodoris_tryoni_img05_sam_scaled_ring120_final_animal_mask.png,processed_data/automated_image_analysis/background_rings/sam_scaled_ring120_final/Hypselodoris_tryoni/Hypselodoris_tryoni_img05_sam_scaled_ring120_final_background_ring120.png,1528,1146,361815,371780,1751088,0.20662296812039144,0.21231371581553868,183.3693655597474,103.24897789015009,80.1203876695973,144.73767809515914,74.479135510248,70.25854258491114,115.76213258156793,39.695976114906664,76.06615646666125,152.98969639180245,79.11996072946366,73.8697356623388,73.8697356623388,106.87621021792906,167.67663134111572,-60.800421123186666,60.800421123186666,184.5803241988309,103.43123083544032,81.14909336339059,81.14909336339059,62.34471893310547,33.35087585449219,28.99384307861328,11.560190200805664,7.929512977600098,3.6306772232055664,21.401668548583984,24.353763580322266,-2.9520950317382812,29.36902481599906,58.010352606133154,63.74324201359841,58.56315366510629,59.87403157903305,52.787242823734815,57.455078158378676,42.47022218096155,39.5163223630838,50.369916591567,0.06317148483076393,0.12041235722257676,25.834840774536133,39.597084045410156,1.532700913118793,28.99488067626953,24.93366813659668,0.8599334625647659,0.6727674505540271,22.756195068359375,26.080821990966797,1.1460976631910684,22.287160873413086,18.83993911743164,0.8453270124642155,0.30077065072685294
Hypselodoris tryoni,Hypselodoris_tryoni_img06,processed_data/automated_image_analysis/scaled_images/sam_scaled_ring120_final/Hypselodoris_tryoni/Hypselodoris_tryoni_img06_sam_scaled_ring120_final_scaled_image.png,processed_data/automated_image_analysis/masks/sam_scaled_ring120_final/Hypselodoris_tryoni/Hypselodoris_tryoni_img06_sam_scaled_ring120_final_animal_mask.png,processed_data/automated_image_analysis/background_rings/sam_scaled_ring120_final/Hypselodoris_tryoni/Hypselodoris_tryoni_img06_sam_scaled_ring120_final_background_ring120.png,1354,1015,290319,391775,1374310,0.21124709854399662,0.28507032620005673,175.39964659564134,108.42471571692936,66.97493087871199,140.58669256920837,92.74030502201519,47.846387547193174,127.29444852042064,72.92939059409099,54.365057926329655,149.48210761266057,95.17318358751835,54.30892402514222,54.30892402514222,104.93584643099487,97.36885457213963,7.566991858855246,7.566991858855246,181.8649141117185,110.71858847552805,71.14632563619044,71.14632563619044,61.06023406982422,39.0375862121582,22.022647857666016,13.178384780883789,3.9704785346984863,9.207906246185303,12.8145751953125,13.030019760131836,-0.21544456481933594,23.871090726269927,58.38168152085016,68.00251933789157,68.52249593636706,62.56410218032531,69.16720464503801,53.58601310706981,63.990880688972524,62.44087059267638,69.08839675344294,0.03286584502054115,0.09578746232381136,17.83970069885254,27.85994529724121,1.5616823268247533,28.814552307128906,31.16851806640625,1.0816936433433657,0.47998868348138757,22.001888275146484,37.192848205566406,1.6904389178077845,24.853519439697266,26.781288146972656,1.0775652201674208,0.6128736976403637
Hypselodoris tryoni,Hypselodoris_tryoni_img07,processed_data/automated_image_analysis/scaled_images/sam_scaled_ring120_final/Hypselodoris_tryoni/Hypselodoris_tryoni_img07_sam_scaled_ring120_final_scaled_image.png,processed_data/automated_image_analysis/masks/sam_scaled_ring120_final/Hypselodoris_tryoni/Hypselodoris_tryoni_img07_sam_scaled_ring120_final_animal_mask.png,processed_data/automated_image_analysis/background_rings/sam_scaled_ring120_final/Hypselodoris_tryoni/Hypselodoris_tryoni_img07_sam_scaled_ring120_final_background_ring120.png,1795,1346,399503,396239,2416070,0.16535241114702803,0.16400145691143056,101.99147941317086,55.06132914730756,46.930150265863304,115.11051731776733,66.04624734062018,49.06426997714715,118.62862106166912,63.38953258008424,55.23908848158488,111.58896679123811,62.45943988350465,49.12952690773346,49.12952690773346,81.61787270683824,120.3102218610485,-38.69234915421026,38.69234915421026,130.69238528872123,75.40785990273547,55.28452538598576,55.28452538598576,46.55647277832031,26.449678421020508,20.106794357299805,-1.6163910627365112,-3.0402939319610596,1.4239028692245483,-2.895536184310913,0.9478389024734497,-3.843375086784363,20.520287784664323,60.86504041543212,69.31720282728274,70.68657575595829,64.9961525413404,58.08589852438734,68.17778563984935,49.52011447541851,71.06752922133812,53.57913755968986,0.01862033181763577,0.01557688298734164,12.67169189453125,17.376012802124023,1.3712464718008988,13.167120933532715,13.709299087524414,1.0411766669971818,0.33006980480371695,12.901809692382812,15.82374382019043,1.2264747502462943,12.714312553405762,12.402769088745117,0.9754966331563721,0.2509781170899221
Hypselodoris tryoni,Hypselodoris_tryoni_img08,processed_data/automated_image_analysis/scaled_images/sam_scaled_ring120_final/Hypselodoris_tryoni/Hypselodoris_tryoni_img08_sam_scaled_ring120_final_scaled_image.png,processed_data/automated_image_analysis/masks/sam_scaled_ring120_final/Hypselodoris_tryoni/Hypselodoris_tryoni_img08_sam_scaled_ring120_final_animal_mask.png,processed_data/automated_image_analysis/background_rings/sam_scaled_ring120_final/Hypselodoris_tryoni/Hypselodoris_tryoni_img08_sam_scaled_ring120_final_background_ring120.png,1567,1175,533629,409469,1841225,0.2898228081847683,0.22238944181183723,174.17477873204044,134.95568895325408,39.219089778786355,137.07150848248503,115.34509572153203,21.726412760952996,125.6356944618827,98.9030182993096,26.7326761625731,146.8680637671491,119.3392491250864,27.5288146420627,27.5288146420627,97.4563901137307,86.47214807470162,10.984242039029084,10.984242039029084,177.10088282308496,136.98395971367796,40.116923109407,40.116923109407,59.160743713378906,49.246864318847656,9.91387939453125,13.59823989868164,5.797879695892334,7.800360202789307,11.607460975646973,12.225508689880371,-0.6180477142333984,12.62983004318109,74.01235009413018,75.95261993054756,66.06533147944195,72.99003697094865,50.38635124832781,71.76033687719571,55.82965154719342,65.31522194274234,56.89759075818672,0.02628391035210665,0.06281597830961798,14.558465957641602,30.18791961669922,2.073564598394645,17.050678253173828,25.95754623413086,1.5223761687778665,0.5511884296167786,12.476096153259277,15.565027236938477,1.2475879510492744,12.979736328125,13.560702323913574,1.0447594605238408,0.2028284905254336
Hypselodoris tryoni,Hypselodoris_tryoni_img09,processed_data/automated_image_analysis/scaled_images/sam_scaled_ring120_final/Hypselodoris_tryoni/Hypselodoris_tryoni_img09_sam_scaled_ring120_final_scaled_image.png,processed_data/automated_image_analysis/masks/sam_scaled_ring120_final/Hypselodoris_tryoni/Hypselodoris_tryoni_img09_sam_scaled_ring120_final_animal_mask.png,processed_data/automated_image_analysis/background_rings/sam_scaled_ring120_final/Hypselodoris_tryoni/Hypselodoris_tryoni_img09_sam_scaled_ring120_final_background_ring120.png,1470,980,349685,419173,1440600,0.24273566569484936,0.2909711231431348,193.24414258546977,84.04868395626627,109.1954586292035,182.55644937586686,91.34394629425083,91.21250308161603,164.30495445901312,82.973328434799,81.33162602421412,183.67246807841343,88.21035706021142,95.46211101820201,95.46211101820201,50.2592561877118,45.137098524952705,5.1221576627590935,5.1221576627590935,197.91620458412572,93.95485157679526,103.96135300733046,103.96135300733046,74.16466522216797,37.57122039794922,36.59344482421875,1.3738679885864258,-4.268382549285889,5.6422505378723145,10.543089866638184,3.866403341293335,6.676686525344849,37.62304264932575,50.52584546684979,51.349948348397746,45.6081108606142,49.32142999535402,28.974609755826005,47.01732150756704,28.23939496733643,22.92352419126747,30.395947220430912,0.03075597194089178,0.06419841105629608,15.960158348083496,28.54091453552246,1.7882601107745066,21.373920440673828,17.641382217407227,0.8253695089009637,0.9628906018735429,18.404525756835938,28.88474464416504,1.5694370518314749,27.259078979492188,26.04344940185547,0.9554045982789341,0.6140324535525408
Mexichromis festiva,Mexichromis_festiva_img01,processed_data/automated_image_analysis/scaled_images/sam_scaled_ring120_final/Mexichromis_festiva/Mexichromis_festiva_img01_sam_scaled_ring120_final_scaled_image.png,processed_data/automated_image_analysis/masks/sam_scaled_ring120_final/Mexichromis_festiva/Mexichromis_festiva_img01_sam_scaled_ring120_final_animal_mask.png,processed_data/automated_image_analysis/background_rings/sam_scaled_ring120_final/Mexichromis_festiva/Mexichromis_festiva_img01_sam_scaled_ring120_final_background_ring120.png,1397,966,229305,400866,1349502,0.16991823650502186,0.2970473552466021,215.3542574300604,128.5423433266977,86.81191410336268,202.71971391814395,104.50593964067794,98.21377427746602,200.6923617016637,93.92503230505955,106.76732939660417,206.2736355509038,110.48874187384313,95.78489367706068,95.78489367706068,38.41035738426986,99.19935838908762,-60.78900100481776,60.78900100481776,222.06465188286344,130.72781677667848,91.33683510618496,91.33683510618496,82.3320541381836,45.45439529418945,36.87765884399414,4.7167582511901855,9.008304595947266,-4.29154634475708,2.911747455596924,10.564900398254395,-7.653152942657471,37.90712125454693,30.17021795485084,43.74067209768448,50.978136691081865,39.26732754924114,35.524272135197045,33.29238381344008,61.8530780976203,64.56986055711654,56.17362368466482,0.004684909351295917,0.02773610459967703,5.939297199249268,9.13477611541748,1.538023070570054,16.33639144897461,16.66381072998047,1.020042325872793,0.5179807446972609,7.274111747741699,8.565204620361328,1.177491481763455,11.330228805541992,8.66477108001709,0.7647481113337148,0.4127433704297402
Mexichromis festiva,Mexichromis_festiva_img10,processed_data/automated_image_analysis/scaled_images/sam_scaled_ring120_final/Mexichromis_festiva/Mexichromis_festiva_img10_sam_scaled_ring120_final_scaled_image.png,processed_data/automated_image_analysis/masks/sam_scaled_ring120_final/Mexichromis_festiva/Mexichromis_festiva_img10_sam_scaled_ring120_final_animal_mask.png,processed_data/automated_image_analysis/background_rings/sam_scaled_ring120_final/Mexichromis_festiva/Mexichromis_festiva_img10_sam_scaled_ring120_final_background_ring120.png,1024,768,101242,288423,786432,0.1287358601888021,0.3667488098144531,162.42351000572884,80.9117338076367,81.51177619809215,179.86775251377887,56.689196076595834,123.17855643718303,159.67422611169278,33.740298103826674,125.9339280078661,172.35191916398333,61.31626118582776,111.03565797815557,111.03565797815557,85.07631220244562,172.92659739341175,-87.85028519096613,87.85028519096613,193.59885225499298,83.03817656705603,110.56067568793695,110.56067568793695,71.45986938476562,25.903488159179688,45.55638122558594,-7.3573527336120605,8.010476112365723,-15.367828845977783,9.138230323791504,18.000825881958008,-8.862595558166504,48.888645244451375,52.78489721567058,61.95642555803554,77.13215660821929,55.74365129632055,60.501407780757845,52.00738269809302,41.782917912375716,61.288448621591684,43.58609556851158,0.023728564532040385,0.053741439937422364,10.900367736816406,13.604116439819336,1.2480419714530286,17.662822723388672,24.722335815429688,1.3996820441781925,0.1516400727251639,19.313825607299805,24.619192123413086,1.274692679947782,16.949668884277344,16.04378318786621,0.946554372088564,0.32813830785921805
Mexichromis festiva,Mexichromis_festiva_img02,processed_data/automated_image_analysis/scaled_images/sam_scaled_ring120_final/Mexichromis_festiva/Mexichromis_festiva_img02_sam_scaled_ring120_final_scaled_image.png,processed_data/automated_image_analysis/masks/sam_scaled_ring120_final/Mexichromis_festiva/Mexichromis_festiva_img02_sam_scaled_ring120_final_animal_mask.png,processed_data/automated_image_analysis/background_rings/sam_scaled_ring120_final/Mexichromis_festiva/Mexichromis_festiva_img02_sam_scaled_ring120_final_background_ring120.png,1689,1267,227964,401844,2139963,0.10652707546812726,0.1877808167711311,138.64436051306348,66.10643184917531,72.53792866388817,162.37887561193872,51.3530175889151,111.02585802302363,162.07928006176414,53.52104796886354,108.5582320929006,155.2529785404713,56.013709300126415,99.2392692403449,99.2392692403449,66.93355968486252,81.9326504812813,-14.999090796418784,14.999090796418784,173.79799003351405,67.65431112571048,106.14367890780358,106.14367890780358,64.80006408691406,22.837966918945312,41.96209716796875,-6.762811660766602,7.361599445343018,-14.12441110610962,-2.765928030014038,1.2077951431274414,-3.9737231731414795,44.45342578120617,38.14592079118648,44.74783067240168,42.50666777294803,39.6339278095668,42.768811284383474,34.65335171577597,22.323690405304767,38.931586171119065,21.613667583631845,0.0019635649612741355,0.012155850636642209,6.732622146606445,7.359307765960693,1.0930819531688893,12.982630729675293,11.483172416687012,0.8845027372178994,0.20857921595098994,12.734441757202148,15.484969139099121,1.2159912019968502,12.411072731018066,7.751317977905273,0.6245485902707656,0.5914426117260846
Mexichromis festiva,Mexichromis_festiva_img03,processed_data/automated_image_analysis/scaled_images/sam_scaled_ring120_final/Mexichromis_festiva/Mexichromis_festiva_img03_sam_scaled_ring120_final_scaled_image.png,processed_data/automated_image_analysis/masks/sam_scaled_ring120_final/Mexichromis_festiva/Mexichromis_festiva_img03_sam_scaled_ring120_final_animal_mask.png,processed_data/automated_image_analysis/background_rings/sam_scaled_ring120_final/Mexichromis_festiva/Mexichromis_festiva_img03_sam_scaled_ring120_final_background_ring120.png,1536,2048,393692,399742,3145728,0.12515131632486978,0.1270745595296224,176.8445866311736,71.10926547623217,105.73532115494143,192.06582556922672,74.02293979616853,118.04288577305819,209.34407099966472,65.75695573645001,143.5871152632147,189.4904595470571,72.21642959709013,117.27402994996697,117.27402994996697,62.74148064984811,42.14290217190088,20.59857847794723,20.59857847794723,216.88401085112218,76.0977580539448,140.78625279717738,140.78625279717738,76.73953247070312,30.56529426574707,46.174238204956055,-0.5898849964141846,-2.7236974239349365,2.133812427520752,-10.435242652893066,4.534626483917236,-14.969869136810303,48.587142447946974,40.63234959010283,50.61184245706761,53.08021244559385,46.152339420874824,32.75866707491143,42.189656494022714,25.811298540809982,24.350983102015885,26.463248105336643,0.0032820714900500866,0.00010728209958918806,6.6786274909973145,8.49830436706543,1.272462699637165,5.8830180168151855,4.714935779571533,0.8014484684723093,0.47101423116485575,7.871672630310059,10.784832954406738,1.3700814885110297,6.233819961547852,5.101897239685059,0.8184222950221781,0.5516591934888516
Mexichromis festiva,Mexichromis_festiva_img04,processed_data/automated_image_analysis/scaled_images/sam_scaled_ring120_final/Mexichromis_festiva/Mexichromis_festiva_img04_sam_scaled_ring120_final_scaled_image.png,processed_data/automated_image_analysis/masks/sam_scaled_ring120_final/Mexichromis_festiva/Mexichromis_festiva_img04_sam_scaled_ring120_final_animal_mask.png,processed_data/automated_image_analysis/background_rings/sam_scaled_ring120_final/Mexichromis_festiva/Mexichromis_festiva_img04_sam_scaled_ring120_final_background_ring120.png,2048,1442,98756,224619,2953216,0.03344015473300971,0.07605911656986823,125.4182834460691,46.184218610179904,79.2340648358892,145.66849609137674,30.156073172794823,115.51242291858192,157.00513386528414,22.854736242259115,134.15039762302501,140.90096804244806,34.122767886955245,106.77820015549281,106.77820015549281,80.24466361537527,158.37028924534434,-78.12562562996906,78.12562562996906,166.57641054720725,47.038113427626335,119.5382971195809,119.5382971195809,58.8845329284668,13.281636238098145,45.60289669036865,-3.0521063804626465,6.11729097366333,-9.169397354125977,-7.784764766693115,6.945316791534424,-14.730081558227539,48.792185205238795,33.32754411779887,50.62074008021992,61.028630876643234,44.61954933330717,41.4721532073441,50.91882763811562,28.111946041824982,56.078359766379876,31.394823750992927,0.029057503269628318,0.030281189113280104,13.860648155212402,21.178556442260742,1.527962921004988,13.882728576660156,18.04459571838379,1.2997874026522873,0.22817551835270078,13.155970573425293,15.705748558044434,1.1938114691263921,10.885510444641113,9.559056282043457,0.8781449736010621,0.31566649552533
Mexichromis festiva,Mexichromis_festiva_img05,processed_data/automated_image_analysis/scaled_images/sam_scaled_ring120_final/Mexichromis_festiva/Mexichromis_festiva_img05_sam_scaled_ring120_final_scaled_image.png,processed_data/automated_image_analysis/masks/sam_scaled_ring120_final/Mexichromis_festiva/Mexichromis_festiva_img05_sam_scaled_ring120_final_animal_mask.png,processed_data/automated_image_analysis/background_rings/sam_scaled_ring120_final/Mexichromis_festiva/Mexichromis_festiva_img05_sam_scaled_ring120_final_background_ring120.png,1836,1376,312388,409077,2526336,0.12365259411258044,0.1619250170998632,182.19149583210623,79.4430192848779,102.74847654722832,177.0459588716596,52.074103408404774,124.97185546325483,187.43353137764575,32.243655839854114,155.18987553779164,179.7681697120248,57.99830594240204,121.76986376962275,121.76986376962275,53.76003239561059,155.36329835214397,-101.60326595653339,101.60326595653339,201.18423242890253,79.55834476149967,121.62588766740286,121.62588766740286,72.816162109375,24.142749786376953,48.67341232299805,5.102946758270264,10.127943992614746,-5.024997234344482,-4.508131504058838,16.798500061035156,-21.306631565093994,53.36969376922082,36.67773839287751,54.628063188092625,60.68698013158247,47.298660544488705,53.853858453331924,40.58239939059159,28.274186078528924,46.555932726541634,31.444161635337363,0.010763286547863113,0.013865392908083723,7.9536261558532715,10.3212890625,1.297683454093993,11.581128120422363,10.790392875671387,0.931722088165437,0.365961365928556,12.058368682861328,18.640520095825195,1.5458575356315933,11.415609359741211,8.3533935546875,0.7317518751252075,0.8141056605063859
Mexichromis festiva,Mexichromis_festiva_img06,processed_data/automated_image_analysis/scaled_images/sam_scaled_ring120_final/Mexichromis_festiva/Mexichromis_festiva_img06_sam_scaled_ring120_final_scaled_image.png,processed_data/automated_image_analysis/masks/sam_scaled_ring120_final/Mexichromis_festiva/Mexichromis_festiva_img06_sam_scaled_ring120_final_animal_mask.png,processed_data/automated_image_analysis/background_rings/sam_scaled_ring120_final/Mexichromis_festiva/Mexichromis_festiva_img06_sam_scaled_ring120_final_background_ring120.png,1373,1373,329649,410492,1885129,0.17486813899738426,0.2177527373458262,192.45573018574302,109.85933708817711,82.59639309756591,195.94238417225594,94.63603675589293,101.30634741636301,197.452790695558,49.28376679691687,148.16902389864114,195.07291391753046,94.01867515079465,101.0542387667358,101.0542387667358,40.276657899766114,160.13470177250713,-119.858043872741,119.858043872741,209.7660845323359,110.01207331689777,99.75401121543813,99.75401121543813,78.70426177978516,39.95672607421875,38.747535705566406,0.07308076322078705,0.4190363585948944,-0.34595559537410736,-1.122200846672058,26.85154914855957,-27.97374999523163,47.79144167446548,31.97699730306166,41.594296108893765,53.89862004337248,38.28505294355507,42.232883431544984,35.29761436065718,43.305581095453775,66.47858836784184,45.51363806515629,0.014019011359536163,0.06328543610237874,7.8013410568237305,12.098230361938477,1.5507885469712048,20.090967178344727,17.89157485961914,0.890528300643673,0.6602602463275318,12.429210662841797,17.990793228149414,1.4474606405967878,24.25143051147461,18.724929809570312,0.7721165067236169,0.6753441338731709
Mexichromis festiva,Mexichromis_festiva_img07,processed_data/automated_image_analysis/scaled_images/sam_scaled_ring120_final/Mexichromis_festiva/Mexichromis_festiva_img07_sam_scaled_ring120_final_scaled_image.png,processed_data/automated_image_analysis/masks/sam_scaled_ring120_final/Mexichromis_festiva/Mexichromis_festiva_img07_sam_scaled_ring120_final_animal_mask.png,processed_data/automated_image_analysis/background_rings/sam_scaled_ring120_final/Mexichromis_festiva/Mexichromis_festiva_img07_sam_scaled_ring120_final_background_ring120.png,1500,1125,306703,395461,1687500,0.18174992592592593,0.23434725925925926,195.18658441554206,136.4017513737132,58.78483304182885,175.08751789190194,125.96844948047975,49.11906841142219,163.33037498818075,95.42910426059713,67.90127072758362,179.75533007502372,125.6123005808411,54.14302949418263,54.14302949418263,54.99647215710313,94.09089139004858,-39.094419232945455,39.094419232945455,196.07811465815462,136.7316979424014,59.34641671575321,59.34641671575321,72.429443359375,51.658485412597656,20.770957946777344,6.273549556732178,-0.506032407283783,6.779581964015961,9.252751350402832,18.075180053710938,-8.822428703308105,23.56333325016981,42.10862422911301,56.45519390114038,65.38012347685765,52.33643925477473,51.42027577240881,42.66906596150836,64.05215930025304,43.75604367323267,63.03352839577232,0.015488870612935364,0.013829107405979498,8.082084655761719,11.64412784576416,1.4407332194253943,9.262506484985352,10.712767601013184,1.156573290218876,0.28415992920651845,11.533903121948242,15.270713806152344,1.3239849203426377,10.907445907592773,10.061968803405762,0.9224862436770401,0.4014986766655976
Mexichromis festiva,Mexichromis_festiva_img08,processed_data/automated_image_analysis/scaled_images/sam_scaled_ring120_final/Mexichromis_festiva/Mexichromis_festiva_img08_sam_scaled_ring120_final_scaled_image.png,processed_data/automated_image_analysis/masks/sam_scaled_ring120_final/Mexichromis_festiva/Mexichromis_festiva_img08_sam_scaled_ring120_final_animal_mask.png,processed_data/automated_image_analysis/background_rings/sam_scaled_ring120_final/Mexichromis_festiva/Mexichromis_festiva_img08_sam_scaled_ring120_final_background_ring120.png,1024,768,94750,237302,786432,0.12048085530598958,0.30174509684244794,166.24083377308708,42.31719496675123,123.92363880633584,156.29666490765172,32.31646593791877,123.98019896973295,150.10092875989446,21.82613715855745,128.274791601337,158.56689182058048,34.1066446974741,124.46024712310637,124.46024712310637,61.836052770448546,127.75034344421876,-65.91429067377021,65.91429067377021,175.74165699208444,43.183824830806316,132.55783216127813,132.55783216127813,64.65449523925781,13.403250694274902,51.25124454498291,3.9155797958374023,2.9265902042388916,0.9889895915985107,5.1800127029418945,7.944021224975586,-2.7640085220336914,51.335250178915125,50.295470760705385,60.35320384376437,68.90028110877542,56.15668219867957,56.73100153843526,53.56253409205502,27.004490711249737,45.55634182636142,33.038744069282714,0.032881303267045456,0.04318059584372989,17.17746925354004,14.81830883026123,0.8626596043656071,17.84160041809082,19.21142578125,1.0767770452795378,0.2141174409139307,17.81183624267578,13.465775489807129,0.7560015321465944,15.254485130310059,10.564876556396484,0.6925750994639925,0.06342643268260184
Mexichromis festiva,Mexichromis_festiva_img09,processed_data/automated_image_analysis/scaled_images/sam_scaled_ring120_final/Mexichromis_festiva/Mexichromis_festiva_img09_sam_scaled_ring120_final_scaled_image.png,processed_data/automated_image_analysis/masks/sam_scaled_ring120_final/Mexichromis_festiva/Mexichromis_festiva_img09_sam_scaled_ring120_final_animal_mask.png,processed_data/automated_image_analysis/background_rings/sam_scaled_ring120_final/Mexichromis_festiva/Mexichromis_festiva_img09_sam_scaled_ring120_final_background_ring120.png,1055,1406,405378,415664,1483330,0.2732891534587718,0.2802235510641597,176.87873046884636,115.31832441587436,61.560406052972,153.33091830341064,73.9803615420147,79.35055676139594,102.12924233678197,12.000416201547404,90.12882613523456,154.54991884118033,79.27623032064359,75.27368852053674,75.27368852053674,114.80132370281564,232.85176248123486,-118.05043877841922,118.05043877841922,176.87873293567978,115.31920734054428,61.5595255951355,61.5595255951355,64.16976928710938,34.89166259765625,29.278106689453125,2.365337371826172,12.60697078704834,-10.241633415222168,29.901208877563477,39.270545959472656,-9.36933708190918,32.4018990752893,27.123190391527576,38.74079345354328,46.222122317197105,35.47841329458938,56.32297215762694,27.12319281271146,27.946445168650925,27.223930759589816,30.50344590573824,0.004752746143284065,0.0026068808595172497,7.253421306610107,8.343268394470215,1.1502528312903761,8.602992057800293,6.947801113128662,0.8076028742615335,0.3426499570288426,6.740328788757324,6.132784366607666,0.9098642749945633,8.97690200805664,6.69601583480835,0.745916111014554,0.16394816398000933
Notodoris (=Aegires) gardineri,Notodoris_Aegires_gardineri_img01,processed_data/automated_image_analysis/scaled_images/sam_scaled_ring120_final/Notodoris_(=Aegires)_gardineri/Notodoris_Aegires_gardineri_img01_sam_scaled_ring120_final_scaled_image.png,processed_data/automated_image_analysis/masks/sam_scaled_ring120_final/Notodoris_(=Aegires)_gardineri/Notodoris_Aegires_gardineri_img01_sam_scaled_ring120_final_animal_mask.png,processed_data/automated_image_analysis/background_rings/sam_scaled_ring120_final/Notodoris_(=Aegires)_gardineri/Notodoris_Aegires_gardineri_img01_sam_scaled_ring120_final_background_ring120.png,1782,1188,362106,435770,2117016,0.17104547155052205,0.20584161858011465,145.96826619829554,128.97099387291462,16.99727232538092,131.41453607507194,107.31530164995296,24.09923442511898,23.304838914571977,76.08395483856162,-52.77911592398965,123.44284822676232,110.23061018427153,13.212238042490796,13.212238042490796,189.4339834192198,104.44667599880671,84.98730742041309,84.98730742041309,147.07192369085294,129.36340500722858,17.708518683624362,17.708518683624362,53.69884490966797,46.37522506713867,7.323619842529297,-5.316399574279785,4.36112642288208,-9.677525997161865,49.60802459716797,20.592063903808594,29.015960693359375,31.451802682552376,71.82969623942748,56.802849509645796,17.848931342118426,52.92113253339938,54.55878345163107,70.87226054269132,34.874763344301314,44.63276377710004,40.54127737690387,0.03155508769546836,0.05033264103068356,15.505374908447266,23.424943923950195,1.510762820135899,15.05985164642334,17.72138786315918,1.1767305733963154,0.33403224673958354,19.236703872680664,30.324501037597656,1.57638757857387,22.18169593811035,27.223384857177734,1.2272905071431108,0.3490970714307591
Notodoris (=Aegires) gardineri,Notodoris_Aegires_gardineri_img10,processed_data/automated_image_analysis/scaled_images/sam_scaled_ring120_final/Notodoris_(=Aegires)_gardineri/Notodoris_Aegires_gardineri_img10_sam_scaled_ring120_final_scaled_image.png,processed_data/automated_image_analysis/masks/sam_scaled_ring120_final/Notodoris_(=Aegires)_gardineri/Notodoris_Aegires_gardineri_img10_sam_scaled_ring120_final_animal_mask.png,processed_data/automated_image_analysis/background_rings/sam_scaled_ring120_final/Notodoris_(=Aegires)_gardineri/Notodoris_Aegires_gardineri_img10_sam_scaled_ring120_final_background_ring120.png,1027,1821,398521,344073,1870167,0.21309380392232352,0.18397982640053,76.80351098185541,17.351384735216072,59.45212624663934,117.20389640696476,49.25312361039663,67.95077279656813,24.74991029330951,36.2151171408393,-11.465206847529785,94.57808747845158,38.22170876529108,56.356378713160495,56.356378713160495,226.59847787193146,205.62424543628822,20.974232435643245,20.974232435643245,118.72866925456877,52.39286430495854,66.33580494961024,66.33580494961024,43.4030647277832,17.92163848876953,25.481426239013672,-25.24796485900879,-11.557625770568848,-13.690339088439941,38.380882263183594,4.906584739685059,33.474297523498535,44.240898072060666,63.95327879144405,79.92335230971548,36.350945386233164,66.6177153971396,35.693641195347844,79.61579620382835,31.338879190069424,48.417677646906235,41.95276712987262,0.032762209029959063,0.011841087329156744,15.3817138671875,24.425029754638672,1.5879264148023522,7.88230037689209,12.247763633728027,1.5538311213860636,0.034095293416288586,18.427431106567383,22.31538963317871,1.2109875491666167,8.785980224609375,9.100496292114258,1.0357974932181078,0.1751900559485089
Notodoris (=Aegires) gardineri,Notodoris_Aegires_gardineri_img02,processed_data/automated_image_analysis/scaled_images/sam_scaled_ring120_final/Notodoris_(=Aegires)_gardineri/Notodoris_Aegires_gardineri_img02_sam_scaled_ring120_final_scaled_image.png,processed_data/automated_image_analysis/masks/sam_scaled_ring120_final/Notodoris_(=Aegires)_gardineri/Notodoris_Aegires_gardineri_img02_sam_scaled_ring120_final_animal_mask.png,processed_data/automated_image_analysis/background_rings/sam_scaled_ring120_final/Notodoris_(=Aegires)_gardineri/Notodoris_Aegires_gardineri_img02_sam_scaled_ring120_final_background_ring120.png,2048,1536,183876,313656,3145728,0.058452606201171875,0.09970855712890625,107.31372772955687,114.27190616471549,-6.958178435158615,129.65507733472558,96.24154168898411,33.41353564574146,31.601563009854466,83.28564733338435,-51.68408432352988,111.79938110465748,100.16197043895222,11.63741066570526,11.63741066570526,187.95487176140443,101.31392672226899,86.64094503913545,86.64094503913545,131.25971306750202,119.76537671844314,11.494336349058884,11.494336349058884,48.837890625,41.2503776550293,7.587512969970703,-19.87004280090332,5.681678295135498,-25.55172109603882,42.423126220703125,10.523468017578125,31.899658203125,41.56980872599041,98.88631255949785,90.51996224866413,28.61649250475618,83.49310537148173,42.06891059343899,91.73706275923335,62.92111184661574,52.76737043719982,69.05524919692729,0.0562574466650181,0.09303649926735047,26.278095245361328,46.55299377441406,1.7715512992758373,23.53129768371582,24.97298812866211,1.0612669332700666,0.7102843660057707,29.28028106689453,37.14503479003906,1.2686023984939385,19.076915740966797,15.170730590820312,0.7952402158091975,0.47336218268474106
Notodoris (=Aegires) gardineri,Notodoris_Aegires_gardineri_img03,processed_data/automated_image_analysis/scaled_images/sam_scaled_ring120_final/Notodoris_(=Aegires)_gardineri/Notodoris_Aegires_gardineri_img03_sam_scaled_ring120_final_scaled_image.png,processed_data/automated_image_analysis/masks/sam_scaled_ring120_final/Notodoris_(=Aegires)_gardineri/Notodoris_Aegires_gardineri_img03_sam_scaled_ring120_final_animal_mask.png,processed_data/automated_image_analysis/background_rings/sam_scaled_ring120_final/Notodoris_(=Aegires)_gardineri/Notodoris_Aegires_gardineri_img03_sam_scaled_ring120_final_background_ring120.png,1294,862,285641,377777,1115428,0.25608197032887825,0.33868344707143805,142.31959347572652,141.94350370721352,0.3760897685129976,140.8122468413148,124.46427389703449,16.3479729442803,74.59041944258702,92.26672878444161,-17.67630934185459,133.71475733525648,126.02385269616731,7.690904639089169,7.690904639089169,131.8795691094766,101.66969137877636,30.209877730700228,30.209877730700228,147.37205093106382,142.54331523623725,4.828735694826577,4.828735694826577,56.41867446899414,52.04469299316406,4.373981475830078,-7.741053581237793,2.1726090908050537,-9.913662672042847,32.00725173950195,20.026872634887695,11.980379104614258,16.153696326730866,68.70478379120104,62.79011808731327,64.48103669332812,61.50105902770292,72.51291592995206,66.95652729117744,56.77064886042942,45.329230466949525,59.268864464599076,0.05838453034668986,0.048874909937371834,22.25544548034668,29.063589096069336,1.3059091143214718,17.858489990234375,18.155357360839844,1.0166233186998344,0.2892857956216375,28.65465545654297,31.30321502685547,1.0924303408334206,22.20630645751953,26.73601722717285,1.2039830792355595,0.11155273840213886
Notodoris (=Aegires) gardineri,Notodoris_Aegires_gardineri_img04,processed_data/automated_image_analysis/scaled_images/sam_scaled_ring120_final/Notodoris_(=Aegires)_gardineri/Notodoris_Aegires_gardineri_img04_sam_scaled_ring120_final_scaled_image.png,processed_data/automated_image_analysis/masks/sam_scaled_ring120_final/Notodoris_(=Aegires)_gardineri/Notodoris_Aegires_gardineri_img04_sam_scaled_ring120_final_animal_mask.png,processed_data/automated_image_analysis/background_rings/sam_scaled_ring120_final/Notodoris_(=Aegires)_gardineri/Notodoris_Aegires_gardineri_img04_sam_scaled_ring120_final_background_ring120.png,1923,1381,254040,337756,2655663,0.0956597279097536,0.12718330601435499,143.97330341678474,74.56448145998887,69.40882195679588,141.05125570776255,78.64186276483615,62.4093929429264,48.72322075263738,63.05423145702815,-14.33101070439077,131.40455833726972,75.64736377740144,55.75719455986828,55.75719455986828,186.49363486065187,83.94168867466455,102.55194618598732,102.55194618598732,147.67439379625256,81.1971689622094,66.47722483404316,66.47722483404316,54.94676971435547,31.759122848510742,23.187646865844727,-10.215800285339355,-4.289677143096924,-5.926123142242432,44.57276916503906,8.4574613571167,36.11530780792236,43.32552781828651,93.91188937218419,90.8183811146695,35.66889980644954,85.16734510747453,34.246696849613286,93.75934328777008,47.58798449338246,60.5606307887804,48.519887837704964,0.031885769282095036,0.1286121449680363,19.234041213989258,45.32166290283203,2.3563255583474985,38.2857666015625,51.27367401123047,1.3392359240140672,1.0170896343334312,16.85772705078125,28.853532791137695,1.7115909341882787,12.514677047729492,12.479788780212402,0.9972122119185314,0.7143787222697473
Notodoris (=Aegires) gardineri,Notodoris_Aegires_gardineri_img05,processed_data/automated_image_analysis/scaled_images/sam_scaled_ring120_final/Notodoris_(=Aegires)_gardineri/Notodoris_Aegires_gardineri_img05_sam_scaled_ring120_final_scaled_image.png,processed_data/automated_image_analysis/masks/sam_scaled_ring120_final/Notodoris_(=Aegires)_gardineri/Notodoris_Aegires_gardineri_img05_sam_scaled_ring120_final_animal_mask.png,processed_data/automated_image_analysis/background_rings/sam_scaled_ring120_final/Notodoris_(=Aegires)_gardineri/Notodoris_Aegires_gardineri_img05_sam_scaled_ring120_final_background_ring120.png,1922,1281,322346,441056,2462082,0.13092415281050754,0.17913944377157218,85.93504805395445,164.06996390481027,-78.13491585085582,65.4602911157576,159.68475204962635,-94.22446093386876,7.795068032486831,141.34508996590003,-133.5500219334132,65.01066555812699,158.90406660378727,-93.89340104566028,93.89340104566028,205.22265205710633,46.73863409635058,158.48401796075575,158.48401796075575,86.23969585476476,166.95308532249874,-80.71338946773398,80.71338946773398,27.833847045898438,65.01065063476562,-37.17680358886719,3.015368938446045,-1.1619375944137573,4.177306532859802,30.179729461669922,10.285565376281738,19.894164085388184,42.37148073422772,67.4573854094139,48.26436904317939,12.970599289476107,48.232321315473754,47.06001012398219,67.31471314971519,50.10817989634648,42.3636448215602,49.27008311914897,0.05070769740362321,0.02122748599969729,18.347326278686523,27.186717987060547,1.4817809185986108,13.288949966430664,13.052865982055664,0.982234564433505,0.49954635416510584,22.52875328063965,32.425025939941406,1.43927298310849,16.14759635925293,18.996286392211914,1.1764157320743667,0.2628572510341234
Notodoris (=Aegires) gardineri,Notodoris_Aegires_gardineri_img06,processed_data/automated_image_analysis/scaled_images/sam_scaled_ring120_final/Notodoris_(=Aegires)_gardineri/Notodoris_Aegires_gardineri_img06_sam_scaled_ring120_final_scaled_image.png,processed_data/automated_image_analysis/masks/sam_scaled_ring120_final/Notodoris_(=Aegires)_gardineri/Notodoris_Aegires_gardineri_img06_sam_scaled_ring120_final_animal_mask.png,processed_data/automated_image_analysis/background_rings/sam_scaled_ring120_final/Notodoris_(=Aegires)_gardineri/Notodoris_Aegires_gardineri_img06_sam_scaled_ring120_final_background_ring120.png,2004,1503,331186,414614,3012012,0.10995507322015981,0.13765350204448057,105.4268024614567,41.09044315917938,64.33635930227732,121.61202164342696,57.34465792279084,64.26736372063613,34.759630539938286,81.23532972837386,-46.47569918843557,106.87380807159722,55.20795969262977,51.66584837896745,51.66584837896745,190.97137862107698,140.3906428630003,50.580735758076685,50.580735758076685,128.03972994027527,83.94672152894017,44.09300841133509,44.09300841133509,47.231998443603516,23.633766174316406,23.59823226928711,-16.534584045410156,2.7010257244110107,-19.235609769821167,40.83826446533203,-15.219054222106934,56.057318687438965,63.79112969588449,63.18306298989377,68.21223347724825,23.792805137515398,59.40041875933093,36.53029333899385,65.31570028803377,30.158130876479763,41.41340473847463,43.832515432424536,0.05526724356555678,0.0670507341578452,23.335927963256836,31.853858947753906,1.3650135961127763,21.109392166137695,20.55403709411621,0.9736915649844078,0.3913220311283685,24.836877822875977,28.06647300720215,1.130032253142203,16.32295036315918,13.605268478393555,0.8335054739307779,0.296526779211425
Notodoris (=Aegires) gardineri,Notodoris_Aegires_gardineri_img07,processed_data/automated_image_analysis/scaled_images/sam_scaled_ring120_final/Notodoris_(=Aegires)_gardineri/Notodoris_Aegires_gardineri_img07_sam_scaled_ring120_final_scaled_image.png,processed_data/automated_image_analysis/masks/sam_scaled_ring120_final/Notodoris_(=Aegires)_gardineri/Notodoris_Aegires_gardineri_img07_sam_scaled_ring120_final_animal_mask.png,processed_data/automated_image_analysis/background_rings/sam_scaled_ring120_final/Notodoris_(=Aegires)_gardineri/Notodoris_Aegires_gardineri_img07_sam_scaled_ring120_final_background_ring120.png,2048,1792,50208,186788,3670016,0.013680594308035714,0.05089569091796875,16.086101816443595,23.481931387455298,-7.395829571011703,57.247072179732314,81.55904019530162,-24.311968015569306,33.12149458253665,103.03485234597511,-69.91335776343846,42.18891411727215,66.64438829046834,-24.455474173196194,24.455474173196194,169.31588591459527,181.51897873525067,-12.2030928206554,12.2030928206554,58.765276449968134,103.71724093624859,-44.95196448628045,44.95196448628045,19.984451293945312,31.302127838134766,-11.317676544189453,-17.386775970458984,-8.429754257202148,-8.957021713256836,9.148594856262207,-16.897838592529297,26.046433448791504,29.77809153946867,13.237769574095005,54.293478329808146,22.058836637545383,36.72231453640586,40.969513503034435,53.88973690865329,41.218228836498035,44.58518347572762,61.75590840765478,0.058916995042582944,0.03601578835552872,19.602251052856445,26.034107208251953,1.3281182420351798,16.832809448242188,19.569416046142578,1.1625757486481954,0.16554249338698446,24.54422950744629,29.559425354003906,1.2043329917949184,13.798206329345703,13.293761253356934,0.9634412572222574,0.240891734572661
Notodoris (=Aegires) gardineri,Notodoris_Aegires_gardineri_img08,processed_data/automated_image_analysis/scaled_images/sam_scaled_ring120_final/Notodoris_(=Aegires)_gardineri/Notodoris_Aegires_gardineri_img08_sam_scaled_ring120_final_scaled_image.png,processed_data/automated_image_analysis/masks/sam_scaled_ring120_final/Notodoris_(=Aegires)_gardineri/Notodoris_Aegires_gardineri_img08_sam_scaled_ring120_final_animal_mask.png,processed_data/automated_image_analysis/background_rings/sam_scaled_ring120_final/Notodoris_(=Aegires)_gardineri/Notodoris_Aegires_gardineri_img08_sam_scaled_ring120_final_background_ring120.png,1483,1112,384683,350732,1649096,0.23326901526654603,0.2126813720971975,109.48351759760634,57.84345882326107,51.64005877434527,97.70624904141852,49.69196423480036,48.01428480661816,9.118962886324583,40.72141407114264,-31.602451184818058,91.13023710431706,51.107195807625196,40.023041296691865,40.023041296691865,214.6457784721446,117.22738159050215,97.41839688164245,97.41839688164245,115.99063644611277,61.83262719113169,54.15800925498108,54.15800925498108,39.29018783569336,21.011207580566406,18.278980255126953,-4.491735935211182,2.6274688243865967,-7.119204759597778,40.61865997314453,6.735109806060791,33.88355016708374,39.15225622491865,99.35237859492022,75.33284873484406,11.683842463137427,73.60305096389037,41.17871598699916,94.26418623940754,38.08729674570157,70.52057538420388,43.25314504893759,0.0341976780304941,0.02014358485507462,19.343387603759766,33.76374816894531,1.7454930263808945,13.606197357177734,17.46182632446289,1.283373000263823,0.4621200261170715,22.64599609375,30.42186737060547,1.3433662729899307,13.677751541137695,11.740455627441406,0.858361521784512,0.48500475120541875
Notodoris (=Aegires) gardineri,Notodoris_Aegires_gardineri_img09,processed_data/automated_image_analysis/scaled_images/sam_scaled_ring120_final/Notodoris_(=Aegires)_gardineri/Notodoris_Aegires_gardineri_img09_sam_scaled_ring120_final_scaled_image.png,processed_data/automated_image_analysis/masks/sam_scaled_ring120_final/Notodoris_(=Aegires)_gardineri/Notodoris_Aegires_gardineri_img09_sam_scaled_ring120_final_animal_mask.png,processed_data/automated_image_analysis/background_rings/sam_scaled_ring120_final/Notodoris_(=Aegires)_gardineri/Notodoris_Aegires_gardineri_img09_sam_scaled_ring120_final_background_ring120.png,2048,1536,130476,296872,3145728,0.041477203369140625,0.09437306722005208,46.1539746773353,107.63237354819586,-61.47839887086056,50.97261565345351,98.41023067180468,-47.437615018351174,2.5304960299212116,74.0848311730308,-71.5543351431096,43.97624084122751,98.39697243256353,-54.42073159133602,54.42073159133602,239.859568043165,108.85227640195102,131.007291641214,131.007291641214,53.289317575646095,110.9905211673718,-57.7012035917257,57.7012035917257,19.091304779052734,41.27890396118164,-22.187599182128906,-8.6395902633667,0.38934051990509033,-9.02893078327179,23.166898727416992,15.012688636779785,8.154210090637207,25.30419512172181,47.29663949078304,42.39680867959935,8.928489373988905,39.11271653915067,29.8862951767457,46.240903991919545,50.08765595149649,68.2138548290676,50.930328006103146,0.04886362729210406,0.20621047345817956,20.405290603637695,37.86566925048828,1.855678999432524,40.63218307495117,35.50419235229492,0.8737948509141873,0.9818841485183367,23.720638275146484,36.5454216003418,1.5406592848149705,33.53537368774414,22.814176559448242,0.6803018440133239,0.8603574408016466
Phyllidia coelestis,Phyllidia_coelestis_img01,processed_data/automated_image_analysis/scaled_images/sam_scaled_ring120_final/Phyllidia_coelestis/Phyllidia_coelestis_img01_sam_scaled_ring120_final_scaled_image.png,processed_data/automated_image_analysis/masks/sam_scaled_ring120_final/Phyllidia_coelestis/Phyllidia_coelestis_img01_sam_scaled_ring120_final_animal_mask.png,processed_data/automated_image_analysis/background_rings/sam_scaled_ring120_final/Phyllidia_coelestis/Phyllidia_coelestis_img01_sam_scaled_ring120_final_background_ring120.png,2048,1536,312492,322306,3145728,0.09933853149414062,0.10245831807454427,51.81227039412209,53.816543905481126,-2.004273511359038,60.32330107650756,49.78198047817912,10.54132059832844,61.52377340859926,35.93884383163826,25.584929576961002,57.912631363362905,49.40644294552382,8.506188417839084,8.506188417839084,126.5902647107766,97.02733427239951,29.56293043837708,29.56293043837708,77.20196677034932,54.8830459253008,22.318920845048517,22.318920845048517,24.59980010986328,20.107723236083984,4.492076873779297,-0.28861644864082336,-0.5471978783607483,0.2585814297199249,-2.0286056995391846,8.724002838134766,-10.75260853767395,11.656080360060903,44.111431609598526,42.48043603976251,52.49577942173117,41.188550433730086,58.47828020938655,53.226362570037864,36.80638852393529,42.95817181965728,39.34526233713196,0.04372822072277835,0.00757708337384383,14.661972999572754,19.73653221130371,1.3461034345022207,8.761120796203613,10.485076904296875,1.196773466340093,0.14932996816212762,12.122514724731445,12.982304573059082,1.070925040542418,6.105668544769287,4.992271423339844,0.8176453383825939,0.2532797021598241
Phyllidia coelestis,Phyllidia_coelestis_img10,processed_data/automated_image_analysis/scaled_images/sam_scaled_ring120_final/Phyllidia_coelestis/Phyllidia_coelestis_img10_sam_scaled_ring120_final_scaled_image.png,processed_data/automated_image_analysis/masks/sam_scaled_ring120_final/Phyllidia_coelestis/Phyllidia_coelestis_img10_sam_scaled_ring120_final_animal_mask.png,processed_data/automated_image_analysis/background_rings/sam_scaled_ring120_final/Phyllidia_coelestis/Phyllidia_coelestis_img10_sam_scaled_ring120_final_background_ring120.png,1544,1158,500865,418961,1787952,0.28013335928481303,0.23432452325342068,127.80593373463907,201.83008442313246,-74.02415068849339,132.4309424695277,209.27301347858153,-76.84207100905383,121.72200892456051,196.4290996059299,-74.7070906813694,129.82218961197128,205.58499717157443,-75.76280755960315,75.76280755960315,95.46336837271521,31.972169247256904,63.49119912545831,63.49119912545831,154.42051450989788,213.82121247562424,-59.40069796572635,59.40069796572635,53.895408630371094,82.84143829345703,-28.946029663085938,-0.23981237411499023,-4.44366979598999,4.203857421875,3.5871741771698,5.612997531890869,-2.0258233547210693,29.319771669374198,63.763154855083386,63.707749195565896,84.38055458660182,61.9278253506709,69.71394128979415,71.60023698366744,31.06726097849214,25.613604664893266,29.456608065237457,0.10129348868197403,0.03492390741404725,25.38898277282715,33.247249603271484,1.3095148356575648,13.78999137878418,14.907613754272461,1.0810459082090318,0.22846892744853298,27.580720901489258,30.870525360107422,1.119279132346411,18.13153839111328,16.341514587402344,0.9012756796969709,0.2180034526494402
Phyllidia coelestis,Phyllidia_coelestis_img02,processed_data/automated_image_analysis/scaled_images/sam_scaled_ring120_final/Phyllidia_coelestis/Phyllidia_coelestis_img02_sam_scaled_ring120_final_scaled_image.png,processed_data/automated_image_analysis/masks/sam_scaled_ring120_final/Phyllidia_coelestis/Phyllidia_coelestis_img02_sam_scaled_ring120_final_animal_mask.png,processed_data/automated_image_analysis/background_rings/sam_scaled_ring120_final/Phyllidia_coelestis/Phyllidia_coelestis_img02_sam_scaled_ring120_final_background_ring120.png,2048,1536,226468,323389,3145728,0.0719922383626302,0.10280259450276692,136.60790486956213,100.94018967868419,35.66771519087794,153.52394157231927,94.42314055209052,59.10080102022876,175.14525230937704,95.28722374601486,79.85802856336218,150.9480235618277,96.47450902782717,54.47351453400054,54.47351453400054,115.39969002243143,71.58141433382087,43.818275688610555,43.818275688610555,192.6338334775774,107.70905627587828,84.92477720169913,84.92477720169913,61.61817932128906,39.30506896972656,22.3131103515625,2.8886473178863525,3.517068386077881,-0.6284210681915283,-14.48641300201416,0.8884027600288391,-15.374815762043,27.104515607490914,74.73691220846351,82.29490923975533,91.31135888908203,77.92933943828471,66.40107174634308,78.59206464066031,65.97120352730975,56.83437614796036,65.96346158455484,0.07256030054991923,0.16742910902548552,27.69794464111328,41.63832092285156,1.5033000268563599,38.83591079711914,36.447486877441406,0.9384996033141855,0.5648004235421744,27.70064353942871,27.429899215698242,0.9902260637611147,15.092841148376465,10.970808982849121,0.7268882561603883,0.26333780760072634
Phyllidia coelestis,Phyllidia_coelestis_img03,processed_data/automated_image_analysis/scaled_images/sam_scaled_ring120_final/Phyllidia_coelestis/Phyllidia_coelestis_img03_sam_scaled_ring120_final_scaled_image.png,processed_data/automated_image_analysis/masks/sam_scaled_ring120_final/Phyllidia_coelestis/Phyllidia_coelestis_img03_sam_scaled_ring120_final_animal_mask.png,processed_data/automated_image_analysis/background_rings/sam_scaled_ring120_final/Phyllidia_coelestis/Phyllidia_coelestis_img03_sam_scaled_ring120_final_background_ring120.png,2048,1536,210044,306467,3145728,0.0667711893717448,0.09742323557535808,77.5340833349203,118.49604035671051,-40.96195702179021,69.32395117213537,67.49592288892443,1.8280282832109407,70.12307421302204,60.56563023098735,9.557443982034684,71.87331701929119,81.96693281821534,-10.093615798924148,10.093615798924148,86.64089428881567,134.34503878068438,-47.7041444918687,47.7041444918687,88.85518272361982,118.51281540916314,-29.65763268554332,29.65763268554332,29.835607528686523,34.547218322753906,-4.711610794067383,4.90904426574707,21.24760627746582,-16.33856201171875,0.5228437185287476,14.448526382446289,-13.925682663917542,21.978910858859336,49.68468778188948,42.65553273495744,45.78787820964751,43.180090496116776,49.52199754278656,52.020873347810465,29.942300072668587,41.332960245461,30.570141742403074,0.037331910978879994,0.007809756912367778,15.036377906799316,19.16973304748535,1.2748903470174802,7.910994052886963,9.521493911743164,1.20357743263231,0.07131291438517007,10.092535972595215,9.412519454956055,0.9326218386057138,6.022261619567871,4.9523420333862305,0.8223392383510544,0.11028260025465941
Phyllidia coelestis,Phyllidia_coelestis_img04,processed_data/automated_image_analysis/scaled_images/sam_scaled_ring120_final/Phyllidia_coelestis/Phyllidia_coelestis_img04_sam_scaled_ring120_final_scaled_image.png,processed_data/automated_image_analysis/masks/sam_scaled_ring120_final/Phyllidia_coelestis/Phyllidia_coelestis_img04_sam_scaled_ring120_final_animal_mask.png,processed_data/automated_image_analysis/background_rings/sam_scaled_ring120_final/Phyllidia_coelestis/Phyllidia_coelestis_img04_sam_scaled_ring120_final_background_ring120.png,2048,1536,388332,381365,3145728,0.12344741821289062,0.12123266855875652,94.50021373463943,102.37133717042728,-7.871123435787851,135.5693633282861,109.60537018342008,25.963993144866023,122.59241576795114,85.26332778309494,37.3290879848562,121.80329717870276,104.66475161590603,17.138545562796736,17.138545562796736,149.38430518216373,85.92276690309808,63.46153827906565,63.46153827906565,151.64640050266266,115.69117249878725,35.955228003875405,35.955228003875405,52.3349723815918,44.397037506103516,7.937934875488281,-11.938838005065918,-6.653059959411621,-5.285778045654297,1.2081623077392578,13.090934753417969,-11.882772445678711,15.236487148657178,66.32265714872341,72.6178562754591,85.54415225400001,67.19058579235222,55.48242889612912,78.10059948405394,48.842317611121594,44.96191729665932,49.52977248631007,0.04995170451562779,0.03606522387528766,21.430028915405273,26.12562370300293,1.2191128535632616,18.599531173706055,15.602282524108887,0.8388535376722643,0.38025931589099726,23.538320541381836,22.148757934570312,0.9409659408635979,12.265327453613281,7.873276233673096,0.6419132520879972,0.29905268877560065
Phyllidia coelestis,Phyllidia_coelestis_img05,processed_data/automated_image_analysis/scaled_images/sam_scaled_ring120_final/Phyllidia_coelestis/Phyllidia_coelestis_img05_sam_scaled_ring120_final_scaled_image.png,processed_data/automated_image_analysis/masks/sam_scaled_ring120_final/Phyllidia_coelestis/Phyllidia_coelestis_img05_sam_scaled_ring120_final_animal_mask.png,processed_data/automated_image_analysis/background_rings/sam_scaled_ring120_final/Phyllidia_coelestis/Phyllidia_coelestis_img05_sam_scaled_ring120_final_background_ring120.png,2048,1240,266148,342685,2539520,0.10480248235887096,0.13494085496471775,84.15341088416972,120.54219764506763,-36.388786760897915,82.2633872882757,90.94967389877,-8.686286610494307,79.49135819168282,52.711668150050336,26.779690041632485,82.51324451057306,95.44720078205933,-12.933956271486267,12.933956271486267,133.32451868884982,156.70785415177204,-23.38333546292222,23.38333546292222,108.85273982896734,120.63411004275063,-11.78137021378329,11.78137021378329,34.71485137939453,40.12541961669922,-5.4105682373046875,4.115160942077637,7.422923564910889,-3.307762622833252,-0.165116548538208,25.56886863708496,-25.73398518562317,26.50384001901264,64.00641904560614,55.60748333994456,69.39105643100147,55.62284538281029,76.17279608536502,66.953426040183,45.786292558098296,51.61777561419968,53.30287754624274,0.1666242696144181,0.03815304507943089,36.56013870239258,40.5389518737793,1.108829269051059,16.585161209106445,15.687782287597656,0.945892662109545,0.16293660694151402,26.959182739257812,24.417490005493164,0.9057207053215508,15.865307807922363,12.15661907196045,0.7662390934445044,0.13948161187704644
Phyllidia coelestis,Phyllidia_coelestis_img06,processed_data/automated_image_analysis/scaled_images/sam_scaled_ring120_final/Phyllidia_coelestis/Phyllidia_coelestis_img06_sam_scaled_ring120_final_scaled_image.png,processed_data/automated_image_analysis/masks/sam_scaled_ring120_final/Phyllidia_coelestis/Phyllidia_coelestis_img06_sam_scaled_ring120_final_animal_mask.png,processed_data/automated_image_analysis/background_rings/sam_scaled_ring120_final/Phyllidia_coelestis/Phyllidia_coelestis_img06_sam_scaled_ring120_final_background_ring120.png,1987,1490,325941,377996,2960630,0.11009177100819759,0.127674177455474,84.4383032512019,72.45636197208437,11.981941279117535,101.72727886335257,56.731058000613764,44.9962208627388,103.2670667390724,44.38395908951418,58.88310764955823,96.72448081094431,60.03114054116975,36.693340269774566,36.693340269774566,86.58987362743564,90.3125615085874,-3.7226878811517565,3.7226878811517565,112.79443212115076,73.1028820410798,39.69155008007097,39.69155008007097,40.85332107543945,24.76325225830078,16.090068817138672,-4.243113994598389,4.828298568725586,-9.071412563323975,-2.9197018146514893,10.351404190063477,-13.271106004714966,22.744298077159293,50.967462308228455,57.61709939781799,64.7112995404924,54.62486538090192,53.46092399832956,60.4912113818346,46.22421303584872,55.62475889611035,52.41376709451097,0.09695008631831174,0.03550981574391114,24.747783660888672,24.9523868560791,1.0082675361153162,14.49740982055664,18.00320053100586,1.2418218670674657,0.2335543309521495,12.127737998962402,13.512060165405273,1.1141451247183365,9.605792999267578,12.665770530700684,1.3185554312555374,0.20441030653720094
Phyllidia coelestis,Phyllidia_coelestis_img07,processed_data/automated_image_analysis/scaled_images/sam_scaled_ring120_final/Phyllidia_coelestis/Phyllidia_coelestis_img07_sam_scaled_ring120_final_scaled_image.png,processed_data/automated_image_analysis/masks/sam_scaled_ring120_final/Phyllidia_coelestis/Phyllidia_coelestis_img07_sam_scaled_ring120_final_animal_mask.png,processed_data/automated_image_analysis/background_rings/sam_scaled_ring120_final/Phyllidia_coelestis/Phyllidia_coelestis_img07_sam_scaled_ring120_final_background_ring120.png,1942,1457,327918,395506,2829494,0.1158928062756097,0.1397797627420309,77.55987167523588,128.1553705885625,-50.59549891332662,81.84438792624985,78.85540548057425,2.988982445675603,87.34547661305571,60.39100291778127,26.954473695274437,81.19030367347935,91.490197367423,-10.299893693943645,10.299893693943645,104.01925176416056,161.93266853094516,-57.91341676678461,57.91341676678461,105.67590373203056,129.29857954114476,-23.6226758091142,23.6226758091142,33.98115158081055,38.29944610595703,-4.318294525146484,3.1135528087615967,19.234283447265625,-16.12073063850403,-3.9812638759613037,19.509201049804688,-23.49046492576599,28.81540501804121,53.08322498103228,59.148993272939286,69.00517482817581,54.32739714745815,57.42505098522394,68.48568946059947,63.349496519999185,70.81554840647813,63.41599349238368,0.11549915228258081,0.044020535161970825,28.41653823852539,25.249984741210938,0.8885665287328548,19.361492156982422,18.026676177978516,0.931058207281688,0.04249167854883318,17.323789596557617,20.458890914916992,1.1809708725036898,20.595924377441406,19.354909896850586,0.93974465734832,0.2412262151553698
Phyllidia coelestis,Phyllidia_coelestis_img08,processed_data/automated_image_analysis/scaled_images/sam_scaled_ring120_final/Phyllidia_coelestis/Phyllidia_coelestis_img08_sam_scaled_ring120_final_scaled_image.png,processed_data/automated_image_analysis/masks/sam_scaled_ring120_final/Phyllidia_coelestis/Phyllidia_coelestis_img08_sam_scaled_ring120_final_animal_mask.png,processed_data/automated_image_analysis/background_rings/sam_scaled_ring120_final/Phyllidia_coelestis/Phyllidia_coelestis_img08_sam_scaled_ring120_final_background_ring120.png,2048,1536,475540,377043,3145728,0.15117009480794272,0.1198587417602539,92.34741136392311,91.00900958246142,1.3384017814616982,121.63479833452496,69.57473020318638,52.06006813133858,123.84087563611894,62.44215116047772,61.39872447564122,113.12243975270219,75.1776136939288,37.94482605877339,37.94482605877339,125.77029692560038,81.2405481602894,44.52974876531097,44.52974876531097,142.61453505488498,92.80143378871905,49.81310126616593,49.81310126616593,48.43796157836914,30.56393051147461,17.87403106689453,-5.377321243286133,8.14039421081543,-13.517715454101562,-5.63791561126709,7.651750564575195,-13.289666175842285,26.054267303911917,73.50269637476228,65.71917609599072,73.48062114956413,64.05004063082325,70.71925967777263,70.4888045174187,57.494952004857,49.867021284692285,68.28548643065129,0.24204259314583246,0.2223381323829315,38.31162643432617,26.506561279296875,0.6918672932023507,39.337005615234375,26.395612716674805,0.6710122517930636,0.02085504140928718,20.246660232543945,25.82734489440918,1.275634825584468,14.50838851928711,12.874059677124023,0.8873528345349694,0.3882819910494987
Phyllidia coelestis,Phyllidia_coelestis_img09,processed_data/automated_image_analysis/scaled_images/sam_scaled_ring120_final/Phyllidia_coelestis/Phyllidia_coelestis_img09_sam_scaled_ring120_final_scaled_image.png,processed_data/automated_image_analysis/masks/sam_scaled_ring120_final/Phyllidia_coelestis/Phyllidia_coelestis_img09_sam_scaled_ring120_final_animal_mask.png,processed_data/automated_image_analysis/background_rings/sam_scaled_ring120_final/Phyllidia_coelestis/Phyllidia_coelestis_img09_sam_scaled_ring120_final_background_ring120.png,1735,1301,516944,397252,2257235,0.22901647369458653,0.17599053709516288,117.76313488501656,102.74355824514414,15.019576639872412,135.3227467578693,77.32037850029704,58.00236825757227,138.1887322417902,54.91186450917805,83.27686773261215,130.38921043672042,82.37754624268726,48.01166419403316,48.01166419403316,118.38175508372281,138.03315779404508,-19.651402710322273,19.651402710322273,163.386931659909,105.20073152558074,58.186200134328274,58.186200134328274,53.93095397949219,34.086490631103516,19.844463348388672,-1.0176414251327515,8.3291597366333,-9.346801161766052,-4.8822126388549805,16.943038940429688,-21.825251579284668,30.94361039119709,85.62735294884206,84.23609196006213,95.08449232502278,81.35329227665069,68.84516525786522,90.22643947396223,58.90891963339206,60.764538170088464,64.16303021220752,0.10738656887534748,0.07711098080771163,24.710102081298828,35.28864669799805,1.4281060669800025,22.080533981323242,27.506649017333984,1.2457420205779628,0.18236404640203974,18.299156188964844,20.96109390258789,1.1454677847510972,13.152667045593262,11.3550443649292,0.8633263752186027,0.28214140953249456
Phyllidia elegans,Phyllidia_elegans_img01,processed_data/automated_image_analysis/scaled_images/sam_scaled_ring120_final/Phyllidia_elegans/Phyllidia_elegans_img01_sam_scaled_ring120_final_scaled_image.png,processed_data/automated_image_analysis/masks/sam_scaled_ring120_final/Phyllidia_elegans/Phyllidia_elegans_img01_sam_scaled_ring120_final_animal_mask.png,processed_data/automated_image_analysis/background_rings/sam_scaled_ring120_final/Phyllidia_elegans/Phyllidia_elegans_img01_sam_scaled_ring120_final_background_ring120.png,2048,1583,76484,198142,3241984,0.02359172654769425,0.06111751322646873,112.58962658856754,94.73210626722249,17.85752032134505,130.71231891637467,101.42191458650866,29.290404329866007,132.0823832435542,89.01985444782025,43.062528795733954,125.43466607395011,98.01110314824722,27.423562925702896,27.423562925702896,44.34498718686261,33.6688586972979,10.67612848956471,10.67612848956471,135.38283824067778,102.3304397856083,33.05239845506948,33.05239845506948,52.75505447387695,41.490970611572266,11.264083862304688,-5.914888858795166,-4.860001564025879,-1.054887294769287,-3.0285086631774902,6.126429557800293,-9.154938220977783,14.553531059217843,32.94338793857728,42.216574352486944,39.25597451015165,38.85030026711885,11.32058201771923,40.73175028552739,35.567239318631486,13.133139468973248,37.988201258246235,0.0326787567597094,0.002956069955052983,20.02981185913086,15.371800422668457,0.7674460714248305,7.755197048187256,7.911606788635254,1.0201683773443975,0.252722305919567,8.006998062133789,6.2854719161987305,0.7849973070336564,3.290402889251709,3.706047773361206,1.126320362004065,0.3413230549704085
Phyllidia elegans,Phyllidia_elegans_img10,processed_data/automated_image_analysis/scaled_images/sam_scaled_ring120_final/Phyllidia_elegans/Phyllidia_elegans_img10_sam_scaled_ring120_final_scaled_image.png,processed_data/automated_image_analysis/masks/sam_scaled_ring120_final/Phyllidia_elegans/Phyllidia_elegans_img10_sam_scaled_ring120_final_animal_mask.png,processed_data/automated_image_analysis/background_rings/sam_scaled_ring120_final/Phyllidia_elegans/Phyllidia_elegans_img10_sam_scaled_ring120_final_background_ring120.png,2048,1235,185212,251013,2529280,0.07322716346153846,0.0992428675354251,106.82600479450575,100.66396561134285,6.1620391831629036,121.08319115392091,103.88045639070486,17.202734763216043,111.56346780986114,79.14792062562496,32.415547184236175,115.73025505906745,100.11994996275094,15.610305096316509,15.610305096316509,54.115381292788804,69.21274595339683,-15.09736466060803,15.09736466060803,123.6367567976157,105.70665662734599,17.93010017026971,17.93010017026971,48.5665168762207,41.503868103027344,7.062648773193359,-6.526483058929443,-5.638602256774902,-0.887880802154541,3.1062774658203125,13.016196250915527,-9.909918785095215,12.20146836817222,52.12352501594075,53.14695827485714,53.312076685764715,51.822275879589625,35.70531234635298,54.09946184033345,62.48181458854373,24.65349959440211,64.13647227093493,0.09728183910080539,0.07110978009042622,26.461456298828125,27.485937118530273,1.03871596514314,15.714686393737793,19.68558692932129,1.25268722748205,0.21397126233891006,13.31190299987793,15.805387496948242,1.1873123998194082,9.404759407043457,9.423604011535645,1.0020037306300547,0.18530866918935351
Phyllidia elegans,Phyllidia_elegans_img02,processed_data/automated_image_analysis/scaled_images/sam_scaled_ring120_final/Phyllidia_elegans/Phyllidia_elegans_img02_sam_scaled_ring120_final_scaled_image.png,processed_data/automated_image_analysis/masks/sam_scaled_ring120_final/Phyllidia_elegans/Phyllidia_elegans_img02_sam_scaled_ring120_final_animal_mask.png,processed_data/automated_image_analysis/background_rings/sam_scaled_ring120_final/Phyllidia_elegans/Phyllidia_elegans_img02_sam_scaled_ring120_final_background_ring120.png,2048,1536,346804,382404,3145728,0.1102460225423177,0.12156295776367188,104.68001234126481,130.53873913452787,-25.85872679326306,96.84157333825446,95.89303982175919,0.9485335164952744,94.14048280873347,70.18484900785556,23.955633800877905,98.86784754501102,103.33084120458992,-4.462993659578899,4.462993659578899,42.491992595241115,123.6878641436805,-81.19587154843938,81.19587154843938,107.01401367919632,130.55342255834145,-23.539408879145128,23.539408879145128,40.07590866088867,43.075172424316406,-2.9992637634277344,2.926065683364868,11.110393524169922,-8.184327840805054,2.4289116859436035,20.353200912475586,-17.924289226531982,19.931355939944424,69.95480750572979,66.55691269629826,63.873026497173285,66.93029275182153,36.21061428472901,69.06347678727455,44.12523366538867,42.35699452632689,45.20756750665786,0.03950887859827731,0.03330512638532511,19.230222702026367,24.309526443481445,1.2641313010337552,15.220571517944336,14.681147575378418,0.9645595474565484,0.2995717535772068,8.654428482055664,7.764089584350586,0.8971233167445856,11.129803657531738,7.268646717071533,0.6530795098216049,0.24404380692298067
Phyllidia elegans,Phyllidia_elegans_img03,processed_data/automated_image_analysis/scaled_images/sam_scaled_ring120_final/Phyllidia_elegans/Phyllidia_elegans_img03_sam_scaled_ring120_final_scaled_image.png,processed_data/automated_image_analysis/masks/sam_scaled_ring120_final/Phyllidia_elegans/Phyllidia_elegans_img03_sam_scaled_ring120_final_animal_mask.png,processed_data/automated_image_analysis/background_rings/sam_scaled_ring120_final/Phyllidia_elegans/Phyllidia_elegans_img03_sam_scaled_ring120_final_background_ring120.png,1758,1319,341912,381413,2318802,0.14745200323270377,0.1644870929040082,120.97687124172302,77.33446945961464,43.64240178210838,125.56912597393482,61.191647898734445,64.37747807520037,121.86955122955614,35.40075456263945,86.46879666691669,123.77620264863474,63.07830881485424,60.6978938337805,60.6978938337805,67.02641030440581,153.24980270730154,-86.22339240289573,86.22339240289573,137.67909286600062,77.8817974216925,59.79729544430812,59.79729544430812,51.40595245361328,26.419219970703125,24.986732482910156,-0.916404664516449,3.4768760204315186,-4.3932806849479675,0.8640641570091248,17.458425521850586,-16.59436136484146,30.315186696706938,57.12825749793429,56.49754990921245,61.963297081460865,55.06887610230812,60.26902050451571,58.00035826378087,40.23225163215777,49.44589553565202,45.892387049109686,0.02781738234448385,0.03267006117239318,16.693910598754883,17.97698402404785,1.0768587694119236,12.76386833190918,16.84526252746582,1.3197615401087546,0.24290277069683097,13.221620559692383,14.732501029968262,1.114273470748508,11.031133651733398,11.479593276977539,1.0406539925453329,0.07361947820317516
Phyllidia elegans,Phyllidia_elegans_img04,processed_data/automated_image_analysis/scaled_images/sam_scaled_ring120_final/Phyllidia_elegans/Phyllidia_elegans_img04_sam_scaled_ring120_final_scaled_image.png,processed_data/automated_image_analysis/masks/sam_scaled_ring120_final/Phyllidia_elegans/Phyllidia_elegans_img04_sam_scaled_ring120_final_animal_mask.png,processed_data/automated_image_analysis/background_rings/sam_scaled_ring120_final/Phyllidia_elegans/Phyllidia_elegans_img04_sam_scaled_ring120_final_background_ring120.png,2048,1501,398246,356723,3074048,0.12955100245669554,0.11604340595852765,77.87293281037348,99.33994443868211,-21.467011628308626,70.74522029097594,74.3916708482492,-3.646450557273269,66.70142072990062,56.38148367220504,10.319937057695576,72.43087940619617,79.80681369017417,-7.3759342839779976,7.3759342839779976,42.6809886351652,117.81182317932962,-75.13083454416443,75.13083454416443,78.92564143770433,99.65664395062836,-20.731002512924036,20.731002512924036,29.821224212646484,33.19709777832031,-3.375873565673828,2.4695942401885986,8.075303077697754,-5.605708837509155,3.281172513961792,14.597750663757324,-11.316578149795532,13.072315591461722,48.90079761766015,44.85016623145613,43.49147722846589,45.43795425357456,43.71060593678386,48.51546125945187,44.80082505104939,40.72218451725035,48.83081895403572,0.012859617123676103,0.06781805455083278,15.574283599853516,12.926921844482422,0.8300171087551023,20.611953735351562,19.399412155151367,0.9411728943423463,0.11115578558724404,7.592347145080566,7.513951301574707,0.9896743599827814,12.303841590881348,11.018165588378906,0.8955061317226902,0.09416822826009119
Phyllidia elegans,Phyllidia_elegans_img05,processed_data/automated_image_analysis/scaled_images/sam_scaled_ring120_final/Phyllidia_elegans/Phyllidia_elegans_img05_sam_scaled_ring120_final_scaled_image.png,processed_data/automated_image_analysis/masks/sam_scaled_ring120_final/Phyllidia_elegans/Phyllidia_elegans_img05_sam_scaled_ring120_final_animal_mask.png,processed_data/automated_image_analysis/background_rings/sam_scaled_ring120_final/Phyllidia_elegans/Phyllidia_elegans_img05_sam_scaled_ring120_final_background_ring120.png,2048,1365,410572,362131,2795520,0.1468678456959707,0.12953976362179487,163.3431018189258,142.23910960398308,21.103992214942707,156.57129565581675,110.20430728106679,46.366988374749965,160.2160644174469,80.26877842548691,79.94728599195997,159.01822579230927,116.37923845238325,42.63898733992602,42.63898733992602,20.927954171253763,113.05727761500673,-92.12932344375297,92.12932344375297,166.53006050095965,142.35956049054073,24.17050001041892,24.17050001041892,64.33999633789062,48.78790283203125,15.552093505859375,3.3206446170806885,8.927788734436035,-5.607144117355347,-0.9750028848648071,21.766576766967773,-22.74157965183258,28.11560283238529,56.69844484739249,56.971081523259336,58.20760409058168,56.7864152416233,18.598747035202358,56.83088582356922,28.512522372110933,32.77203737931649,27.42660963762072,0.02309128548505319,0.06441154687423452,17.109254837036133,15.848790168762207,0.9263284882784364,20.259197235107422,17.309961318969727,0.8544248381655061,0.07190365011293032,13.271181106567383,11.784743309020996,0.8879950634679525,27.506471633911133,24.21988296508789,0.8805158032420488,0.007479260225903728
Phyllidia elegans,Phyllidia_elegans_img06,processed_data/automated_image_analysis/scaled_images/sam_scaled_ring120_final/Phyllidia_elegans/Phyllidia_elegans_img06_sam_scaled_ring120_final_scaled_image.png,processed_data/automated_image_analysis/masks/sam_scaled_ring120_final/Phyllidia_elegans/Phyllidia_elegans_img06_sam_scaled_ring120_final_animal_mask.png,processed_data/automated_image_analysis/background_rings/sam_scaled_ring120_final/Phyllidia_elegans/Phyllidia_elegans_img06_sam_scaled_ring120_final_background_ring120.png,2048,1365,531106,385948,2795520,0.1899846897893773,0.13805946657509158,144.71587216111286,102.38927264812877,42.32659951298409,147.7916348148957,57.109089825572354,90.68254498932335,138.4421490248651,49.31451905438038,89.12762997048472,145.8025667192613,69.76992755500741,76.0326391642539,76.0326391642539,32.04896197745836,137.40418657435717,-105.35522459689881,105.35522459689881,152.5320990536729,102.53590898255723,49.99619007111568,49.99619007111568,60.30030822753906,29.183164596557617,31.117143630981445,-2.0335168838500977,19.091894149780273,-21.12541103363037,4.0745720863342285,13.8457670211792,-9.77119493484497,38.85917999064959,42.46716883523337,42.97381176284345,45.08694489900698,41.293146821082814,42.02065362608195,43.05563662436629,32.55632544542102,35.00595388253531,38.58407216983519,0.019312477333893227,0.007327245777840288,14.333202362060547,15.203641891479492,1.0607288941739192,9.344846725463867,10.042267799377441,1.0746316225832966,0.01390272840937734,12.612317085266113,13.752177238464355,1.0903767440583811,12.13886833190918,13.453276634216309,1.1082809588478666,0.01790421478948545
Phyllidia elegans,Phyllidia_elegans_img07,processed_data/automated_image_analysis/scaled_images/sam_scaled_ring120_final/Phyllidia_elegans/Phyllidia_elegans_img07_sam_scaled_ring120_final_scaled_image.png,processed_data/automated_image_analysis/masks/sam_scaled_ring120_final/Phyllidia_elegans/Phyllidia_elegans_img07_sam_scaled_ring120_final_animal_mask.png,processed_data/automated_image_analysis/background_rings/sam_scaled_ring120_final/Phyllidia_elegans/Phyllidia_elegans_img07_sam_scaled_ring120_final_background_ring120.png,1024,768,29659,153526,786432,0.03771336873372396,0.1952184041341146,98.1029704305607,111.53770696820082,-13.43473653764012,159.04619171246503,123.19221499941378,35.85397671305125,194.32786000876632,141.75578729335749,52.57207271540884,144.83532823089112,121.8254953558355,23.009832875055622,23.009832875055622,141.37705249671262,89.64916040279822,51.727892093914406,51.727892093914406,196.05293502815334,144.25878352852286,51.79415149963049,51.79415149963049,62.032875061035156,49.879844665527344,12.153030395507812,-7.9295454025268555,0.8885716199874878,-8.818117022514343,-24.427000045776367,-11.181705474853516,-13.245294570922852,20.02231664636768,58.68087200683272,64.93607194263409,58.92093619175298,60.95744443572569,53.34610153046719,57.49281532287157,75.2245313469727,57.687170098637495,76.16410275950527,0.16396015034850198,0.17530300249471487,52.042991638183594,55.468326568603516,1.0658174102333267,35.48723602294922,31.85277557373047,0.8975840088850994,0.16823340134822728,37.0051383972168,31.778568267822266,0.8587609625103407,21.63932991027832,17.79837417602539,0.8225011703144958,0.036259792195844964
Phyllidia elegans,Phyllidia_elegans_img08,processed_data/automated_image_analysis/scaled_images/sam_scaled_ring120_final/Phyllidia_elegans/Phyllidia_elegans_img08_sam_scaled_ring120_final_scaled_image.png,processed_data/automated_image_analysis/masks/sam_scaled_ring120_final/Phyllidia_elegans/Phyllidia_elegans_img08_sam_scaled_ring120_final_animal_mask.png,processed_data/automated_image_analysis/background_rings/sam_scaled_ring120_final/Phyllidia_elegans/Phyllidia_elegans_img08_sam_scaled_ring120_final_background_ring120.png,2048,1536,146376,218391,3145728,0.04653167724609375,0.06942462921142578,122.26539869924031,69.99714731834187,52.268251380898434,115.0826911515549,51.49569350385318,63.586997647701715,122.45885937585396,41.047218063015414,81.41164131283855,118.06918483904465,55.844686823174946,62.224498015869706,62.224498015869706,50.51026124501284,134.34072832671677,-83.83046708170393,83.83046708170393,131.420772531016,70.17332673965502,61.24744579136099,61.24744579136099,48.261940002441406,22.424564361572266,25.83737564086914,4.787613391876221,6.443755626678467,-1.656142234802246,-3.162841558456421,8.887137413024902,-12.049978971481323,28.55721940810092,61.9617167575998,59.399365805091676,63.266572488793045,59.69563260393081,38.15281001058995,63.082558286463275,56.34861073208931,63.34022736661351,60.42479343336342,0.060433247393789934,0.057343626759721794,24.835573196411133,22.86363410949707,0.9206002184318816,15.896528244018555,22.353200912475586,1.406168728752865,0.48556851032098347,10.865754127502441,15.43406867980957,1.4204323509165566,10.213470458984375,12.084539413452148,1.1831961978038394,0.23723615311271717
Phyllidia elegans,Phyllidia_elegans_img09,processed_data/automated_image_analysis/scaled_images/sam_scaled_ring120_final/Phyllidia_elegans/Phyllidia_elegans_img09_sam_scaled_ring120_final_scaled_image.png,processed_data/automated_image_analysis/masks/sam_scaled_ring120_final/Phyllidia_elegans/Phyllidia_elegans_img09_sam_scaled_ring120_final_animal_mask.png,processed_data/automated_image_analysis/background_rings/sam_scaled_ring120_final/Phyllidia_elegans/Phyllidia_elegans_img09_sam_scaled_ring120_final_background_ring120.png,2048,1536,469780,373732,3145728,0.14933904012044272,0.1188062032063802,138.1186470262676,101.14684319244806,36.97180383381955,136.75996636723573,81.25572067684865,55.50424569038708,131.578443101026,61.387558464354136,70.19088463667188,136.58231725488525,84.94698339986942,51.63533385501583,51.63533385501583,24.37014347141215,113.17265045540655,-88.8025069839944,88.8025069839944,141.31841500276724,101.78592413815247,39.53249086461477,39.53249086461477,56.11356735229492,35.268741607666016,20.844825744628906,-0.21427565813064575,5.760773658752441,-5.975049316883087,2.88645601272583,14.778913497924805,-11.892457485198975,24.731326687025796,52.97334229934359,52.61157220701361,51.41571170751772,52.225164567507825,26.980284176454894,52.74251708497497,46.09207066654327,53.78776752830967,48.74564498279597,0.03586628374696158,0.0127888250162167,17.09316062927246,16.847585678100586,0.9856331455312412,11.000432968139648,13.087838172912598,1.189756640563027,0.20412349503178595,7.583704471588135,8.240358352661133,1.0865874828763582,7.382087707519531,6.574893474578857,0.8906550199724055,0.19593246290395272
Phyllidia ocellata,Phyllidia_ocellata_img01,processed_data/automated_image_analysis/scaled_images/sam_scaled_ring120_final/Phyllidia_ocellata/Phyllidia_ocellata_img01_sam_scaled_ring120_final_scaled_image.png,processed_data/automated_image_analysis/masks/sam_scaled_ring120_final/Phyllidia_ocellata/Phyllidia_ocellata_img01_sam_scaled_ring120_final_animal_mask.png,processed_data/automated_image_analysis/background_rings/sam_scaled_ring120_final/Phyllidia_ocellata/Phyllidia_ocellata_img01_sam_scaled_ring120_final_background_ring120.png,1000,750,176653,246392,750000,0.23553733333333332,0.3285226666666667,135.48247128551455,72.49151758173967,62.99095370377488,103.082104464685,51.41778548004805,51.66431898463695,23.7289488432124,24.98489804863794,-1.2559492054255408,103.73273592862844,54.71204828078834,49.020687647840106,49.020687647840106,197.72841672657697,163.80542387739862,33.92299284917834,33.92299284917834,136.28016506937328,73.35799457774603,62.922170491627256,62.922170491627256,44.29738998413086,22.606504440307617,21.690885543823242,6.271053314208984,5.979788780212402,0.29126453399658203,41.119693756103516,18.00116729736328,23.118526458740234,31.702454421187593,81.39417099767076,68.44797453629765,40.326239433153006,65.61899250380242,59.82007910012604,81.1698460893755,49.24833870164275,42.102456228577424,63.39893592315788,0.0524398956778327,0.15742805991374384,19.672607421875,33.67277908325195,1.711658163107013,37.124900817871094,46.02544021606445,1.2397458094732159,0.471912353633797,26.541990280151367,38.772098541259766,1.4607833900931808,41.91435241699219,48.239891052246094,1.1509158145239413,0.3098675755692395
Phyllidia ocellata,Phyllidia_ocellata_img10,processed_data/automated_image_analysis/scaled_images/sam_scaled_ring120_final/Phyllidia_ocellata/Phyllidia_ocellata_img10_sam_scaled_ring120_final_scaled_image.png,processed_data/automated_image_analysis/masks/sam_scaled_ring120_final/Phyllidia_ocellata/Phyllidia_ocellata_img10_sam_scaled_ring120_final_animal_mask.png,processed_data/automated_image_analysis/background_rings/sam_scaled_ring120_final/Phyllidia_ocellata/Phyllidia_ocellata_img10_sam_scaled_ring120_final_background_ring120.png,1468,1836,433860,392044,2695248,0.16097219996081993,0.14545748665799957,156.70911814871155,129.09351501362093,27.615603135090623,127.13298529479556,98.23935578659538,28.893629508200178,69.60741713916931,47.47704339308853,22.130373746080785,129.41837920066382,101.67899521482282,27.739383985841002,27.739383985841002,142.6696768542848,178.67144759261714,-36.00177073833234,36.00177073833234,158.31074770663346,129.24646213180154,29.064285574831928,29.064285574831928,54.26772689819336,42.60489273071289,11.662834167480469,6.132115364074707,6.768048286437988,-0.6359329223632812,32.2381706237793,31.51690101623535,0.7212696075439453,11.702407502162192,72.96632017505688,61.53092762965437,68.72720744926039,61.29772878009854,89.02746395204497,72.36558549830588,59.60480188769207,54.5428155804554,68.82129256323823,0.036754589040774256,0.15616539929532197,17.59794044494629,22.83329200744629,1.2974979702243208,38.55027770996094,32.82992935180664,0.8516133035099712,0.44588466671434956,20.390880584716797,27.231380462646484,1.3354685860431512,36.25643539428711,26.878097534179688,0.7413331520840806,0.5941354339590706
Phyllidia ocellata,Phyllidia_ocellata_img02,processed_data/automated_image_analysis/scaled_images/sam_scaled_ring120_final/Phyllidia_ocellata/Phyllidia_ocellata_img02_sam_scaled_ring120_final_scaled_image.png,processed_data/automated_image_analysis/masks/sam_scaled_ring120_final/Phyllidia_ocellata/Phyllidia_ocellata_img02_sam_scaled_ring120_final_animal_mask.png,processed_data/automated_image_analysis/background_rings/sam_scaled_ring120_final/Phyllidia_ocellata/Phyllidia_ocellata_img02_sam_scaled_ring120_final_background_ring120.png,1946,1460,376341,390739,2841160,0.13246033310338032,0.13752798152867138,139.2040543018167,122.1352104601793,17.068843841637417,117.80116171238319,116.54254886253996,1.2586128498432316,52.437611102696756,95.81993095135115,-43.3823198486544,116.75322114784198,115.85554551759614,0.8976756302458426,0.8976756302458426,156.05335586608953,61.878944768758686,94.17441109733085,94.17441109733085,143.60514799078496,124.85361584075304,18.75153215003192,18.75153215003192,49.96181106567383,48.60121536254883,1.360595703125,1.8133587837219238,-1.306701898574829,3.120060682296753,36.134342193603516,12.402884483337402,23.731457710266113,23.974321353955467,50.70918102903927,39.2921501221132,39.7965838195403,38.6129517645293,64.19377827808039,48.5394318843276,36.07054757916197,38.26503350336848,37.39504038191882,0.01115944821522103,0.01750135705709801,8.479846000671387,12.716415405273438,1.4996045216229896,13.040800094604492,12.005585670471191,0.9206172614698993,0.5789872601530903,9.878853797912598,10.326438903808594,1.045307392441679,7.003548622131348,6.464354038238525,0.9230112314507309,0.12229616099094798
Phyllidia ocellata,Phyllidia_ocellata_img03,processed_data/automated_image_analysis/scaled_images/sam_scaled_ring120_final/Phyllidia_ocellata/Phyllidia_ocellata_img03_sam_scaled_ring120_final_scaled_image.png,processed_data/automated_image_analysis/masks/sam_scaled_ring120_final/Phyllidia_ocellata/Phyllidia_ocellata_img03_sam_scaled_ring120_final_animal_mask.png,processed_data/automated_image_analysis/background_rings/sam_scaled_ring120_final/Phyllidia_ocellata/Phyllidia_ocellata_img03_sam_scaled_ring120_final_background_ring120.png,1917,1438,454011,347021,2756646,0.16469688164530374,0.12588522429067786,154.23273885434494,168.45539030779116,-14.222651453446218,142.94715987057583,154.49573656925662,-11.54857669868079,89.5472730836918,136.1687592393544,-46.62148615566258,140.2321045084811,156.59294394287377,-16.360839434392688,16.360839434392688,133.55419802603902,69.18002945066725,64.37416857537177,64.37416857537177,165.85092651940153,171.0908676996493,-5.239941180247769,5.239941180247769,58.60057067871094,63.43514633178711,-4.834575653076172,0.5094091296195984,3.0418078899383545,-2.532398760318756,25.671667098999023,12.052406311035156,13.619260787963867,14.672096974773273,68.04776493487255,68.1018193707538,92.30880869753337,65.65041815763533,94.52260062799829,72.35028487193593,68.0970991771164,53.41971319203505,65.2939076046126,0.05171000037982631,0.0726738061269331,20.302644729614258,22.861894607543945,1.1260549998294884,21.3035888671875,19.73940086364746,0.9265763147565594,0.19947868507292899,20.869544982910156,20.9323673248291,1.0030102401355847,12.323777198791504,9.325516700744629,0.7567092905297824,0.2463009496058023
Phyllidia ocellata,Phyllidia_ocellata_img04,processed_data/automated_image_analysis/scaled_images/sam_scaled_ring120_final/Phyllidia_ocellata/Phyllidia_ocellata_img04_sam_scaled_ring120_final_scaled_image.png,processed_data/automated_image_analysis/masks/sam_scaled_ring120_final/Phyllidia_ocellata/Phyllidia_ocellata_img04_sam_scaled_ring120_final_animal_mask.png,processed_data/automated_image_analysis/background_rings/sam_scaled_ring120_final/Phyllidia_ocellata/Phyllidia_ocellata_img04_sam_scaled_ring120_final_background_ring120.png,1532,1149,505014,409517,1760268,0.28689608627777136,0.23264468819520664,173.22563136863533,79.95734487212985,93.26828649650548,175.41614093866704,79.22000796059748,96.19613297806956,136.44496390199083,74.56944400354564,61.87551989844519,170.33143833636296,78.91221365657591,91.41922467978705,91.41922467978705,115.83777281421901,51.65121106083508,64.18656175338393,64.18656175338393,194.11247608977177,84.65396064143857,109.4585154483332,109.4585154483332,69.83955383300781,32.77244567871094,37.067108154296875,-2.8236584663391113,-0.33501049876213074,-2.4886479675769806,17.144245147705078,2.952481508255005,14.191763639450073,39.76895813102078,73.15621388764916,73.68139823001287,96.67064498417282,71.27086857154488,84.35739811939831,69.04778297835979,45.09688895705597,42.35653082066801,46.41175773194195,0.02516000305725515,0.031449999236279766,14.71844482421875,24.732301712036133,1.6803610712552923,19.919605255126953,16.61480140686035,0.8340929046565316,0.8462681665987607,23.267297744750977,23.824783325195312,1.023960048414737,9.946980476379395,7.0283379554748535,0.7065800493089035,0.3173799991058336
Phyllidia ocellata,Phyllidia_ocellata_img05,processed_data/automated_image_analysis/scaled_images/sam_scaled_ring120_final/Phyllidia_ocellata/Phyllidia_ocellata_img05_sam_scaled_ring120_final_scaled_image.png,processed_data/automated_image_analysis/masks/sam_scaled_ring120_final/Phyllidia_ocellata/Phyllidia_ocellata_img05_sam_scaled_ring120_final_animal_mask.png,processed_data/automated_image_analysis/background_rings/sam_scaled_ring120_final/Phyllidia_ocellata/Phyllidia_ocellata_img05_sam_scaled_ring120_final_background_ring120.png,1500,1125,200034,284518,1687500,0.11853866666666667,0.16860325925925926,161.76363518201904,63.24890165121363,98.51473353080542,152.79208034634112,60.42540015042985,92.36668019591127,88.25863103272444,40.88981013503539,47.36882089768905,148.12076946919024,59.03447936510168,89.08629010408856,89.08629010408856,154.050346441105,138.8993385304269,15.151007910678118,15.151007910678118,177.131902576562,71.33489621043309,105.79700636612891,105.79700636612891,62.060211181640625,25.15583610534668,36.904375076293945,-1.4848172664642334,-1.3150054216384888,-0.16981184482574463,30.86250877380371,12.147860527038574,18.714648246765137,41.37873602267931,83.3137765058381,73.57366426090283,84.57180686984097,71.43670952434968,85.74710790165265,76.1123139801628,44.8008480363851,73.4644022621431,51.692284273265905,0.053199473608455165,0.13324445227968884,22.2299747467041,29.273635864257812,1.316854211388523,29.935264587402344,31.545982360839844,1.0538066990767585,0.2630475123117646,35.59346389770508,28.824047088623047,0.8098129244027161,15.461315155029297,12.322816848754883,0.7970096156242236,0.012803308778492561
Phyllidia ocellata,Phyllidia_ocellata_img06,processed_data/automated_image_analysis/scaled_images/sam_scaled_ring120_final/Phyllidia_ocellata/Phyllidia_ocellata_img06_sam_scaled_ring120_final_scaled_image.png,processed_data/automated_image_analysis/masks/sam_scaled_ring120_final/Phyllidia_ocellata/Phyllidia_ocellata_img06_sam_scaled_ring120_final_animal_mask.png,processed_data/automated_image_analysis/background_rings/sam_scaled_ring120_final/Phyllidia_ocellata/Phyllidia_ocellata_img06_sam_scaled_ring120_final_background_ring120.png,1623,1217,438538,433356,1975191,0.2220230853623776,0.21939954161395026,149.57828055949543,162.79169320374012,-13.213412644244698,116.96167720927262,109.81247980874846,7.149197400524159,34.71972098199016,89.91716740970472,-55.19744642771456,117.33930012906521,123.38700283369793,-6.0477027046327265,6.0477027046327265,192.51543537846206,129.46091204460075,63.05452333386131,63.05452333386131,154.06618582654184,163.8732497069384,-9.807063880396555,9.807063880396555,49.90198516845703,51.412349700927734,-1.5103645324707031,7.1961493492126465,19.39096450805664,-12.194815158843994,39.8133430480957,20.465208053588867,19.348134994506836,22.920406749117188,79.2635591191654,70.40135903301936,63.362701088961565,66.45787199371284,73.3842603111574,79.19855417663469,48.34705896291598,57.73481946084752,47.54483460426893,0.05555646037547959,0.13286364020219324,23.586889266967773,36.32265090942383,1.5399508811147824,30.93414306640625,28.972993850708008,0.9366024392048538,0.6033484419099286,30.152151107788086,38.32064437866211,1.270909138179669,34.79509735107422,27.53409767150879,0.7913211850996226,0.47958795308004654
Phyllidia ocellata,Phyllidia_ocellata_img07,processed_data/automated_image_analysis/scaled_images/sam_scaled_ring120_final/Phyllidia_ocellata/Phyllidia_ocellata_img07_sam_scaled_ring120_final_scaled_image.png,processed_data/automated_image_analysis/masks/sam_scaled_ring120_final/Phyllidia_ocellata/Phyllidia_ocellata_img07_sam_scaled_ring120_final_animal_mask.png,processed_data/automated_image_analysis/background_rings/sam_scaled_ring120_final/Phyllidia_ocellata/Phyllidia_ocellata_img07_sam_scaled_ring120_final_background_ring120.png,1536,2048,356412,327799,3145728,0.11330032348632812,0.10420449574788411,127.1971903302919,58.774108523821,68.4230818064709,155.00096236939274,76.68083795252579,78.32012441686695,145.56158883539274,80.2086461520627,65.35294268333004,145.61049010695487,71.72022489391365,73.89026521304122,73.89026521304122,128.9883196974288,100.54242996470398,28.445889732724822,28.445889732724822,180.44526839724813,83.79656130738654,96.64870708986159,96.64870708986159,61.165245056152344,30.31537628173828,30.849868774414062,-6.362796306610107,-4.813375949859619,-1.5494203567504883,0.41717976331710815,-4.101413726806641,4.518593490123749,31.217507811634633,68.77305330194072,68.448120164977,96.6931630969976,65.75577565145254,65.65846156099528,76.68216666427571,52.67157530189309,61.47093099835182,54.83744605114676,0.07350472252995123,0.08792938125774503,23.933807373046875,28.368431091308594,1.1852870146876748,25.328149795532227,24.97336769104004,0.9859925771382334,0.19929443754944143,22.547149658203125,21.903350830078125,0.9714465536493757,9.477730751037598,7.740622043609619,0.8167168119607318,0.15472974168864395
Phyllidia ocellata,Phyllidia_ocellata_img08,processed_data/automated_image_analysis/scaled_images/sam_scaled_ring120_final/Phyllidia_ocellata/Phyllidia_ocellata_img08_sam_scaled_ring120_final_scaled_image.png,processed_data/automated_image_analysis/masks/sam_scaled_ring120_final/Phyllidia_ocellata/Phyllidia_ocellata_img08_sam_scaled_ring120_final_animal_mask.png,processed_data/automated_image_analysis/background_rings/sam_scaled_ring120_final/Phyllidia_ocellata/Phyllidia_ocellata_img08_sam_scaled_ring120_final_background_ring120.png,1170,658,39701,165330,769860,0.05156911646273348,0.21475333177460837,151.13130651620867,122.6895300308474,28.441776485361274,139.5758797007632,113.83253493013972,25.743344770623494,124.38653938187954,107.4657896328555,16.92074974902404,141.30696959774312,115.7556765257364,25.551293072006715,25.551293072006715,117.06370116621747,59.31105667452973,57.75264449168774,57.75264449168774,171.93927105110703,126.60899413294622,45.330276918160806,45.330276918160806,58.400455474853516,47.877174377441406,10.52328109741211,5.357295989990234,2.883296012878418,2.4739999771118164,10.729533195495605,5.065605163574219,5.663928031921387,12.204105935818697,54.04152615753282,69.80619117528097,92.32502468335679,64.07496285997735,76.00295524059185,64.78481014064312,48.89443193131555,53.00828913520095,48.28040929702115,0.18331664275854603,0.31327802142861666,58.07295608520508,63.507137298583984,1.093575074866274,73.34329223632812,53.15219497680664,0.7247042416031536,0.3688708332631204,42.21632766723633,31.526582717895508,0.7467864795440977,15.692468643188477,8.197681427001953,0.5223959093625632,0.22439057018153452
Phyllidia ocellata,Phyllidia_ocellata_img09,processed_data/automated_image_analysis/scaled_images/sam_scaled_ring120_final/Phyllidia_ocellata/Phyllidia_ocellata_img09_sam_scaled_ring120_final_scaled_image.png,processed_data/automated_image_analysis/masks/sam_scaled_ring120_final/Phyllidia_ocellata/Phyllidia_ocellata_img09_sam_scaled_ring120_final_animal_mask.png,processed_data/automated_image_analysis/background_rings/sam_scaled_ring120_final/Phyllidia_ocellata/Phyllidia_ocellata_img09_sam_scaled_ring120_final_background_ring120.png,1280,960,277968,364014,1228800,0.2262109375,0.2962353515625,112.54446195245495,58.78385171998879,53.76061023246616,97.43402837736718,47.031136165092555,50.40289221227463,78.6591550106487,40.979954067700696,37.67920094294801,99.8116833592356,49.85428857131868,49.95739478791692,49.95739478791692,123.547847234214,96.026391842072,27.521455392142002,27.521455392142002,124.42319259770909,59.68689391067377,64.73629868703532,64.73629868703532,41.81208801269531,20.307008743286133,21.50507926940918,6.209053039550781,4.310897350311279,1.898155689239502,11.46242904663086,5.6421284675598145,5.820300579071045,22.359501967505885,60.771110095573796,57.920590381075435,76.28758185590102,57.31366510550971,87.05261508890597,63.78643743186172,29.549890554810528,50.5083104412619,32.64453774427642,0.07276806705888016,0.0852069237092778,23.390222549438477,29.346378326416016,1.2546429716257885,22.834421157836914,22.9505672454834,1.0050864476416397,0.24955652398414885,31.724462509155273,34.23318862915039,1.0790786012299225,20.975540161132812,19.03635597229004,0.9075502144904932,0.17152838673942927
Phyllidia varicosa,Phyllidia_varicosa_img01,processed_data/automated_image_analysis/scaled_images/sam_scaled_ring120_final/Phyllidia_varicosa/Phyllidia_varicosa_img01_sam_scaled_ring120_final_scaled_image.png,processed_data/automated_image_analysis/masks/sam_scaled_ring120_final/Phyllidia_varicosa/Phyllidia_varicosa_img01_sam_scaled_ring120_final_animal_mask.png,processed_data/automated_image_analysis/background_rings/sam_scaled_ring120_final/Phyllidia_varicosa/Phyllidia_varicosa_img01_sam_scaled_ring120_final_background_ring120.png,1536,2048,399256,385429,3145728,0.1269200642903646,0.12252457936604817,84.72145440519365,114.35790508757773,-29.63645068238408,94.5857745406456,127.9825467206671,-33.3967721800215,110.72696966357425,139.34354187152496,-28.61657220795071,93.48381239104735,125.20823809313778,-31.72442570209043,31.72442570209043,134.17697667661852,52.77514665476651,81.40183002185202,81.40183002185202,124.2925140761817,140.29240404847585,-15.999889972294142,15.999889972294142,38.298519134521484,52.11417007446289,-13.815650939941406,2.6111810207366943,-2.1892764568328857,4.80045747756958,-10.419991493225098,-7.791894435882568,-2.6280970573425293,14.860131124289248,69.50728784424466,74.47664452491752,86.19673234055485,72.62360517201776,58.63206949630105,84.1219553144469,47.44044731345279,28.479864066729768,50.24802638880383,0.054853804746758016,0.14789995051071322,23.8676700592041,34.51681900024414,1.4461746334947931,31.514524459838867,24.49447250366211,0.7772439192245184,0.6689307142702747,21.847139358520508,20.374107360839844,0.9325755205975663,9.635505676269531,6.8257975578308105,0.7084005538641825,0.22417496673338377
Phyllidia varicosa,Phyllidia_varicosa_img10,processed_data/automated_image_analysis/scaled_images/sam_scaled_ring120_final/Phyllidia_varicosa/Phyllidia_varicosa_img10_sam_scaled_ring120_final_scaled_image.png,processed_data/automated_image_analysis/masks/sam_scaled_ring120_final/Phyllidia_varicosa/Phyllidia_varicosa_img10_sam_scaled_ring120_final_animal_mask.png,processed_data/automated_image_analysis/background_rings/sam_scaled_ring120_final/Phyllidia_varicosa/Phyllidia_varicosa_img10_sam_scaled_ring120_final_background_ring120.png,1821,1365,556974,406723,2485665,0.22407444285533248,0.16362743973946609,78.95648629918094,79.03054167086691,-0.0740553716859722,78.64727078822351,68.07257273377704,10.574698054446472,68.73373442925522,52.53305320820313,16.200681221052093,77.60791347531483,69.57608003481485,8.03183344049998,8.03183344049998,89.94162743682828,103.86793960508749,-13.926312168259201,13.926312168259201,95.39329483961549,79.7849888007317,15.608306038883796,15.608306038883796,32.585880279541016,28.857301712036133,3.728578567504883,1.0109946727752686,2.4191622734069824,-1.4081676006317139,3.9329254627227783,10.747177124023438,-6.814251661300659,7.894254862180752,59.09606633546512,51.31975640025401,57.980383946283375,50.46574250758467,71.48063348591754,63.983440051999764,41.90656005906187,59.213172884653034,43.33211996436049,0.03314016594669017,0.007423531465300381,18.609384536743164,16.0541934967041,0.8626934149813508,15.166993141174316,10.576763153076172,0.6973539880072273,0.16533942697412352,14.528090476989746,18.663061141967773,1.2846190056103508,13.175060272216797,13.004042625427246,0.9870195928325134,0.2975994127778374
Phyllidia varicosa,Phyllidia_varicosa_img02,processed_data/automated_image_analysis/scaled_images/sam_scaled_ring120_final/Phyllidia_varicosa/Phyllidia_varicosa_img02_sam_scaled_ring120_final_scaled_image.png,processed_data/automated_image_analysis/masks/sam_scaled_ring120_final/Phyllidia_varicosa/Phyllidia_varicosa_img02_sam_scaled_ring120_final_animal_mask.png,processed_data/automated_image_analysis/background_rings/sam_scaled_ring120_final/Phyllidia_varicosa/Phyllidia_varicosa_img02_sam_scaled_ring120_final_background_ring120.png,2048,1152,53398,146750,2359296,0.022633022732204862,0.0622007581922743,95.36336566912618,75.08940374787053,20.273961921255648,114.47160942357392,76.14038160136286,38.33122782221106,127.73283643582157,70.59726064735945,57.13557578846212,110.26899883890782,75.19274275979556,35.076256079112255,35.076256079112255,189.84815910708267,63.3713867120954,126.47677239498726,126.47677239498726,173.8586463912506,81.84431345826235,92.01433293298825,92.01433293298825,48.13629150390625,31.2890625,16.84722900390625,8.843375205993652,-0.9967302083969116,9.840105414390564,-10.077252388000488,3.1163454055786133,-13.193597793579102,23.552660622849253,93.38141359156143,69.91370527745471,101.3584258035683,68.7787269403576,73.59575402282663,88.99751502846591,46.406256059999386,52.29739229219993,47.82851195226382,0.11854132964312862,0.102336,43.15730667114258,44.98057174682617,1.0422469615533894,29.70597267150879,22.576160430908203,0.7599872483745048,0.28225971317888454,93.9259262084961,74.004638671875,0.7879042737103282,18.153230667114258,13.187606811523438,0.726460598300755,0.061443675409573184
Phyllidia varicosa,Phyllidia_varicosa_img03,processed_data/automated_image_analysis/scaled_images/sam_scaled_ring120_final/Phyllidia_varicosa/Phyllidia_varicosa_img03_sam_scaled_ring120_final_scaled_image.png,processed_data/automated_image_analysis/masks/sam_scaled_ring120_final/Phyllidia_varicosa/Phyllidia_varicosa_img03_sam_scaled_ring120_final_animal_mask.png,processed_data/automated_image_analysis/background_rings/sam_scaled_ring120_final/Phyllidia_varicosa/Phyllidia_varicosa_img03_sam_scaled_ring120_final_background_ring120.png,2048,1536,349900,357376,3145728,0.11123021443684895,0.11360677083333333,159.62002286367533,148.86000179083095,10.760021072844381,153.13615318662474,102.1450433157235,50.99110987090124,117.44433266647614,56.618183649713465,60.82614901676268,151.0164818519577,110.92984979405445,40.08663205790326,40.08663205790326,70.43684481280366,176.8930314290831,-106.45618661627944,106.45618661627944,163.49110317233496,148.86313574498567,14.62796742734929,14.62796742734929,61.181846618652344,46.61503219604492,14.566814422607422,-1.3373690843582153,14.536147117614746,-15.873516201972961,16.864089965820312,32.43275833129883,-15.568668365478516,26.580896029126503,87.71606031872875,83.31470938113623,78.75694070606667,81.1959791166961,73.16895264600778,86.76188935979904,58.472840444400205,57.172088527815994,58.03438215053552,0.08594086993016777,0.05954383505636353,28.170135498046875,45.01215362548828,1.597867842297355,20.290786743164062,29.1158504486084,1.4349295972181801,0.16293824507917476,18.150550842285156,19.471235275268555,1.0727627742242738,15.345189094543457,12.628569602966309,0.8229660465674455,0.24979672765682825
Phyllidia varicosa,Phyllidia_varicosa_img04,processed_data/automated_image_analysis/scaled_images/sam_scaled_ring120_final/Phyllidia_varicosa/Phyllidia_varicosa_img04_sam_scaled_ring120_final_scaled_image.png,processed_data/automated_image_analysis/masks/sam_scaled_ring120_final/Phyllidia_varicosa/Phyllidia_varicosa_img04_sam_scaled_ring120_final_animal_mask.png,processed_data/automated_image_analysis/background_rings/sam_scaled_ring120_final/Phyllidia_varicosa/Phyllidia_varicosa_img04_sam_scaled_ring120_final_background_ring120.png,1184,1269,116281,215908,1502496,0.07739188656741848,0.14369955061444423,82.59104238869635,115.82715786353447,-33.236115474838115,103.9823616927959,127.43080849250607,-23.44844679971017,130.95282118316837,129.03462122755988,1.918199955608486,100.66232660537835,124.13986975934195,-23.477543153963595,23.477543153963595,139.4881622965059,71.6291707579154,67.85899153859049,67.85899153859049,134.20476260094082,139.816180965967,-5.611418365026168,5.611418365026168,41.49057388305664,51.67020034790039,-10.17962646484375,0.6519246697425842,-2.3398406505584717,2.991765320301056,-17.095762252807617,-1.5707529783248901,-15.525009274482727,18.804291203559842,70.77474377507524,80.11956480962381,83.72398165291453,76.83822037192658,68.41136536357777,84.33468695825468,58.515880680660274,49.07897175206367,57.9492478780524,0.07399841914082969,0.08072246704540519,32.787410736083984,52.92168045043945,1.6140853840647083,22.238536834716797,24.060230255126953,1.081916064620146,0.5321693194445622,25.375232696533203,25.726028442382812,1.0138243361172226,15.187183380126953,15.08362865447998,0.9931814397011576,0.020642896416064982
Phyllidia varicosa,Phyllidia_varicosa_img05,processed_data/automated_image_analysis/scaled_images/sam_scaled_ring120_final/Phyllidia_varicosa/Phyllidia_varicosa_img05_sam_scaled_ring120_final_scaled_image.png,processed_data/automated_image_analysis/masks/sam_scaled_ring120_final/Phyllidia_varicosa/Phyllidia_varicosa_img05_sam_scaled_ring120_final_animal_mask.png,processed_data/automated_image_analysis/background_rings/sam_scaled_ring120_final/Phyllidia_varicosa/Phyllidia_varicosa_img05_sam_scaled_ring120_final_background_ring120.png,1583,1187,399141,403654,1879021,0.21241965896070347,0.21482144159112646,96.07968362057518,91.37585902778122,4.703824592793964,100.81604746192448,80.7806562055622,20.03539125636229,105.11508213889327,58.218962279576076,46.896119859317196,99.87287950874503,81.37493249168843,18.497947017056603,18.497947017056603,111.72834662437585,127.2905309993212,-15.56218437494536,15.56218437494536,118.77451577262171,94.34969305395215,24.42482271866956,24.42482271866956,40.754005432128906,34.13055419921875,6.623451232910156,0.4841776192188263,1.2620681524276733,-0.777890533208847,-2.6346395015716553,14.636459350585938,-17.271098852157593,18.51394273182766,87.94928563768437,91.79500304690856,94.81844487651006,89.87631587541331,92.15134605631108,99.49806496102393,55.674088632991186,77.96169053165318,55.438870271088014,0.06131968174696686,0.13517666720131627,25.503433227539062,52.287071228027344,2.0501973503538666,34.89686965942383,37.54383850097656,1.0758511828535293,0.9743461675003373,17.178955078125,20.574743270874023,1.1976714053506714,16.99292755126953,12.20848560333252,0.7184451040880493,0.4792263012626221
Phyllidia varicosa,Phyllidia_varicosa_img06,processed_data/automated_image_analysis/scaled_images/sam_scaled_ring120_final/Phyllidia_varicosa/Phyllidia_varicosa_img06_sam_scaled_ring120_final_scaled_image.png,processed_data/automated_image_analysis/masks/sam_scaled_ring120_final/Phyllidia_varicosa/Phyllidia_varicosa_img06_sam_scaled_ring120_final_animal_mask.png,processed_data/automated_image_analysis/background_rings/sam_scaled_ring120_final/Phyllidia_varicosa/Phyllidia_varicosa_img06_sam_scaled_ring120_final_background_ring120.png,2048,1536,358532,364223,3145728,0.11397425333658855,0.1157833735148112,64.69369540236296,26.68825142838316,38.0054439739798,70.31039628261912,21.418073542856988,48.892322739762136,76.5745038099807,20.116947584309614,56.457556225671084,69.32528477234946,22.869011567089395,46.45627320526007,46.45627320526007,86.56040743922439,86.1512974194381,0.40911001978629713,0.40911001978629713,84.57714513627793,27.51173594199158,57.06540919428635,57.06540919428635,28.474651336669922,8.725586891174316,19.749064445495605,0.31555289030075073,2.0673015117645264,-1.7517486214637756,-4.018242359161377,1.55306875705719,-5.571311116218567,20.59450599696044,65.61976913012873,70.1458822520525,76.0956864998479,68.55328849802457,60.0272245099718,79.87536733222012,25.59483557498592,66.72819352513457,28.85059039478505,0.03188625991555419,0.03957692053920542,14.724846839904785,28.66008186340332,1.9463755497771034,12.939627647399902,20.069900512695312,1.551041580143782,0.39533396963332135,10.680098533630371,14.458185195922852,1.353750169101505,5.8140740394592285,6.504881858825684,1.1188164812966,0.2349336878049051
Phyllidia varicosa,Phyllidia_varicosa_img07,processed_data/automated_image_analysis/scaled_images/sam_scaled_ring120_final/Phyllidia_varicosa/Phyllidia_varicosa_img07_sam_scaled_ring120_final_scaled_image.png,processed_data/automated_image_analysis/masks/sam_scaled_ring120_final/Phyllidia_varicosa/Phyllidia_varicosa_img07_sam_scaled_ring120_final_animal_mask.png,processed_data/automated_image_analysis/background_rings/sam_scaled_ring120_final/Phyllidia_varicosa/Phyllidia_varicosa_img07_sam_scaled_ring120_final_background_ring120.png,2048,1536,414240,371194,3145728,0.131683349609375,0.11799939473470052,108.95762118578602,86.23457814512088,22.723043040665146,106.41406431054462,67.65511026579094,38.75895404475368,104.90004828118965,49.456138838451054,55.4439094427386,106.98996958285052,71.16374456483672,35.8262250180138,35.8262250180138,26.37562765546543,97.49686147944202,-71.12123382397658,71.12123382397658,111.09123213595983,86.2524555892606,24.838776546699222,24.838776546699222,43.72281265258789,29.19788360595703,14.52492904663086,0.8363051414489746,5.163075923919678,-4.326770782470703,1.0444986820220947,13.233154296875,-12.188655614852905,19.44885176330953,68.0966098926514,67.63337531929946,64.37670324594541,67.30869184140742,27.666152889111363,68.21994766597149,49.58842721295395,34.718730783275774,58.061673171938466,0.04428449342841988,0.009324442193522974,20.00700569152832,31.33893394470215,1.5663980121709153,10.316316604614258,10.484450340270996,1.0162978456459484,0.550100166524967,6.456924915313721,5.739431381225586,0.8888799941925182,6.876966953277588,5.10564661026001,0.7424270968506893,0.14645289734182887
Phyllidia varicosa,Phyllidia_varicosa_img08,processed_data/automated_image_analysis/scaled_images/sam_scaled_ring120_final/Phyllidia_varicosa/Phyllidia_varicosa_img08_sam_scaled_ring120_final_scaled_image.png,processed_data/automated_image_analysis/masks/sam_scaled_ring120_final/Phyllidia_varicosa/Phyllidia_varicosa_img08_sam_scaled_ring120_final_animal_mask.png,processed_data/automated_image_analysis/background_rings/sam_scaled_ring120_final/Phyllidia_varicosa/Phyllidia_varicosa_img08_sam_scaled_ring120_final_background_ring120.png,1024,768,70197,175015,786432,0.08926010131835938,0.22254308064778647,136.60625097938657,77.27741622146674,59.328834757919836,164.73889197544054,83.87742764905865,80.86146432638189,175.63865977178511,81.15690655086706,94.48175322091805,157.5808367878969,81.59429191783562,75.9865448700613,75.9865448700613,97.2591848654501,121.48676399165785,-24.227579126207758,24.227579126207758,180.90512415060473,94.462680341685,86.44244380891973,86.44244380891973,64.15345764160156,33.25910186767578,30.89435577392578,-5.001161098480225,-1.7081942558288574,-3.292966842651367,-9.353398323059082,0.4209975004196167,-9.774395823478699,32.57059506712673,94.98661160315865,91.42106044664666,82.47296466070614,90.44194433987076,78.05947657848266,82.6864657226272,79.32229638982103,78.30900384602879,79.29729979442938,0.0890197590933365,0.045185233802110994,30.09905433654785,50.11907196044922,1.6651377614741874,16.711727142333984,27.771764755249023,1.6618129603670861,0.003324801107101205,25.104244232177734,27.217164993286133,1.084165878150601,16.665016174316406,16.022281646728516,0.9614321089841813,0.12273376916641965
Phyllidia varicosa,Phyllidia_varicosa_img09,processed_data/automated_image_analysis/scaled_images/sam_scaled_ring120_final/Phyllidia_varicosa/Phyllidia_varicosa_img09_sam_scaled_ring120_final_scaled_image.png,processed_data/automated_image_analysis/masks/sam_scaled_ring120_final/Phyllidia_varicosa/Phyllidia_varicosa_img09_sam_scaled_ring120_final_animal_mask.png,processed_data/automated_image_analysis/background_rings/sam_scaled_ring120_final/Phyllidia_varicosa/Phyllidia_varicosa_img09_sam_scaled_ring120_final_background_ring120.png,2048,1536,57157,185594,3145728,0.018169720967610676,0.05899874369303385,97.76568049407771,109.33525329482634,-11.569572800748631,112.23052294557097,109.79365712253629,2.4368658230346796,127.60862186608814,109.21897259609686,18.38964926999128,109.64569519044036,109.59257842387146,0.053116766568905405,0.053116766568905405,122.31516699616844,30.854262530038685,91.46090446612976,91.46090446612976,135.8314817082772,114.77124799293081,21.0602337153464,21.0602337153464,45.09489822387695,45.097991943359375,-0.003093719482421875,-0.2240416258573532,-0.07060252875089645,-0.15343909710645676,-9.67298698425293,0.41090211272239685,-10.083889096975327,10.085056888670433,78.35450350679024,83.0502300068755,85.37008277268129,80.66966424770307,77.74199807799943,89.67029561667867,58.7284149625943,30.192587085364814,60.357452805704625,0.1091170931649496,0.2242722542539727,43.50482177734375,51.14025115966797,1.1755076580109234,43.28938674926758,34.564292907714844,0.7984472754929854,0.37706038251793794,32.85561752319336,26.395200729370117,0.8033694910995747,13.835647583007812,9.840616226196289,0.711250858852606,0.0921186322469687
Phyllidiella pustulosa,Phyllidiella_pustulosa_img01,processed_data/automated_image_analysis/scaled_images/sam_scaled_ring120_final/Phyllidiella_pustulosa/Phyllidiella_pustulosa_img01_sam_scaled_ring120_final_scaled_image.png,processed_data/automated_image_analysis/masks/sam_scaled_ring120_final/Phyllidiella_pustulosa/Phyllidiella_pustulosa_img01_sam_scaled_ring120_final_animal_mask.png,processed_data/automated_image_analysis/background_rings/sam_scaled_ring120_final/Phyllidiella_pustulosa/Phyllidiella_pustulosa_img01_sam_scaled_ring120_final_background_ring120.png,2048,1536,344400,327999,3145728,0.1094818115234375,0.10426807403564453,34.03237224157956,37.62219701889335,-3.589824777313794,76.84474157955866,58.983698121030855,17.861043458527803,102.7080081300813,55.28008621977506,47.42792191030624,66.9761382113821,52.16660416647612,14.809534044905988,14.809534044905988,191.22129790940767,159.12283269156308,32.09846521784459,32.09846521784459,102.71999709639954,66.8639965365748,35.856000559824736,35.856000559824736,29.944419860839844,22.881582260131836,7.062837600708008,-4.7577314376831055,-6.4900736808776855,1.73234224319458,-18.765626907348633,0.6587655544281006,-19.424392461776733,20.741063307619022,37.31394861149198,54.918661721457156,60.77420125890022,49.28869586213883,50.7665805341313,60.77310001062369,47.18862837498779,71.30994126683824,53.64732899885708,0.022079062438098505,0.03760871642932238,17.888341903686523,17.433996200561523,0.974601016373051,15.60883903503418,19.004104614257812,1.2175219804370414,0.24292096406399044,11.505373001098633,9.3167724609375,0.8097757856305792,16.45113754272461,16.083110809326172,0.9776291011826599,0.16785331555208072
Phyllidiella pustulosa,Phyllidiella_pustulosa_img10,processed_data/automated_image_analysis/scaled_images/sam_scaled_ring120_final/Phyllidiella_pustulosa/Phyllidiella_pustulosa_img10_sam_scaled_ring120_final_scaled_image.png,processed_data/automated_image_analysis/masks/sam_scaled_ring120_final/Phyllidiella_pustulosa/Phyllidiella_pustulosa_img10_sam_scaled_ring120_final_animal_mask.png,processed_data/automated_image_analysis/background_rings/sam_scaled_ring120_final/Phyllidiella_pustulosa/Phyllidiella_pustulosa_img10_sam_scaled_ring120_final_background_ring120.png,1986,1174,457449,410260,2331564,0.19619834583138185,0.17595914158907927,142.96519612022323,86.18764685808999,56.777549262133235,144.2488386683543,64.10485545751474,80.14398321083955,161.83127299436657,52.64755277141325,109.18372022295333,145.8670562182888,69.40203041973383,76.46502579855498,76.46502579855498,48.5313466637811,102.37419928825622,-53.84285262447512,53.84285262447512,162.20591366469267,87.7078876809828,74.49802598370988,74.49802598370988,58.51095199584961,28.85861587524414,29.65233612060547,3.525768995285034,8.255732536315918,-4.729963541030884,-9.629924774169922,9.937628746032715,-19.567553520202637,35.840239163192535,79.29956280368094,78.5767414657584,78.31820361875859,78.58780361457589,36.7168194844184,78.1797331020306,42.75579653165358,56.8252616361271,53.12961023323965,0.028016718829592953,0.015865460487799913,18.721691131591797,17.545942306518555,0.9371985780125797,11.022789001464844,13.38134479522705,1.2139708737460886,0.2767722957335089,10.139602661132812,9.334737777709961,0.9206216544847399,15.169367790222168,19.398921966552734,1.2788220468262916,0.35820039234155177
Phyllidiella pustulosa,Phyllidiella_pustulosa_img02,processed_data/automated_image_analysis/scaled_images/sam_scaled_ring120_final/Phyllidiella_pustulosa/Phyllidiella_pustulosa_img02_sam_scaled_ring120_final_scaled_image.png,processed_data/automated_image_analysis/masks/sam_scaled_ring120_final/Phyllidiella_pustulosa/Phyllidiella_pustulosa_img02_sam_scaled_ring120_final_animal_mask.png,processed_data/automated_image_analysis/background_rings/sam_scaled_ring120_final/Phyllidiella_pustulosa/Phyllidiella_pustulosa_img02_sam_scaled_ring120_final_background_ring120.png,2048,1536,456460,381493,3145728,0.14510472615559897,0.12127335866292317,6.700418437541077,48.447976764973404,-41.74755832743233,32.32264820575735,124.26941516620226,-91.9467669604449,66.59566665206151,157.96247899699338,-91.36681234493187,28.555045348990053,105.4246788276587,-76.86963347866865,76.86963347866865,235.6666126276125,177.29672104075303,58.36989158685947,58.36989158685947,66.6000394339044,158.10382366124674,-91.50378422734234,91.50378422734234,12.929518699645996,48.821834564208984,-35.89231586456299,4.467195510864258,-11.609877586364746,16.077073097229004,-22.212881088256836,-24.73212432861328,2.5192432403564453,39.40910052258597,8.724977820136687,27.38700460061015,43.18796720602896,22.99052905186322,21.488757418408532,43.18710990447163,20.84206476411356,23.8486444286293,29.23551175311402,0.0024039531674308863,0.0035651938727840476,9.402873992919922,9.360480308532715,0.9954914120492173,11.541348457336426,8.658490180969238,0.7502147788862006,0.24527663316301673,13.512539863586426,11.480910301208496,0.8496485795499659,12.610639572143555,8.31722640991211,0.6595404112797388,0.19010816827022703
Phyllidiella pustulosa,Phyllidiella_pustulosa_img03,processed_data/automated_image_analysis/scaled_images/sam_scaled_ring120_final/Phyllidiella_pustulosa/Phyllidiella_pustulosa_img03_sam_scaled_ring120_final_scaled_image.png,processed_data/automated_image_analysis/masks/sam_scaled_ring120_final/Phyllidiella_pustulosa/Phyllidiella_pustulosa_img03_sam_scaled_ring120_final_animal_mask.png,processed_data/automated_image_analysis/background_rings/sam_scaled_ring120_final/Phyllidiella_pustulosa/Phyllidiella_pustulosa_img03_sam_scaled_ring120_final_background_ring120.png,1536,1150,551775,350812,1766400,0.3123726222826087,0.19860280797101448,133.46600516514883,123.49106073908533,9.974944426063502,90.11209641611164,106.8865517713191,-16.774455355207465,107.87856644465589,101.10747636910938,6.77109007554651,105.09872864845272,111.19483370010148,-6.096105051648763,6.096105051648763,103.09997372117257,77.20913195671756,25.89084176445502,25.89084176445502,134.56013773730234,125.30968723988917,9.25045049741317,9.25045049741317,42.0538330078125,45.704673767089844,-3.6508407592773438,19.897762298583984,6.352169990539551,13.545592308044434,-2.319598436355591,6.135835647583008,-8.455434083938599,16.38005112242278,84.41841833701294,65.17095232039146,73.26536314986066,70.9659542933484,46.916806326420115,84.09374776291247,54.123750958002944,67.68756691430463,50.633134237834355,0.012615780934479154,0.01781060594778931,12.246369361877441,14.974174499511719,1.2227439869750987,12.221169471740723,13.881196975708008,1.1358321319253286,0.08691185504977006,10.240447044372559,10.679408073425293,1.0428654166317823,11.115730285644531,12.658687591552734,1.1388084512900483,0.09594303465826592
Phyllidiella pustulosa,Phyllidiella_pustulosa_img04,processed_data/automated_image_analysis/scaled_images/sam_scaled_ring120_final/Phyllidiella_pustulosa/Phyllidiella_pustulosa_img04_sam_scaled_ring120_final_scaled_image.png,processed_data/automated_image_analysis/masks/sam_scaled_ring120_final/Phyllidiella_pustulosa/Phyllidiella_pustulosa_img04_sam_scaled_ring120_final_animal_mask.png,processed_data/automated_image_analysis/background_rings/sam_scaled_ring120_final/Phyllidiella_pustulosa/Phyllidiella_pustulosa_img04_sam_scaled_ring120_final_background_ring120.png,2008,1506,569149,409222,3024048,0.18820766072496203,0.13532258747215653,133.1047862686221,135.99635161354962,-2.8915653449275283,106.71523625623519,115.9360493815093,-9.22081312527412,109.26485858711867,78.5690334341751,30.69582515294357,114.90670105719241,117.68209675921626,-2.7753957020238573,2.7753957020238573,57.385652966094995,111.33383346936381,-53.948180503268816,53.948180503268816,133.24846217774257,135.99765652873012,-2.749194350987551,2.749194350987551,46.24869918823242,49.351409912109375,-3.102710723876953,10.794086456298828,2.494596242904663,8.299490213394165,2.7372894287109375,23.534204483032227,-20.79691505432129,22.60575208691235,73.67220282874185,63.50809156629121,65.94286150336852,66.51572450206297,24.085678773964496,73.53287983157081,35.48583324771761,23.490544291433892,37.20163203678671,0.010318646797940903,0.004392124818058783,11.791499137878418,13.920903205871582,1.1805880696842672,5.225527286529541,7.191059112548828,1.3761403812943567,0.19555231161008946,7.003566265106201,6.279834747314453,0.8966624301968001,4.939708232879639,6.062338829040527,1.2272665799749964,0.3306041497781963
Phyllidiella pustulosa,Phyllidiella_pustulosa_img05,processed_data/automated_image_analysis/scaled_images/sam_scaled_ring120_final/Phyllidiella_pustulosa/Phyllidiella_pustulosa_img05_sam_scaled_ring120_final_scaled_image.png,processed_data/automated_image_analysis/masks/sam_scaled_ring120_final/Phyllidiella_pustulosa/Phyllidiella_pustulosa_img05_sam_scaled_ring120_final_animal_mask.png,processed_data/automated_image_analysis/background_rings/sam_scaled_ring120_final/Phyllidiella_pustulosa/Phyllidiella_pustulosa_img05_sam_scaled_ring120_final_background_ring120.png,2048,1536,157920,260082,3145728,0.050201416015625,0.08267784118652344,43.71298758865248,104.74147768780615,-61.02849009915367,47.809213525835865,154.80925246652978,-107.00003894069391,86.00841565349545,168.19202789889343,-82.18361224539798,50.92687436676798,141.34882460147185,-90.42195023470387,90.42195023470387,154.52135258358663,96.96046631447005,57.56088626911658,57.56088626911658,86.0136524822695,169.2453956829,-83.2317432006305,83.2317432006305,20.780323028564453,60.59444808959961,-39.814125061035156,9.086956977844238,-13.05196475982666,22.1389217376709,-22.155879974365234,-12.142614364624023,-10.013265609741211,46.642919058027346,33.99932729257846,44.55561998791052,56.43285812393295,42.55491264031861,41.002003744180506,56.43422306958681,32.81022815887835,11.130879432312575,39.950058848554235,0.014044723932783634,0.014314854522530337,13.727928161621094,15.832813262939453,1.1533286797932805,12.60942554473877,12.113601684570312,0.9606783149312192,0.19265036486206122,15.952874183654785,13.801803588867188,0.8651609377706012,10.382847785949707,8.261268615722656,0.7956650030930804,0.0694959346775208
Phyllidiella pustulosa,Phyllidiella_pustulosa_img06,processed_data/automated_image_analysis/scaled_images/sam_scaled_ring120_final/Phyllidiella_pustulosa/Phyllidiella_pustulosa_img06_sam_scaled_ring120_final_scaled_image.png,processed_data/automated_image_analysis/masks/sam_scaled_ring120_final/Phyllidiella_pustulosa/Phyllidiella_pustulosa_img06_sam_scaled_ring120_final_animal_mask.png,processed_data/automated_image_analysis/background_rings/sam_scaled_ring120_final/Phyllidiella_pustulosa/Phyllidiella_pustulosa_img06_sam_scaled_ring120_final_background_ring120.png,2018,1514,345058,408823,3055252,0.11293929273264529,0.1338099115883076,31.644552510012808,23.927156740202975,7.717395769809833,63.75516290015012,96.7189419381982,-32.96377903804808,91.73287099560073,103.24272606971721,-11.509855074116473,57.341722261185076,75.69684924771845,-18.35512698653337,18.35512698653337,190.56567301728984,201.87997250643923,-11.314299489149391,11.314299489149391,91.9420184432762,109.02884867045151,-17.086830227175312,17.086830227175312,25.332109451293945,37.03232192993164,-11.700212478637695,-1.4943759441375732,-17.15726661682129,15.662890672683716,-18.922048568725586,-9.35218334197998,-9.569865226745605,21.76702636392455,37.175312524300544,41.20334068842547,57.93143952274637,40.529295111928676,51.58211258471069,57.73968369969834,30.11769157145621,53.58770241864836,41.4652628028691,0.004040080445654689,0.006940558055621571,11.330617904663086,10.288524627685547,0.9080285571585052,10.731561660766602,10.015192985534668,0.933246558341001,0.02521800118249584,14.440945625305176,10.407402038574219,0.7206870179150254,14.114907264709473,9.116573333740234,0.6458826234398134,0.07480439447521203
Phyllidiella pustulosa,Phyllidiella_pustulosa_img07,processed_data/automated_image_analysis/scaled_images/sam_scaled_ring120_final/Phyllidiella_pustulosa/Phyllidiella_pustulosa_img07_sam_scaled_ring120_final_scaled_image.png,processed_data/automated_image_analysis/masks/sam_scaled_ring120_final/Phyllidiella_pustulosa/Phyllidiella_pustulosa_img07_sam_scaled_ring120_final_animal_mask.png,processed_data/automated_image_analysis/background_rings/sam_scaled_ring120_final/Phyllidiella_pustulosa/Phyllidiella_pustulosa_img07_sam_scaled_ring120_final_background_ring120.png,683,729,54364,150021,497907,0.1091850486134961,0.3013032554272183,116.70471267750717,73.94261470060859,42.76209797689859,131.81165845044515,76.14667946487492,55.66497898557023,149.53033257302627,57.28058738443285,92.24974518859342,129.31316680155984,73.33020710433873,55.98295969722112,55.98295969722112,104.93068942682658,157.25121816279054,-52.32052873596396,52.32052873596396,149.9930468692517,85.68563734410516,64.30740952514655,64.30740952514655,52.650421142578125,30.179677963256836,22.47074317932129,0.8084917068481445,-2.820902109146118,3.6293938159942627,-10.873862266540527,10.299883842468262,-21.17374610900879,31.08752680403117,99.03149243481836,93.24357094791898,88.04863140651885,92.51339087540973,95.0073876162963,88.2765916246591,75.45820836441251,72.69895451756895,79.47442898864435,0.15017928707023834,0.18280288474925516,48.47520065307617,55.60817337036133,1.1471468425336473,55.87828063964844,64.50983428955078,1.154470637805878,0.007323795272230704,20.713178634643555,16.45163345336914,0.7942592367669333,21.2235107421875,18.076311111450195,0.8517116386177622,0.057452401850828894
Phyllidiella pustulosa,Phyllidiella_pustulosa_img08,processed_data/automated_image_analysis/scaled_images/sam_scaled_ring120_final/Phyllidiella_pustulosa/Phyllidiella_pustulosa_img08_sam_scaled_ring120_final_scaled_image.png,processed_data/automated_image_analysis/masks/sam_scaled_ring120_final/Phyllidiella_pustulosa/Phyllidiella_pustulosa_img08_sam_scaled_ring120_final_animal_mask.png,processed_data/automated_image_analysis/background_rings/sam_scaled_ring120_final/Phyllidiella_pustulosa/Phyllidiella_pustulosa_img08_sam_scaled_ring120_final_background_ring120.png,2048,1536,267596,370509,3145728,0.0850664774576823,0.1177816390991211,40.840707633895875,128.2702174576056,-87.42950982370974,71.39025994409484,127.34888761136706,-55.958627667272225,85.5012929939162,96.5958397771714,-11.094546783255211,63.8571166983064,124.11899036190754,-60.261873663601136,60.261873663601136,161.9325699935724,91.01452056495253,70.91804942861987,70.91804942861987,85.83398107595032,136.83536432313386,-51.00138324718354,51.00138324718354,27.520578384399414,52.10408020019531,-24.5835018157959,-5.4051995277404785,-3.9108166694641113,-1.4943828582763672,-11.543113708496094,17.071725845336914,-28.614839553833008,37.75434788664686,47.978373526377226,55.071339105007155,56.4454431527351,52.32260186051999,70.12651294910853,56.4323325517769,49.473048234001446,58.56608360185019,48.47434761387696,0.03635137361900419,0.12242860557656884,18.511486053466797,21.924814224243164,1.1843897438010993,28.70589256286621,29.06810188293457,1.0126179431374627,0.17177180066363662,13.113449096679688,11.182475090026855,0.8527485795371903,27.418298721313477,18.687902450561523,0.6815850480188465,0.17116353151834385
Phyllidiella pustulosa,Phyllidiella_pustulosa_img09,processed_data/automated_image_analysis/scaled_images/sam_scaled_ring120_final/Phyllidiella_pustulosa/Phyllidiella_pustulosa_img09_sam_scaled_ring120_final_scaled_image.png,processed_data/automated_image_analysis/masks/sam_scaled_ring120_final/Phyllidiella_pustulosa/Phyllidiella_pustulosa_img09_sam_scaled_ring120_final_animal_mask.png,processed_data/automated_image_analysis/background_rings/sam_scaled_ring120_final/Phyllidiella_pustulosa/Phyllidiella_pustulosa_img09_sam_scaled_ring120_final_background_ring120.png,2048,1539,215857,337149,3151872,0.06848533189165042,0.1069678591008772,76.35892280537578,96.90351150381582,-20.544588698440037,97.20811926414247,104.12136473784588,-6.913245473703412,135.6885484371598,100.20961651969901,35.478931917460784,95.35335430400681,101.5153211191491,-6.161966815142293,6.161966815142293,139.63553648943514,86.70964766319936,52.92588882623578,52.92588882623578,135.7033591683383,119.4620953940246,16.241263774313694,16.241263774313694,39.76698303222656,43.356300354003906,-3.5893173217773438,4.462691307067871,-2.1169257164001465,6.579617023468018,-23.82553482055664,2.6816775798797607,-26.5072124004364,27.546449285774933,63.048503498305564,66.26169827046569,68.67500897118212,64.85682238426679,65.2113739709224,68.6648108547082,42.83706114189449,50.126486652042985,44.226446229905825,0.10745858724572999,0.10096040792584067,27.962539672851562,25.646970748901367,0.9171903213713328,25.900634765625,25.3907527923584,0.980313919798471,0.06312359842713822,14.252030372619629,12.35708999633789,0.8670406723295921,13.14159870147705,9.800349235534668,0.7457501524858735,0.12129051984371864
Phyllidiopsis shireenae,Phyllidiopsis_shireenae_img01,processed_data/automated_image_analysis/scaled_images/sam_scaled_ring120_final/Phyllidiopsis_shireenae/Phyllidiopsis_shireenae_img01_sam_scaled_ring120_final_scaled_image.png,processed_data/automated_image_analysis/masks/sam_scaled_ring120_final/Phyllidiopsis_shireenae/Phyllidiopsis_shireenae_img01_sam_scaled_ring120_final_animal_mask.png,processed_data/automated_image_analysis/background_rings/sam_scaled_ring120_final/Phyllidiopsis_shireenae/Phyllidiopsis_shireenae_img01_sam_scaled_ring120_final_background_ring120.png,1843,1382,398598,444833,2547026,0.1564954578398493,0.17464800123752172,70.82367197025575,56.69311854111543,14.130553429140313,126.43055158329946,47.64856923834338,78.78198234495608,170.0146689145455,41.63124813132119,128.3834207832243,114.76578407317649,49.65722641980249,65.10855765337399,65.10855765337399,174.26420855097115,164.12940586692085,10.1348026840503,10.1348026840503,170.09517107461653,67.10215519082442,102.99301588379211,102.99301588379211,50.01710891723633,20.973388671875,29.043720245361328,-2.98280668258667,4.226536273956299,-7.209342956542969,-27.62564468383789,5.991189479827881,-33.61683416366577,45.00670895259143,65.80547012860978,67.3453780848764,79.98642099517593,65.85685922116204,69.7190141783421,79.92117139036955,43.6212675687422,75.0486937067371,54.04069249280085,0.029023969968306716,0.06751691619471872,12.797271728515625,19.577054977416992,1.5297834876627852,18.88105010986328,25.66357421875,1.3592238815860984,0.17055960607668674,12.521804809570312,14.90116024017334,1.190016971737533,21.30177879333496,21.961591720581055,1.0309745460061082,0.1590424257314249
Phyllidiopsis shireenae,Phyllidiopsis_shireenae_img10,processed_data/automated_image_analysis/scaled_images/sam_scaled_ring120_final/Phyllidiopsis_shireenae/Phyllidiopsis_shireenae_img10_sam_scaled_ring120_final_scaled_image.png,processed_data/automated_image_analysis/masks/sam_scaled_ring120_final/Phyllidiopsis_shireenae/Phyllidiopsis_shireenae_img10_sam_scaled_ring120_final_animal_mask.png,processed_data/automated_image_analysis/background_rings/sam_scaled_ring120_final/Phyllidiopsis_shireenae/Phyllidiopsis_shireenae_img10_sam_scaled_ring120_final_background_ring120.png,1890,1418,441872,427645,2680020,0.1648763815195409,0.15956783904597727,69.02919850092334,48.8902243683429,20.138974132580444,118.18802051272766,58.23079189514667,59.95722861758099,163.49032977875947,55.98092576786821,107.50940401089127,108.65027655067531,55.18173251177963,53.468544038895686,53.468544038895686,152.50267271970162,135.26444130061148,17.23823141909014,17.23823141909014,163.58114567114458,72.11910346198366,91.46204220916093,91.46204220916093,47.901573181152344,23.81315803527832,24.088415145874023,-1.6753206253051758,-1.2416542768478394,-0.4336663484573364,-28.612186431884766,1.2745846509933472,-29.886771082878113,38.38826508846312,33.880145412608854,38.87256089435631,47.80253943713936,35.818636417629456,50.86664892687475,47.67149231964076,36.27510609405445,70.7771246774461,42.608397097788135,0.03337449090540515,0.026426584558975896,14.322917938232422,17.74055290222168,1.2386130381202913,12.357431411743164,15.515551567077637,1.2555644494480735,0.016951411327782218,9.986751556396484,12.111611366271973,1.2127678652939475,16.187047958374023,13.257331848144531,0.8190086223403158,0.39375924295363174
Phyllidiopsis shireenae,Phyllidiopsis_shireenae_img02,processed_data/automated_image_analysis/scaled_images/sam_scaled_ring120_final/Phyllidiopsis_shireenae/Phyllidiopsis_shireenae_img02_sam_scaled_ring120_final_scaled_image.png,processed_data/automated_image_analysis/masks/sam_scaled_ring120_final/Phyllidiopsis_shireenae/Phyllidiopsis_shireenae_img02_sam_scaled_ring120_final_animal_mask.png,processed_data/automated_image_analysis/background_rings/sam_scaled_ring120_final/Phyllidiopsis_shireenae/Phyllidiopsis_shireenae_img02_sam_scaled_ring120_final_background_ring120.png,1194,897,27134,154958,1071018,0.025334774952428436,0.1446829091574558,80.23944129136876,71.31897675499168,8.920464536377082,166.7217144541903,120.29885517365996,46.422859280530346,212.45455885604775,132.5726713044825,79.88188755156526,146.08351146163486,107.04587694730185,39.03763451433301,39.03763451433301,158.85608461708557,121.47623226938913,37.37985234769644,37.37985234769644,212.53998673251272,135.40365131196842,77.1363354205443,77.1363354205443,64.71723937988281,47.56023025512695,17.15700912475586,-11.001935958862305,-11.477797508239746,0.4758615493774414,-30.57402229309082,-11.29190731048584,-19.28211498260498,25.814518483278576,32.57407508177491,47.25814105518622,49.048282002396945,39.0039416634324,34.15016279204235,48.89108183393098,32.920594692830264,47.81706415426773,40.17680155385594,0.08993369499698614,0.13435880175025244,26.169519424438477,25.15913200378418,0.9613906772888331,28.677778244018555,19.344350814819336,0.6745414742459719,0.2868492030428612,58.65835952758789,27.327899932861328,0.465882444598687,71.021484375,29.871732711791992,0.4206013571057806,0.04528108749290638
Phyllidiopsis shireenae,Phyllidiopsis_shireenae_img03,processed_data/automated_image_analysis/scaled_images/sam_scaled_ring120_final/Phyllidiopsis_shireenae/Phyllidiopsis_shireenae_img03_sam_scaled_ring120_final_scaled_image.png,processed_data/automated_image_analysis/masks/sam_scaled_ring120_final/Phyllidiopsis_shireenae/Phyllidiopsis_shireenae_img03_sam_scaled_ring120_final_animal_mask.png,processed_data/automated_image_analysis/background_rings/sam_scaled_ring120_final/Phyllidiopsis_shireenae/Phyllidiopsis_shireenae_img03_sam_scaled_ring120_final_background_ring120.png,2048,1536,187820,269555,3145728,0.05970637003580729,0.08568922678629558,47.51143115749122,35.58514217877613,11.926288978715085,111.89156639335533,39.86675817551149,72.02480821784384,155.51304972846341,38.22555693643227,117.28749279203114,97.60174635289107,38.4,59.20174635289107,59.20174635289107,183.42326163347886,111.34249411066388,72.08076752281498,72.08076752281498,155.51440208710468,47.23296544304502,108.28143664405967,108.28143664405967,44.58329391479492,15.67870044708252,28.904593467712402,-4.972961902618408,-0.9547992944717407,-4.0181626081466675,-29.112049102783203,0.8754919171333313,-29.987541019916534,41.84344358080973,28.054530359922577,42.7536169029641,49.02664023298921,37.5884026414526,39.97899132632757,49.024139731844556,27.2538627367696,57.74218352404376,30.877748682921663,0.010025760254982863,0.023335074179384515,11.278548240661621,12.743815422058105,1.1299162933145843,13.730894088745117,15.725223541259766,1.1452439615093493,0.015327668194764943,9.292285919189453,9.803309440612793,1.0549943819924898,11.491586685180664,10.562922477722168,0.9191874688065413,0.1358069131859485
Phyllidiopsis shireenae,Phyllidiopsis_shireenae_img04,processed_data/automated_image_analysis/scaled_images/sam_scaled_ring120_final/Phyllidiopsis_shireenae/Phyllidiopsis_shireenae_img04_sam_scaled_ring120_final_scaled_image.png,processed_data/automated_image_analysis/masks/sam_scaled_ring120_final/Phyllidiopsis_shireenae/Phyllidiopsis_shireenae_img04_sam_scaled_ring120_final_animal_mask.png,processed_data/automated_image_analysis/background_rings/sam_scaled_ring120_final/Phyllidiopsis_shireenae/Phyllidiopsis_shireenae_img04_sam_scaled_ring120_final_background_ring120.png,1225,1634,370927,409461,2001650,0.18531061873953988,0.20456173656733195,161.30604674235093,89.36275738104484,71.94328936130609,169.3469469733937,60.722684211683166,108.62426276171053,173.01333685603905,42.35503991833166,130.65829693770738,167.36285037217564,67.19610414667086,100.16674622550478,100.16674622550478,38.57978524076166,134.62383474860854,-96.04404950784689,96.04404950784689,178.85774559414656,89.92048326946889,88.93726232467768,88.93726232467768,68.10153198242188,28.024656295776367,40.07687568664551,-1.6349965333938599,10.076517105102539,-11.711513638496399,-2.698896884918213,15.985308647155762,-18.684205532073975,45.7429235278235,52.091204417110035,55.08906773651682,57.77067903113515,53.90274842005666,34.19385127678969,53.363175686695186,36.17287602295845,37.619870606073924,44.42739400535825,0.024609068239119354,0.0280011634196373,13.238726615905762,23.40765380859375,1.7681197359624043,14.333702087402344,17.05801773071289,1.1900636434815333,0.5780560924808711,8.22179126739502,10.694622039794922,1.300765452682599,11.984871864318848,10.303642272949219,0.8597206870125198,0.4410447656700791
Phyllidiopsis shireenae,Phyllidiopsis_shireenae_img05,processed_data/automated_image_analysis/scaled_images/sam_scaled_ring120_final/Phyllidiopsis_shireenae/Phyllidiopsis_shireenae_img05_sam_scaled_ring120_final_scaled_image.png,processed_data/automated_image_analysis/masks/sam_scaled_ring120_final/Phyllidiopsis_shireenae/Phyllidiopsis_shireenae_img05_sam_scaled_ring120_final_animal_mask.png,processed_data/automated_image_analysis/background_rings/sam_scaled_ring120_final/Phyllidiopsis_shireenae/Phyllidiopsis_shireenae_img05_sam_scaled_ring120_final_background_ring120.png,2048,1542,458596,400342,3158016,0.1452164903534371,0.1267700986948768,123.6673717171541,123.96519975421015,-0.29782803705604977,152.78152884019923,125.264021761394,27.517507078805224,201.13758951233766,116.75935824869737,84.37823126364029,149.57693263787735,123.90716187659551,25.66977076128184,25.66977076128184,111.75713045905329,43.19656943313467,68.56056102591862,68.56056102591862,201.22465961325437,131.19985412472337,70.024805488531,70.024805488531,61.94135284423828,51.63433074951172,10.307022094726562,3.371610641479492,-1.7393147945404053,5.1109254360198975,-28.22101402282715,4.495848655700684,-32.71686267852783,34.68067713870916,55.06896418845805,59.477646263170186,54.492492553251964,57.22887400116381,56.98558298214771,54.44477400332843,41.65886648631355,37.004130560870834,39.896571651351856,0.023132422197192092,0.012408119401739276,11.423154830932617,14.3953275680542,1.2601884314019165,13.976970672607422,10.466828346252441,0.7488624388949827,0.5113259925069338,7.2838850021362305,8.405228614807129,1.1539485607394995,6.460434436798096,4.257931709289551,0.6590782324229972,0.49487032831650224
Phyllidiopsis shireenae,Phyllidiopsis_shireenae_img06,processed_data/automated_image_analysis/scaled_images/sam_scaled_ring120_final/Phyllidiopsis_shireenae/Phyllidiopsis_shireenae_img06_sam_scaled_ring120_final_scaled_image.png,processed_data/automated_image_analysis/masks/sam_scaled_ring120_final/Phyllidiopsis_shireenae/Phyllidiopsis_shireenae_img06_sam_scaled_ring120_final_animal_mask.png,processed_data/automated_image_analysis/background_rings/sam_scaled_ring120_final/Phyllidiopsis_shireenae/Phyllidiopsis_shireenae_img06_sam_scaled_ring120_final_background_ring120.png,1489,1861,694268,450313,2771029,0.25054519458295094,0.16250750172589315,138.71913295730178,142.3582508166542,-3.6391178593524103,167.75669482102012,118.48526469366863,49.27143012735149,178.49653159874862,80.25216682618534,98.24436477256327,160.29911503914914,121.26551531934454,39.0335997198046,39.0335997198046,72.93862456572965,123.53692875844135,-50.598304192711694,50.598304192711694,180.35793382382596,142.81161325566885,37.546320568157114,37.546320568157114,66.17506408691406,50.54349136352539,15.631572723388672,-6.828551769256592,4.701416969299316,-11.529968738555908,-8.640612602233887,24.315189361572266,-32.95580196380615,38.254034140156705,55.87786301112967,56.09101994550168,58.19446502326302,55.39898423493902,57.67998535221754,56.72674644714963,53.12361566421043,64.79541288106037,54.642851952371764,0.019391753073386538,0.07820592404547265,10.986604690551758,20.937131881713867,1.9056962975758422,21.59920883178711,22.526004791259766,1.04290879201597,0.8627875055598722,8.965848922729492,11.29000473022461,1.259223173123418,21.41562843322754,16.816524505615234,0.7852454369036148,0.4739777362198032
Phyllidiopsis shireenae,Phyllidiopsis_shireenae_img07,processed_data/automated_image_analysis/scaled_images/sam_scaled_ring120_final/Phyllidiopsis_shireenae/Phyllidiopsis_shireenae_img07_sam_scaled_ring120_final_scaled_image.png,processed_data/automated_image_analysis/masks/sam_scaled_ring120_final/Phyllidiopsis_shireenae/Phyllidiopsis_shireenae_img07_sam_scaled_ring120_final_animal_mask.png,processed_data/automated_image_analysis/background_rings/sam_scaled_ring120_final/Phyllidiopsis_shireenae/Phyllidiopsis_shireenae_img07_sam_scaled_ring120_final_background_ring120.png,1871,1403,413091,414936,2625013,0.1573672206575739,0.15807007431963194,89.25617842073538,75.2990268378738,13.957151582861584,127.22624070725337,55.21740702180577,72.0088336854476,148.53719398389217,49.629856170590166,98.90733781330201,118.2981038076356,60.58687122833401,57.71123257930159,57.71123257930159,111.66262397389437,105.12086924248558,6.541754731408787,6.541754731408787,148.7882016311176,79.18283060520177,69.60537102591583,69.60537102591583,51.004295349121094,25.535993576049805,25.46830177307129,-6.214095592498779,7.7878336906433105,-14.00192928314209,-15.276887893676758,8.211441040039062,-23.48832893371582,37.36830227549507,45.48612419281216,40.56050796124429,41.610014175050566,40.423752368646305,62.00148844420402,41.37008529282504,39.871613973640855,63.094591225639284,46.57267904429301,0.01470620893180119,0.02725507653151046,9.07397747039795,14.549321174621582,1.6034116485395578,10.495938301086426,18.76679039001465,1.7880050217208416,0.18459337318128388,7.464184284210205,8.307787895202637,1.113020201387176,10.663052558898926,10.880544662475586,1.0203967956056965,0.09262340578147943
Phyllidiopsis shireenae,Phyllidiopsis_shireenae_img08,processed_data/automated_image_analysis/scaled_images/sam_scaled_ring120_final/Phyllidiopsis_shireenae/Phyllidiopsis_shireenae_img08_sam_scaled_ring120_final_scaled_image.png,processed_data/automated_image_analysis/masks/sam_scaled_ring120_final/Phyllidiopsis_shireenae/Phyllidiopsis_shireenae_img08_sam_scaled_ring120_final_animal_mask.png,processed_data/automated_image_analysis/background_rings/sam_scaled_ring120_final/Phyllidiopsis_shireenae/Phyllidiopsis_shireenae_img08_sam_scaled_ring120_final_background_ring120.png,1469,1070,520333,411767,1571830,0.33103643523790743,0.26196662488946004,102.36010016662406,129.82532111606807,-27.465220949444003,146.17470927271575,156.6661364315256,-10.491427158809842,148.86953162686203,125.74588541578126,23.123646211080768,133.38065238991186,145.1132849402696,-11.73263255035775,11.73263255035775,96.49039749545003,67.1710190471796,29.319378448270427,29.319378448270427,151.72154946928217,156.8793978147836,-5.157848345501435,5.157848345501435,56.865543365478516,61.64332580566406,-4.777782440185547,-13.398396492004395,-15.090045928955078,1.6916494369506836,-5.923367977142334,13.298192977905273,-19.221560955047607,19.878563539951564,45.67060291220517,56.58516349480886,57.72752636778416,52.64327851544369,49.12794190768141,57.843514457727146,29.543480257999992,27.845460924897075,30.07709624706426,0.01042494178545427,0.03165887643071086,8.412406921386719,17.372779846191406,2.0651378384971943,14.039294242858887,18.279632568359375,1.3020335817562443,0.7631042567409501,5.179818630218506,5.715813636779785,1.1034775625992659,12.285908699035645,9.110322952270508,0.7415261805572104,0.36195138204205546
Phyllidiopsis shireenae,Phyllidiopsis_shireenae_img09,processed_data/automated_image_analysis/scaled_images/sam_scaled_ring120_final/Phyllidiopsis_shireenae/Phyllidiopsis_shireenae_img09_sam_scaled_ring120_final_scaled_image.png,processed_data/automated_image_analysis/masks/sam_scaled_ring120_final/Phyllidiopsis_shireenae/Phyllidiopsis_shireenae_img09_sam_scaled_ring120_final_animal_mask.png,processed_data/automated_image_analysis/background_rings/sam_scaled_ring120_final/Phyllidiopsis_shireenae/Phyllidiopsis_shireenae_img09_sam_scaled_ring120_final_background_ring120.png,1872,1148,474411,421961,2149056,0.22075320512820512,0.19634714032579886,109.82299525095328,137.9888236116608,-28.165828360707508,100.96866640950569,118.01364818075604,-17.04498177125035,125.17289017328856,119.4112489068895,5.761641266399067,106.37492385294607,124.1483999706134,-17.77347611766733,17.77347611766733,72.29029048651907,55.869615912371046,16.420674574148023,16.420674574148023,126.5375802837624,141.41675415500484,-14.879173871242443,14.879173871242443,43.48929214477539,51.066890716552734,-7.577598571777344,8.612878799438477,8.340255737304688,0.27262306213378906,-11.740291595458984,2.467592477798462,-14.207884073257446,16.104604723125988,59.09788028790922,53.991322056110704,61.62963465505999,56.0804758161235,47.84860999725575,61.623652452522464,42.638912687991414,41.82972273036575,45.08040477588498,0.05832974371173302,0.11138515375357416,17.247087478637695,24.906858444213867,1.4441196796307545,28.704557418823242,28.667537689208984,0.9987103187457619,0.4454093608849926,5.52093505859375,5.655995845794678,1.0244633899452766,10.155281066894531,6.739620685577393,0.6636567359566304,0.3608066539886462
Sebadoris fragilis,Sebadoris_fragilis_img01,processed_data/automated_image_analysis/scaled_images/sam_scaled_ring120_final/Sebadoris_fragilis/Sebadoris_fragilis_img01_sam_scaled_ring120_final_scaled_image.png,processed_data/automated_image_analysis/masks/sam_scaled_ring120_final/Sebadoris_fragilis/Sebadoris_fragilis_img01_sam_scaled_ring120_final_animal_mask.png,processed_data/automated_image_analysis/background_rings/sam_scaled_ring120_final/Sebadoris_fragilis/Sebadoris_fragilis_img01_sam_scaled_ring120_final_background_ring120.png,1370,1027,644967,373734,1406990,0.4584019786921016,0.2656266213690218,105.7408456556692,50.56056981703565,55.180275838633555,101.97761125763023,50.39997431328164,51.57763694434859,94.70989678541693,42.54858535750025,52.16131142791668,102.27266046169804,49.553254453702365,52.71940600799567,52.71940600799567,32.658757734891864,57.131936082882476,-24.47317834799061,24.47317834799061,106.71345510700547,53.892214783776694,52.82124032322878,52.82124032322878,42.56637191772461,20.293529510498047,22.272842407226562,0.22463828325271606,-1.223852276802063,1.448490560054779,4.635136604309082,4.8457255363464355,-0.21058893203735352,22.32088666469176,42.96922928397465,43.353612643931314,41.709988161529665,42.91108168358947,18.608453819866618,43.46760776229067,29.407778947495775,33.12709591619249,32.996291315751506,0.042181629948000406,0.016861700051847846,19.87895965576172,15.647048950195312,0.7871160876198152,13.152274131774902,20.54884910583496,1.5623799276043442,0.775263839984529,9.761451721191406,7.340662002563477,0.7520051537649293,13.646626472473145,22.230262756347656,1.6289932754581302,0.876988121693201
Sebadoris fragilis,Sebadoris_fragilis_img10,processed_data/automated_image_analysis/scaled_images/sam_scaled_ring120_final/Sebadoris_fragilis/Sebadoris_fragilis_img10_sam_scaled_ring120_final_scaled_image.png,processed_data/automated_image_analysis/masks/sam_scaled_ring120_final/Sebadoris_fragilis/Sebadoris_fragilis_img10_sam_scaled_ring120_final_animal_mask.png,processed_data/automated_image_analysis/background_rings/sam_scaled_ring120_final/Sebadoris_fragilis/Sebadoris_fragilis_img10_sam_scaled_ring120_final_background_ring120.png,1152,2048,521324,363220,2359296,0.2209659152560764,0.1539527045355903,148.21359653497632,124.66467705522824,23.54891947974808,123.45248060706969,123.01471835251363,0.43776225455606266,91.25529037604254,40.0619294091735,51.19336096686904,127.19579954116826,114.05720224657233,13.138597294595925,13.138597294595925,112.27913543209213,181.43952700842465,-69.16039157633251,69.16039157633251,148.2177206497303,130.7817906502946,17.4359299994357,17.4359299994357,52.304500579833984,49.7957878112793,2.5087127685546875,5.278066158294678,-9.771202087402344,15.049268245697021,21.205692291259766,42.577911376953125,-21.37221908569336,26.259205302768198,59.51434453856302,59.59301340901449,54.659421121070075,58.7494312981371,42.4236149734868,59.519233111130234,39.27203871602624,34.82397240869763,43.176612215629106,0.13389352258505835,0.02081012163885092,31.7744197845459,27.510271072387695,0.8657993209294681,16.317012786865234,15.836657524108887,0.9705610782420284,0.10476175731256032,9.887249946594238,5.7030792236328125,0.5768114748224096,9.08170223236084,7.397613048553467,0.8145623870152386,0.23775091219282907
Sebadoris fragilis,Sebadoris_fragilis_img02,processed_data/automated_image_analysis/scaled_images/sam_scaled_ring120_final/Sebadoris_fragilis/Sebadoris_fragilis_img02_sam_scaled_ring120_final_scaled_image.png,processed_data/automated_image_analysis/masks/sam_scaled_ring120_final/Sebadoris_fragilis/Sebadoris_fragilis_img02_sam_scaled_ring120_final_animal_mask.png,processed_data/automated_image_analysis/background_rings/sam_scaled_ring120_final/Sebadoris_fragilis/Sebadoris_fragilis_img02_sam_scaled_ring120_final_background_ring120.png,2048,1536,482220,384343,3145728,0.15329360961914062,0.12217934926350911,62.516256065696155,96.03542408733865,-33.5191680216425,66.26791298577413,93.39267269079963,-27.124759705025497,92.05463274024304,92.2186432431448,-0.16401050290176045,68.09394882004065,94.0404144214933,-25.946465601452644,25.946465601452644,92.17347683629879,36.08080282456035,56.09267401173844,56.09267401173844,92.23856331135167,100.51840413380756,-8.279840822455895,8.279840822455895,28.149572372436523,39.51923751831055,-11.369665145874023,5.820490837097168,1.1295552253723145,4.6909356117248535,-15.71569538116455,1.1322296857833862,-16.847925066947937,20.85969178833052,35.07148643697568,36.93482475020245,39.27015468973883,36.31506326759056,44.493170315655796,39.18447456456611,25.09077906630554,30.90816385556018,25.791192623289945,0.16548803396483897,0.11341568530417026,35.72709655761719,32.63770294189453,0.9135279965798401,27.635879516601562,25.466581344604492,0.9215042832020628,0.007976286622222717,22.19547462463379,18.35036277770996,0.826761449712082,21.484567642211914,17.675840377807617,0.8227226478171671,0.004038801894914901
Sebadoris fragilis,Sebadoris_fragilis_img03,processed_data/automated_image_analysis/scaled_images/sam_scaled_ring120_final/Sebadoris_fragilis/Sebadoris_fragilis_img03_sam_scaled_ring120_final_scaled_image.png,processed_data/automated_image_analysis/masks/sam_scaled_ring120_final/Sebadoris_fragilis/Sebadoris_fragilis_img03_sam_scaled_ring120_final_animal_mask.png,processed_data/automated_image_analysis/background_rings/sam_scaled_ring120_final/Sebadoris_fragilis/Sebadoris_fragilis_img03_sam_scaled_ring120_final_background_ring120.png,1463,977,637112,399632,1429351,0.44573516232192095,0.27958982783095265,167.3827396125014,154.12999709732955,13.25274251517186,148.3481679830234,143.01556181687153,5.332606166151862,124.21177124273284,115.95921748008168,8.25255376265116,151.29395930385866,143.25569523962045,8.038264064238206,8.038264064238206,70.80806671354487,71.31499479521159,-0.5069280816667145,0.5069280816667145,167.46225624380014,156.29854466108821,11.163711582711926,11.163711582711926,61.9276123046875,59.04067611694336,2.8869361877441406,3.443812847137451,-0.03337789699435234,3.4771907441318035,15.545289039611816,16.036439895629883,-0.4911508560180664,4.546040605466457,47.52850418541204,48.302177560140116,48.18005355101228,47.781991437247186,27.058185532222144,47.615981262918105,52.51765146607718,35.8764434444338,54.354325489029435,0.14324964682588237,0.06740042201787064,28.654722213745117,24.175251007080078,0.843674240732429,21.67385482788086,20.176647186279297,0.9309210265782725,0.08724678584584344,11.093355178833008,7.636394500732422,0.6883755525382674,16.038864135742188,13.276630401611328,0.8277787185705193,0.1394031660322519
Sebadoris fragilis,Sebadoris_fragilis_img04,processed_data/automated_image_analysis/scaled_images/sam_scaled_ring120_final/Sebadoris_fragilis/Sebadoris_fragilis_img04_sam_scaled_ring120_final_scaled_image.png,processed_data/automated_image_analysis/masks/sam_scaled_ring120_final/Sebadoris_fragilis/Sebadoris_fragilis_img04_sam_scaled_ring120_final_animal_mask.png,processed_data/automated_image_analysis/background_rings/sam_scaled_ring120_final/Sebadoris_fragilis/Sebadoris_fragilis_img04_sam_scaled_ring120_final_background_ring120.png,1699,1274,567685,400412,2164526,0.26226758190938804,0.18498830690876433,105.55674713969896,100.06696602499426,5.489781114704698,93.50923311343439,85.24771235627304,8.26152075716135,91.73098285140527,65.62324305964856,26.107739791756714,96.91179615455755,87.4442224508756,9.46757370368195,9.46757370368195,57.02462281018523,96.90175119626784,-39.87712838608261,39.87712838608261,107.19749156662586,100.64044534129846,6.557046225327397,6.557046225327397,39.517635345458984,36.17442321777344,3.343212127685547,4.951561450958252,3.227726697921753,1.723834753036499,2.984116554260254,13.426896095275879,-10.442779541015625,11.099563871104785,56.90318366002329,59.803186822119166,59.6357768135907,58.71247811847425,36.9136718646366,58.15664442475592,54.248046435813514,43.90944751942625,57.155873360609796,0.14727543658408465,0.08182677444959686,36.2652473449707,34.91262435913086,0.9627019506313274,24.615373611450195,25.073749542236328,1.0186215305126596,0.055919579881332226,11.194496154785156,9.103113174438477,0.8131775694565132,13.806315422058105,12.029256820678711,0.8712865419154324,0.05810897245891922
Sebadoris fragilis,Sebadoris_fragilis_img05,processed_data/automated_image_analysis/scaled_images/sam_scaled_ring120_final/Sebadoris_fragilis/Sebadoris_fragilis_img05_sam_scaled_ring120_final_scaled_image.png,processed_data/automated_image_analysis/masks/sam_scaled_ring120_final/Sebadoris_fragilis/Sebadoris_fragilis_img05_sam_scaled_ring120_final_animal_mask.png,processed_data/automated_image_analysis/background_rings/sam_scaled_ring120_final/Sebadoris_fragilis/Sebadoris_fragilis_img05_sam_scaled_ring120_final_background_ring120.png,1619,1215,541790,444628,1967085,0.2754278539056523,0.2260339537945742,139.59674228021927,151.88566397078006,-12.288921690560784,124.47059930969564,146.02040807146648,-21.549808761770834,119.7522121117038,131.65181230151947,-11.899600189815672,128.4554882888204,146.13546830159143,-17.67998001277104,17.67998001277104,47.98007715166393,38.04282906159756,9.937248090066369,9.937248090066369,140.59226822200483,152.4682993423716,-11.876031120366775,11.876031120366775,52.492374420166016,59.93528366088867,-7.442909240722656,5.3307108879089355,-0.25844353437423706,5.589154422283173,4.849959850311279,8.376328468322754,-3.5263686180114746,9.953432611509378,53.90558901187541,55.95973025561758,56.98796434757929,55.18796424500067,29.21354591271081,54.99026119858439,49.85819080075599,23.404698632064186,50.97603594509748,0.1864263809430977,0.11906736576748807,43.76336669921875,44.505611419677734,1.0169604117882511,27.74248695373535,26.738737106323242,0.9638190386793365,0.05314137310891465,10.014318466186523,5.917618751525879,0.5909157743991063,9.066201210021973,4.861961364746094,0.5362732694892738,0.05464250490983247
Sebadoris fragilis,Sebadoris_fragilis_img06,processed_data/automated_image_analysis/scaled_images/sam_scaled_ring120_final/Sebadoris_fragilis/Sebadoris_fragilis_img06_sam_scaled_ring120_final_scaled_image.png,processed_data/automated_image_analysis/masks/sam_scaled_ring120_final/Sebadoris_fragilis/Sebadoris_fragilis_img06_sam_scaled_ring120_final_animal_mask.png,processed_data/automated_image_analysis/background_rings/sam_scaled_ring120_final/Sebadoris_fragilis/Sebadoris_fragilis_img06_sam_scaled_ring120_final_background_ring120.png,1542,2048,726567,444449,3158016,0.23007071528453307,0.14073677904101817,127.89517828362698,130.5673114350578,-2.6721331514308275,126.49683786904718,129.90285049578242,-3.406012626735233,126.24852628869739,130.90138576079596,-4.652859472098569,126.89560632398664,130.21772576831088,-3.322119444324244,3.322119444324244,18.40062926061877,40.162965829600246,-21.762336568981475,21.762336568981475,131.32611170064152,140.88331394603205,-9.557202245390528,9.557202245390528,52.4206428527832,53.83040237426758,-1.409759521484375,0.6282470226287842,0.8475326895713806,-0.21928566694259644,0.46328529715538025,-0.044832196086645126,0.5081174932420254,1.5144938095221363,43.17630282602062,46.162757212289385,49.05368185606215,45.52068224441416,15.481929256643626,47.1657400096122,43.478410351451544,22.34283450108929,46.598594783830464,0.19442355575608697,0.1022082641366723,34.711585998535156,25.62593650817871,0.7382531155234491,24.406719207763672,21.389446258544922,0.8763753160130195,0.13812220048957047,3.589301586151123,2.790289878845215,0.7773907574696993,4.199921131134033,3.1509203910827637,0.7502332288396983,0.027157528630000982
Sebadoris fragilis,Sebadoris_fragilis_img07,processed_data/automated_image_analysis/scaled_images/sam_scaled_ring120_final/Sebadoris_fragilis/Sebadoris_fragilis_img07_sam_scaled_ring120_final_scaled_image.png,processed_data/automated_image_analysis/masks/sam_scaled_ring120_final/Sebadoris_fragilis/Sebadoris_fragilis_img07_sam_scaled_ring120_final_animal_mask.png,processed_data/automated_image_analysis/background_rings/sam_scaled_ring120_final/Sebadoris_fragilis/Sebadoris_fragilis_img07_sam_scaled_ring120_final_background_ring120.png,1328,887,493512,369464,1177936,0.418963339264612,0.31365371293516797,138.66129901603202,161.5216719355607,-22.860372919528686,134.85404812851561,161.44107680315267,-26.587028674637054,93.86481585047578,117.25152924236191,-23.386713391886133,131.32169633159882,156.43606954940128,-25.114373217802466,25.114373217802466,93.25007497284767,93.00830662797999,0.24176834486767973,0.24176834486767973,139.388665321208,164.58964878851526,-25.200983467307253,25.200983467307253,55.027320861816406,64.53491973876953,-9.507598876953125,-4.83711576461792,-6.597943305969238,1.7608275413513184,22.634029388427734,22.789655685424805,-0.1556262969970703,9.670530987476265,43.39919034812576,46.675461185688455,47.20066026021282,45.41655755905862,45.53543826917545,43.745315844403194,61.79032942751103,68.7473879307447,59.80603252658092,0.19947176429900693,0.02690503109101187,38.43543243408203,32.45188903808594,0.8443222043551075,12.28095531463623,14.981830596923828,1.2199238750644048,0.3756016707092973,27.404457092285156,18.335845947265625,0.6690826198643246,16.11559295654297,17.444866180419922,1.0824836682994816,0.413401048435157
Sebadoris fragilis,Sebadoris_fragilis_img08,processed_data/automated_image_analysis/scaled_images/sam_scaled_ring120_final/Sebadoris_fragilis/Sebadoris_fragilis_img08_sam_scaled_ring120_final_scaled_image.png,processed_data/automated_image_analysis/masks/sam_scaled_ring120_final/Sebadoris_fragilis/Sebadoris_fragilis_img08_sam_scaled_ring120_final_animal_mask.png,processed_data/automated_image_analysis/background_rings/sam_scaled_ring120_final/Sebadoris_fragilis/Sebadoris_fragilis_img08_sam_scaled_ring120_final_background_ring120.png,1536,2048,542088,405712,3145728,0.17232513427734375,0.12897237141927084,98.9794572098995,142.95683637654295,-43.97737916664346,103.28671913047329,138.80689503884528,-35.520175908371996,104.99987271439323,123.28070158141736,-18.280828867024127,102.19035839199539,138.271436388374,-36.081077996378625,36.081077996378625,30.522902185623,46.541021709981464,-16.018119524358465,16.018119524358465,107.4967569841059,145.25196937729226,-37.755212393186355,37.755212393186355,42.335411071777344,56.81033706665039,-14.474925994873047,-1.0637961626052856,-0.9568122029304504,-0.1069839596748352,-1.5759915113449097,8.936257362365723,-10.512248873710632,17.88972622785239,52.90634261357325,55.19367475113125,53.98494654945018,54.24779022359652,22.57411171560003,54.30359401149522,56.35852107612027,30.837804540722846,57.05318605718104,0.29297840315116297,0.3015824804892614,66.8550796508789,48.63518142700195,0.7274717445701611,61.747657775878906,44.62350082397461,0.7226751982389578,0.0047965463312033,12.339591026306152,6.384403705596924,0.5173918399715465,14.46015453338623,8.021780014038086,0.554750642222879,0.03735880225133248
