col_mean,col_sd,col_cov,col_skew,col_kurtosis,lum_mean,lum_sd,lum_cov,lum_skew,lum_kurtosis,col_mean_hrz,col_sd_hrz,col_cov_hrz,col_skew_hrz,col_kurtosis_hrz,col_mean_vrt,col_sd_vrt,col_cov_vrt,col_skew_vrt,col_kurtosis_vrt,lum_mean_hrz,lum_sd_hrz,lum_cov_hrz,lum_skew_hrz,lum_kurtosis_hrz,lum_mean_vrt,lum_sd_vrt,lum_cov_vrt,lum_skew_vrt,lum_kurtosis_vrt,gabrat,caa_sc,caa_jc,caa_st,caa_jt,caa_hc,caa_qc,caa_ht,caa_qt,caa_scpl,caa_qcpl,caa_c,caa_sc_hrz,caa_sc_vrt,caa_jc_hrz,caa_jc_vrt,caa_st_hrz,caa_st_vrt,caa_jt_hrz,caa_jt_vrt,caa_hc_hrz,caa_hc_vrt,caa_qc_hrz,caa_qc_vrt,caa_ht_hrz,caa_ht_vrt,caa_qt_hrz,caa_qt_vrt,caa_scpl_hrz,caa_scpl_vrt,caa_qcpl_hrz,caa_qcpl_vrt,caa_c_hrz,caa_c_vrt,caa_pt,caa_pt_hrz,caa_pt_vrt,caa_asp,vca_ml,vca_sl,vca_cvl,vca_mdmax,vca_sdmax,vca_cvdmax,vca_mssat,vca_sssat,vca_cvssat,vca_msl,vca_ssl,vca_cvsl,vca_ms,vca_ss,vca_cvs,vca_ml_hrz,vca_sl_hrz,vca_cvl_hrz,vca_ml_vrt,vca_sl_vrt,vca_cvl_vrt,vca_mdmax_hrz,vca_sdmax_hrz,vca_cvdmax_hrz,vca_mdmax_vrt,vca_sdmax_vrt,vca_cvdmax_vrt,vca_mssat_hrz,vca_sssat_hrz,vca_cvssat_hrz,vca_mssat_vrt,vca_sssat_vrt,vca_cvssat_vrt,vca_msl_hrz,vca_ssl_hrz,vca_cvsl_hrz,vca_msl_vrt,vca_ssl_vrt,vca_cvsl_vrt,vca_ms_hrz,vca_ss_hrz,vca_cvs_hrz,vca_ms_vrt,vca_ss_vrt,vca_cvs_vrt,bsa_bml,bsa_bsl,bsa_bcvl,bsa_bmdmax,bsa_bsdmax,bsa_bcvdmax,bsa_bmssat,bsa_bsssat,bsa_bcvssat,bsa_bmsl,bsa_bssl,bsa_bcvsl,bsa_bms,bsa_bss,bsa_bcvs,bsa_bml_hrz,bsa_bsl_hrz,bsa_bcvl_hrz,bsa_bml_vrt,bsa_bsl_vrt,bsa_bcvl_vrt,bsa_bmdmax_hrz,bsa_bsdmax_hrz,bsa_bcvdmax_hrz,bsa_bmdmax_vrt,bsa_bsdmax_vrt,bsa_bcvdmax_vrt,bsa_bmssat_hrz,bsa_bsssat_hrz,bsa_bcvssat_hrz,bsa_bmssat_vrt,bsa_bsssat_vrt,bsa_bcvssat_vrt,bsa_bmsl_hrz,bsa_bssl_hrz,bsa_bcvsl_hrz,bsa_bmsl_vrt,bsa_bssl_vrt,bsa_bcvsl_vrt,bsa_bms_hrz,bsa_bss_hrz,bsa_bcvs_hrz,bsa_bms_vrt,bsa_bss_vrt,bsa_bcvs_vrt,roi,dist,species,individual,database,site,daytime,source_dataset
0.135178281,0.290721757,2.150654337,4.09440541,30.40486522,0.657997103,1.383464607,2.102539056,3.586044309,23.57893975,0.077209806,0.215535599,2.791557319,6.34741926,64.01479379,0.05990801,0.153173123,2.556805381,6.334909736,69.44773022,0.374731049,1.009144691,2.692983924,5.332223493,44.01254716,0.284363468,0.764678014,2.689086684,6.850178669,82.47049844,0.288044597,2.055184171,0.513796043,3.256377466,0.542729578,0.971767565,0.700982123,1.352719764,0.754967275,0.52826281,0.727974699,0.03335117,2.048309441,2.062010267,0.51207736,0.515502567,3.375368814,3.097165906,0.562561469,0.516194318,0.969042501,0.974454544,0.540832917,0.543853436,1.386908738,1.302183125,1.000443179,0.939326568,0.537319415,0.515848442,0.770638048,0.741590002,0.037390384,0.029319132,852.3454208,25.7448445,33.1074216,0.437448652,0.110169324,0.031874895,0.289326414,0.150802309,0.024169064,0.160269852,3.904632212,0.353234125,0.090465403,11.82873769,5.896380883,0.4984793,2.178785507,1.427956061,0.655390839,0.110930762,0.031596984,0.284835186,0.110759725,0.03168904,0.286106167,0.151202575,0.023920875,0.15820415,0.151096128,0.024002743,0.15885743,3.907880519,0.348004317,0.089051934,3.906688929,0.349538105,0.089471701,11.83408637,5.897268235,0.498328984,11.82344291,5.895495968,0.498627685,2.178788425,1.428429768,0.655607379,2.178782618,1.427486972,0.655176409,0.184941494,0.062062697,0.335580162,0.085834647,0.076840854,0.895219548,0.056797372,0.043739725,0.770101209,7.516487658,2.659342025,0.353801156,1.354318694,0.729922875,0.538959462,0.188612685,0.065539355,0.347481161,0.180267981,0.056923013,0.315768851,0.086688658,0.077600159,0.89515931,0.084747471,0.075846553,0.894971281,0.056898966,0.043691503,0.767878683,0.05666804,0.043800626,0.772933493,7.672998372,2.812512096,0.366546682,7.317245766,2.433123652,0.332519056,1.382915439,0.758956935,0.548809359,1.317914351,0.689142401,0.522903784,animal,2cm,Aphelodoris varia,3_AphelodorisVaria_39_NP_D_RAW_AOB,animals_on_background,NP,D,colour_defence_2024
0.312684638,0.613308898,1.961429578,3.242542183,15.94148817,1.10306253,2.143528926,1.943252416,3.442716092,18.6592454,0.170666832,0.433466428,2.539839891,4.844036175,32.05288462,0.146198446,0.370318493,2.532985149,5.336355026,39.66010837,0.600470876,1.531198125,2.549995655,5.201799093,38.44241959,0.504828476,1.293946163,2.563140204,5.763934276,48.38428698,0.173942304,4.754232766,0.679176109,6.626603779,0.315552561,1.747361251,0.89796605,2.212650893,0.751467736,0.497364335,0.824716893,0.03995753,4.759639615,4.748854045,0.679948516,0.678407721,6.384337203,6.889131527,0.304016057,0.328053882,1.748125345,1.746598311,0.593704049,0.604281545,2.189784583,2.230480084,1.125326667,1.146240018,0.491982287,0.503230801,0.859515358,0.875260781,0.042967498,0.036949187,580.5383782,22.27340514,26.06419515,0.460788393,0.069140355,0.038927683,0.563024056,0.145324799,0.064860814,0.44631621,3.910941732,1.783040638,0.455910817,13.93037213,8.477690745,0.608576043,3.824164924,1.86330411,0.487244705,0.069231629,0.039036075,0.563847414,0.069256067,0.039044857,0.563775261,0.145652273,0.064650793,0.443870816,0.145770026,0.06469769,0.443833971,3.920157439,1.777449573,0.453412803,3.923833159,1.778315771,0.453208814,13.93044951,8.477445217,0.608555037,13.93029527,8.4779346,0.608596906,3.824020984,1.863614418,0.487344192,3.824307888,1.862995843,0.487145883,0.26398382,0.075330742,0.285361208,0.329285353,0.19251777,0.584653306,0.333248875,0.201216591,0.603802763,10.88496615,3.297998317,0.302986548,3.127839771,1.194902949,0.38202179,0.267009672,0.076355881,0.285966723,0.260467013,0.074071835,0.284380869,0.325859042,0.192234227,0.589930621,0.333267595,0.193064206,0.579306865,0.329211073,0.201504395,0.612082677,0.337941823,0.201084451,0.595026827,11.01949754,3.363810891,0.305259916,10.72860661,3.217322312,0.299882588,3.120540185,1.173512,0.376060531,3.136323738,1.221121127,0.389347921,animal,2cm,Aphelodoris varia,3_AphelodorisVaria_38_NF_D_RAW_AOB,animals_on_background,NF,D,colour_defence_2024
0.087432458,0.220834547,2.525773044,7.391121524,88.39835874,0.556899769,1.380853336,2.479536558,6.430680729,66.65744583,0.050118711,0.162843654,3.249158899,11.05759674,187.190973,0.038716129,0.118531132,3.061544014,10.5443297,179.9182409,0.318045822,1.015778688,3.193812394,9.234955485,128.2125232,0.239488273,0.758537148,3.167324811,10.59750779,181.4931897,0.158873885,1.215240204,0.405080068,1.919577619,0.639859206,0.370478559,0.337224117,0.83446405,0.759561912,0.522469637,0.548393014,0.00855196,1.215217584,1.215262651,0.405072528,0.40508755,2.050760672,1.7776621,0.683586891,0.592554033,0.370308355,0.3706472,0.33706919,0.337377621,0.884085228,0.76696278,0.804729054,0.698119607,0.544329709,0.498820792,0.570899122,0.517748614,0.008950081,0.008154087,13469.06348,110.7308278,121.637883,0.476530715,0.149897026,0.031260467,0.208546281,0.139096703,0.012523784,0.090036526,3.372439807,0.131943215,0.039123964,17.04399941,5.758709703,0.337873146,2.123392388,1.075600142,0.506547988,0.15031926,0.030543741,0.203192467,0.150310108,0.03058086,0.203451789,0.139266672,0.012242901,0.087909772,0.139266195,0.012244669,0.087922766,3.374228221,0.128993958,0.038229174,3.374229486,0.128988783,0.038227626,17.04331439,5.758615198,0.337881181,17.04468345,5.758803949,0.337865116,2.123253669,1.075592795,0.506577622,2.123530909,1.075607452,0.506518388,0.32095811,0.095128717,0.296389822,0.110085174,0.061464055,0.558331818,0.044988783,0.02628781,0.584319201,13.4214103,4.443024384,0.331040054,1.591601181,0.724958701,0.455490175,0.327650002,0.102982881,0.314307586,0.313617534,0.084782839,0.270338325,0.110740803,0.061195214,0.552598614,0.109365991,0.061745602,0.564577723,0.045145145,0.02609461,0.578015861,0.044817265,0.026496526,0.591212482,13.743058,4.827561938,0.351272762,13.06858338,3.933580061,0.300995138,1.651928106,0.791647526,0.47922638,1.52542641,0.634084719,0.41567703,animal,2cm,Aphelodoris varia,3_AphelodorisVaria_34_NF_D_RAW_AOB,animals_on_background,NF,D,colour_defence_2024
0.137997787,0.27559091,1.997067603,4.494066018,36.28578355,0.624860424,1.264098004,2.023008589,4.626287335,38.24107052,0.072174038,0.180365084,2.499029951,6.496383726,71.61616419,0.068106431,0.176513287,2.591727177,7.638721318,95.29798817,0.33085961,0.845827475,2.556454306,6.786135619,76.1098,0.294876307,0.784080641,2.659015401,7.991684142,106.6289767,0.266788,1.385849075,0.277169815,4.464215705,0.446421571,0.604850758,0.375814906,1.661368059,0.853774292,0.361795693,0.614794599,0.009636907,1.385367192,1.386329963,0.277073438,0.277265993,4.262052399,4.668520142,0.42620524,0.466852014,0.604335831,0.60536238,0.310567182,0.311094724,1.628386865,1.691119718,1.011773646,1.050751759,0.351639339,0.372059003,0.661170414,0.680923242,0.010036154,0.009238073,10578.88592,98.63976483,107.2476798,0.479095581,0.146010152,0.032428694,0.222098896,0.219787064,0.047235523,0.214914937,5.480540915,0.970619273,0.177102824,15.01677129,8.335875411,0.555104373,3.259860458,1.631434005,0.500461301,0.146386919,0.032017553,0.218718677,0.146391328,0.031982074,0.218469729,0.220359031,0.046645371,0.211678962,0.220357512,0.046615808,0.211546261,5.492334578,0.957650617,0.174361304,5.492214341,0.957558796,0.174348402,15.01776304,8.336075139,0.555081014,15.01578135,8.335675899,0.555127682,3.260055458,1.631524413,0.500459098,3.259665816,1.631343729,0.50046349,0.260112046,0.125543093,0.482650054,0.20545024,0.123939283,0.603256938,0.163099124,0.097643233,0.598674172,10.83712012,5.597024802,0.516467912,2.423385096,0.903850452,0.372970212,0.254456312,0.123491113,0.485313616,0.266250026,0.127401725,0.478504082,0.202965458,0.122679382,0.604434781,0.208146892,0.125227207,0.601629001,0.163311423,0.096478907,0.590766434,0.162868723,0.098890725,0.607180577,10.58350498,5.480128049,0.517798977,11.11236023,5.706326127,0.513511622,2.387653857,0.859830869,0.360115377,2.462163023,0.947539505,0.384840279,animal,2cm,Aphelodoris varia,3_AphelodorisVaria_33_NF_D_RAW_AOB,animals_on_background,NF,D,colour_defence_2024
0.173499364,0.412040966,2.37488459,4.972687485,36.92936027,0.91383732,2.178685444,2.384106446,4.820340018,34.9457858,0.09797556,0.297317694,3.034610807,7.031284067,70.14809636,0.078089515,0.234422782,3.001975139,8.019562815,94.74678777,0.518678165,1.594372846,3.073915494,6.828136578,66.4768003,0.396739336,1.251004016,3.153213969,7.954210537,90.15904455,0.167336427,3.530702818,0.882675705,3.359640875,0.559940146,1.318043561,0.950767455,1.354947703,0.756210712,0.721307925,0.853489083,0.034518129,3.528075912,3.533283649,0.882018978,0.883320912,3.40027816,3.303100331,0.566713027,0.550516722,1.317639339,1.318440574,0.735388517,0.735835695,1.369454722,1.333969341,0.987852768,0.962255477,0.724366002,0.716918817,0.861620643,0.849045586,0.039166628,0.029873272,796.6683637,24.53193995,32.47473968,0.430334482,0.134465195,0.069108666,0.513952074,0.156506688,0.031782495,0.203074355,4.057439747,0.424555851,0.104636391,17.35444631,9.276941429,0.534557039,2.42450362,1.689971596,0.697038182,0.135156077,0.069196713,0.511976335,0.134976498,0.069166367,0.512432665,0.156739309,0.031674699,0.202085229,0.156685562,0.031700702,0.202320504,4.0595954,0.423006236,0.104199112,4.059140133,0.423416316,0.104311825,17.3583821,9.279829945,0.53460224,17.35055128,9.274079746,0.534512109,2.42450467,1.690355789,0.697196343,2.424502581,1.689591295,0.696881624,0.27081416,0.091832792,0.339098932,0.076683439,0.09868337,1.286892859,0.051638334,0.037952994,0.734977108,11.2435032,4.422478865,0.393336382,1.602532813,1.171795297,0.731214542,0.273029569,0.095641546,0.350297391,0.267911828,0.086486958,0.322818736,0.079039235,0.099563942,1.259677454,0.073597192,0.09741434,1.323614887,0.05258776,0.03843595,0.730891552,0.050394524,0.037266937,0.739503691,11.35294476,4.625639259,0.407439599,11.10012757,4.136016708,0.372609836,1.616276069,1.189640263,0.736037788,1.584528248,1.147698774,0.724315755,animal,2cm,Aphelodoris varia,3_AphelodorisVaria_32_NF_D_RAW_AOB,animals_on_background,NF,D,colour_defence_2024
0.124364309,0.275846508,2.218052026,4.378363391,33.73903013,0.622112546,1.576639867,2.534332217,5.25774716,41.08032605,0.073714297,0.205530915,2.788209647,6.194004905,62.25567269,0.052705499,0.152348992,2.89057109,7.759977641,95.20133716,0.371861989,1.212243408,3.259928267,7.392669331,75.26996076,0.251269461,0.855493837,3.40468688,9.511872516,127.39016,0.227827309,1.035474548,0.258868637,2.415882953,0.402647159,0.102843193,0.074185683,1.012870989,0.730631976,0.330757898,0.402408829,0.002510403,1.035364242,1.035584659,0.25884106,0.258896165,2.380302637,2.428992668,0.396717106,0.404832111,0.102584531,0.103100398,0.073999097,0.074371216,0.987426938,1.033741027,0.712277973,0.745686527,0.327779083,0.331864138,0.393138535,0.410028871,0.002664933,0.002356105,158465.819,374.2439353,423.4292237,0.469169523,0.134896225,0.01322755,0.09805723,0.225056378,0.014784895,0.065694184,5.572541625,0.308255421,0.055316845,20.83742003,4.552901349,0.218496404,4.016109058,1.129465757,0.281233836,0.135002335,0.012783817,0.094693306,0.134994609,0.012811516,0.094903907,0.225154889,0.014344886,0.06371119,0.225154715,0.014329771,0.063644108,5.573971358,0.299109996,0.053661918,5.57413256,0.298784009,0.053601884,20.83806477,4.551734102,0.218433629,20.83677645,4.554066062,0.21855905,4.016144538,1.12950556,0.281241262,4.016073641,1.129426023,0.281226423,0.434833461,0.082310123,0.189291143,0.225768907,0.154716915,0.685288852,0.176141375,0.134076817,0.76118866,18.74765607,3.88178292,0.207054306,3.723257914,1.292461594,0.3471319,0.434945633,0.075848537,0.174386248,0.434706777,0.089045428,0.204840211,0.21795032,0.156011632,0.715812813,0.234599032,0.152600643,0.65047431,0.169079991,0.135444104,0.801065243,0.184116332,0.131911024,0.716454769,18.73839025,3.603868602,0.192325411,18.75812067,4.173425798,0.22248635,3.681810987,1.26438458,0.343413767,3.770067077,1.321372408,0.350490424,animal,2cm,Aphelodoris varia,3_AphelodorisVaria_31_NF_D_RAW_AOB,animals_on_background,NF,D,colour_defence_2024
0.176793702,0.331022074,1.872363496,2.926765676,17.11738193,0.835352546,1.607924278,1.924845128,3.044000186,17.0771375,0.092862694,0.214460704,2.309438742,4.721780223,38.73046062,0.086486275,0.200600198,2.319445471,4.990385557,43.14242484,0.442831493,1.066853862,2.409164383,4.92792289,38.31191739,0.393862634,0.974598975,2.474464165,5.541125578,49.53845016,0.192937935,3.1081423,0.444020329,3.238161889,0.154198185,1.334498537,0.685796586,1.416802539,0.536859326,0.299109257,0.611327956,0.034891832,3.109038524,3.107247453,0.444148361,0.443892493,3.18026483,3.301404517,0.151441182,0.157209739,1.335018273,1.333978432,0.520485237,0.505475352,1.384481198,1.44889635,0.711482593,0.744585433,0.297794771,0.300551116,0.615983915,0.625030392,0.036310956,0.033474473,766.2999792,26.53989738,28.87350951,0.478943614,0.154440584,0.060664891,0.392804073,0.258898676,0.039480681,0.152494719,6.482246968,1.01297334,0.156268859,15.17273755,9.35902695,0.616831796,3.473143679,2.03907848,0.587098798,0.154619645,0.060711412,0.392650056,0.154568231,0.060685636,0.392613899,0.259088021,0.03951225,0.15250512,0.259148455,0.039392699,0.152008232,6.485541805,1.014173115,0.156374463,6.487395235,1.011510762,0.155919398,15.17404949,9.360146836,0.616852268,15.17143109,9.357911392,0.616811383,3.473031632,2.038990327,0.587092357,3.473255259,2.039166255,0.587105209,0.220364762,0.078460918,0.356050203,0.098282743,0.072874095,0.741473956,0.08893207,0.076399191,0.859073572,9.025263196,3.373144475,0.373744721,1.675313383,0.89488271,0.534158397,0.220107385,0.077979182,0.3542779,0.220643602,0.079224889,0.359062705,0.096758253,0.069228754,0.715481648,0.099934356,0.076791384,0.768418262,0.086983242,0.073353614,0.843307422,0.091043404,0.079725865,0.875690723,9.01242456,3.342945536,0.370926327,9.039172408,3.416002668,0.377910998,1.66583963,0.876925827,0.526416715,1.685577123,0.91651287,0.543738318,animal,2cm,Aphelodoris varia,3_AphelodorisVaria_30_NF_D_RAW_AOB,animals_on_background,NF,D,colour_defence_2024
0.219523925,0.425867059,1.939957385,4.363133158,32.61511733,0.816947181,1.506087867,1.843555989,4.030122561,30.40319619,0.127737129,0.309564842,2.423452316,6.293248461,63.41115351,0.094965679,0.222718492,2.345252456,6.888240177,80.96084548,0.468094019,1.074365944,2.295192634,5.652025514,54.61951905,0.35002417,0.814534272,2.327080079,6.753600186,80.39718469,0.170243833,4.605014748,0.460501475,5.708731087,0.126860691,1.722966894,0.748275015,2.20921254,0.631834052,0.293681083,0.690054533,0.03915717,4.600892173,4.609066707,0.460089217,0.460906671,5.632453235,5.791757223,0.125165627,0.128705716,1.72260252,1.723320987,0.492663748,0.497245328,2.180057434,2.240962194,0.946786914,0.973237515,0.292627422,0.294806193,0.719725331,0.735241422,0.044824482,0.033499818,614.7908478,21.3092374,28.850908,0.424824076,0.10921957,0.054923433,0.502871724,0.24707866,0.077671741,0.314360379,6.521478031,2.075683075,0.318284147,18.66300073,12.66958064,0.678860856,4.723624124,2.06707963,0.437604597,0.109614377,0.054942822,0.501237371,0.109615846,0.055008494,0.501829763,0.2475665,0.077221927,0.311923976,0.247476328,0.077227521,0.312060233,6.531604983,2.066482711,0.316382071,6.529300408,2.066687089,0.316525043,18.65904878,12.66856296,0.678950096,18.66689951,12.67058321,0.678772777,4.724017412,2.067621931,0.437682962,4.723236127,2.066544404,0.437527227,0.219426942,0.06932888,0.315954271,0.171276463,0.196357447,1.146435673,0.174391371,0.192887185,1.106059228,8.985481813,3.116375763,0.346823446,2.508318889,1.350390943,0.538364938,0.220196465,0.06976115,0.316813217,0.218399091,0.068766984,0.314868453,0.17243186,0.19553303,1.133972745,0.1697332,0.197538854,1.163819776,0.175483303,0.192805414,1.098710881,0.172932878,0.193080715,1.116506689,9.019264742,3.142004904,0.348365969,8.94035796,3.082720284,0.344809492,2.520950591,1.326810304,0.52631349,2.491446725,1.381748791,0.554596965,animal,2cm,Aphelodoris varia,3_AphelodorisVaria_29_NF_D_RAW_AOB,animals_on_background,NF,D,colour_defence_2024
0.281688975,0.534711259,1.898232821,3.279129469,17.85967347,1.218974231,2.256891382,1.851467673,4.046160233,30.87223739,0.16263879,0.39732875,2.443013436,5.024968468,37.44457603,0.122947991,0.289376943,2.353653287,5.395446021,44.738072,0.69530627,1.642169093,2.361792443,5.744150294,56.02471238,0.525464651,1.259507493,2.396940479,7.206286033,91.64067691,0.527516148,3.498336477,0.499762354,7.482848885,0.356326137,1.535753638,0.789221249,2.263352713,0.7988642,0.428044246,0.794042725,0.038547089,3.486189548,3.510359978,0.498027078,0.501479997,7.325043165,7.64500419,0.348811579,0.364047819,1.533493318,1.537969294,0.541255858,0.542835681,2.250189771,2.269457982,1.156368793,1.166270695,0.423419329,0.432763908,0.848812326,0.854553188,0.043490077,0.033612718,632.3345003,21.99375083,28.750644,0.433422271,0.086576077,0.060709506,0.701227271,0.157364147,0.082288475,0.522917555,4.196096369,2.148447876,0.51201109,20.41502397,11.78504031,0.577272911,3.56427943,1.28497265,0.360514004,0.087337174,0.060627348,0.694175748,0.087222985,0.060755977,0.696559252,0.15771073,0.082791772,0.524959664,0.157616741,0.082718919,0.524810487,4.197456158,2.157454715,0.513991006,4.196409906,2.156671888,0.513932608,20.41632149,11.77907805,0.57694419,20.41374195,11.79092821,0.577597593,3.564974048,1.284770736,0.360387122,3.563593111,1.285171691,0.360639291,0.291270478,0.117887112,0.404734159,0.304007352,0.286244641,0.941571443,0.306740451,0.283993947,0.925844461,12.20110962,5.34757516,0.438285969,2.827108158,1.064881849,0.376668238,0.294061102,0.118592195,0.403290998,0.287666102,0.116865401,0.40625364,0.307250739,0.289578942,0.94248412,0.299818187,0.281821,0.939972999,0.310421889,0.287177637,0.925120447,0.301985497,0.279752119,0.926376009,12.33331447,5.430314322,0.440296429,12.03035354,5.233526869,0.435026855,2.840695116,1.072226586,0.377452188,2.809559212,1.055044629,0.375519627,animal,2cm,Aphelodoris varia,3_AphelodorisVaria_28_NP_D_RAW_AOB,animals_on_background,NP,D,colour_defence_2024
0.12769473,0.245278594,1.920820023,5.413861097,52.36686703,0.585919539,1.042461517,1.779188859,3.824002486,26.23396326,0.074853865,0.176917527,2.363505577,7.520022785,100.6789709,0.055152612,0.137133761,2.486441836,9.360063088,146.5804222,0.347345543,0.771842874,2.222118259,5.36462577,47.32815948,0.239171147,0.551986647,2.307914874,6.685744557,72.82068365,0.496647863,1.642779099,0.273796516,2.606511138,0.173767409,0.796044478,0.444280883,1.415705061,0.614832896,0.223781963,0.529556889,0.013615229,1.639994583,1.645546936,0.27333243,0.274257823,2.342419387,2.997862093,0.156161292,0.199857473,0.794541771,0.79752382,0.345065107,0.346360194,1.327311829,1.51268274,0.740786837,0.844244312,0.214746861,0.237057648,0.542925972,0.595302253,0.015446313,0.011788343,5343.327177,63.74036851,83.82956204,0.43193331,0.141304938,0.038507778,0.272515447,0.239826585,0.069747327,0.290824,5.992329419,1.686640416,0.281466571,11.97330018,6.303234185,0.526440838,4.114437453,1.681815899,0.408759622,0.14109518,0.038069785,0.269816339,0.141262582,0.038225982,0.270602315,0.240573908,0.069201537,0.287651881,0.240512247,0.069113698,0.28736041,6.011396258,1.672769299,0.278266351,6.009460118,1.670979624,0.278058193,11.96612376,6.298032846,0.526321888,11.98043365,6.308390429,0.52655777,4.115280542,1.682275595,0.408787585,4.113599411,1.681358328,0.408731663,0.22982522,0.076875679,0.334496272,0.253174548,0.194450436,0.768048912,0.259142951,0.16961118,0.654508174,9.421796541,3.321684321,0.352553179,2.790380248,1.482459222,0.531274984,0.228722857,0.073522372,0.32144742,0.231266338,0.081025358,0.350355175,0.240787007,0.187580904,0.779032498,0.269368772,0.201810629,0.74919831,0.248336718,0.163628472,0.658897616,0.273269931,0.176019644,0.644123717,9.370507567,3.182446626,0.339623719,9.488846579,3.494093172,0.368231601,2.712617721,1.433895368,0.528602079,2.892039144,1.537065697,0.531481637,animal,2cm,Aphelodoris varia,3_AphelodorisVaria_27_NP_D_RAW_AOB,animals_on_background,NP,D,colour_defence_2024
0.251246843,0.454535008,1.809117291,3.189759532,18.13177194,1.084690268,1.931558286,1.780746397,3.276997264,19.91336472,0.134189271,0.30510003,2.273654432,4.7980918,36.82745125,0.120831233,0.268996436,2.226216091,5.284315625,46.23254523,0.578033567,1.322890042,2.288604189,5.154408981,43.76023123,0.507599839,1.139369014,2.244620518,5.577673153,53.12070938,0.371951376,5.072142711,0.634017839,5.924076133,0.211574148,1.779898093,0.855950051,2.120089911,0.696362058,0.422795993,0.776156054,0.050774597,5.074455885,5.069838556,0.634306986,0.633729819,5.825114228,6.025829073,0.208039794,0.215208181,1.780235598,1.779561138,0.584733939,0.584512407,2.10841791,2.130115465,1.013934688,1.024369006,0.42117339,0.424469,0.799334313,0.804440706,0.053397992,0.048151682,350.4279846,17.72729605,19.76770646,0.472790902,0.099604881,0.051878145,0.52083939,0.198144838,0.065494859,0.330540322,5.218916202,1.717941355,0.329175884,18.62813942,11.84697258,0.635971866,3.604564833,1.820576161,0.50507516,0.100210951,0.051991468,0.518820223,0.10016129,0.05194965,0.518659957,0.198240161,0.065183351,0.328810016,0.198256759,0.065223459,0.328984795,5.217301782,1.710271967,0.327807752,5.217767825,1.711146547,0.327946088,18.62925391,11.84797327,0.635987535,18.62703128,11.84597739,0.635956273,3.604423218,1.820345314,0.505030959,3.604705642,1.820805652,0.505119095,0.222961561,0.076579388,0.34346453,0.176546536,0.214275359,1.213704691,0.164388192,0.220839139,1.343400256,9.144063783,3.402663055,0.372117161,2.048533694,1.202411662,0.586962111,0.223396868,0.077603758,0.347380692,0.222478913,0.07542427,0.339017611,0.177583798,0.215977204,1.216198815,0.175396471,0.212366275,1.210778492,0.165601744,0.222568217,1.343996821,0.163042664,0.218897797,1.342579859,9.165277056,3.457137272,0.377199429,9.120543538,3.341061273,0.366322606,2.042861336,1.192135574,0.58356167,2.054822928,1.213671039,0.590645073,animal,2cm,Aphelodoris varia,3_AphelodorisVaria_25_NP_D_RAW_AOB,animals_on_background,NP,D,colour_defence_2024
0.157970706,0.287640184,1.820845095,3.226182698,20.54852498,0.766183907,1.422913258,1.857143234,3.469926529,24.57561273,0.086918383,0.202158148,2.325838789,5.181639711,46.92536424,0.073406274,0.164706965,2.243772314,4.947723272,41.13353244,0.416718901,0.995106188,2.387955494,5.522616563,54.82236024,0.350426797,0.827518989,2.361460354,5.850385475,63.74025384,0.497687289,1.566819452,0.391704863,1.361823026,0.226970504,0.63030772,0.454670911,0.590658847,0.329652979,0.309337684,0.392161945,0.023539671,1.564179551,1.569446296,0.391044888,0.392361574,1.387061664,1.331131342,0.231176944,0.221855224,0.628510734,0.632085755,0.350778519,0.352773777,0.609540302,0.564060375,0.439690385,0.406883553,0.311110916,0.307108399,0.395234452,0.379828665,0.025984684,0.02109741,1739.236625,37.48420878,46.399182,0.446860915,0.154944551,0.036679968,0.236729644,0.221051402,0.027946622,0.126425897,5.514435429,0.827073549,0.149983359,14.73610843,5.714170713,0.387766603,3.145464319,1.289705,0.410020547,0.155585786,0.036138648,0.232274737,0.155444584,0.036278175,0.233383333,0.220795433,0.027550023,0.124776235,0.22084035,0.027591961,0.124940762,5.503904208,0.816777594,0.148399675,5.506054808,0.817836048,0.148533946,14.74142674,5.712271286,0.387497858,14.73082264,5.716051366,0.388033412,3.145286134,1.289462791,0.409966768,3.145641414,1.289945652,0.410073966,0.255478759,0.041619848,0.162909228,0.123548522,0.080923281,0.6549919,0.142070222,0.067045724,0.471919614,10.47175179,1.874717415,0.179026151,2.086804836,0.691273964,0.331259518,0.256476343,0.043718944,0.170459948,0.254251465,0.038840084,0.152762478,0.122762548,0.077195657,0.628820913,0.124515478,0.085274098,0.684847369,0.140251333,0.06411042,0.457110953,0.144307938,0.070412127,0.487929688,10.51719016,1.978618092,0.188131817,10.4158505,1.73643687,0.166711002,2.089106374,0.66978731,0.320609481,2.083973332,0.71681305,0.343964598,animal,2cm,Aphelodoris varia,3_AphelodorisVaria_24_NP_D_RAW_AOB,animals_on_background,NP,D,colour_defence_2024
0.267314047,0.481034484,1.799510687,3.178429974,17.74489489,1.069743742,1.869420271,1.747540273,3.005158769,16.21651045,0.142423805,0.327674339,2.300699235,4.978521783,39.78220931,0.128998613,0.287843262,2.231367115,5.011603023,39.43556671,0.565635602,1.28999563,2.280612508,4.800496004,36.63550109,0.505667403,1.120914078,2.216702268,5.045859499,40.40801221,0.442417712,3.359160985,0.559860164,3.215535538,0.214369036,1.35850978,0.758198744,1.47111698,0.557440327,0.3871146,0.657819536,0.042391904,3.36133332,3.357000584,0.56022222,0.559500097,3.164117532,3.271764677,0.210941169,0.218117645,1.359151575,1.35786977,0.515014039,0.529394378,1.450502489,1.490527595,0.809540853,0.83187929,0.385581694,0.388808871,0.662277446,0.680636834,0.044448447,0.040337996,511.4480292,21.49797366,23.79052265,0.4746895,0.074436664,0.032997771,0.443299965,0.187593257,0.060832101,0.324276585,5.033141613,1.591381182,0.31618049,13.41846999,9.092381317,0.677601942,3.359118419,1.431989627,0.426299239,0.074656755,0.033051066,0.442706977,0.074671355,0.033031426,0.442357396,0.187682694,0.060929984,0.324643594,0.187787298,0.06081229,0.323836012,5.032280497,1.594496364,0.316853634,5.035117601,1.5914243,0.316064971,13.42094564,9.093203171,0.677538187,13.41600811,9.091563157,0.6776653,3.358985136,1.43205802,0.426336516,3.359250961,1.431921597,0.426262168,0.254235925,0.064244636,0.252696923,0.202710438,0.216543736,1.068241667,0.196973109,0.21895382,1.111592448,10.44692343,2.828084829,0.270709826,2.343602582,1.030165946,0.439565118,0.254789417,0.064830993,0.254449318,0.253626814,0.063776078,0.251456372,0.198542888,0.213286266,1.074257904,0.207296776,0.220628281,1.064311206,0.19311927,0.215591451,1.116364263,0.201214212,0.223173565,1.109134206,10.47189785,2.857329507,0.272856893,10.41943939,2.803577042,0.269071774,2.32492885,1.013175342,0.435787677,2.364152796,1.051246535,0.444660995,animal,2cm,Aphelodoris varia,3_AphelodorisVaria_23_NP_D_RAW_AOB,animals_on_background,NP,D,colour_defence_2024
0.187440635,0.342425159,1.826845924,3.93841936,29.35575032,0.725645888,1.325206144,1.826243578,4.223446854,38.34542094,0.103306371,0.235998549,2.284452994,6.021864684,64.39004276,0.086851084,0.202357599,2.329937525,6.657680899,76.06983506,0.398491019,0.905333186,2.271903612,6.027138564,71.41905262,0.328253388,0.795955323,2.424819829,8.009062639,125.1004317,0.4831153,4.175238552,0.463915395,6.062491255,0.168402535,1.700028195,0.773716175,2.179330516,0.668896852,0.316158965,0.721306513,0.033780723,4.170402379,4.180019171,0.463378042,0.464446575,5.879655909,6.277064426,0.163323775,0.174362901,1.699739201,1.700310051,0.528053673,0.521872213,2.132394287,2.228089296,0.970494463,1.014047139,0.313350909,0.319404738,0.749274068,0.767959676,0.0372665,0.030299601,826.7765302,25.83375143,32.00373483,0.446661034,0.104504652,0.047368172,0.453263765,0.24496198,0.065221827,0.266252856,6.422436714,1.581253718,0.246207754,14.07572363,9.440792075,0.67071451,3.95975208,1.99693072,0.504307007,0.104944327,0.047307929,0.450790725,0.10491236,0.047349491,0.451324244,0.245599389,0.06503878,0.264816537,0.245580297,0.064904577,0.264290651,6.434252767,1.57396422,0.24462269,6.434609493,1.571114512,0.244166257,14.07569989,9.440933254,0.670725671,14.07574718,9.440652095,0.670703443,3.960328229,1.997355884,0.504340996,3.959180835,1.9965089,0.504273228,0.208362752,0.089221383,0.428202171,0.162746187,0.124205685,0.763186451,0.142106529,0.14253569,1.003019995,8.526142881,3.757435633,0.440695832,2.33934364,0.921574291,0.393945667,0.205777263,0.089394706,0.434424605,0.211538487,0.088989362,0.420676936,0.161102595,0.119668739,0.742810752,0.164764998,0.129640053,0.786817921,0.140357323,0.13890957,0.989685231,0.144255065,0.146966573,1.018796621,8.417237224,3.761381622,0.446866534,8.659910753,3.751789482,0.433236507,2.341216064,0.884281407,0.377701751,2.337043758,0.966201798,0.413429058,animal,2cm,Aphelodoris varia,3_AphelodorisVaria_22_NP_D_RAW_AOB,animals_on_background,NP,D,colour_defence_2024
0.162943836,0.324574072,1.991938325,4.131472095,27.96904197,0.722244004,1.360017249,1.883044015,3.874064415,27.40504705,0.087431184,0.219951332,2.515708021,6.020900977,56.4568688,0.078254436,0.194468902,2.485084713,6.492316171,65.94093628,0.386369371,0.933172066,2.415233028,5.400211317,46.04822161,0.337148045,0.818797975,2.428600693,6.503754196,74.03391621,0.514165467,1.364376602,0.341094151,3.213508593,0.535584766,0.567574987,0.40941881,1.349782772,0.753328108,0.438339458,0.581373459,0.015736224,1.363181992,1.365569507,0.340795498,0.341392377,3.231288242,3.187201346,0.53854804,0.531200224,0.566420072,0.568725622,0.316125061,0.317411813,1.352967245,1.344396991,0.975959567,0.969777436,0.439671769,0.436296301,0.646042314,0.643594624,0.016708483,0.014764473,3927.058662,58.84983678,66.73015385,0.468624313,0.101765324,0.02609882,0.256460832,0.197251326,0.032759756,0.166081298,5.082628473,0.619944609,0.12197323,17.27674346,6.797103228,0.393425025,3.679001016,1.447471498,0.393441451,0.102287909,0.025537463,0.249662577,0.102237012,0.025599654,0.250395174,0.197861412,0.032098592,0.162227649,0.197799058,0.032179099,0.162685807,5.092220934,0.607993315,0.119396492,5.091134657,0.609629747,0.119743395,17.27960929,6.795524996,0.393268441,17.27388478,6.798675552,0.393581157,3.679477892,1.447213077,0.393320226,3.67852533,1.44772902,0.393562335,0.264655144,0.115128051,0.435011575,0.156366413,0.063825654,0.408180073,0.10824653,0.073404624,0.678124503,10.99155544,5.071340193,0.461385126,2.604878518,1.14369067,0.4390572,0.266512082,0.114176426,0.428409943,0.262554804,0.116152092,0.4423918,0.156517731,0.064371116,0.411270441,0.15619526,0.063202496,0.404637737,0.107502876,0.073433293,0.683082121,0.10908766,0.073361283,0.672498462,11.06910107,5.025647353,0.454024886,10.90384537,5.12083309,0.46963552,2.600049045,1.16512976,0.448118378,2.610341024,1.118916305,0.428647558,animal,2cm,Aphelodoris varia,3_AphelodorisVaria_21_NL_N_RAW_AOB,animals_on_background,NL,N,colour_defence_2024
0.164702905,0.312159195,1.895286513,4.004528294,28.5324748,0.701457888,1.307098769,1.863403051,4.033078751,31.35540739,0.086062054,0.204836463,2.38010195,6.002641487,60.53823921,0.08151499,0.193690266,2.376130651,6.332879244,66.59438122,0.36301941,0.860386225,2.370083259,6.008512071,64.62292953,0.338914981,0.826502912,2.438673287,7.100765413,88.47784831,0.53412608,3.003009277,0.429001325,3.100705612,0.147652648,1.266333344,0.650766606,1.437083612,0.599310415,0.288326987,0.625038511,0.031254992,3.00262114,3.003392988,0.428945877,0.429056141,2.959637947,3.261933896,0.14093514,0.155330186,1.266178127,1.266485847,0.528037292,0.528165621,1.398344973,1.473931245,0.718607164,0.757450824,0.284940509,0.292193163,0.623322228,0.642808223,0.033287227,0.029222653,964.7611864,29.04155306,33.22002733,0.4664442,0.079411024,0.026001778,0.327432851,0.162598075,0.038134629,0.234533087,4.509445906,0.927041413,0.205577677,17.72708441,10.00175184,0.564207379,2.550289114,1.519295146,0.595734475,0.079469592,0.025862782,0.325442485,0.079474632,0.025871061,0.32552603,0.162829457,0.037768937,0.231953958,0.162828166,0.037828018,0.232318639,4.516532034,0.916478503,0.202916418,4.516159724,0.918322553,0.203341469,17.72627346,10.00050293,0.564162736,17.72789201,10.00299536,0.564251821,2.550092632,1.519197967,0.595742267,2.550484783,1.519391888,0.595726702,0.194124461,0.070415419,0.362733363,0.168381203,0.123324604,0.732413133,0.14194072,0.140611267,0.990633745,7.916361459,3.068326606,0.38759304,1.730935185,1.091708775,0.630704595,0.191120531,0.06757587,0.353577244,0.197546382,0.073351886,0.371314752,0.166006928,0.121450221,0.731597304,0.171085853,0.125365429,0.73276327,0.138783766,0.140325727,1.011110528,0.145536957,0.140841026,0.96773376,7.787393679,2.946268606,0.378338213,8.063274812,3.194734164,0.396208022,1.671826841,1.036452483,0.619952054,1.79826832,1.147353587,0.638032475,animal,2cm,Aphelodoris varia,3_AphelodorisVaria_20_NL_N_RAW_AOB,animals_on_background,NL,N,colour_defence_2024
0.166494801,0.300196608,1.80303893,2.998051725,14.91213116,0.852217093,1.69047326,1.983618111,3.590217792,20.03552912,0.092294197,0.218288752,2.365140606,4.537349626,29.55513677,0.077860874,0.179805004,2.309311387,5.390792869,43.45389167,0.465809208,1.202349974,2.581206971,5.321837111,39.77403183,0.386536179,1.026991269,2.656908522,6.215185678,54.63994722,0.501246409,1.766570127,0.588856709,1.884498628,0.628166209,0.765632556,0.696908786,0.814942829,0.74179293,0.608511459,0.719350858,0.027243125,1.764859232,1.768264251,0.588286411,0.589421417,1.85994908,1.914651574,0.619983027,0.638217191,0.764917101,0.766339333,0.696257551,0.697552121,0.802858465,0.82899199,0.730793268,0.754581028,0.604134719,0.613819304,0.713525409,0.726066575,0.030086107,0.024412235,1288.32665,32.23793299,39.9630662,0.446502588,0.059931678,0.017652933,0.294550953,0.092086404,0.009296195,0.10095079,2.646578368,0.26239386,0.099144565,11.99980821,4.452994998,0.371088847,2.226583264,0.707832841,0.317900908,0.060214291,0.017494445,0.290536426,0.06018517,0.017509429,0.290925978,0.091944529,0.009217975,0.10025583,0.09195874,0.009224454,0.100310786,2.642468661,0.258488799,0.097820951,2.642973152,0.258983936,0.097989621,12.00237136,4.451582424,0.370891909,11.99727081,4.454390765,0.371283672,2.226839302,0.707907996,0.317898106,2.226329798,0.707758296,0.317903617,0.245072992,0.084352495,0.344193353,0.06893622,0.023859449,0.346109043,0.08681868,0.033640642,0.387481608,10.05830082,3.595399877,0.35745599,1.868072255,0.43936532,0.235197177,0.244006664,0.083448271,0.341991769,0.246381565,0.085421782,0.346705249,0.068605865,0.023531909,0.343001424,0.069341625,0.02424613,0.349661986,0.087473571,0.032573252,0.372378217,0.086015012,0.034880747,0.405519292,10.0114221,3.553405745,0.354935164,10.11582934,3.6450376,0.36033008,1.859511647,0.425398065,0.228768702,1.878577643,0.455591646,0.242519466,animal,2cm,Aphelodoris varia,3_AphelodorisVaria_19_NL_D_RAW_AOB,animals_on_background,NL,D,colour_defence_2024
0.3004436,0.626947973,2.086740984,4.466602451,30.91628715,0.962896992,1.882547777,1.9550874,4.148695075,28.23388352,0.176837247,0.459759694,2.59990303,6.201703229,56.63117538,0.127494621,0.338518254,2.655157145,7.484440903,84.10265877,0.563232455,1.403125912,2.491202167,5.850031119,51.10110502,0.40092764,1.051459118,2.622565806,7.780389332,91.47212026,0.505860517,5.998356106,0.545305101,8.024844923,0.145906271,2.009881544,0.838185707,2.48008828,0.722218265,0.345605686,0.780201986,0.047253412,5.998057898,5.998551083,0.545277991,0.545322826,7.761111278,8.286784398,0.141111114,0.150668807,2.009996508,2.009748294,0.585324402,0.585252121,2.458754618,2.488616604,1.025380318,1.037833734,0.343194552,0.347995816,0.80535236,0.811542927,0.056031292,0.038487766,420.8807552,16.84717009,24.98228207,0.402758564,0.100168956,0.054044272,0.539531153,0.240281582,0.087111289,0.362538351,6.460856607,2.416195318,0.373974453,16.72205795,11.32098647,0.677009164,4.588505903,2.199422021,0.479332939,0.100832032,0.053946237,0.535010907,0.100855761,0.054048705,0.535901016,0.241058145,0.086947427,0.360690682,0.240948261,0.086887362,0.360605891,6.475469678,2.408957942,0.372012852,6.472586147,2.408476109,0.372104141,16.71671359,11.31817465,0.677057401,16.72729748,11.32373977,0.676961702,4.589226979,2.199857745,0.47935257,4.58779897,2.198994508,0.479313615,0.209540719,0.076427259,0.364737029,0.216362308,0.247662186,1.14466419,0.223749709,0.247647822,1.106807349,8.56643376,3.296063532,0.384764959,2.778063199,1.51180229,0.544192908,0.210381597,0.07747399,0.368254597,0.208318258,0.074862031,0.35936375,0.212678318,0.246447263,1.158779444,0.221718063,0.249317566,1.124480176,0.22031501,0.246286259,1.117882338,0.228743046,0.249526883,1.090861064,8.603596974,3.342903093,0.388547151,8.512406191,3.225967078,0.378972409,2.755927467,1.50521195,0.546172557,2.810243942,1.520738606,0.541141138,animal,2cm,Aphelodoris varia,3_AphelodorisVaria_18_NL_D_RAW_AOB,animals_on_background,NL,D,colour_defence_2024
0.264557103,0.528083497,1.996104017,3.801004187,23.36660491,0.944377201,1.75828518,1.861846282,3.298919663,18.90338646,0.148958775,0.383749111,2.576210164,5.643849276,46.76503687,0.119713794,0.29572983,2.470307049,6.166857151,59.82957649,0.528623655,1.288903106,2.438224425,5.124837767,39.55999981,0.417492006,0.983935217,2.356776187,5.390008792,46.48175244,0.378513065,2.11870332,0.302671903,5.276315143,0.251253102,1.147509114,0.589703031,2.021528528,0.729112296,0.276962502,0.659407663,0.035079215,2.112546747,2.124812474,0.301792392,0.303544639,5.192892941,5.318102276,0.247280616,0.253242966,1.144748981,1.150221156,0.412880919,0.424741445,2.021784657,2.010741903,1.038991784,1.033316931,0.274536504,0.278393802,0.725936352,0.729029188,0.038668927,0.0314954,764.4787613,24.86055737,30.75066861,0.447042066,0.069737098,0.026627602,0.381828371,0.212156637,0.053672066,0.252983207,5.856211146,1.512690557,0.258305331,13.99736638,7.120981724,0.508737253,4.164084704,1.825878285,0.438482503,0.070278697,0.026340736,0.374803987,0.070101705,0.026342149,0.375770441,0.213170882,0.05283356,0.247846045,0.213020439,0.05293596,0.248501787,5.880723185,1.489890009,0.253351495,5.878173552,1.492399328,0.253888272,14.00861134,7.118514066,0.508152728,13.98622304,7.123405808,0.509315902,4.165131221,1.826378338,0.438492389,4.163047645,1.825381925,0.438472504,0.251635514,0.090936924,0.361383506,0.194851824,0.187107571,0.960255683,0.190150431,0.196090325,1.031237867,10.38733348,4.004163861,0.385485252,2.815714429,1.255061585,0.445734685,0.254853381,0.093208362,0.365733275,0.247691222,0.088097597,0.355675086,0.198213627,0.188688402,0.95194465,0.190731102,0.18547525,0.972443656,0.192188207,0.19872613,1.034018338,0.187652632,0.193208839,1.029608997,10.53137372,4.110243203,0.390285571,10.21077649,3.870976699,0.379106986,2.869876107,1.273467171,0.44373594,2.749325882,1.231396373,0.447890292,animal,2cm,Aphelodoris varia,3_AphelodorisVaria_17_NL_D_RAW_AOB,animals_on_background,NL,D,colour_defence_2024
0.235347769,0.421517889,1.79104264,2.928967719,15.83163869,0.957392745,1.732157091,1.809244012,3.285856284,21.45377225,0.122380441,0.274588747,2.243730651,4.673451143,34.5351232,0.11698432,0.26151429,2.235464462,5.030393418,41.85870017,0.49253047,1.109403821,2.252457237,4.922021888,40.95692332,0.46622625,1.091821353,2.341827285,6.02305934,63.43600172,0.270033815,3.510805483,0.585134247,3.979207649,0.26528051,1.424108058,0.79480984,1.70128944,0.663283832,0.425207379,0.729046836,0.040083612,3.508808839,3.512792851,0.584801473,0.585465475,3.938369208,4.019448572,0.262557947,0.267963238,1.423828551,1.424385065,0.55510981,0.555326779,1.677785037,1.720850046,0.936389658,0.960424698,0.42367971,0.426714357,0.745749734,0.757875738,0.041825452,0.038342588,574.5699938,22.90888679,25.08065971,0.477372438,0.061551978,0.027433564,0.445697532,0.113882701,0.029264571,0.256971173,3.105194693,0.771062598,0.248313769,12.59475226,7.505213095,0.595900018,3.106578459,1.311106503,0.422041973,0.061924256,0.027463595,0.443503021,0.061886111,0.027465791,0.443811879,0.114039248,0.029119545,0.255346696,0.114033615,0.029133629,0.255482815,3.106453382,0.766405932,0.246714126,3.106369606,0.766707513,0.246817865,12.59655112,7.505287293,0.59582081,12.59296076,7.505138685,0.595978883,3.10672804,1.311200716,0.422051978,3.106429489,1.311012648,0.422031999,0.231418378,0.073736293,0.318627648,0.159883906,0.255171784,1.595981669,0.156148004,0.239534185,1.534020152,9.486204093,3.217370678,0.339163131,2.065455215,0.767671322,0.371671734,0.230975079,0.0709341,0.307107156,0.231901716,0.076671813,0.330622015,0.159972995,0.25617222,1.601346656,0.159786771,0.254076457,1.590096947,0.155396033,0.239254245,1.539641912,0.156967896,0.239836126,1.527931081,9.463041465,3.094053004,0.326961793,9.511458849,3.34645471,0.35183401,2.051962802,0.749418479,0.365220305,2.080166309,0.786805022,0.378241402,animal,2cm,Aphelodoris varia,3_AphelodorisVaria_16_NP_N_RAW_AOB,animals_on_background,NP,N,colour_defence_2024
0.12740105,0.233712574,1.834463481,4.878957981,44.68188957,0.442847431,0.873973318,1.973531415,5.35903253,54.38032676,0.066379999,0.14622593,2.202861273,7.090080145,92.56461499,0.063634814,0.148699627,2.336765334,7.648667406,101.7389766,0.224649004,0.531464276,2.365753984,7.906289473,119.3159723,0.218731389,0.568616489,2.599610837,8.832804166,135.235192,0.294848151,1.094569241,0.27364231,3.181403088,0.530233848,0.227679245,0.164235859,1.317046981,0.735057916,0.401938079,0.449646887,0.004567274,1.095379618,1.093759258,0.273844904,0.273439814,3.290693679,3.092492144,0.548448947,0.515415357,0.229113783,0.226240722,0.127870837,0.140571264,1.346973445,1.290063369,0.971635954,0.930584013,0.411146926,0.394427586,0.549753396,0.535577638,0.00407371,0.005060561,48065.68087,244.476489,196.6065574,0.55426408,0.090570026,0.01358583,0.150003597,0.169829332,0.019144063,0.112725304,4.3165242,0.420160149,0.09733761,19.67108996,6.575501206,0.334272337,3.551052726,0.878137334,0.247289298,0.090721456,0.013207399,0.14558187,0.090759024,0.013116025,0.144514829,0.170002526,0.018638329,0.109635602,0.170038942,0.018550045,0.109092922,4.319572516,0.409331001,0.094761924,4.320125326,0.407689221,0.094369767,19.66784187,6.578175427,0.33446351,19.67433945,6.572822606,0.33408098,3.550812435,0.878235577,0.2473337,3.55129312,0.87803895,0.247244854,0.312828747,0.119209521,0.381069584,0.209635531,0.185382606,0.88430909,0.152631122,0.208020055,1.362894099,13.11850457,5.248139421,0.400056226,2.911663052,0.824239996,0.283082204,0.314244581,0.119694312,0.380895388,0.311689653,0.121253165,0.389018898,0.217492183,0.191977052,0.882684835,0.203314543,0.183306128,0.901588868,0.160840733,0.215378489,1.339079252,0.146026163,0.205771768,1.409143159,13.18408028,5.276106314,0.400187666,13.0657463,5.332552853,0.408132282,2.936357945,0.836450433,0.284859833,2.89179503,0.830408319,0.287160158,animal,2cm,Aphelodoris varia,3_AphelodorisVaria_13_NP_N_RAW_AOB,animals_on_background,NP,N,colour_defence_2024
0.205716482,0.406420786,1.97563551,2.758519379,14.80458504,0.991358184,1.94854403,1.965529777,3.085898089,19.90001473,0.11628587,0.28602399,2.459662462,4.366644581,31.11678973,0.092823892,0.230886277,2.487358279,5.197866808,44.63004119,0.557457907,1.388849673,2.491398286,5.013732511,44.47272951,0.434974203,1.0898421,2.505532726,5.568784926,53.52360225,0.273121963,4.819722668,0.602465333,5.379827822,0.192136708,1.711360542,0.822990456,2.015584803,0.697344484,0.397301021,0.76016747,0.048960339,4.826974741,4.812516675,0.603371843,0.601564584,5.040561595,5.841394841,0.180020057,0.208621244,1.71270766,1.710019415,0.592556184,0.591626115,1.961764442,2.074530872,0.943409277,0.997638467,0.39169595,0.405092914,0.767982731,0.794632291,0.055163289,0.04277005,383.3391101,17.12799804,22.38084738,0.433523123,0.084130058,0.04228972,0.50267076,0.139309632,0.043222812,0.310264346,3.621503094,1.0807021,0.298412585,17.67329262,10.04004303,0.568091258,2.949264467,1.676323863,0.568387095,0.084733479,0.042544177,0.502094066,0.084750898,0.042414846,0.500464856,0.139594612,0.043345086,0.310506866,0.139756587,0.043069829,0.308177452,3.625375573,1.08194096,0.298435552,3.630873182,1.074469096,0.295925812,17.68047061,10.04708878,0.568259126,17.66622202,10.03309212,0.567925169,2.950289086,1.676732206,0.568328105,2.948255179,1.675920833,0.568444972,0.197974569,0.068178879,0.344382004,0.143420538,0.178589739,1.245217331,0.122949995,0.199972672,1.62645531,8.076276212,2.992581787,0.370539802,1.546941943,0.932860858,0.603035468,0.198064119,0.069203463,0.349399295,0.197859306,0.066836801,0.337799635,0.135210391,0.169315326,1.252236048,0.153988079,0.189307337,1.229363586,0.11286908,0.190645719,1.689087205,0.135925462,0.210622139,1.549541464,8.083502769,3.061245882,0.378702893,8.066974681,2.90178346,0.359711487,1.530561682,0.934441827,0.610522162,1.568025497,0.930372636,0.593340247,animal,2cm,Aphelodoris varia,3_AphelodorisVaria_12_NF_D_RAW_AOB,animals_on_background,NF,D,colour_defence_2024
0.239397854,0.426533559,1.781693324,2.826274207,14.1497888,1.001864794,1.915120608,1.91155595,3.969570259,28.16818075,0.132785891,0.304556923,2.293594004,4.407207048,29.57375435,0.109810689,0.247884131,2.257377061,4.950298936,39.0911403,0.554903468,1.36031095,2.451437101,5.645133448,50.35830488,0.448391188,1.127939324,2.51552518,7.277074591,89.88276426,0.175789185,3.971352863,0.794270573,4.139930123,0.413993012,1.478075809,0.918380136,1.582116899,0.760837401,0.604131792,0.839608769,0.042150899,3.969764298,3.972922742,0.79395286,0.794584548,4.167054343,4.102496687,0.416705434,0.410249669,1.477858387,1.478290305,0.710699655,0.710907364,1.587876767,1.573067567,0.986603307,0.977401834,0.605329147,0.602417109,0.848651481,0.844154599,0.046382819,0.037924721,521.5591675,20.55970708,25.36802521,0.447653434,0.074515895,0.04695983,0.63019884,0.093904215,0.032196932,0.34286993,2.466899596,0.83118841,0.336936457,17.30299198,9.565540849,0.552825827,2.669705645,1.03449247,0.387493083,0.074887098,0.04702334,0.62792312,0.074913443,0.047068191,0.628300989,0.093620986,0.032015919,0.341973741,0.093639185,0.03203323,0.342092146,2.460898094,0.828866714,0.336814725,2.461143822,0.829163293,0.336901601,17.30132073,9.563554449,0.552764416,17.30464629,9.567506348,0.552886559,2.669485418,1.03431688,0.387459273,2.66992364,1.034666193,0.387526511,0.247218767,0.092951115,0.375987294,0.206693221,0.112104378,0.542370847,0.202491565,0.124299903,0.61385225,10.19394119,4.084523995,0.400681534,2.233805798,0.695892,0.311527529,0.248742215,0.091907502,0.36948896,0.245358082,0.094171864,0.383813989,0.205240609,0.111595061,0.543727975,0.20846739,0.112694293,0.540584753,0.201604703,0.123378076,0.611980147,0.203574746,0.125406875,0.616023733,10.25679029,4.036247394,0.39351954,10.11717958,4.141245712,0.409328082,2.232860613,0.705794702,0.316094385,2.234960213,0.683600602,0.305867012,animal,2cm,Aphelodoris varia,3_AphelodorisVaria_11_NF_D_RAW_AOB,animals_on_background,NF,D,colour_defence_2024
0.130583079,0.236880129,1.814018553,3.621982465,22.90804093,0.698983305,1.307723595,1.870893889,4.400360272,35.64070788,0.067505598,0.152728163,2.262451801,5.332233667,46.00385691,0.065129367,0.152608038,2.343152473,6.122539094,59.57122197,0.354731457,0.839242203,2.365852213,6.65523614,79.15704699,0.345198849,0.861498811,2.495659567,7.467072854,90.94815544,0.175456456,2.971488225,0.742872056,2.628784066,0.438130678,1.203293833,0.867993023,1.100200424,0.683592958,0.590501367,0.775792991,0.035319904,2.973132149,2.969835526,0.743283037,0.742458881,2.537855937,2.716596821,0.42297599,0.452766137,1.203771665,1.202811874,0.747945388,0.747349037,1.070591068,1.126724197,0.772268213,0.812759706,0.583129513,0.597612509,0.7601068,0.780054371,0.03640215,0.034239074,746.6488657,26.47090493,28.20639747,0.48412968,0.074378068,0.025965674,0.349103909,0.095046007,0.004133022,0.043484432,2.592206437,0.198945234,0.07674745,11.14993947,5.502459246,0.493496782,1.625127329,0.84329659,0.518911088,0.074488209,0.025960661,0.348520411,0.074384654,0.0259078,0.348294955,0.095053638,0.004128601,0.043434434,0.095049035,0.004133176,0.043484672,2.591375461,0.198804431,0.076717725,2.592147118,0.198430254,0.076550537,11.15171779,5.504712329,0.493620125,11.14816745,5.500212468,0.493373686,1.625157456,0.843677229,0.519135685,1.625097309,0.842917128,0.518687172,0.19042888,0.029098922,0.152807297,0.035819753,0.011371666,0.317469131,0.040647586,0.015310813,0.376672127,7.718685088,1.256644183,0.162805474,1.1717322,0.360345118,0.307531976,0.190203208,0.026931804,0.141594897,0.190668495,0.031233563,0.163810824,0.036496862,0.010835603,0.296891366,0.035100808,0.011861711,0.337932701,0.039848241,0.014677309,0.368330148,0.041496319,0.015901066,0.383192197,7.70821166,1.16180452,0.150722965,7.729805621,1.34995952,0.174643398,1.181844128,0.348387158,0.294782662,1.160995501,0.372246453,0.320626955,animal,2cm,Aphelodoris varia,3_AphelodorisVaria_10_NF_D_RAW_AOB,animals_on_background,NF,D,colour_defence_2024
0.230403905,0.496268301,2.15390577,5.056356131,40.44978608,0.751747353,1.560975013,2.076462268,4.810783573,38.72492473,0.126807241,0.357734255,2.821086973,7.430218569,81.79231934,0.106030715,0.288439413,2.72033828,7.675190796,90.61789975,0.412622643,1.115322116,2.703007539,7.026683033,76.76566112,0.340513941,0.929316407,2.729158175,7.933215192,100.9540206,0.328528198,2.658400346,0.295377816,4.634705111,0.128741809,1.231739178,0.560588658,1.923970994,0.605392827,0.212059812,0.582990743,0.037873067,2.653838177,2.662933921,0.294870909,0.295881547,4.659418111,4.601533108,0.129428281,0.127820364,1.229991075,1.233465348,0.39227981,0.399045101,1.919867317,1.922160929,0.873769271,0.874813139,0.212149595,0.211850955,0.63302454,0.63692912,0.041069682,0.034678322,649.9496178,23.34886177,27.83645833,0.456163246,0.073222518,0.022899967,0.312744878,0.251142782,0.057846615,0.230333575,6.853038727,1.735059316,0.253181017,15.8490129,11.88933976,0.750162792,4.003181542,2.047100881,0.511368485,0.073317262,0.022806262,0.311062653,0.073292291,0.022837374,0.311593125,0.251894444,0.057218266,0.22715176,0.25179227,0.057310493,0.227610214,6.874707163,1.724677054,0.250872803,6.871803973,1.726232228,0.251205103,15.84784169,11.88974787,0.750243983,15.85017567,11.88893445,0.750082188,4.003910558,2.047261016,0.511315372,4.002457777,2.046941598,0.51142116,0.195952197,0.100071778,0.51069485,0.161976993,0.152324121,0.94040591,0.176913278,0.137433726,0.776842344,8.051827521,4.383901483,0.544460431,2.283474819,1.402120769,0.614029442,0.198476449,0.103352902,0.520731314,0.192964463,0.096268855,0.498894219,0.164948074,0.156901858,0.951219707,0.158460388,0.147118985,0.92842752,0.179706553,0.141728063,0.788663853,0.173607126,0.132523266,0.763351532,8.166523116,4.542866361,0.556279128,7.916072541,4.197539377,0.530255295,2.313498117,1.433672331,0.61969894,2.24793891,1.367332509,0.608260528,animal,2cm,Aphelodoris varia,3_AphelodorisVaria_7_NB_D_RAW_AO,animals_only,NB,D,colour_defence_2024
0.301498431,0.612270997,2.030760142,4.233046203,28.84618888,1.408383905,2.912675212,2.068097485,3.92319665,23.665097,0.162503867,0.418949052,2.57808667,6.244114486,59.73635364,0.142925166,0.372651965,2.607322242,6.726256798,68.22196442,0.763903501,2.032969213,2.66129061,5.717558875,46.5129586,0.646973769,1.736860425,2.684591722,6.386674602,58.95795595,0.286253162,2.5460233,0.282891478,5.708092776,0.158558133,1.317997454,0.599846492,2.16212125,0.656015858,0.220724805,0.627931175,0.044320375,2.540111611,2.551891924,0.282234623,0.283543547,5.502632816,5.949172105,0.152850912,0.165254781,1.316370702,1.319604163,0.399404083,0.400385157,2.143555694,2.18011552,0.975574238,0.992213332,0.217542768,0.224399164,0.687489161,0.696299245,0.04806135,0.040583259,468.2452418,19.80673992,23.6407023,0.455878158,0.093376666,0.042694559,0.457229421,0.217350414,0.064064204,0.294750782,5.663643784,1.706634218,0.30133149,24.99916913,15.76608849,0.630664499,3.927913784,1.786363857,0.454786931,0.094474771,0.042047082,0.445061486,0.094419409,0.04212364,0.446133278,0.218336941,0.062610035,0.28675878,0.21833057,0.062669903,0.287041357,5.678265757,1.669117009,0.293948378,5.679213722,1.671769451,0.294366357,25.00266192,15.76538677,0.630548332,24.99570715,15.76678314,0.630779639,3.927301986,1.785928077,0.454746817,3.928520188,1.786795456,0.454826594,0.310457612,0.107298784,0.345614926,0.236651156,0.199023899,0.841001167,0.247198061,0.176016489,0.712046399,13.07179476,5.234182021,0.400418008,2.661996857,1.336162458,0.501939908,0.312492705,0.109066789,0.349021873,0.308050007,0.105115961,0.341230187,0.231783947,0.198921327,0.85821874,0.242409279,0.198985594,0.820866241,0.243059131,0.175700379,0.722870928,0.252094598,0.176259447,0.699179786,13.17403358,5.348897239,0.406018188,12.95084174,5.092382984,0.393208649,2.647013215,1.322596784,0.499656283,2.679723163,1.351812803,0.504459872,animal,2cm,Aphelodoris varia,3_AphelodorisVaria_6_NB_D_RAW_AO,animals_only,NB,D,colour_defence_2024
0.107452874,0.222113733,2.067080425,5.260727377,49.11081526,0.326401479,0.757186112,2.31979988,8.048079882,126.7558888,0.057674339,0.14337652,2.485967292,7.139276116,88.73350407,0.051145213,0.142476486,2.785724762,8.925040171,128.0667791,0.171089448,0.477216884,2.789282967,11.20012166,236.2872115,0.155765254,0.496491715,3.187435594,12.5334136,282.1879729,0.302323659,1.096039107,0.365346369,2.092365888,0.697455296,0.215761329,0.196394426,0.788658084,0.717867524,0.531400833,0.457130975,0.002896861,1.096278679,1.095799802,0.365426226,0.365266601,2.063971453,2.118356515,0.687990484,0.706118838,0.216163781,0.215358939,0.196760752,0.196028154,0.767236486,0.806543395,0.698368746,0.734147436,0.526708355,0.53569272,0.447564749,0.465087795,0.002770686,0.003022897,118705.1675,359.9214612,329.8085284,0.521829508,0.099267399,0.015865786,0.159828763,0.239302245,0.03319756,0.138726488,6.071808737,0.727556208,0.119825284,17.70686943,5.842465628,0.329954747,3.928059642,0.974523606,0.248092874,0.09937077,0.015610949,0.157097999,0.099383105,0.015579009,0.156757117,0.239525273,0.032637863,0.136260624,0.239551606,0.032569246,0.135959204,6.076486346,0.716095367,0.117846947,6.077046968,0.714645826,0.117597549,17.70637099,5.842800766,0.329982963,17.70736744,5.842130694,0.329926553,3.927921766,0.974741505,0.248157057,3.9281974,0.974305815,0.248028731,0.277452613,0.070977359,0.25581795,0.206717362,0.111025856,0.537090137,0.181942343,0.053856778,0.296010138,11.44806567,3.197084865,0.279268564,2.406579396,1.146926908,0.476579709,0.275572318,0.067188569,0.243814652,0.279174121,0.074214279,0.265835096,0.204857601,0.109686768,0.535429332,0.208420069,0.112197311,0.538322971,0.180578802,0.051342419,0.284321406,0.183190735,0.056016362,0.30578163,11.3598508,3.004705458,0.264502194,11.52883096,3.360538938,0.29149,2.385371997,1.127107957,0.472508254,2.425995869,1.164268512,0.479913642,animal,2cm,Aphelodoris varia,3_AphelodorisVaria_5_NB_D_RAW_AO,animals_only,NB,D,colour_defence_2024
0.329062186,0.726814197,2.208744207,4.331550841,27.58389898,1.087860879,2.191793244,2.014773476,3.974294675,26.23483997,0.179171041,0.511890844,2.856995421,6.470206425,58.02861347,0.153351514,0.419575506,2.736037588,6.666130861,64.13117047,0.598411704,1.595698845,2.666556878,6.196738296,57.84140248,0.491287868,1.230644126,2.504934901,6.007884798,56.28794198,0.325867882,2.572632753,0.321579094,3.713041751,0.132608634,1.177144189,0.566086695,1.799232482,0.573827396,0.227093864,0.569957045,0.03860092,2.568974468,2.576265391,0.321121808,0.322033174,3.698359161,3.72777121,0.132084256,0.133134686,1.175520722,1.178750811,0.374907635,0.381344103,1.80146564,1.791374641,0.866321848,0.861469104,0.226603032,0.22758393,0.620614742,0.621406603,0.041924662,0.035279619,624.8958852,22.85230924,27.34497765,0.455249888,0.068312246,0.027160131,0.397588027,0.234302025,0.077782035,0.331973377,6.423267862,2.248765771,0.350096839,20.31654895,13.44694367,0.661871448,4.908452655,2.094838652,0.42678188,0.068954906,0.026883366,0.389868795,0.068865543,0.02692038,0.390912183,0.235703718,0.076088933,0.322816005,0.235548303,0.076315896,0.323992552,6.455491036,2.209277132,0.342232236,6.452174831,2.214707811,0.343249814,20.32249651,13.44932952,0.661795145,20.31064669,13.4445726,0.661947047,4.908984946,2.093934909,0.426551503,4.907924419,2.095734974,0.427010442,0.287442819,0.087824503,0.305537302,0.309282132,0.223016828,0.721078928,0.326932279,0.197378816,0.603729974,11.9474438,4.003739414,0.335112638,3.450986818,1.731635467,0.501779798,0.290532568,0.090417412,0.311212654,0.283773798,0.084576505,0.298041981,0.312205142,0.227811368,0.729684867,0.305811112,0.217357213,0.710756425,0.329842417,0.20220302,0.613029161,0.323476544,0.191630387,0.592408911,12.09451317,4.162703725,0.344181173,11.77280168,3.802566218,0.322995861,3.494480623,1.759452239,0.503494633,3.399338734,1.69825372,0.499583552,animal,2cm,Aphelodoris varia,3_AphelodorisVaria_4_NB_D_RAW_AO,animals_only,NB,D,colour_defence_2024
0.303218917,0.650229946,2.144424076,3.693505883,20.68038346,1.833626685,3.315799387,1.808328497,3.226492272,17.71835651,0.16666056,0.447457927,2.684845934,5.627651285,44.62548296,0.138926694,0.369205915,2.657559199,6.001791738,53.12015847,1.025871887,2.366306886,2.306630015,5.002542837,37.15593414,0.810460696,1.829748105,2.257664207,5.425504339,47.35119445,0.342742482,7.486205831,0.680564166,8.263306486,0.150241936,2.088322211,0.870898006,2.401466574,0.699323099,0.415403051,0.785110552,0.072494613,7.481511084,7.490731118,0.680137371,0.680975556,8.616249891,7.845526845,0.156659089,0.142645943,2.088012345,2.088619579,0.613905078,0.614083614,2.434213362,2.355105661,1.01514582,0.982155346,0.41839823,0.411810749,0.814525449,0.79811948,0.079428176,0.065568742,165.1709224,11.58999073,14.2511695,0.448508915,0.057701387,0.052861792,0.916126891,0.109009371,0.079124846,0.725853622,3.040632812,2.301862049,0.757033878,28.9469765,19.73344773,0.681710152,3.10028592,1.798750695,0.580188648,0.059089479,0.053391424,0.903569037,0.058915751,0.053338468,0.905334603,0.11068174,0.078789311,0.711854649,0.110452569,0.078856683,0.713941594,3.081160678,2.291674238,0.743769792,3.07540571,2.293570698,0.745778253,28.95215275,19.74247762,0.681900161,28.94188267,19.72455615,0.681522912,3.101173176,1.798130736,0.579822742,3.099412792,1.799360104,0.580548712,0.278063555,0.10304801,0.370591572,0.465474813,0.235256969,0.505412887,0.477977422,0.225083122,0.470907436,11.61217269,4.909911925,0.42282457,2.080306249,1.612125383,0.774946181,0.282440757,0.107328185,0.380002467,0.272767013,0.097480388,0.357376014,0.469267403,0.241339907,0.514290797,0.46088567,0.227890549,0.494462214,0.481614093,0.231402772,0.480473424,0.473576946,0.217392826,0.45904436,11.82075602,5.123799113,0.433457818,11.35978084,4.631340915,0.407696326,2.103458572,1.638933355,0.779161224,2.052291271,1.580631267,0.770178819,animal,2cm,Aphelodoris varia,3_AphelodorisVaria_3_NB_D_RAW_AO,animals_only,NB,D,colour_defence_2024
0.222091056,0.481183614,2.166605096,5.036311187,38.76451499,0.833062381,1.545244473,1.854896474,4.179621854,31.95486018,0.117885742,0.31496989,2.671823442,7.533208347,85.57060208,0.106528679,0.28240284,2.650955983,7.713496342,91.84992088,0.44191735,1.034045433,2.339906847,6.739138231,77.53638728,0.392108793,0.899195962,2.293230802,6.488917285,74.17426498,0.240928458,2.202968208,0.275371026,6.225728599,0.22234745,1.190975493,0.572738146,2.202546201,0.735227984,0.248859238,0.653983065,0.031128223,2.199113451,2.206812768,0.274889181,0.275851596,6.206853919,6.237206513,0.221673354,0.222757375,1.189244963,1.192694917,0.396979721,0.398131344,2.20616153,2.193209309,1.060939433,1.054710731,0.248281268,0.249304486,0.728959577,0.726421038,0.032608617,0.029649925,970.90038,29.66674028,32.72689789,0.475477006,0.077344894,0.031049912,0.401447462,0.180994852,0.072402953,0.400027693,4.786870092,1.992191997,0.416178413,20.56922263,12.9657343,0.630346345,3.819996644,1.663754567,0.435538227,0.078253642,0.030609238,0.391154172,0.07817168,0.030641411,0.391975848,0.18229932,0.070967791,0.389292679,0.182233843,0.071074588,0.390018601,4.813376294,1.955232536,0.40620812,4.812594587,1.958282668,0.406907881,20.57501966,12.96741844,0.630250598,20.56345146,12.96405452,0.630441565,3.819842727,1.663031257,0.435366421,3.820149875,1.664474322,0.435709167,0.262442072,0.086681208,0.330287011,0.371569198,0.260247711,0.700401737,0.389059862,0.237327963,0.610003721,10.84286635,3.835151393,0.353702727,2.711505666,1.576135991,0.581277041,0.264804045,0.086568612,0.326915745,0.259848084,0.086726714,0.333759297,0.37138033,0.261968377,0.705391093,0.371776618,0.258344655,0.694892154,0.389340521,0.23897334,0.613790057,0.388751634,0.235507312,0.605804044,10.94842959,3.868141676,0.353305617,10.72693369,3.795030811,0.35378524,2.724365071,1.581722078,0.580583746,2.697383089,1.569850536,0.581990205,animal,2cm,Aphelodoris varia,3_AphelodorisVaria_2_NB_D_RAW_AO,animals_only,NB,D,colour_defence_2024
0.252638775,0.495026669,1.95942475,4.233389797,29.29645666,0.913795423,1.822274591,1.994182227,4.253821294,29.79205889,0.136474336,0.335600755,2.459075928,6.249070256,60.0339698,0.119724202,0.297396967,2.48401711,6.652346904,68.07100354,0.489388902,1.230355322,2.514064616,6.342309836,62.65473799,0.425831451,1.108705332,2.60362481,6.921110847,73.79678715,0.267467025,4.270044289,0.610006327,4.514782853,0.21498966,1.628759373,0.837016742,1.911837734,0.661450462,0.412497993,0.749233602,0.045828567,4.272066644,4.268029749,0.610295235,0.609718536,4.423289569,4.616774748,0.210632837,0.219846417,1.629358925,1.628160458,0.563719501,0.56330486,1.894776234,1.923062652,0.973722366,0.988258709,0.410464036,0.414782476,0.768720933,0.775781785,0.049477457,0.042183623,436.2078073,19.21122467,22.70588235,0.45831466,0.080007173,0.032284514,0.403520242,0.247622966,0.070976497,0.286631318,6.560255242,1.924310859,0.293328657,14.04375635,9.501222523,0.676544244,3.658480769,1.876415409,0.512894703,0.080288127,0.032186722,0.400890179,0.080314453,0.032185047,0.400737919,0.248012741,0.070417578,0.283927259,0.248143762,0.070320656,0.283386755,6.567128885,1.909754889,0.290805148,6.570211066,1.908193215,0.290431037,14.04285956,9.500025844,0.676502233,14.04464535,9.502408559,0.676585867,3.658182892,1.876317958,0.512909828,3.658776058,1.876511953,0.512879696,0.197356342,0.075127359,0.380668584,0.151998145,0.191358315,1.258951651,0.169303543,0.1739817,1.027631774,8.060642127,3.287899899,0.407895531,2.23276798,1.603142785,0.718006886,0.196464934,0.075518999,0.3843892,0.19840075,0.074651549,0.376266467,0.14931491,0.192255105,1.287581422,0.155141925,0.190251256,1.226304597,0.16754521,0.174584653,1.042015185,0.171363674,0.173248552,1.010999283,8.024570101,3.309086955,0.412369375,8.102905506,3.262364095,0.402616579,2.215727399,1.597923067,0.721173132,2.252733385,1.608993786,0.714240663,animal,2cm,Aphelodoris varia,3_AphelodorisVaria_1_NB_D_RAW_AO,animals_only,NB,D,colour_defence_2024
0.193528611,0.342021111,1.767289649,2.93140111,15.7670262,0.556676148,1.119726828,2.011451059,3.994020936,27.63030231,0.105487225,0.244019163,2.313257958,4.864773874,36.99895225,0.090857212,0.198862541,2.188736982,4.684556803,36.22466689,0.301707112,0.797408595,2.642989052,6.431545476,64.37802186,0.255990487,0.645982708,2.523463727,6.140084579,62.45963755,0.136151661,1.805137608,0.902568804,1.0,1.0,0.638157184,0.920666204,0.0,,0.951284402,,0.022364984,1.803471688,1.806789494,0.901735844,0.903394747,1.0,1.0,1.0,1.0,0.637625655,0.63868307,,,0.0,0.0,0.0,0.0,0.950867922,0.951697373,,,0.024532642,0.020199817,1928.672561,39.7620178,48.50539957,0.450472201,0.038563196,0.010172924,0.263798789,0.135521532,0.007142234,0.052701837,3.925855675,0.275970885,0.070295729,7.490318884,0.0,0.0,1.970730669,0.0,0.0,0.038453868,0.010120173,0.263176975,0.038477361,0.010131731,0.26331667,0.13559829,0.007105198,0.052398874,0.135581795,0.007113312,0.052465099,3.928821522,0.274539838,0.069878419,3.928184192,0.274853383,0.069969576,7.490318884,0.0,0.0,7.490318884,0.0,0.0,1.970730669,0.0,0.0,1.970730669,0.0,0.0,0.185099475,,,0.03976724,,,0.053266308,,,7.490318884,,,1.970730669,,,0.185099475,,,0.185099475,,,0.03976724,,,0.03976724,,,0.053266308,,,0.053266308,,,7.490318884,,,7.490318884,,,1.970730669,,,1.970730669,,,animal,2cm,Atagema intecta,135_AtagemaIntecta_1_NP_N_RAW_AOB,animals_on_background,NP,N,colour_defence_2024
0.203645281,0.380936796,1.87058985,3.673652552,25.826665,0.803656119,1.562463292,1.94419386,4.051395644,31.48096313,0.104451664,0.252013186,2.412725438,6.076207435,65.31791822,0.102934243,0.244041967,2.370853079,5.648331912,53.64379506,0.408035915,1.031729594,2.528526423,6.413418364,72.80424804,0.397406178,1.004610582,2.527918886,6.430806011,71.40621723,0.244623908,1.673660239,0.23909432,2.840594987,0.135266428,0.810694349,0.416614482,1.403940446,0.638960833,0.187180374,0.527787658,0.018343261,1.673773847,1.67354662,0.23911055,0.239078089,2.826039516,2.853391188,0.13457331,0.135875771,0.81070561,0.810682726,0.368968024,0.368957609,1.399476542,1.406060698,0.719188675,0.722572262,0.18684193,0.18747693,0.544078349,0.545764935,0.018355058,0.018331465,2863.956191,53.48089691,53.55101273,0.499672454,0.071103515,0.023237319,0.326809713,0.140479454,0.044668992,0.317975269,3.822270917,1.173228348,0.306945367,17.90803975,8.217714241,0.458884074,3.533552018,1.527714273,0.432345205,0.071438314,0.023045192,0.322588688,0.071445144,0.023046207,0.322572055,0.140830922,0.044567317,0.316459743,0.140847041,0.044543978,0.31625782,3.829919957,1.171343279,0.305840146,3.830362804,1.170646732,0.305622937,17.90853202,8.218422357,0.458911001,17.90754754,8.217006114,0.458857144,3.53359498,1.527759541,0.43235276,3.533509061,1.527669007,0.432337651,0.285416199,0.107354496,0.376133157,0.254725276,0.268305386,1.05331277,0.231735576,0.285086235,1.230222137,11.89848881,4.844948216,0.407190215,2.695592207,0.777061572,0.288271189,0.284681523,0.104897998,0.368474907,0.286151751,0.109753316,0.383549343,0.250152513,0.263180565,1.052080439,0.259303488,0.273253845,1.053799342,0.226759119,0.28002674,1.234908395,0.236717961,0.289967124,1.22494771,11.85645796,4.711463006,0.397375255,11.94056974,4.97460558,0.416613754,2.69502218,0.769973574,0.285702129,2.696162913,0.784093362,0.290818243,animal,2cm,Atagema spongiosa,21_AtegamaSpongiosa_1_NL_D_RAW_AOB,animals_on_background,NL,D,colour_defence_2024
0.218942327,0.448772503,2.049729299,5.259151697,45.63135731,0.296294028,0.647635152,2.185785371,6.999917101,93.92479222,0.125124381,0.335991125,2.685257038,7.832177363,92.32724949,0.097730426,0.254346746,2.602533907,7.495609976,88.83863339,0.168549562,0.458558278,2.720613877,9.654580012,173.9020057,0.127939364,0.38860538,3.037418418,11.33030116,226.6598942,0.31579455,2.215336482,0.31647664,2.791727166,0.132939389,0.909644226,0.46746466,1.3001004,0.625216133,0.224708015,0.546340397,0.010662105,2.210298467,2.220353492,0.315756924,0.317193356,2.897322371,2.642653079,0.137967732,0.125840623,0.906142676,0.913096626,0.435762515,0.439106658,1.32262926,1.260829325,0.679696984,0.6479381,0.226862328,0.221516989,0.55772975,0.543522379,0.012403123,0.008925648,8841.279881,79.62485616,111.0366826,0.417624114,0.04879576,0.010619005,0.217621474,0.36773229,0.072242721,0.196454656,11.49580428,2.358906511,0.205197171,10.45428958,5.600740946,0.535736159,6.467228067,3.306244066,0.511230473,0.048880613,0.010518791,0.215193513,0.048832821,0.010568949,0.21643126,0.368973926,0.069603663,0.188641142,0.368298962,0.071141132,0.193161369,11.53604361,2.275514574,0.197252598,11.5144999,2.323627017,0.201800081,10.45315074,5.597152558,0.535451243,10.45542145,5.604304833,0.536019027,6.467269513,3.30626357,0.511230213,6.467186875,3.30622468,0.511230732,0.165430499,0.050982413,0.308180251,0.245679028,0.302924749,1.233010206,0.269806428,0.291800455,1.081517803,6.699228236,2.164670516,0.323122372,4.672401119,2.294248782,0.491021366,0.164662372,0.05165813,0.313721523,0.166495096,0.050008515,0.300360287,0.260534899,0.308113507,1.18261894,0.225089313,0.294168469,1.306896651,0.284175624,0.296743038,1.04422411,0.249891226,0.283435206,1.134234329,6.668183265,2.194031858,0.329029928,6.742255476,2.12244762,0.314797864,4.744334763,2.352169763,0.495784948,4.572703611,2.207039611,0.482655295,animal,2cm,Berthelina citrina,10_BerthelinaCitrina_3_NP_N_RAW_AOB,animals_on_background,NP,N,colour_defence_2024
0.403013258,0.962599864,2.388506694,4.315777148,27.26362891,0.272284959,0.643801929,2.364441767,9.11177496,199.7665506,0.209779763,0.659411551,3.14335158,6.45504089,57.54333277,0.194644722,0.614012078,3.154527236,6.77711664,63.62819328,0.142794708,0.448617893,3.141698311,13.15367313,394.7716411,0.130066959,0.409305068,3.146879654,14.8369503,518.0077678,0.310662882,1.99147817,0.284496881,2.292025105,0.109144053,0.987573999,0.507512641,1.174200038,0.509948597,0.196820467,0.508730619,0.02754255,1.987269705,1.995671562,0.283895672,0.285095937,2.295108976,2.288369497,0.109290904,0.108969976,0.986021032,0.989113397,0.448757511,0.42956649,1.17015885,1.177526272,0.601342693,0.605128799,0.196593288,0.197032957,0.525050102,0.517347645,0.029061661,0.026025952,1250.293518,33.40959551,37.42318634,0.47166855,0.028479213,0.004210338,0.147839,0.131319355,0.170009392,1.294625552,3.943628671,5.364244807,1.360230705,8.108546245,7.102352121,0.87590943,8.921721178,5.813344857,0.651594546,0.02840971,0.0041823,0.14721375,0.028420955,0.004184621,0.147237166,0.12869399,0.169798943,1.319400719,0.129106882,0.16979665,1.315163427,3.86748607,5.363984454,1.386943445,3.879313493,5.36257504,1.382351555,8.110233811,7.102725101,0.875773161,8.106866723,7.101980435,0.876045047,8.925375309,5.814918186,0.651504053,8.918084466,5.811775942,0.651684335,0.080819513,0.03512595,0.434622149,0.571512279,0.261282382,0.457177197,0.579850542,0.254991928,0.439754573,3.247841008,1.502486641,0.462610897,5.529353433,1.60448077,0.290175115,0.080709395,0.034674306,0.429619209,0.080942272,0.035853752,0.442954611,0.570545626,0.263108375,0.461152208,0.572589898,0.261058102,0.455925091,0.578880386,0.256825404,0.443658845,0.580932066,0.254715685,0.438460364,3.243035506,1.481877744,0.456941572,3.253198152,1.534989633,0.47184019,5.528008193,1.629227419,0.294722323,5.530853098,1.58797863,0.287112784,animal,2cm,Berthelina citrina,10_BerthelinaCitrina_2_NP_N_RAW_AOB,animals_on_background,NP,N,colour_defence_2024
0.244329542,0.572968446,2.345064133,7.566248129,89.1894899,0.310202507,0.626794436,2.020597581,5.452215735,52.10227386,0.125131288,0.3534814,2.824884219,10.24129554,173.7988902,0.122732144,0.416986366,3.397531845,12.19159025,203.1462681,0.160186966,0.398659923,2.488716352,7.510612999,97.55350684,0.149663287,0.435045409,2.906827829,9.494608602,138.3024343,0.258501553,1.15448157,0.288620392,2.463684103,0.410614017,0.316060305,0.227989318,1.110836562,0.8012992,0.349617205,0.514644259,0.00616067,1.155339282,1.153627341,0.28883482,0.288406835,2.035935679,2.838301497,0.339322613,0.473050249,0.317276463,0.314840016,0.22886659,0.227109065,0.984870068,1.184903019,0.710433581,0.854726854,0.314078717,0.380728542,0.469650086,0.54091796,0.006070288,0.006250723,26031.12573,163.7368421,158.9814815,0.507367664,0.042081834,0.004390589,0.104334545,0.350956527,0.061196315,0.174370071,11.20511542,2.053222567,0.183239752,8.387135484,3.772462851,0.449791572,6.324623635,3.043918794,0.481280621,0.042099783,0.00426042,0.101198157,0.042118244,0.004248618,0.100873567,0.351546473,0.059901802,0.170395116,0.351798753,0.059122284,0.168057117,11.22626425,2.009803739,0.17902694,11.23422398,1.985339162,0.176722412,8.388177088,3.774844194,0.450019611,8.38609749,3.770087882,0.449564042,6.32521343,3.043867416,0.481227622,6.324035884,3.04396984,0.481333423,0.15285488,0.078191585,0.511541304,0.357075695,0.282404656,0.790881766,0.390529379,0.265709883,0.680383851,6.195492559,3.235627714,0.522255121,5.999132543,2.4680343,0.411398528,0.141292561,0.073421036,0.519638368,0.164042495,0.080463676,0.490505075,0.306485708,0.249686911,0.814677175,0.406026192,0.300167136,0.739280228,0.342041426,0.233249655,0.681933933,0.437445963,0.283381593,0.647809369,5.718118269,3.038190617,0.531326999,6.657396386,3.330068131,0.500205777,5.57765929,2.050139633,0.367562722,6.40694694,2.732617378,0.426508508,animal,2cm,Berthelina citrina,10_BerthelinaCitrina_1_NP_D_RAW_AOB,animals_on_background,NP,D,colour_defence_2024
0.314661794,0.676120378,2.148720917,1.195189012,4.739545976,1.529630808,3.123320922,2.041878933,1.068198411,4.750302469,0.165832588,0.456608847,2.753432561,2.933149707,15.84145148,0.149259246,0.363971156,2.438516654,2.248350504,11.17323224,0.835121431,2.129987491,2.550512309,2.783427145,16.33470108,0.676981401,1.622087058,2.396058527,2.270590651,12.32571209,0.497694886,3.005122959,0.601024592,2.577893973,0.257789397,1.11939842,0.695521344,1.060281538,0.65878996,0.429406995,0.677155652,0.051690821,3.006585155,3.003562032,0.601317031,0.600712406,2.631580243,2.494155795,0.263158024,0.24941558,1.120479227,1.118304358,0.696192887,0.694841565,1.07123563,1.036978442,0.66559612,0.644310932,0.432237528,0.425063993,0.680894504,0.669576249,0.05303276,0.050367765,336.661531,17.85626911,18.85396825,0.486411159,0.05928929,0.021491193,0.362480183,0.125234613,0.00624247,0.049846205,3.648735145,0.177421544,0.048625493,8.472078978,4.757514589,0.5615522,2.988024804,1.475920229,0.493945106,0.05919885,0.021545161,0.363945599,0.059197028,0.02161362,0.365113266,0.125159275,0.00565357,0.045171004,0.125137165,0.005403419,0.043179973,3.648712292,0.171726548,0.047064974,3.649059981,0.169392956,0.046420984,8.462556796,4.755794498,0.561980807,8.481440828,4.759181895,0.561128939,2.986333218,1.474678442,0.493809074,2.989687908,1.477137729,0.494077567,0.219311482,0.069545879,0.317110066,0.010778658,0.021899794,2.031773733,0.027360022,0.021313547,0.779003279,8.9650518,3.042465747,0.339369567,2.026915611,0.691923803,0.34136784,0.224607618,0.075718873,0.337116229,0.213813589,0.061899673,0.289502989,0.010263745,0.019723516,1.921668518,0.011313187,0.023936051,2.115765549,0.028172552,0.020051796,0.711749381,0.026516539,0.022510049,0.848905996,9.197269601,3.313131057,0.360229851,8.723987606,2.707066886,0.310301551,2.087529129,0.73999744,0.354484845,1.963993007,0.630541024,0.321050544,animal,2cm,Caloria indica,12_CaloriaIndica_7_NP_D_RAW_AOB,animals_on_background,NP,D,colour_defence_2024
0.299541844,0.793470136,2.64894589,0.589113416,2.313060571,1.317571743,3.350448685,2.542896584,0.4045202,1.842900391,0.159952837,0.501242899,3.133691824,1.888864838,8.963966572,0.141501118,0.419535766,2.964893643,1.737091707,9.132430926,0.733549736,2.136923614,2.913127097,1.479615242,7.13715873,0.577812691,1.683096952,2.912876402,1.579563292,8.191875698,0.523814438,2.968709589,0.329856621,3.173330892,0.08814808,1.264567143,0.575529309,1.382786453,0.600536526,0.209002351,0.588032918,0.060947305,2.959070055,2.977950858,0.328785562,0.330883429,3.255516648,3.062014659,0.090431018,0.085055963,1.266348786,1.262687216,0.54996829,0.704719153,1.432222487,1.299376671,0.651832545,0.591371808,0.20960829,0.207969696,0.600900417,0.64804548,0.068189655,0.053745928,240.5864843,13.66498104,17.60606061,0.436985157,0.06726512,0.022578999,0.335671723,0.167777836,0.024378292,0.14530103,4.74546317,0.582700854,0.122791144,18.40315033,14.44341612,0.784833893,2.375264801,1.143001028,0.481209938,0.067883925,0.022568367,0.332455238,0.067659799,0.02255692,0.333387342,0.168178298,0.024267266,0.144294871,0.167947132,0.024240492,0.144334065,4.753873482,0.579219555,0.121841601,4.749459384,0.579835949,0.122084621,18.4306832,14.45168097,0.78410989,18.37619112,14.43526164,0.785541549,2.373453414,1.143803189,0.481915163,2.377038448,1.142211902,0.480518901,0.205446768,0.070237331,0.341876058,0.07961523,0.066902111,0.840317995,0.063181327,0.063185637,1.00006823,8.380858998,2.982926443,0.355921325,2.143119258,0.691174883,0.322508829,0.208792037,0.071874845,0.344241313,0.201226499,0.07051642,0.350433068,0.079335499,0.066839821,0.842495758,0.079968129,0.069606367,0.870426359,0.06301174,0.063262567,1.003980648,0.063395271,0.065562691,1.034188992,8.523385061,3.055563115,0.358491737,8.201053389,2.990404817,0.364636672,2.155049487,0.71552689,0.332023415,2.128068521,0.684674981,0.321735402,animal,2cm,Caloria indica,12_CaloriaIndica_6_NP_D_RAW_AOB,animals_on_background,NP,D,colour_defence_2024
0.274126523,0.572237133,2.087492766,1.976286276,8.252766797,1.076403225,1.966171483,1.826612405,1.382921058,5.64599653,0.154617677,0.421083209,2.72338337,3.520593171,18.8158568,0.120917493,0.308143895,2.548381445,4.207358995,29.50394897,0.614167058,1.414219428,2.302662457,2.88978468,14.918673,0.444269461,1.041439376,2.34416152,3.425005252,21.30154819,0.532660315,2.005606782,0.668535594,1.019800039,0.339933346,0.711604784,0.647730588,0.055098576,0.079490442,0.50423447,0.363610515,0.034561626,2.006451605,2.004731173,0.668817202,0.668243724,1.0,1.047032785,0.333333333,0.349010928,0.711689974,0.711507287,,1.026488035,0.0,0.109452358,0.0,0.09962783,0.501075268,0.508627326,,0.563057932,0.04008222,0.029160382,797.3271441,23.94871795,33.29310345,0.418377986,0.054227128,0.012481309,0.230167244,0.111012935,0.017237636,0.155275924,3.280513568,0.63571313,0.193784637,10.97965664,5.287970229,0.481615264,1.843916103,0.737256063,0.399831675,0.054201088,0.01244122,0.229538196,0.054277115,0.012438731,0.22917083,0.111134462,0.017169126,0.154489663,0.111024775,0.017164014,0.154596255,3.284759313,0.634061039,0.193031202,3.280705214,0.633824465,0.193197628,10.97210683,5.281309304,0.481339581,10.98696014,5.294390496,0.481879467,1.845439564,0.736613421,0.39915337,1.842442346,0.737872717,0.400486191,0.189618732,0.032412033,0.170932655,0.124022381,0.008060396,0.064991462,0.154948701,0.003905164,0.025202945,7.684283507,1.438286375,0.187172477,2.086808991,0.171587217,0.082224688,0.187338229,,,0.192685615,0.04930046,0.255859576,0.123455253,,,0.124785069,0.012260299,0.09825133,0.154673935,,,0.155318215,0.005939965,0.038243843,7.58308603,,,7.820376664,2.187711548,0.279745036,2.098881825,,,2.07057311,0.260993459,0.126048898,animal,2cm,Caloria indica,12_CaloriaIndica_5_NP_D_RAW_AOB,animals_on_background,NP,D,colour_defence_2024
0.271928273,0.62367105,2.29351308,0.619128718,2.32685956,1.51045439,3.331854211,2.205862179,0.464957555,1.977865017,0.138141819,0.383395352,2.77537501,1.959128149,8.930113717,0.135084551,0.351422282,2.601498689,1.646225442,7.358023699,0.775282302,2.005635736,2.586974745,1.581718713,7.069896814,0.717683313,1.858217897,2.589189221,1.642313972,7.647403968,0.436257174,2.85318559,0.407597941,2.66567367,0.126936841,1.107582828,0.569184979,1.122100625,0.539616336,0.267267391,0.554400658,0.062276483,2.843580558,2.86230938,0.406225794,0.40890134,2.695001439,2.630557395,0.128333402,0.125264638,1.103241257,1.111689113,0.566953853,0.620445507,1.124926539,1.094389799,0.578097884,0.562405104,0.267279598,0.267082989,0.572525868,0.591425306,0.065920398,0.058694057,227.2483491,14.16981132,16.0375,0.469085486,0.099352545,0.034795925,0.350226815,0.160047159,0.037865095,0.236587109,4.226740657,0.689537622,0.16313696,16.03950295,9.94661565,0.620132412,1.906346622,1.208596557,0.633985731,0.099977826,0.034987798,0.349955584,0.099520534,0.034954028,0.351224285,0.1604625,0.038078739,0.237306153,0.160074105,0.038041594,0.237649893,4.233487973,0.691780045,0.16340664,4.226763171,0.69169901,0.163647449,16.06807084,9.957424211,0.619702534,16.01163274,9.935967379,0.620546795,1.905099189,1.207387014,0.633765958,1.90756359,1.20977395,0.634198491,0.210988105,0.070515716,0.334216549,0.138870036,0.046235252,0.332939009,0.094901911,0.0322602,0.339932037,8.619228553,3.071072609,0.356304812,1.656728212,0.617856159,0.372937549,0.212864387,0.07646264,0.359208231,0.208916377,0.065850087,0.315198298,0.140497728,0.048224693,0.343241803,0.137072793,0.045545034,0.332268958,0.096220197,0.033857564,0.351875854,0.093446304,0.031505365,0.337149392,8.707102975,3.347820116,0.384492997,8.522200546,2.843798702,0.333693004,1.669394675,0.645159887,0.386463367,1.642742325,0.608484564,0.370407796,animal,2cm,Caloria indica,12_CaloriaIndica_4_NP_D_RAW_AOB,animals_on_background,NP,D,colour_defence_2024
0.18346864,0.357881823,1.950643026,1.102164451,4.592721958,1.210752369,2.228607173,1.840679589,0.840587933,3.824985031,0.093669069,0.225143924,2.403610137,2.729533809,15.18004822,0.092161224,0.212549734,2.306281585,2.62822344,15.65450273,0.6322092,1.429794839,2.261584994,2.424368522,13.79494677,0.556355115,1.252181955,2.250688314,2.474439119,14.66593078,0.449606987,2.024542698,0.674847566,1.044587483,0.348195828,0.731352041,0.665705316,0.105033214,0.151530897,0.511521697,0.408618107,0.036380474,2.02568018,2.023364298,0.675226727,0.674454766,1.05513046,1.032249675,0.351710153,0.344083225,0.731848269,0.730848605,1.055833869,1.054391658,0.123600198,0.081510411,0.112505749,0.074193973,0.51346844,0.509268996,0.584169809,0.564292816,0.039638202,0.033157895,706.4631938,24.22818792,29.15873016,0.453822562,0.099056383,0.029608812,0.298908678,0.135317705,0.004559005,0.033691121,3.706143886,0.492579487,0.132908895,14.02438646,6.892543803,0.491468474,1.431704834,0.578095633,0.403781296,0.099551717,0.029430046,0.295625703,0.099376295,0.029402418,0.295869537,0.135324377,0.004398705,0.032504895,0.135351807,0.004390121,0.032434889,3.703172101,0.489687797,0.132234685,3.706368486,0.489391604,0.132040731,14.03403475,6.902248889,0.491822132,14.01490623,6.882974688,0.491118141,1.430421605,0.577934207,0.404030675,1.432965709,0.578250042,0.403533761,0.234764955,0.021607392,0.092038405,0.024898598,0.013359724,0.536565284,0.108391191,0.018627322,0.171852733,9.571977143,0.941839441,0.098395496,1.358506083,0.164791328,0.121303342,0.235290751,0.023906225,0.101602912,0.234143182,0.018485814,0.078950896,0.025223694,0.014781079,0.58599975,0.02451416,0.01142967,0.466247684,0.108844469,0.020609103,0.189344513,0.107855171,0.015936269,0.147756189,9.594895901,1.042042735,0.10860386,9.544874804,0.805773716,0.084419517,1.362516121,0.182323652,0.133813941,1.353764053,0.140984243,0.104142404,animal,2cm,Caloria indica,12_CaloriaIndica_3_NP_D_RAW_AOB,animals_on_background,NP,D,colour_defence_2024
0.208370541,0.440388317,2.113486465,1.040174613,4.224092308,0.962800131,1.909300254,1.983070205,0.763553075,3.499536522,0.110816601,0.276414504,2.494342025,2.161430121,10.48073432,0.09925514,0.240250133,2.420530901,2.28084536,12.60740155,0.528768665,1.218079183,2.303614535,1.761487994,8.817273064,0.423336876,0.980172148,2.315347903,1.973727475,10.97033347,0.601788533,2.019359275,0.504839819,1.045814906,0.174302484,0.723924233,0.52220095,0.12154247,0.110632724,0.339571152,0.316416837,0.030119977,2.019887912,2.018839163,0.504971978,0.504709791,1.048574495,1.04164859,0.174762416,0.173608098,0.724680506,0.723159115,0.659632623,1.043298069,0.127553626,0.099623389,0.092010492,0.071863085,0.339867197,0.339158945,0.375821558,0.557580577,0.035666218,0.02460251,1071.945065,27.03773585,39.6462585,0.405460652,0.06471891,0.012489889,0.1929867,0.093256428,0.004091486,0.043873502,2.748271922,0.094106536,0.034242076,11.8017414,7.441755079,0.630564154,1.628060054,0.854246269,0.52470194,0.064741746,0.012422976,0.191885089,0.064751573,0.012393851,0.19140618,0.093234591,0.003830856,0.041088359,0.093246628,0.0038409,0.041190769,2.748034617,0.090672285,0.032995321,2.748293176,0.090516964,0.032935702,11.80316114,7.442236576,0.630529101,11.80034504,7.44128113,0.630598606,1.627898112,0.854220892,0.524738548,1.628219328,0.854271187,0.524665917,0.167063725,0.044533379,0.266565223,0.02842895,0.02403941,0.845596142,0.026199802,0.014358824,0.548050887,6.763536901,2.029177714,0.300017246,1.498248373,0.115618658,0.07716922,0.168565864,0.054596806,0.323890052,0.164897376,0.026648343,0.161605621,0.028108774,0.021207199,0.754469027,0.0288907,0.031878178,1.103406206,0.026067699,0.013028886,0.499809597,0.026390317,0.018569274,0.703639667,6.835388849,2.508635355,0.367006971,6.659913684,1.126977476,0.16921803,1.492314168,0.150006673,0.100519499,1.506806547,0.003329691,0.002209766,animal,2cm,Caloria indica,12_CaloriaIndica_2_NP_D_RAW_AOB,animals_on_background,NP,D,colour_defence_2024
0.265648263,0.576625555,2.170635521,1.60735912,8.584053868,1.422490388,2.783891849,1.957054946,0.788802422,3.755982235,0.122957094,0.328316426,2.670170674,2.995823811,18.70777485,0.144331318,0.37136326,2.57299154,3.701449227,30.38058737,0.709432611,1.733329052,2.443261028,2.454413273,14.67978792,0.702629673,1.59408056,2.26873504,1.786496423,8.751106262,0.519864871,2.464599303,0.410766551,1.444408067,0.096293871,1.034441441,0.577332761,0.598241109,0.33388472,0.253530211,0.455608741,0.052881699,2.46452915,2.46454517,0.410754858,0.410757528,1.367884592,1.521635501,0.091192306,0.101442367,1.030728981,1.037789247,0.938209951,0.579201207,0.503246235,0.660648105,0.280867072,0.368714728,0.250973582,0.256099948,0.609538511,0.473957967,0.053228801,0.052548086,320.6997513,17.78682171,18.03018868,0.496602634,0.049882461,0.01575962,0.315935088,0.14114907,0.035607835,0.252271129,4.215230949,1.041044536,0.246972123,19.90024078,13.27234818,0.6669441,2.531435044,1.103448409,0.43589837,0.049941962,0.015627323,0.312909681,0.050008704,0.015701745,0.313980235,0.140313407,0.035675091,0.254252901,0.140895482,0.035416783,0.251369191,4.190608328,1.046163211,0.249644712,4.208924587,1.036518622,0.246266855,19.87510624,13.26672094,0.667504404,19.9243811,13.27769683,0.66640448,2.536339285,1.10588755,0.436017199,2.526724797,1.101075987,0.435772027,0.22720973,0.046618146,0.205176715,0.144675482,0.200035985,1.382652969,0.115621288,0.2190301,1.894375198,9.27420649,2.075204243,0.223760841,1.519802283,0.878376604,0.577954524,0.227080715,0.057033912,0.251161407,0.227335338,0.041898738,0.184303673,0.138575317,0.215873067,1.557803164,0.150614511,0.20637306,1.370207019,0.108631524,0.237644084,2.187616228,0.122426417,0.224904724,1.837060417,9.274793743,2.561904043,0.276222212,9.273634749,1.840435824,0.198458951,1.493315364,0.942748653,0.631312498,1.545589546,0.910414468,0.58904026,animal,2cm,Caloria indica,12_CaloriaIndica_1_NP_D_RAW_AOB,animals_on_background,NP,D,colour_defence_2024
0.900329313,1.94779492,2.163424975,2.656727002,11.88927082,1.005173471,1.933021313,1.923072354,2.437680463,13.19630444,0.502224494,1.357119558,2.702216986,4.416203341,27.89529151,0.405574072,1.09021447,2.688077336,4.561663048,30.34691122,0.541186487,1.242326767,2.295561321,3.841209081,26.56511163,0.464464559,1.186158766,2.553819756,5.080267395,44.59213111,0.22302084,4.350136452,0.435013645,6.486865323,0.144152563,1.717603292,0.745945632,2.403778881,0.676102266,0.289583104,0.711023949,0.067394389,4.337089212,4.362739448,0.433708921,0.436273945,6.366436493,6.598858711,0.141476367,0.146641305,1.716186938,1.718963293,0.499765094,0.483486641,2.369343377,2.427235888,1.028992754,1.054135152,0.287592644,0.291457625,0.764378924,0.768810897,0.0750621,0.059766982,193.8501025,12.32230245,15.7316462,0.439235938,0.100908893,0.031017977,0.307385958,0.164794934,0.147055831,0.892356501,4.588049577,4.441998023,0.968166963,10.61185259,6.356314842,0.59898258,7.123789302,4.50401389,0.632249734,0.101333786,0.031093354,0.306840936,0.101314912,0.031153781,0.30749453,0.164133495,0.147222962,0.896970855,0.164114024,0.14711636,0.896427717,4.56422104,4.448425993,0.974629834,4.56418307,4.444794364,0.973842262,10.61228004,6.354021178,0.598742321,10.61143431,6.358558502,0.599217628,7.127118366,4.505043,0.632098805,7.120531608,4.503003967,0.63239716,0.134883829,0.096629953,0.716393902,0.339786397,0.251101825,0.73899905,0.369897445,0.238078845,0.643634737,5.500518457,4.07855989,0.741486448,5.930323472,3.890075275,0.655963421,0.13345721,0.092030423,0.689587493,0.136666121,0.102253142,0.748196708,0.336841478,0.251298559,0.746043986,0.343465517,0.251402009,0.731957058,0.365802238,0.238014742,0.65066508,0.375013632,0.238620504,0.636298214,5.431788636,3.855950592,0.709885979,5.586383375,4.347198282,0.778177578,5.885191715,3.91265895,0.66483118,5.98670707,3.870300987,0.646482439,animal,2cm,Ceratosoma amoenum,14_CeratosomaAmoenum_8_NF_D_RAW_AOB,animals_on_background,NF,D,colour_defence_2024
0.748358497,1.590247133,2.124980392,3.338478147,17.91908923,1.252890467,2.345882032,1.872375993,2.644393711,14.64247966,0.424800664,1.189948093,2.8011917,5.154100204,36.69286359,0.333272827,0.880309129,2.64140685,5.778624873,49.29064129,0.69602443,1.631446093,2.343949469,4.166937581,31.12525567,0.558894199,1.375818612,2.461679893,5.069085137,43.10566042,0.255124212,7.726066078,0.48287913,22.79359211,0.189946601,2.291564648,0.826507238,3.495321932,0.84044727,0.336412865,0.833477254,0.077724446,7.681983233,7.768212913,0.480123952,0.485513307,23.15723056,21.73685335,0.192976921,0.181140445,2.288552634,2.294416665,0.552372246,0.562696651,3.50549669,3.448881124,1.264340672,1.243920923,0.336550437,0.333326876,0.908356459,0.903308787,0.087111632,0.068397404,142.7356951,10.47952317,13.62043796,0.434835688,0.070243629,0.032070409,0.456559692,0.149047063,0.079804381,0.535430748,4.125195292,2.645624903,0.64133325,11.90197905,8.821253503,0.741158547,6.472995025,4.464528247,0.689716002,0.070364799,0.032236386,0.458132277,0.070470114,0.032218965,0.457200415,0.148311982,0.078881159,0.531859653,0.148709526,0.079461795,0.53434233,4.089552977,2.615334996,0.639516106,4.107500588,2.634263223,0.641329969,11.90689753,8.81994374,0.74074239,11.89719026,8.822525735,0.74156381,6.475185655,4.467748303,0.689979954,6.470862155,4.461389758,0.689458321,0.16551329,0.115508647,0.697881403,0.224948408,0.171207286,0.761095787,0.237485172,0.183798488,0.773936688,6.799991111,4.924925626,0.724254715,4.085482018,2.972600356,0.727600891,0.164219762,0.113303043,0.689947676,0.167150186,0.118317078,0.707848915,0.229276736,0.176518124,0.769891126,0.219471125,0.164215283,0.748231838,0.240266001,0.190450526,0.792665317,0.233966173,0.175105144,0.748420772,6.742683213,4.835490175,0.717146279,6.872511398,5.03900631,0.733211779,4.196512139,3.100546593,0.738838943,3.944978938,2.798347512,0.709344094,animal,2cm,Ceratosoma amoenum,14_CeratosomaAmoenum_7_NF_D_RAW_AOB,animals_on_background,NF,D,colour_defence_2024
0.539415761,1.125704022,2.08689494,2.148660845,10.47798226,1.023089709,1.919998588,1.876666895,1.304467032,5.281036975,0.29985118,0.803617351,2.680053985,3.921333306,25.62753764,0.24729156,0.626089925,2.531788486,4.012273861,28.48550628,0.5493081,1.288381584,2.345462561,2.747967416,14.27633082,0.4759784,1.094549396,2.29957787,2.953140149,17.7274943,0.214321002,2.222238012,0.317462573,5.46640506,0.260305003,1.17284997,0.602725655,1.8336904,0.834548466,0.288883788,0.718637061,0.036163691,2.21377649,2.230605274,0.316253784,0.318657896,5.467683408,5.335047655,0.260365877,0.254049888,1.16861002,1.176968253,0.53185734,0.535661336,1.824103925,1.819959195,0.937403983,0.935274014,0.28830983,0.286353892,0.734630662,0.735467675,0.039205571,0.033138068,715.0229202,24.50657895,29.17677419,0.456502389,0.115421174,0.038188979,0.330866316,0.0976698,0.050859529,0.520729322,2.397524402,1.338486273,0.558278477,12.27685764,7.336606179,0.597596421,3.700521565,2.159110279,0.583461072,0.115662918,0.037453765,0.323818257,0.11581087,0.037709607,0.325613709,0.096960727,0.050357058,0.519355199,0.096895924,0.050386157,0.520002858,2.374706978,1.316938446,0.55456882,2.376415977,1.32306348,0.556747427,12.27291878,7.330549731,0.597294732,12.28075086,7.342585121,0.597893826,3.698627961,2.159584209,0.583887926,3.702393227,2.158639834,0.583039051,0.208410224,0.099295554,0.476442817,0.334479814,0.145389525,0.434673541,0.3650254,0.15344747,0.420374773,8.539135876,4.164484378,0.487693888,3.739320437,2.029198192,0.542664965,0.205319433,0.097678265,0.475738041,0.212047386,0.101029476,0.476447636,0.326718581,0.145624665,0.445718957,0.343613033,0.144512976,0.42056896,0.359926052,0.152372131,0.42334288,0.371026181,0.154460945,0.416307402,8.405379594,4.085881193,0.486103114,8.696536818,4.249060734,0.488592278,3.820247033,2.061169396,0.539538249,3.644088107,1.986172408,0.545039623,animal,2cm,Ceratosoma amoenum,14_CeratosomaAmoenum_6_NF_D_RAW_AOB,animals_on_background,NF,D,colour_defence_2024
0.443814671,1.005154349,2.264806495,3.463913312,20.82053864,0.805628023,1.464803335,1.818212987,1.666258918,8.465205237,0.249735647,0.687438702,2.752665509,5.418592232,44.73950882,0.19787117,0.604996471,3.057527131,6.771990766,64.26899375,0.437680531,0.916617778,2.094262167,2.635011513,16.19772306,0.366834337,0.868370033,2.367199429,4.255499926,34.85375728,0.170410292,1.67807277,0.279678795,3.155544805,0.210369654,0.76367188,0.426213391,1.360444986,0.845291996,0.245024224,0.635752694,0.024854456,1.678843972,1.677311704,0.279807329,0.279551951,3.06992126,3.243203164,0.204661417,0.216213544,0.764213847,0.763107356,0.47483276,0.474145259,1.340618519,1.378075261,0.748213442,0.769118448,0.242234373,0.247882747,0.611523101,0.621631853,0.025702691,0.024017791,1540.358313,37.90643275,40.63580247,0.482624828,0.111984339,0.021723716,0.19398888,0.054318226,0.060992913,1.122881163,1.354587359,1.655841839,1.222395756,6.628203318,4.832021075,0.729009182,6.083610463,3.595635533,0.59103645,0.112468187,0.021404455,0.190315641,0.112489997,0.021374631,0.190013614,0.052727466,0.058408813,1.107749299,0.052790485,0.058637309,1.110755248,1.311035333,1.583067872,1.207494437,1.313129354,1.591823645,1.212236739,6.629151841,4.832293595,0.728945982,6.627269347,4.831752503,0.729071394,6.083574386,3.595358535,0.590994423,6.083645986,3.59590826,0.591077829,0.170910124,0.11122761,0.650795912,0.604843733,0.193191947,0.319408033,0.62993676,0.191099993,0.303363775,6.968983395,4.569887103,0.655746591,4.356354471,3.736469721,0.857705622,0.170200693,0.109667593,0.644342813,0.171658969,0.112844854,0.657378141,0.604151685,0.194249379,0.321524187,0.605574228,0.192066071,0.317163548,0.628837674,0.192358669,0.305895587,0.631096907,0.189753701,0.300672843,6.937170577,4.501910646,0.648954872,7.002563592,4.640264139,0.662652196,4.349701441,3.749416159,0.861993912,4.363377114,3.722739068,0.853178392,animal,2cm,Ceratosoma amoenum,14_CeratosomaAmoenum_27_NF_D_RAW_AOB,animals_on_background,NF,D,colour_defence_2024
0.837533181,2.17482052,2.596697743,3.310125938,16.72884441,0.9944591,2.256322994,2.268894712,3.023529159,17.7280164,0.467611989,1.498019398,3.203552165,5.119060696,35.67217724,0.376749343,1.331527999,3.534254333,6.067123152,47.832935,0.56728102,1.650854465,2.910117574,5.181664768,42.47887626,0.427803037,1.209462676,2.827148409,4.902253305,39.12388435,0.250957909,3.926968858,0.170737776,22.36442943,0.088396954,2.018523762,0.643765743,3.614768844,0.818035581,0.129567365,0.730900662,0.059270439,3.89772673,3.955809284,0.16946638,0.171991708,21.63444027,22.86517409,0.085511622,0.090376182,2.012162462,2.024662434,0.460507261,0.460731792,3.578189674,3.622891778,1.141188415,1.155445212,0.127489001,0.131183945,0.800847838,0.808088502,0.067812044,0.050759249,257.0738152,13.74664302,18.70084317,0.423658182,0.073648534,0.032071561,0.435467742,0.230066922,0.077591914,0.337258015,5.803733863,2.477881466,0.426946087,10.63894327,7.840984977,0.737007875,8.649455236,5.285409076,0.611068435,0.073679222,0.031666931,0.429794588,0.073859289,0.03199103,0.433134823,0.231263645,0.076294309,0.329901873,0.230372225,0.076624216,0.332610477,5.820276139,2.443157024,0.419766514,5.797344984,2.444532426,0.42166413,10.62658506,7.830417591,0.736870551,10.65103625,7.851292115,0.737138803,8.657214616,5.287761841,0.61079251,8.641862385,5.283094256,0.611337466,0.183835859,0.105173741,0.572106775,0.227945947,0.157615105,0.691458247,0.238631112,0.169605182,0.710742117,7.549838968,4.545272964,0.60203575,6.367637341,4.803159274,0.754307919,0.186948518,0.108615909,0.580993688,0.179692297,0.100320398,0.558289917,0.2342378,0.162775368,0.694915033,0.219570251,0.150152832,0.683848705,0.242718935,0.172820573,0.712019329,0.233189413,0.1651681,0.708300163,7.689698514,4.712282466,0.61280458,7.363658316,4.30856615,0.585112177,6.257766422,4.725923088,0.75520925,6.513897212,4.902832333,0.752672659,animal,2cm,Ceratosoma amoenum,14_CeratosomaAmoenum_26_NF_D_RAW_AOB,animals_on_background,NF,D,colour_defence_2024
1.022392018,2.254001781,2.204635542,3.486663434,17.21351168,1.303206673,2.322812778,1.782382508,2.3351302,9.193163214,0.5961671,1.730981558,2.903517415,5.001697338,32.05726207,0.434995331,1.238373608,2.846866434,5.935885678,46.67887669,0.712450517,1.719110823,2.4129547,3.892853909,20.95494378,0.590075227,1.363128975,2.310093549,3.945775714,22.07048496,0.20452291,3.191143409,0.227938815,9.837957551,0.108109424,1.739019006,0.658954615,2.899603101,0.761717938,0.168024119,0.710336276,0.07400634,3.17872464,3.203184958,0.22705176,0.228798926,8.326662631,11.93259506,0.091501787,0.131127418,1.735070003,1.742746549,0.458505036,0.469291162,2.790554803,2.978466622,1.057405905,1.128610049,0.159276774,0.179963172,0.75795547,0.798950605,0.081705875,0.066356087,158.1353718,11.23902196,14.07020757,0.444068119,0.117261736,0.040252721,0.343272427,0.148459435,0.122170544,0.822922056,4.006678879,3.890403808,0.970979688,11.58120321,7.031074011,0.60711084,8.171055537,5.774042226,0.706645818,0.118125118,0.040118329,0.339625729,0.118207971,0.040109747,0.339315082,0.144969362,0.12028439,0.829722831,0.1463615,0.121281726,0.828645008,3.890015854,3.82456398,0.983174394,3.93680916,3.859461655,0.980352742,11.58479536,7.030108405,0.606839239,11.57769273,7.032015626,0.607376253,8.174516113,5.781625873,0.707274387,8.167673641,5.766619205,0.706029582,0.194596774,0.090299872,0.464035811,0.315283283,0.212346383,0.673509808,0.349389658,0.24532187,0.702144053,7.957345886,3.820854711,0.480166976,5.987810499,4.384630185,0.732259344,0.194936352,0.087638318,0.449574013,0.19418132,0.093581144,0.481926604,0.334418046,0.219406746,0.656085246,0.291872986,0.201154255,0.689184215,0.371181449,0.252957505,0.681492854,0.322728638,0.233169115,0.722492793,7.966841613,3.705586138,0.465126121,7.945728404,3.962775514,0.4987303,6.420221453,4.561162836,0.710436995,5.458780247,4.101603096,0.751377214,animal,2cm,Ceratosoma amoenum,14_CeratosomaAmoenum_25_NF_D_RAW_AOB,animals_on_background,NF,D,colour_defence_2024
0.245600239,0.425823368,1.733806812,1.162455273,5.192224362,0.853793707,1.37940914,1.615623456,0.761515583,3.856508296,0.118470691,0.262066218,2.212076391,2.826451308,16.13623044,0.131251264,0.257119821,1.958989291,2.378378903,14.07338904,0.431278388,0.789052134,1.829565674,1.610480863,9.333776337,0.417630725,0.801952838,1.920243864,1.910970568,10.37896368,0.176593153,2.133893432,0.533473358,2.694235589,0.449039265,0.924661033,0.667001943,1.042873701,0.949264551,0.491256311,0.808133247,0.021059849,2.144172173,2.123848708,0.536043043,0.530962177,2.547480106,2.777236762,0.424580018,0.462872794,0.92950103,0.919854179,0.846068299,0.837287356,1.014849722,1.057116267,0.73205933,0.762548198,0.48031153,0.496917485,0.789063815,0.799917777,0.019432877,0.022648084,2177.507849,50.45918367,43.15384615,0.539018807,0.106906574,0.024761256,0.231615844,0.058426745,0.052652712,0.901174831,1.460528471,1.175613655,0.804923477,11.94783701,6.624798501,0.554476806,2.486657151,0.718445491,0.288920204,0.107338065,0.024292498,0.226317647,0.107627267,0.023960109,0.222621177,0.057709991,0.052342709,0.906995617,0.057217942,0.052119919,0.910901671,1.443846463,1.167122569,0.808342576,1.432381306,1.160974785,0.81052076,11.94634305,6.622872016,0.554384885,11.94930019,6.626684327,0.55456673,2.484307215,0.720870453,0.290169609,2.488958683,0.716052552,0.287691619,0.243605649,0.133322421,0.547287886,0.511274064,0.321075659,0.627991289,0.471671231,0.265650405,0.563210957,10.07555257,5.693736832,0.565104176,2.365109787,0.571598782,0.241679598,0.232890187,0.132404099,0.568525881,0.252580992,0.133094572,0.526938194,0.537724299,0.304467205,0.566214332,0.489119167,0.331928403,0.678624812,0.493213086,0.251791197,0.510511996,0.453627625,0.274782636,0.605744934,9.616675817,5.652400785,0.587770753,10.45991087,5.685536375,0.543554954,2.41234496,0.542097858,0.224718217,2.325545284,0.590841372,0.254065735,animal,2cm,Ceratosoma amoenum,14_CeratosomaAmoenum_24_NF_D_RAW_AOB,animals_on_background,NF,D,colour_defence_2024
0.720164846,1.776173585,2.466343082,3.801228938,19.58011253,0.830253212,1.862643793,2.243464724,4.469228569,34.67717802,0.369136708,1.144996475,3.101822305,5.846129986,43.25383753,0.356284048,1.147879287,3.221809374,6.187315204,48.44449555,0.413789734,1.197760154,2.894610605,7.36722408,88.31669963,0.416125672,1.197747302,2.878330712,6.803967969,72.91663491,0.28891968,4.082599354,0.314046104,14.91228751,0.191183173,1.805868979,0.704056388,3.030830856,0.791620458,0.252614639,0.747838423,0.047496209,4.074261248,4.090920841,0.313404711,0.314686219,15.36079924,14.24008132,0.196933324,0.182565145,1.803918958,1.807791205,0.473884659,0.474901888,3.036175022,3.003183653,1.183717337,1.17085495,0.255169017,0.248625682,0.828800998,0.822878419,0.048072272,0.046921211,402.2248781,19.80201258,20.31232313,0.4936393,0.076231396,0.032284065,0.423500904,0.201372908,0.117332968,0.582665115,5.410837224,3.842581527,0.710163948,13.2746377,8.62525346,0.64975434,7.078684965,4.713177466,0.665826702,0.076522287,0.032068842,0.419078463,0.07651013,0.032183859,0.420648337,0.200576711,0.117323602,0.584931326,0.200514907,0.117293636,0.584962174,5.376306192,3.83975257,0.714199012,5.374811133,3.83834714,0.714136189,13.27219321,8.621847466,0.649617386,13.27707472,8.628646973,0.649890669,7.079617548,4.714311036,0.665899112,7.077755228,4.712046885,0.665754428,0.189790427,0.11174085,0.58875915,0.293930542,0.166421764,0.566194186,0.331189801,0.196534664,0.593420039,7.814305898,4.859707321,0.621898782,6.766131143,4.55159261,0.672702393,0.186349434,0.111141067,0.596412153,0.193309322,0.112294946,0.580908073,0.293148248,0.164727711,0.561926303,0.294730547,0.168214957,0.570741507,0.330080245,0.194567335,0.589454648,0.332324476,0.198617008,0.597659885,7.668149411,4.829307573,0.629787882,7.963771305,4.888392232,0.613828806,6.778211023,4.507876575,0.665054033,6.75377778,4.598086559,0.680816975,animal,2cm,Ceratosoma amoenum,14_CeratosomaAmoenum_23_NF_N_RAW_AOB,animals_on_background,NF,N,colour_defence_2024
0.918635034,2.112631533,2.299750669,3.020236344,14.5507839,1.102830343,2.066145169,1.873493218,1.808355482,7.064142688,0.495673142,1.464890452,2.955355711,4.732213238,30.47877459,0.430337612,1.310568637,3.045442931,5.516364841,41.81449963,0.611600014,1.455824645,2.380354172,3.267476315,16.88662249,0.491074303,1.205371085,2.454559481,3.654599139,20.49990425,0.233132363,6.292945858,0.419529724,15.60589086,0.148627532,2.153258056,0.795132253,3.141273147,0.835178414,0.284078628,0.815155333,0.083384629,6.253330679,6.331694857,0.416888712,0.42211299,15.98664219,15.04274048,0.152253735,0.143264195,2.149810388,2.156579371,0.578906333,0.576985018,3.141372672,3.12379842,1.160012717,1.153523084,0.284571224,0.282688593,0.869459525,0.865254051,0.090221713,0.076591542,121.5731119,10.08380634,12.05627198,0.455454863,0.097127388,0.032464863,0.334250341,0.165794923,0.086182696,0.519815046,4.293903176,2.826679843,0.658300788,11.0458057,8.68549936,0.786316508,7.330780687,5.735720278,0.782416024,0.097628441,0.032383578,0.331702292,0.097455179,0.032531323,0.33380805,0.165352063,0.085316755,0.515970306,0.165183296,0.085046127,0.514859125,4.266639861,2.795928193,0.655299787,4.264857188,2.787685306,0.65364095,11.04353889,8.684648403,0.786400853,11.04802468,8.686331667,0.786233913,7.335117338,5.741998207,0.782809319,7.326535543,5.729564749,0.782029203,0.141975706,0.081436101,0.573591806,0.27717069,0.174205085,0.628511928,0.310023908,0.194878877,0.628593061,5.762965115,3.382565737,0.586948848,4.890739103,3.499090288,0.715452248,0.144571379,0.082232989,0.568805453,0.138937784,0.080464474,0.579140329,0.277790977,0.176717449,0.636152588,0.27644472,0.171387439,0.619970022,0.311450657,0.197084007,0.632793677,0.308354071,0.192443978,0.624100655,5.869678389,3.410327496,0.581007556,5.638070135,3.348669682,0.59393899,4.905537025,3.459743659,0.705273172,4.873419926,3.547805979,0.727991027,animal,2cm,Ceratosoma amoenum,14_CeratosomaAmoenum_21_NF_N_RAW_AOB,animals_on_background,NF,N,colour_defence_2024
0.813449709,1.661808421,2.042914767,3.179652755,15.66772797,1.252412359,2.251993948,1.79812498,2.41127862,10.47800213,0.417516788,1.065334513,2.551596827,5.068621961,35.82289647,0.402959175,1.112765498,2.761484455,5.10620506,35.89776506,0.636404616,1.468145921,2.306937887,4.066848761,24.9760638,0.615494047,1.46183435,2.375058473,4.004238308,24.01979729,0.188150957,4.189822886,0.24646017,12.29576523,0.090410038,1.905909672,0.67270249,3.021657913,0.764735898,0.168435104,0.718719194,0.076780252,4.192522844,4.187055078,0.246618991,0.246297358,11.33347518,13.26814735,0.083334376,0.097559907,1.907429911,1.904353696,0.487581466,0.486795117,2.942583695,3.07869737,1.038602935,1.08664509,0.164976684,0.171928632,0.7630922,0.786720103,0.078346493,0.075218818,144.6307365,11.76381323,12.29454546,0.4889699,0.157218977,0.049525322,0.315008549,0.106005797,0.111166854,1.048686554,2.76548734,3.050519039,1.103067439,11.12644715,7.086294891,0.636887481,6.212614074,4.1173035,0.662732861,0.157800559,0.048800883,0.309256715,0.158287724,0.049218939,0.310946026,0.103946048,0.109800786,1.056324782,0.103523004,0.109372475,1.056504068,2.706028759,3.008909945,1.111928295,2.693071139,2.995783851,1.112404276,11.10840371,7.074590501,0.636868328,11.14437436,7.097856512,0.636900402,6.214968123,4.118916817,0.662741423,6.210275187,4.115698533,0.662724019,0.164171931,0.10321967,0.628729099,0.645174087,0.299926075,0.464876196,0.636046862,0.289166201,0.454630339,6.703218617,4.299543616,0.641414798,4.572855793,2.90024505,0.634230595,0.162054523,0.101267663,0.624898715,0.166370614,0.105243269,0.632583285,0.658127448,0.291153617,0.442397013,0.631723525,0.308417629,0.488216152,0.647357896,0.281543207,0.434911212,0.624301667,0.296634548,0.475146172,6.610645025,4.204666455,0.636044809,6.79934554,4.397154637,0.646702629,4.447511492,2.838876159,0.638306649,4.703011289,2.959166871,0.62920684,animal,2cm,Ceratosoma amoenum,14_CeratosomaAmoenum_20_NF_D_RAW_AOB,animals_on_background,NF,D,colour_defence_2024
0.604869316,1.25007263,2.066682169,2.276107685,11.60106007,1.057788965,1.976943052,1.868939001,1.639079349,7.574636126,0.334854321,0.889440998,2.656202839,4.106488228,28.45833807,0.276847158,0.687933591,2.484885873,4.065799184,29.39945464,0.627518972,1.455912331,2.320108868,3.15331724,18.78140875,0.429869853,0.973947673,2.265680336,3.159407669,19.61657869,0.196042675,4.266890446,0.355574204,6.422356783,0.097308436,1.728326955,0.695529933,2.366359299,0.765553801,0.22644132,0.730541867,0.052500145,4.274343298,4.259453161,0.356195275,0.35495443,6.465353347,6.192973001,0.097959899,0.093832924,1.728975993,1.727644694,0.567897274,0.558919756,2.366191858,2.329811929,0.952225653,0.937585293,0.227077587,0.224393677,0.760061464,0.748252525,0.060437956,0.04464853,332.6378812,15.54589372,21.39715395,0.420807018,0.13955685,0.055645066,0.398726872,0.074686938,0.06934422,0.928465165,2.02031117,1.804158144,0.893010033,11.85911239,8.074311457,0.680852933,4.996674398,3.188975673,0.638219627,0.139888858,0.055874482,0.39942053,0.13968144,0.055712886,0.398856757,0.073564157,0.06770409,0.920340726,0.073809647,0.068115994,0.922860314,1.990537231,1.76029438,0.884331301,1.99774703,1.772010972,0.887004683,11.86930734,8.083644983,0.681054484,11.84919482,8.065208011,0.68065452,4.997843708,3.189747072,0.638224654,4.995536901,3.188224633,0.638214609,0.178220633,0.092518258,0.519122034,0.466761946,0.244025077,0.522804139,0.457171988,0.24609372,0.53829571,7.277033475,3.903990093,0.536480986,3.147349145,2.443004433,0.776210176,0.183982368,0.096398611,0.523955705,0.170506021,0.086587516,0.507826737,0.453939006,0.254854646,0.561429273,0.483931082,0.227974026,0.471087793,0.445113755,0.256083995,0.575322583,0.473317228,0.231445189,0.488985347,7.524692007,4.084473572,0.542809402,6.94543376,3.627684987,0.522312229,3.160842035,2.488755895,0.787371171,3.129282985,2.384191074,0.761896922,animal,2cm,Ceratosoma amoenum,14_CeratosomaAmoenum_19_NF_D_RAW_AOB,animals_on_background,NF,D,colour_defence_2024
0.587669951,1.147312622,1.952307788,2.728472202,14.26066456,1.373527162,2.332073253,1.697871958,1.737547091,7.184739003,0.315438288,0.825052483,2.615574943,4.602240771,32.21956529,0.283181921,0.684214582,2.416166188,4.681413999,36.32645708,0.729985997,1.610735477,2.206529282,3.275743683,17.88596113,0.645291713,1.401805289,2.172359043,3.362007432,19.84776542,0.180730789,5.498531227,0.549853123,9.799458241,0.217765739,1.886055673,0.819103571,2.609601054,0.800958788,0.383809431,0.81003118,0.088762273,5.464386474,5.53192926,0.546438647,0.553192926,10.07821927,9.43947287,0.223960428,0.209766064,1.881607119,1.890359244,0.584554118,0.587273119,2.623579823,2.577559398,1.13940624,1.119419823,0.385199538,0.381479495,0.861980179,0.853346471,0.09135482,0.086200755,105.4393172,9.946329913,10.60082645,0.484073306,0.090340979,0.034560824,0.382559766,0.113469989,0.049650443,0.437564535,2.877766974,1.456259699,0.506038089,9.992546008,6.827742403,0.683283559,4.842089758,2.880781137,0.594945835,0.090608776,0.034719861,0.383184302,0.090609386,0.034902309,0.385195294,0.113530361,0.049126089,0.432713226,0.113712831,0.049414136,0.434551982,2.871577043,1.4374526,0.5005795,2.879485664,1.447527811,0.502703601,9.990110517,6.820943424,0.682769566,9.994938779,6.834414593,0.683787539,4.844694203,2.884255506,0.59534315,4.839530999,2.877361075,0.594553703,0.157726164,0.103395167,0.655535926,0.244721293,0.139207324,0.568840262,0.237737359,0.154433231,0.649595973,6.438932499,4.326315344,0.671899472,2.866484499,1.649954289,0.575602027,0.157229576,0.103729548,0.659733051,0.158246146,0.103211243,0.65221963,0.248696301,0.14084183,0.566320568,0.240559032,0.13757786,0.571908935,0.242172978,0.156472513,0.646118797,0.23309279,0.152381239,0.65373639,6.417928814,4.332582876,0.675074935,6.460925615,4.326730448,0.669676561,2.913624208,1.706583086,0.585725188,2.817124159,1.589744541,0.564314688,animal,2cm,Ceratosoma amoenum,14_CeratosomaAmoenum_18_NF_D_RAW_AOB,animals_on_background,NF,D,colour_defence_2024
0.822982826,1.918208553,2.33080022,3.456758258,16.33018994,1.161086778,2.208476005,1.902076612,2.738395144,13.15117376,0.491639169,1.450598004,2.950533839,4.951449727,30.55259707,0.337796918,1.063081417,3.147102178,6.211573889,48.53427554,0.66665692,1.660738836,2.491144674,4.394667493,28.4772944,0.494137648,1.233074625,2.495407159,4.725736851,33.70446767,0.270716827,2.86607136,0.220467028,7.854791528,0.100702455,1.545767317,0.602650229,2.593488658,0.735457603,0.160584742,0.669053916,0.052029647,2.841469101,2.890271968,0.218574546,0.222328613,7.245577846,8.682611929,0.092892024,0.111315538,1.538620331,1.552648161,0.440044903,0.444056858,2.533598617,2.639457606,0.987777248,1.029048624,0.155733285,0.166822075,0.713911075,0.736552741,0.061062441,0.043045493,341.842581,15.37667921,22.23123579,0.408868165,0.079291717,0.029072082,0.366647149,0.177519191,0.077308747,0.435495151,4.638908679,2.734786913,0.589532388,11.68881083,7.046562293,0.602846807,6.742290356,4.122459731,0.611433135,0.07982916,0.028653486,0.358935086,0.079678134,0.028884252,0.362511651,0.175910562,0.076056096,0.432356621,0.176679983,0.076775381,0.434544875,4.5781148,2.691172992,0.587834318,4.60587823,2.717487008,0.590004093,11.69136763,7.036271882,0.601834798,11.68631568,7.056589158,0.603833522,6.741349969,4.124813962,0.61186765,6.743208069,4.120160743,0.611008989,0.235041525,0.099306157,0.422504734,0.239798314,0.145087349,0.605039069,0.286181794,0.177690989,0.620902492,9.680875095,4.244169148,0.438407593,6.83732828,3.996864113,0.584565191,0.233645829,0.09795297,0.419236973,0.237010737,0.101258808,0.427233001,0.241252932,0.145090398,0.601403667,0.237745969,0.145218159,0.610812288,0.28866212,0.180553552,0.625484051,0.28268226,0.173711198,0.614510434,9.618888503,4.189534791,0.435552901,9.768333053,4.323137383,0.442566542,6.998106464,4.083175697,0.583468645,6.610483548,3.86466927,0.584627318,animal,2cm,Ceratosoma amoenum,14_CeratosomaAmoenum_17_NF_D_RAW_AOB,animals_on_background,NF,D,colour_defence_2024
0.444663692,0.870925256,1.958615627,2.760827977,15.62110786,0.883807389,1.471089037,1.664490538,1.316619283,6.129119033,0.243509408,0.623710461,2.561340306,4.78725159,36.95005127,0.209228568,0.50310486,2.404570586,5.08599123,43.38656482,0.465185318,0.948425591,2.038812391,2.751062599,17.94392252,0.415456026,0.861428892,2.073453842,2.921395984,17.48132721,0.184098959,4.550063811,0.568757976,7.140006088,0.255000217,1.669496341,0.802858031,2.277627181,0.863045738,0.411879097,0.832951884,0.052470588,4.538143354,4.561264336,0.567267919,0.570158042,6.792442928,7.380570435,0.242587247,0.263591801,1.667327268,1.671495753,0.631788953,0.633368489,2.254197894,2.27115944,1.084040041,1.092196821,0.404927583,0.416874922,0.857914497,0.862782655,0.05698599,0.048006738,328.1570399,16.54817276,19.83040936,0.454887788,0.107330569,0.028808202,0.268406306,0.101163008,0.052475817,0.518725357,2.506016379,1.238404872,0.494172697,11.14149155,9.198103597,0.825572012,3.75913649,2.529141712,0.672798585,0.107801665,0.028545394,0.264795488,0.107871219,0.028440108,0.263648711,0.100682748,0.051682473,0.513320043,0.10034202,0.051797595,0.516210408,2.489203081,1.213502619,0.487506475,2.484578192,1.219207011,0.490709858,11.14647233,9.198470531,0.825236026,11.13661408,9.197741271,0.825901051,3.754081268,2.530628447,0.674100603,3.76408686,2.527673769,0.671523762,0.125199026,0.10302046,0.822853527,0.284177466,0.18694207,0.657835658,0.232788524,0.189975233,0.816085048,5.098479429,4.272506013,0.837996127,3.020192406,1.626392337,0.5385062,0.118066626,0.09760403,0.826686029,0.13356882,0.108391319,0.811501655,0.287133865,0.186355221,0.649018605,0.280708163,0.187564404,0.668182934,0.234340903,0.190955237,0.814860891,0.230966823,0.188801194,0.81743859,4.799255738,4.035737756,0.840909086,5.449615222,4.507413973,0.82710683,3.079348109,1.639222954,0.532327914,2.950773823,1.608219817,0.545016295,animal,2cm,Ceratosoma amoenum,14_CeratosomaAmoenum_16_NL_D_RAW_AOB,animals_on_background,NL,D,colour_defence_2024
0.942959476,2.269378502,2.406655385,2.828318256,13.42900199,0.99523353,1.886979967,1.896017277,1.514171041,6.033293039,0.558986552,1.729358466,3.093738943,4.474239157,27.92099174,0.388277423,1.114354388,2.869995324,5.046187792,38.61231599,0.550060678,1.30510175,2.372650514,3.000538064,15.68182147,0.442277383,1.04591433,2.364837929,3.414716938,21.03513976,0.173019402,4.723361485,0.337382963,12.3816948,0.13606258,1.956251393,0.741269002,2.96151168,0.832973771,0.236722772,0.787121386,0.063687395,4.700327009,4.745742317,0.335737643,0.338981594,13.04369902,10.97558886,0.143337352,0.120610867,1.952162171,1.960098101,0.549077653,0.560587405,2.973707392,2.883080668,1.126806666,1.0924661,0.239537498,0.22979623,0.83794216,0.826526752,0.072640592,0.054786405,220.2550447,12.7664076,17.25270347,0.425276004,0.114551085,0.037599073,0.328229737,0.154013013,0.166077621,1.078334997,4.125556167,4.684171845,1.135403726,10.88457822,7.35248842,0.675495942,9.01035983,6.250919488,0.693748042,0.115031783,0.037334015,0.324553913,0.115128864,0.03755051,0.326160694,0.150860538,0.164054177,1.087455864,0.152719589,0.166175722,1.088110071,4.034275951,4.626259614,1.146738515,4.090306007,4.689468192,1.146483462,10.88874131,7.349156852,0.674931715,10.88051758,7.3557341,0.676046342,9.008034697,6.253843081,0.694251664,9.012627743,6.248065628,0.693256818,0.143229046,0.096933411,0.67677202,0.516341904,0.240077219,0.464957845,0.498714205,0.240808674,0.482859065,5.834850338,4.036792879,0.691841717,6.544434495,4.539514521,0.693645039,0.144572049,0.098375731,0.680461621,0.14145876,0.095053648,0.671953072,0.529422527,0.247694033,0.467856995,0.499099602,0.228680514,0.458186128,0.51517575,0.247030827,0.479507872,0.477015321,0.230716629,0.483667126,5.892373,4.099749954,0.695772307,5.759026498,3.95448282,0.686658209,6.960056488,4.785513285,0.687568168,5.996579894,4.13164291,0.688999894,animal,2cm,Ceratosoma amoenum,14_CeratosomaAmoenum_14_NF_N_RAW_AOB,animals_on_background,NF,N,colour_defence_2024
0.895283149,1.828975892,2.042902175,3.069854262,14.29365262,0.970918196,1.780127274,1.833447228,3.277484372,20.73730613,0.473072026,1.236603514,2.613985705,4.907209503,32.63875273,0.431611415,1.148024787,2.659857335,5.219630605,37.09803407,0.509843922,1.176403238,2.307379154,5.589762069,56.63561858,0.460640203,1.09619568,2.379722118,5.12585298,41.49733653,0.405483698,5.245325983,0.349688399,10.64598036,0.101390289,1.931666437,0.713305254,2.977416438,0.765044686,0.225539344,0.73917497,0.070653854,5.230822225,5.259634513,0.348721482,0.350642301,10.6501697,10.54903935,0.101430188,0.100467041,1.929942604,1.933324937,0.498538464,0.5140181,2.966122953,2.95491648,1.095298363,1.091160156,0.225075835,0.225554671,0.796918413,0.802589128,0.074566102,0.066749044,173.5231235,12.41091954,13.98148807,0.470245827,0.070466251,0.027820211,0.394801915,0.181970737,0.13568435,0.745638297,5.330234605,4.287077366,0.80429431,15.63525457,15.19356047,0.971750118,5.730453591,3.783631315,0.660267334,0.070583849,0.027710977,0.392596572,0.070557113,0.027876475,0.395090926,0.181546613,0.136100459,0.749672253,0.181619209,0.135978434,0.748700727,5.317316506,4.302037657,0.809061799,5.318499828,4.297447946,0.808018818,15.63105199,15.19641731,0.972194151,15.63941403,15.19073118,0.971310763,5.73187902,3.784306753,0.660220975,5.729042788,3.782962123,0.660313121,0.158673062,0.10492336,0.661255025,0.331492888,0.200683086,0.605391831,0.36149318,0.202553587,0.560324782,6.506049484,4.556401473,0.700333049,5.48600223,3.89854319,0.710634635,0.158384971,0.107544111,0.679004519,0.158994281,0.102096807,0.642141384,0.32819565,0.19913186,0.606747408,0.335169267,0.202676219,0.604698102,0.356407072,0.201006738,0.563980778,0.367164128,0.204457287,0.556855292,6.505342302,4.718804701,0.725373775,6.506837984,4.375808394,0.672493829,5.464466967,3.866641732,0.707597238,5.51001378,3.940316913,0.715119248,animal,2cm,Ceratosoma amoenum,14_CeratosomaAmoenum_13_NF_N_RAW_AOB,animals_on_background,NF,N,colour_defence_2024
1.26984184,2.809183803,2.212231252,3.373825983,16.35569177,1.065824901,2.14767604,2.015036463,4.83822243,48.98855516,0.605159936,1.684266248,2.783175401,5.474621655,40.23684326,0.672178742,1.915718337,2.850013275,5.270342749,36.42050786,0.515701083,1.259061967,2.4414569,6.34838954,81.55606915,0.549580175,1.51446697,2.755679768,8.519791168,126.9414247,0.324652197,4.976108386,0.207337849,25.81023994,0.093515362,2.20718432,0.694508161,3.844321341,0.804398829,0.150426606,0.749453495,0.082415217,4.990560173,4.961521713,0.207940007,0.206730071,24.71524015,26.26709272,0.089547972,0.095170626,2.210661422,2.203573127,0.471220953,0.46355976,3.78226852,3.865824515,1.190120974,1.216412535,0.148743989,0.150950349,0.830670964,0.839986147,0.078507198,0.086313881,124.2507011,11.73768546,10.58562197,0.52580405,0.163160573,0.067060653,0.411010161,0.207127382,0.19428476,0.937996505,5.573257404,6.007004927,1.077826573,13.26752106,10.68840075,0.805606466,10.20547815,7.667934788,0.75135478,0.164042966,0.067045837,0.408709002,0.164658826,0.067164824,0.407902972,0.200862343,0.190050715,0.946173944,0.200143705,0.189944472,0.949040449,5.37888497,5.884664312,1.094030518,5.359285477,5.88831792,1.098713242,13.27224438,10.69137764,0.805544061,13.2627688,10.68540258,0.805669068,10.20541704,7.663812969,0.750955394,10.20553963,7.672079638,0.751756391,0.165391333,0.118018716,0.713572555,0.294814643,0.222064722,0.753235047,0.324796604,0.223379586,0.687752221,6.817503534,5.169450608,0.758261522,6.948788779,5.251078202,0.755682518,0.163596762,0.113796021,0.695588472,0.167019687,0.121751374,0.728964208,0.29374824,0.222465336,0.757333344,0.295782274,0.221799147,0.74987302,0.323036591,0.222922918,0.690085658,0.326393601,0.223883923,0.685932331,6.722930752,4.90386461,0.729423639,6.903316748,5.39986113,0.782212569,6.871454819,5.268245276,0.766685573,7.018959873,5.236899369,0.746107609,animal,2cm,Ceratosoma amoenum,14_CeratosomaAmoenum_12_NF_N_RAW_AOB,animals_on_background,NF,N,colour_defence_2024
0.953004784,2.307400971,2.421185086,2.686956396,12.57150866,0.972932732,1.887164158,1.939665606,1.440120476,5.696652174,0.565426167,1.749393936,3.093938763,4.331985609,26.70952297,0.391618431,1.135299701,2.898994559,4.93646723,37.33560644,0.534294942,1.296615697,2.426778909,2.960420704,15.489175,0.436660188,1.046046119,2.395561006,3.310717396,20.36269869,0.17375611,7.86181538,0.491363461,20.15827934,0.167985661,2.305722876,0.83161374,3.301148259,0.843846842,0.329674561,0.837730291,0.07433765,7.829487684,7.892416688,0.48934298,0.493276043,20.55948533,18.77945265,0.171329044,0.156495439,2.302889914,2.308320692,0.59487738,0.599540831,3.302305312,3.242735327,1.191054874,1.169569544,0.330336012,0.324885741,0.892966127,0.884555187,0.083814171,0.064918892,157.4505914,10.93115657,14.40383645,0.431464756,0.111517953,0.037898374,0.339841011,0.16719082,0.158265375,0.946615218,4.449275002,4.505538398,1.01264552,10.7861016,7.949827688,0.73704365,8.472365867,6.323577479,0.746376818,0.11187456,0.037714185,0.337111361,0.112077139,0.037912329,0.338269959,0.164406617,0.156321084,0.950819905,0.16605005,0.158537189,0.954755445,4.362862618,4.449321808,1.019817078,4.415912319,4.515615783,1.022578225,10.78474197,7.945308459,0.73671753,10.78742564,7.9542259,0.737360902,8.466583386,6.32870924,0.747492696,8.477996966,6.318570634,0.745290504,0.14844753,0.091820279,0.618536925,0.318570407,0.27309198,0.857242147,0.347861942,0.259376182,0.745629661,6.036167698,3.793934369,0.628533626,5.645371193,4.100352169,0.726321092,0.145859584,0.088281491,0.605249846,0.151768358,0.09617341,0.633685516,0.336024479,0.27819429,0.827898882,0.296173512,0.265018893,0.89480957,0.364723861,0.265071913,0.726774257,0.326224891,0.250502241,0.767882059,5.923915846,3.635366591,0.613676272,6.180208188,3.987864615,0.645263799,5.999336998,4.337163266,0.72294043,5.191165704,3.730017563,0.718531786,animal,2cm,Ceratosoma amoenum,14_CeratosomaAmoenum_11_NL_N_RAW_AOB,animals_on_background,NL,N,colour_defence_2024
0.806544156,1.823951661,2.261440552,3.018628944,15.69544116,0.931187785,1.802313134,1.935499115,2.597029015,17.32079676,0.467731137,1.381938813,2.954558088,4.848833016,33.42914857,0.345326084,0.923489878,2.674254628,5.244140222,43.46813251,0.509808014,1.268328113,2.487854405,4.930397833,48.04255758,0.421570446,0.990159649,2.348740664,4.432641215,39.89285157,0.245703709,5.501947106,0.50017701,10.61937217,0.193079494,1.906317679,0.794996221,2.676327676,0.794800282,0.346628252,0.794898251,0.073666336,5.478378392,5.524776729,0.498034399,0.50225243,11.07982778,9.895381242,0.201451414,0.179916023,1.902241049,1.910239146,0.570865637,0.567291751,2.685580617,2.638726845,1.119974107,1.100434566,0.349742907,0.341084226,0.845419872,0.833863159,0.081829711,0.065526656,160.0151593,11.22050018,14.26096491,0.44033968,0.075344795,0.027196541,0.360961113,0.176600016,0.069860226,0.395584483,4.502659339,2.168846857,0.481681312,10.82486673,9.447866512,0.872792871,6.2176649,4.597049271,0.739353012,0.075217873,0.027204064,0.361670204,0.07544662,0.02735555,0.36258152,0.177205971,0.068816123,0.388339752,0.176960797,0.069540322,0.392970214,4.505593375,2.127623181,0.472218197,4.504939305,2.152838837,0.477884094,10.8307234,9.440925628,0.871680061,10.81912894,9.454657697,0.873883448,6.217777104,4.600609412,0.739912244,6.217554974,4.593558717,0.738804681,0.134760194,0.098858586,0.73358893,0.295494541,0.206725885,0.699592908,0.326257401,0.210334422,0.644688585,5.493273888,4.149412721,0.755362432,4.775380015,3.228344824,0.676039355,0.134600943,0.099036726,0.735780333,0.134958489,0.098714883,0.731446268,0.306519796,0.217395771,0.709238928,0.281766164,0.191895439,0.681045007,0.340213067,0.219764841,0.645962375,0.308880149,0.196730522,0.636915394,5.484509924,4.135692003,0.75406774,5.504186559,4.169666311,0.75754451,5.017891581,3.406978431,0.678966131,4.473410571,2.965545639,0.662927221,animal,2cm,Ceratosoma amoenum,14_CeratosomaAmoenum_10_NP_N_RAW_AOB,animals_on_background,NP,N,colour_defence_2024
0.906374934,2.140514988,2.361622005,2.307674007,10.24708934,0.706063573,1.488072515,2.107561659,2.019227512,11.55902762,0.522040281,1.565858983,2.99949839,4.09271039,24.74397461,0.388847311,1.085546555,2.791703901,4.169905071,28.80783985,0.378283599,0.97416298,2.575218654,3.867282802,29.90193497,0.326823872,0.845690323,2.587602665,3.926361173,30.86465995,0.341213224,3.103468397,0.258622366,7.548715806,0.114374482,1.580582054,0.636073011,2.461854518,0.746958851,0.186498424,0.691515931,0.058071396,3.090386983,3.116304722,0.257532249,0.25969206,7.058501807,8.168061886,0.106946997,0.123758513,1.576747646,1.58428808,0.478405853,0.480693719,2.408610304,2.510286698,0.969296092,1.010213683,0.182239623,0.191725287,0.723850972,0.745453701,0.065418041,0.050749354,267.2207897,14.28630311,18.70468432,0.433036542,0.117866355,0.022918135,0.1944417,0.144150214,0.156207287,1.08364242,3.874796429,4.319870405,1.114863834,8.001973317,6.191275009,0.773718527,7.240226222,4.636663878,0.640403177,0.118061137,0.022671207,0.19202938,0.117972387,0.022710439,0.192506397,0.139324688,0.152773667,1.096529759,0.141254376,0.154491877,1.093713918,3.740582379,4.223197384,1.129021354,3.79483979,4.272223117,1.125798019,8.004473061,6.192677823,0.773652154,7.999520443,6.189897119,0.773783524,7.233848622,4.634893836,0.640723089,7.246484241,4.638390776,0.640088438,0.112983311,0.087889834,0.77790103,0.511286811,0.24512568,0.479428913,0.480830386,0.261761599,0.544394877,4.579257252,3.617463317,0.789967263,6.381443403,3.559950262,0.557859725,0.111733824,0.086818992,0.777016206,0.114588558,0.089220051,0.778612218,0.520261035,0.247477771,0.475680003,0.499757402,0.241562762,0.483360049,0.489453214,0.264583881,0.540570321,0.469752423,0.257651009,0.548482555,4.526809902,3.568616728,0.788329266,4.646637677,3.678126515,0.791567316,6.540232157,3.602105391,0.55076109,6.177443513,3.494067789,0.565617117,animal,2cm,Ceratosoma amoenum,14_CeratosomaAmoenum_3_NB_D_RAW_AO,animals_only,NB,D,colour_defence_2024
0.914477657,1.866127745,2.040648813,3.072628777,16.57152335,1.475501235,2.726017819,1.847519849,2.347356443,12.29619871,0.51589965,1.380139916,2.675210026,5.065965129,37.34757833,0.409567056,0.985804366,2.406942533,4.865050718,38.84188434,0.81022421,1.906898542,2.353544264,4.041044302,28.35435027,0.664968516,1.495609039,2.249142632,3.709750402,24.63058302,0.322118113,3.915615121,0.217534173,17.26590801,0.112849072,1.862997151,0.64455278,3.292793865,0.777683287,0.165191623,0.711118034,0.075894796,3.891991644,3.93872721,0.216221758,0.218818178,15.88286575,17.93677223,0.10380958,0.117233805,1.858568213,1.867228864,0.446891191,0.447306094,3.246630433,3.301236475,1.123257043,1.142149437,0.160015669,0.168025992,0.785074117,0.794727765,0.084650688,0.067190503,150.1209932,10.81325301,13.88305564,0.437848958,0.088436289,0.035599705,0.402546342,0.152732474,0.10591967,0.693498026,4.184231796,3.515195058,0.84010524,13.66599895,9.660337296,0.706888485,7.495987466,5.195347863,0.693083851,0.088865129,0.035043123,0.394340543,0.089018195,0.035412333,0.397810053,0.149243266,0.102954781,0.689845404,0.150080286,0.104227999,0.694481612,4.063794324,3.415028956,0.840354773,4.093256258,3.460168662,0.845333994,13.65272167,9.648455953,0.70670568,13.67895093,9.671894879,0.707064082,7.492905696,5.19648798,0.693521071,7.498993731,5.194233573,0.69265741,0.194155714,0.126326619,0.650645897,0.333126058,0.174242405,0.523052465,0.356840612,0.171877082,0.481663456,8.038437501,5.538926546,0.689055124,5.3637675,3.207160919,0.597930637,0.197857108,0.125169211,0.632624281,0.189519954,0.127753961,0.674092405,0.342677825,0.175117373,0.511026276,0.321163077,0.172590529,0.537392189,0.36262905,0.175972698,0.485269169,0.349590961,0.166526813,0.476347592,8.194318771,5.51373239,0.672872577,7.843206133,5.570523723,0.710235537,5.492399169,3.433330745,0.625105831,5.202664522,2.895178268,0.556479907,animal,2cm,Ceratosoma amoenum,14_CeratosomaAmoenum_2_NB_D_RAW_AO,animals_only,NB,D,colour_defence_2024
1.113240009,2.599593041,2.335159552,3.113883375,14.83609698,0.997911859,2.029034514,2.03328029,2.912695789,18.17013013,0.68272294,2.054116108,3.00871113,4.536268791,27.26278426,0.438746222,1.266085427,2.88568964,5.787494091,47.75736649,0.560367601,1.457604838,2.601158304,4.214232311,28.85946264,0.438982841,1.180066131,2.688182817,6.517876148,78.46656738,0.345036688,5.118336074,0.284352004,18.28116431,0.119484734,2.050011633,0.70925535,3.394355289,0.807277867,0.201918369,0.758266609,0.063816209,5.101310318,5.134421443,0.283406129,0.285245636,14.90391322,22.06733712,0.097411197,0.144230962,2.046463655,2.053344696,0.492070494,0.493725035,3.28961367,3.465180734,1.138128222,1.198870258,0.190408663,0.214738299,0.815099358,0.846297646,0.072650394,0.055050537,219.1051267,12.76455027,17.16512702,0.426484728,0.077431448,0.025939622,0.33500112,0.198266961,0.139666046,0.704434288,5.535919949,4.836079052,0.873581825,10.96912576,7.487348931,0.682583927,9.509674843,6.771024408,0.712014293,0.077688394,0.025757083,0.331543519,0.077535613,0.02575482,0.332167617,0.194370736,0.137059514,0.7051448,0.196206402,0.1386144,0.706472359,5.397725215,4.748153083,0.87965817,5.464387054,4.804106125,0.879166515,10.97887519,7.490134622,0.682231512,10.95963212,7.484622408,0.682926427,9.510493669,6.77923683,0.712816502,9.5088775,6.763017764,0.711231979,0.16578157,0.101283489,0.610945405,0.317871673,0.202865635,0.638199792,0.353762045,0.233760095,0.660783424,6.783253066,4.331312083,0.638530221,7.754444331,5.001221351,0.64494903,0.16460835,0.0990077,0.601474351,0.167317866,0.104248919,0.623059099,0.339263316,0.20507415,0.604468978,0.289859982,0.196561507,0.678125712,0.380290796,0.237810601,0.625338829,0.319023472,0.223763573,0.701401597,6.726284376,4.197696995,0.624073673,6.857851791,4.502595191,0.656560586,8.392777457,5.206379646,0.620340486,6.918567005,4.589029968,0.663291974,animal,2cm,Ceratosoma amoenum,14_CeratosomaAmoenum_1_NB_D_RAW_AO,animals_only,NB,D,colour_defence_2024
0.238243641,0.802037489,3.366459167,8.015516935,84.31189408,0.405513444,0.90202207,2.224394981,5.704711966,54.29438562,0.123908034,0.546019981,4.406655208,11.75451894,176.8750924,0.116731489,0.50321365,4.310864646,12.38473547,197.1010254,0.21222896,0.585284894,2.757799377,8.324695914,108.054046,0.193844331,0.555916203,2.867848649,9.346309714,137.7892636,0.169487077,4.669466599,0.389122217,7.806538318,0.118280884,1.772759013,0.713410708,2.351328205,0.721687702,0.25370155,0.717549205,0.022336912,4.66583667,4.673081287,0.388819722,0.389423441,7.784150636,7.804690796,0.117941676,0.118252891,1.771944315,1.773566136,0.543858751,0.5509893,2.341498819,2.354789512,0.942288443,0.947637012,0.253380699,0.253838166,0.743073597,0.749313156,0.023289898,0.021384902,1919.122732,41.93707094,45.76196404,0.478193072,0.150771661,0.069351456,0.459976734,0.257325018,0.091035353,0.353775756,6.456492161,2.193389577,0.33971846,18.56857153,12.10805794,0.652072666,5.531388804,3.201655461,0.578815841,0.151333991,0.069508833,0.459307473,0.151281482,0.069460299,0.459146076,0.258156244,0.090709382,0.35137396,0.258097126,0.090662174,0.351271538,6.476362098,2.184313787,0.337274809,6.475004071,2.183200104,0.337173549,18.57365047,12.11021132,0.652010295,18.56350768,12.10590826,0.65213474,5.531716709,3.201584834,0.578768763,5.531061872,3.20172584,0.578862778,0.168372666,0.080656703,0.4790368,0.2896388,0.298165474,1.029438993,0.292731746,0.30493779,1.041697027,6.846556545,3.36299651,0.491195317,3.418263674,2.847994293,0.833169867,0.167802991,0.080325679,0.478690389,0.168992454,0.081075465,0.479757899,0.289625181,0.295266513,1.019478042,0.289653617,0.301529088,1.04099887,0.292591541,0.302228282,1.032935817,0.292884285,0.308105067,1.051968584,6.822105208,3.345197827,0.490346854,6.873158788,3.384754578,0.492459826,3.447512222,2.86688765,0.831581577,3.386442225,2.829202372,0.835449768,animal,2cm,Ceratosoma brevicaudatum,15_CeratosomaBrevicaudatum_9_NF_D_RAW_AOB,animals_on_background,NF,D,colour_defence_2024
0.231334727,0.728721262,3.150072937,7.25601733,73.64815259,0.423571409,1.09639706,2.588458607,5.964723867,54.73749599,0.115987758,0.475459076,4.099217746,11.12824873,165.2694192,0.118138449,0.48153228,4.07599967,11.38479392,172.779455,0.218956818,0.7139731,3.260794091,9.330432907,124.2739744,0.204755506,0.69704846,3.404296542,9.956428711,139.6055019,0.207248015,3.793493417,0.270963815,8.526910257,0.093702311,1.604989027,0.608167549,2.539294716,0.732685579,0.182333063,0.670426564,0.021390949,3.793748529,3.79323331,0.270982038,0.270945236,8.543948561,8.32621852,0.093889545,0.091496907,1.605109732,1.604864986,0.46313677,0.467347398,2.528344652,2.535160549,0.9580484,0.960631101,0.182435791,0.181221072,0.710592585,0.71398925,0.021766289,0.021015787,2093.573826,44.94260486,46.58327732,0.491037112,0.176647506,0.074313461,0.42068786,0.307514816,0.073140453,0.237843671,7.817774811,1.742754546,0.22292207,20.11894711,12.13631131,0.603227954,6.716590515,3.385866773,0.504104987,0.17733459,0.074208175,0.418464186,0.177431957,0.074152408,0.417920247,0.308138869,0.072079435,0.233918671,0.30827563,0.072147448,0.23403552,7.830727211,1.715353069,0.219054121,7.833957306,1.71764345,0.219256167,20.11642585,12.13602918,0.603289534,20.12146524,12.13659252,0.603166438,6.71527939,3.385113772,0.504091278,6.717900013,3.386618127,0.504118567,0.203310541,0.092067037,0.452839466,0.228128383,0.260169543,1.140452316,0.225869769,0.250920119,1.110906166,8.326398411,3.907683208,0.469312543,3.703288892,3.004558706,0.811321718,0.201562164,0.089596795,0.444511973,0.205120496,0.094570377,0.461047914,0.227042787,0.258377407,1.138011959,0.229252214,0.262143421,1.143471706,0.225343262,0.248738678,1.103821235,0.226414819,0.253289216,1.118695399,8.249187196,3.803256107,0.461046163,8.406328988,4.013399383,0.477425924,3.696169043,2.963985481,0.801907447,3.710659502,3.047559568,0.821298631,animal,2cm,Ceratosoma brevicaudatum,15_CeratosomaBrevicaudatum_8_NF_D_RAW_AOB,animals_on_background,NF,D,colour_defence_2024
0.341016618,1.004590226,2.945868833,6.025680878,51.68698832,0.523841756,1.122890923,2.143568952,3.59219296,25.17460399,0.181346826,0.67613641,3.728416008,9.112034669,111.1590228,0.163174063,0.636110841,3.898357557,9.739106908,127.105201,0.290604165,0.766038229,2.636019448,5.842657938,57.97265815,0.234167682,0.65508121,2.797487695,6.405984906,67.09831719,0.200119527,2.468282669,0.27425363,4.756076225,0.132113228,1.20787093,0.549725751,1.948174052,0.639894792,0.203183429,0.594810271,0.02918259,2.458420093,2.478088027,0.273157788,0.275343114,4.764566581,4.730210991,0.132349072,0.13139475,1.20472412,1.210963949,0.395702165,0.397751691,1.932506349,1.961186199,0.879521542,0.892574305,0.20275343,0.203368932,0.637611854,0.645162998,0.032230957,0.026141965,1118.551426,30.02607242,37.25267197,0.446293591,0.128099614,0.032630527,0.254727757,0.329695453,0.075219428,0.228148212,8.419994334,1.760502559,0.209085955,11.826449,7.107394355,0.600974507,7.167360926,4.290776814,0.59865505,0.128808457,0.032355033,0.25118718,0.128551108,0.03251213,0.252912096,0.33109503,0.073942626,0.223327502,0.330710928,0.074097568,0.224055395,8.449450866,1.728577538,0.204578684,8.442799219,1.729455227,0.204843818,11.83694625,7.108311818,0.600519058,11.81604387,7.106467612,0.60142529,7.170535256,4.292184439,0.598586338,7.164214456,4.289378479,0.598722792,0.173057482,0.069377976,0.400895558,0.218219222,0.266361529,1.220614422,0.200109147,0.279000412,1.394241172,7.028906938,2.897217313,0.412186039,3.563425861,3.516221206,0.986753013,0.174007084,0.0689726,0.396378118,0.171889672,0.069854696,0.40639263,0.211851879,0.261065122,1.232300245,0.22604971,0.272519914,1.205575154,0.19230265,0.273639427,1.422962331,0.209709492,0.285147771,1.359727535,7.068000507,2.882626272,0.407841832,6.980830098,2.914306208,0.417472731,3.440373719,3.39909315,0.988001138,3.714754031,3.649152671,0.982340322,animal,2cm,Ceratosoma brevicaudatum,15_CeratosomaBrevicaudatum_7_NL_D_RAW_AOB,animals_on_background,NL,D,colour_defence_2024
0.329969561,0.955561009,2.895906533,6.035153711,50.77213126,0.553211353,1.204302466,2.176930134,3.886004571,27.40233904,0.166482907,0.615345574,3.696148654,9.420801136,116.8149106,0.167510625,0.638606499,3.812334285,9.38252735,114.7473563,0.279583651,0.747103128,2.67219891,6.461717288,67.68634608,0.274209486,0.775656073,2.828698905,6.722495656,70.55580536,0.200198025,2.374014424,0.237401442,4.893044149,0.108734314,1.174249802,0.509970209,2.152327158,0.645916885,0.173067878,0.577943547,0.026613444,2.371937636,2.37608963,0.237193764,0.237608963,4.872135551,4.906822584,0.108269679,0.109040502,1.173278893,1.175213708,0.355988158,0.356575205,2.135198352,2.160982374,0.927304862,0.938502721,0.172731721,0.173324732,0.64164651,0.647538963,0.027099644,0.026127238,1338.176811,35.90085358,37.27423383,0.490615794,0.133139553,0.037858051,0.284348638,0.28098979,0.077400756,0.275457541,7.171158398,1.78763776,0.249281589,15.76658009,8.331132922,0.528404567,6.825742792,3.287590134,0.481645769,0.134056224,0.037478812,0.279575323,0.133992769,0.037528872,0.280081322,0.282887988,0.07639639,0.270058797,0.282770329,0.076484929,0.270484281,7.213238677,1.763845789,0.244528965,7.211057292,1.765059592,0.244771262,15.77005027,8.330361703,0.528239388,15.76311333,8.331901705,0.528569549,6.826819602,3.287831106,0.481605095,6.824667044,3.287348991,0.481686355,0.197338581,0.069694781,0.353173621,0.25128647,0.141228156,0.562020536,0.237948245,0.149322885,0.627543544,8.038125233,2.918476067,0.363079199,4.200978583,2.587501449,0.615928265,0.196551074,0.067858795,0.345247643,0.198155406,0.071634791,0.361508134,0.250963695,0.139427515,0.555568466,0.251621261,0.143266023,0.569371693,0.237102929,0.147475082,0.621987599,0.238825032,0.151416627,0.634006519,8.00252678,2.834791736,0.354237082,8.075049031,3.006316742,0.372297026,4.142783425,2.555532204,0.616863577,4.261340371,2.622405039,0.615394409,animal,2cm,Ceratosoma brevicaudatum,15_CeratosomaBrevicaudatum_6_NL_D_RAW_AOB,animals_on_background,NL,D,colour_defence_2024
0.250030613,0.697030843,2.787782003,7.729018831,89.9632132,0.421924812,0.918460608,2.17683479,5.500893141,60.3106455,0.126300862,0.433459919,3.431963258,11.3046718,187.0577935,0.127310825,0.467069661,3.668734866,12.00450797,207.0154882,0.214140662,0.557765559,2.604669065,7.654947067,108.7811637,0.208440177,0.604809094,2.901595569,9.555542814,163.1758975,0.160815141,1.40569955,0.156188839,4.361507756,0.121152993,0.642106583,0.2922353,1.952741439,0.663196437,0.138670916,0.477715868,0.01348141,1.404496822,1.406900529,0.156055202,0.156322281,4.123572095,4.623349185,0.114543669,0.128426366,0.64133414,0.642873986,0.217811999,0.218334966,1.917742527,1.984407471,0.872802237,0.903142761,0.135299436,0.142374324,0.545307118,0.560738864,0.013989565,0.012973691,5362.193234,70.48184905,76.07906584,0.480904811,0.084195463,0.014613456,0.173565834,0.356076459,0.08138019,0.228546954,9.323817109,1.94176767,0.208258876,13.01026889,6.988261983,0.537134324,7.265003564,2.880047095,0.396427485,0.084484442,0.014273833,0.168952211,0.084457909,0.014293499,0.169238131,0.357616747,0.079855315,0.22329859,0.357501576,0.079867663,0.223405066,9.359261006,1.905178383,0.203560771,9.356824842,1.904617497,0.203553826,13.01221641,6.988431214,0.537066937,13.00832505,6.988092458,0.537201556,7.266430124,2.879817694,0.396318088,7.263579696,2.880275252,0.396536608,0.195395429,0.090475118,0.463036,0.311305264,0.180370623,0.579401135,0.285524031,0.182133402,0.637891674,7.991545404,3.840323502,0.480548293,5.256762265,2.145986257,0.408233462,0.19497415,0.089178646,0.45738702,0.195849305,0.09184915,0.468978685,0.303881433,0.172223661,0.566746245,0.319303533,0.18840967,0.59006447,0.277988911,0.172911625,0.622009075,0.293642201,0.191222206,0.651208189,7.971873092,3.785354086,0.474838729,8.012739912,3.898561843,0.486545412,5.175292652,2.065445898,0.399097411,5.344535802,2.225985769,0.416497494,animal,2cm,Ceratosoma brevicaudatum,15_CeratosomaBrevicaudatum_5_NL_N_RAW_AOB,animals_on_background,NL,N,colour_defence_2024
0.270692285,0.773332848,2.856870663,7.13312082,68.50309382,0.425911402,0.79698731,1.871251408,3.882698417,31.66162541,0.131647347,0.490660221,3.727080203,11.22805492,163.3929119,0.141860142,0.546082622,3.849443649,10.73070086,144.844669,0.213383335,0.489757829,2.295201869,6.577868947,84.5337419,0.212701203,0.507330034,2.385177085,6.215548428,69.07721555,0.144021935,2.334801688,0.389133615,4.024941443,0.26832943,0.988526602,0.551707201,1.662754435,0.722125076,0.328731522,0.636916139,0.016243944,2.335556798,2.334044843,0.389259466,0.389007474,4.113178421,3.848966728,0.274211895,0.256597782,0.989246836,0.987800747,0.450225637,0.428996414,1.651836835,1.65475649,0.921907691,0.923537182,0.33173568,0.322802628,0.686066664,0.676266798,0.015565817,0.016920211,3674.495688,63.24333333,58.10091743,0.521189368,0.142664322,0.03276151,0.229640529,0.319310815,0.052070959,0.163072959,7.974559534,1.261690669,0.158214465,6.974690651,4.392313371,0.629750277,3.964375979,2.094835382,0.528414912,0.142928533,0.032625767,0.228266295,0.142881101,0.032647256,0.228492476,0.319883213,0.0508837,0.159069616,0.320038483,0.050442287,0.157613192,7.986530674,1.236066858,0.154768936,7.990572454,1.225697339,0.153392932,6.974379904,4.392297628,0.629776079,6.975000973,4.392329066,0.629724509,3.964392143,2.094950124,0.5284417,3.964359837,2.094720791,0.528388158,0.158815289,0.092160386,0.580299209,0.255779789,0.256353838,1.00224431,0.235605552,0.23482682,0.996694767,6.462549881,3.837364093,0.593784832,3.264762216,2.264670596,0.693670916,0.162595295,0.091405744,0.562167214,0.155347394,0.093205844,0.599983314,0.244717335,0.248746347,1.016463943,0.265928829,0.264015487,0.99280506,0.223533718,0.228852801,1.023795441,0.246680629,0.240818003,0.976233944,6.616907222,3.807764413,0.575459846,6.320937641,3.879513222,0.613755971,3.18444077,2.186338073,0.686568924,3.338451615,2.343103488,0.701853361,animal,2cm,Ceratosoma brevicaudatum,15_CeratosomaBrevicaudatum_4_NL_N_RAW_AOB,animals_on_background,NL,N,colour_defence_2024
0.423423276,1.211234589,2.860576303,5.94013464,46.88552555,0.50782391,1.028238553,2.024793499,4.577033015,35.46779109,0.216488685,0.817963738,3.778320966,8.78693974,98.23663636,0.210599778,0.798718567,3.792589786,9.102506323,106.0110222,0.265053904,0.691883792,2.610351255,7.075377417,76.99482387,0.243423603,0.636999038,2.61683349,7.142085257,78.78351892,0.1622337,1.878455157,0.170768651,5.047326753,0.091769577,1.039042631,0.433314433,2.035817684,0.704344581,0.131269114,0.568829507,0.029143701,1.878963637,1.877947656,0.170814876,0.170722514,4.885622312,5.211739122,0.088829497,0.094758893,1.039512156,1.038562256,0.359646524,0.359317881,1.999816944,2.065489013,0.833988442,0.861375822,0.129822186,0.132740704,0.596817483,0.610346852,0.03025075,0.028037721,1111.296684,32.05703195,34.66623753,0.480447559,0.123578164,0.025989427,0.2103076,0.305682973,0.076607013,0.250609357,7.776797003,1.95285285,0.251112746,10.42373146,8.533625794,0.818672836,6.255661076,3.12760789,0.499964409,0.123725654,0.025728938,0.207951518,0.12374099,0.025716122,0.207822176,0.306284987,0.074615382,0.243614232,0.306080323,0.074513366,0.243443831,7.789586848,1.902621927,0.244251969,7.783895492,1.897746434,0.243804203,10.42345072,8.532907492,0.818625973,10.4240113,8.534341698,0.818719537,6.25730588,3.129311854,0.500105303,6.254021601,3.125907575,0.499823597,0.144088018,0.110460595,0.766618882,0.280304881,0.296819744,1.058917499,0.277641594,0.281127384,1.012554998,5.902939641,4.709636664,0.79784598,4.180110354,3.475480809,0.831432789,0.144534682,0.11041713,0.763949033,0.143606564,0.110505286,0.76950024,0.279544493,0.299030663,1.069706861,0.281124495,0.294415699,1.047278712,0.276100958,0.282556264,1.023380239,0.279302229,0.279568965,1.000955009,5.920957598,4.70752881,0.795062071,5.883518291,4.711825942,0.800851754,4.078045471,3.404738845,0.834894772,4.290124931,3.546673483,0.826706341,animal,2cm,Ceratosoma brevicaudatum,15_CeratosomaBrevicaudatum_3_NL_N_RAW_AOB,animals_on_background,NL,N,colour_defence_2024
0.342949941,1.093035802,3.18715845,6.62020377,59.48908382,0.525724214,1.204234419,2.290620039,4.496768376,36.15614837,0.170758923,0.726071194,4.25202491,10.1957214,132.5044075,0.175558212,0.726667623,4.139183307,10.11034979,132.5536026,0.264359528,0.759221213,2.871926797,7.030989108,79.0781242,0.262101352,0.784722114,2.99396439,7.604739738,91.08446172,0.151086258,2.471576253,0.19012125,8.18081722,0.104882272,1.331008531,0.518921953,2.567768826,0.73438103,0.147501761,0.626651492,0.030302283,2.468328496,2.474818981,0.189871423,0.190370691,7.995430076,8.36883868,0.102505514,0.107292804,1.329989615,1.332017242,0.380376588,0.380956488,2.544376447,2.587645605,0.991979214,1.008848614,0.146188468,0.148831747,0.686177901,0.694902551,0.030919723,0.029685717,1024.445929,31.34181663,32.68623325,0.489501347,0.153867798,0.035418288,0.230186489,0.312143905,0.070041892,0.224389747,7.951328803,1.756819758,0.220946687,13.16163069,8.605119998,0.653803484,6.571019579,3.538744982,0.538538189,0.154702647,0.034981885,0.226123373,0.1546153,0.035047274,0.226674034,0.31335816,0.068843584,0.219696157,0.313317919,0.06879649,0.219574068,7.976467335,1.727682654,0.216597471,7.976387246,1.725865512,0.216371831,13.16415221,8.606196081,0.653759995,13.15911594,8.604045876,0.653846802,6.571639426,3.539014504,0.538528406,6.570401396,3.538476047,0.538547926,0.161004324,0.074743525,0.464233032,0.229042967,0.224783667,0.981403925,0.231766304,0.218842623,0.944238311,6.537376545,3.119450915,0.477171675,4.069164339,3.174221713,0.78006722,0.159766453,0.07404297,0.463445042,0.162291825,0.075443049,0.464860442,0.225970779,0.223971723,0.991153476,0.232238329,0.225579291,0.971326708,0.228643371,0.218139881,0.954061692,0.235014445,0.219522552,0.934081104,6.485314597,3.087547873,0.476082976,6.591525815,3.151349629,0.47809107,4.024185168,3.156284824,0.784328924,4.11594686,3.192077479,0.775539041,animal,2cm,Ceratosoma brevicaudatum,15_CeratosomaBrevicaudatum_28_NP_D_RAW_AOB,animals_on_background,NP,D,colour_defence_2024
0.367450469,1.171107613,3.18711694,6.88370106,61.28051321,0.443604683,0.936921055,2.112063039,4.348477387,34.45523373,0.190290701,0.792558945,4.164990412,10.29083397,130.7115553,0.18097036,0.783646493,4.330247752,10.66941452,140.1153665,0.244440951,0.637808128,2.609252355,6.51834502,68.7905918,0.199624767,0.568311221,2.846897358,7.936467403,101.2589203,0.144139002,3.099632613,0.238433278,4.559179927,0.058451025,1.361670761,0.530876275,2.119615188,0.611591664,0.148442151,0.57123397,0.032957826,3.093134302,3.106068804,0.237933408,0.23892837,4.749213699,4.312288323,0.060887355,0.055285748,1.359823206,1.363479123,0.395989596,0.393416914,2.125862397,2.098758226,0.82881262,0.818245483,0.149410381,0.147107059,0.612401108,0.605831198,0.035307106,0.030614941,865.1469004,27.32291075,31.66378972,0.463204596,0.135632315,0.02891272,0.213169851,0.393578713,0.084450444,0.21457066,10.17977386,2.149500111,0.211154014,11.82119878,8.504641964,0.719439891,7.561920739,3.684956456,0.487304295,0.135975567,0.028626487,0.210526694,0.135804776,0.028740784,0.211633085,0.394974216,0.082934869,0.2099754,0.394699768,0.082984194,0.210246372,10.21315164,2.113568774,0.206945794,10.20761072,2.113196695,0.207021678,11.82654176,8.508040342,0.719402215,11.81589614,8.501264303,0.719476898,7.565071681,3.685352176,0.487153636,7.558793586,3.684560795,0.487453554,0.128836416,0.073662889,0.571755188,0.210040344,0.219881435,1.046853338,0.209367556,0.2222469,1.061515469,5.216122657,3.048534779,0.584444611,4.167338371,3.519585011,0.844564251,0.132823678,0.073743062,0.555195151,0.124250569,0.073338627,0.590247814,0.205381921,0.216745795,1.055330448,0.215398108,0.223435261,1.037313013,0.203495565,0.219944166,1.080830269,0.216121076,0.224799188,1.040153936,5.378731161,3.050844027,0.567205152,5.029102677,3.036611175,0.603807751,4.092369637,3.451213523,0.843328885,4.253561728,3.596601225,0.845550495,animal,2cm,Ceratosoma brevicaudatum,15_CeratosomaBrevicaudatum_26_NF_D_RAW_AOB,animals_on_background,NF,D,colour_defence_2024
0.28983998,0.855478836,2.95155567,6.807892006,63.58483597,0.479369913,1.055587425,2.202031031,5.065735797,46.60784157,0.149871861,0.568461316,3.792982292,10.33191316,139.7553221,0.144335242,0.566939211,3.927933346,10.55181797,144.9221221,0.256474671,0.709858064,2.767751147,8.086878392,107.075449,0.223160209,0.64933246,2.909714342,8.529219412,117.4501583,0.188824896,2.507416941,0.250741694,3.675506453,0.081677921,1.153399627,0.500915093,1.571439245,0.566776901,0.166209808,0.533845997,0.02282148,2.506336762,2.508492287,0.250633676,0.250849229,3.593078848,3.767504097,0.079846197,0.083722313,1.152978579,1.153817506,0.415849119,0.416151698,1.555863864,1.587704295,0.675703091,0.689531214,0.165239936,0.167285771,0.545776105,0.552841456,0.024307537,0.021336808,1841.093323,40.13950369,45.86736641,0.466701133,0.104179867,0.028304472,0.271688504,0.274105473,0.0470323,0.171584682,7.409322195,1.058669578,0.142883458,17.0179579,13.9433132,0.819329398,5.355978028,2.92177624,0.545516846,0.104453036,0.0281958,0.269937587,0.104430088,0.028202123,0.270057449,0.274762722,0.046212937,0.168192166,0.274716711,0.046249462,0.16835329,7.423490036,1.031386325,0.138935503,7.422722491,1.031993852,0.139031717,17.01935702,13.9440396,0.819304724,17.01656433,13.94258948,0.819353967,5.356203821,2.921724112,0.545484117,5.35575313,2.921828142,0.545549444,0.169033646,0.072566703,0.429303302,0.185742917,0.151853127,0.817544647,0.164948692,0.191717405,1.162285091,6.861575031,3.004848079,0.437923956,3.396966453,3.044154348,0.896139067,0.169796021,0.071931866,0.423636934,0.168165936,0.073272267,0.435714088,0.181989193,0.149404896,0.820954769,0.190015285,0.154474111,0.812956235,0.160519717,0.18871759,1.175666106,0.169989609,0.194945019,1.146805505,6.892731,2.981359396,0.43253674,6.826114306,3.030945048,0.444022018,3.3317194,3.00246164,0.901174823,3.471228557,3.089135262,0.88992563,animal,2cm,Ceratosoma brevicaudatum,15_CeratosomaBrevicaudatum_25_NF_N_RAW_AOB,animals_on_background,NF,N,colour_defence_2024
0.308147089,0.922603608,2.994036425,7.045960272,68.45951548,0.385044007,0.819006675,2.127046934,4.435985483,35.71575421,0.159378011,0.617742625,3.875958921,10.76991343,152.2092026,0.152240361,0.596500053,3.918146595,10.85873586,156.2388586,0.202916423,0.528788005,2.60593991,6.993769853,81.0894593,0.182785925,0.50653995,2.771219661,7.501945665,90.23646336,0.211129755,4.022534678,0.268168979,8.857831919,0.084360304,1.719876655,0.635097774,2.720979718,0.727988291,0.176264641,0.681543033,0.031101555,4.015703484,4.029340768,0.267713566,0.268622718,9.196332163,8.432954519,0.087584116,0.080313853,1.718852993,1.7208882,0.459872907,0.466507031,2.726820031,2.703843787,1.006931123,0.9984467,0.177648841,0.174468285,0.733402015,0.732476865,0.032614774,0.029589272,972.7615123,29.66095115,32.79603231,0.474902077,0.110578051,0.031387908,0.283852967,0.297253138,0.081538728,0.274307374,7.812276205,1.983085966,0.253842275,13.50537808,9.652614508,0.714723753,7.728533226,4.205245763,0.544119517,0.11083479,0.031254718,0.281993748,0.110757856,0.031264617,0.282279005,0.298604392,0.081095013,0.271580109,0.298398487,0.081106531,0.271806105,7.845191506,1.970132284,0.251126092,7.841263932,1.969490756,0.251170063,13.50959088,9.655397236,0.714706857,13.50118102,9.649839414,0.714740392,7.730536155,4.205853019,0.544057092,7.726537777,4.204639671,0.544181597,0.125363666,0.07012002,0.559332882,0.19479903,0.132907292,0.682279023,0.192597425,0.1379786,0.716409369,5.068697591,2.87963629,0.568121542,3.91948859,2.884356916,0.735901343,0.127735778,0.069530815,0.544333122,0.122750623,0.070712173,0.576063657,0.193422659,0.131945529,0.682161696,0.196315198,0.134023725,0.682696635,0.190682427,0.136964946,0.718288245,0.194706926,0.139140258,0.71461381,5.164715238,2.854654281,0.552722493,4.962927618,2.90491593,0.58532305,3.894637976,2.883465121,0.740367947,3.946863233,2.886845981,0.731427924,animal,2cm,Ceratosoma brevicaudatum,15_CeratosomaBrevicaudatum_24_NF_D_RAW_AOB,animals_on_background,NF,D,colour_defence_2024
0.370220175,1.164779576,3.146180717,5.733455718,44.59190778,0.519499542,1.166620515,2.24566226,4.185377097,32.55879103,0.203263756,0.845306743,4.15866931,8.428614701,89.00806625,0.170188799,0.70418735,4.137683302,9.496689327,117.249302,0.294581606,0.822585339,2.792385275,6.459131748,68.59004743,0.225730355,0.679914616,3.012065502,7.686758027,92.93867045,0.221654551,2.243947704,0.320563958,3.403078374,0.162051351,0.976908792,0.502031809,1.552382367,0.674191096,0.241307654,0.588111452,0.025126276,2.240177875,2.247677636,0.320025411,0.321096805,3.419283076,3.378977013,0.162823004,0.160903667,0.974511875,0.979267754,0.42322513,0.425290582,1.55713193,1.543795354,0.800207518,0.793353873,0.241424207,0.241000236,0.611716324,0.609322228,0.028266883,0.022003332,1527.981222,34.37708831,44.4476626,0.436120481,0.131557588,0.022164827,0.168480037,0.30760256,0.076405163,0.24838923,7.834419538,2.025017753,0.258477063,10.46887143,6.635298855,0.63381224,6.62252079,3.104206449,0.468734874,0.131835103,0.021957277,0.166551066,0.131757113,0.022016633,0.167100145,0.308791544,0.074301016,0.240618686,0.308533314,0.074790623,0.24240696,7.863021328,1.974824825,0.251153436,7.856987402,1.986417214,0.252821738,10.47209125,6.635817955,0.633666934,10.46569022,6.634784149,0.633955717,6.622830986,3.104159692,0.46870586,6.622214314,3.104252609,0.468763538,0.139523061,0.084551255,0.606002007,0.352955051,0.280642835,0.795123442,0.359332618,0.280133961,0.779595136,5.662710535,3.517225267,0.621120441,5.057071207,3.209999152,0.634754588,0.138781081,0.084948877,0.612107043,0.140470895,0.084029992,0.598202152,0.354355733,0.28143582,0.794218335,0.351165764,0.279615233,0.796248555,0.360839619,0.281015798,0.778783102,0.357407515,0.278990258,0.780594267,5.632471487,3.531904599,0.627061248,5.701339076,3.497961234,0.613533275,5.081779331,3.232972483,0.636189073,5.025508086,3.180100476,0.632791834,animal,2cm,Ceratosoma brevicaudatum,15_CeratosomaBrevicaudatum_23_NF_D_RAW_AOB,animals_on_background,NF,D,colour_defence_2024
0.338595109,0.986693616,2.914081123,7.054890435,67.48047112,0.449982104,0.901666388,2.003782771,4.67335118,42.15695013,0.174680218,0.606305785,3.470947041,10.56429867,148.1679488,0.168397351,0.67016006,3.97963541,10.95270517,152.8302625,0.247252055,0.564554866,2.28331718,6.65823825,81.83167189,0.203218177,0.555405591,2.733050753,8.900538106,130.3374009,0.138136482,2.144312905,0.194937537,3.165371779,0.057552214,1.014497633,0.423078374,1.847118617,0.589099673,0.126244875,0.506089023,0.021664267,2.139806676,2.148791042,0.19452788,0.19534464,2.988813754,3.375902146,0.054342068,0.061380039,1.012050499,1.016896455,0.322772242,0.324317758,1.780425682,1.907668744,0.74249518,0.795559658,0.124434974,0.12836234,0.532633711,0.559938708,0.023508381,0.019824493,2053.749946,41.53802075,49.44265299,0.456558729,0.10032461,0.024323686,0.242449842,0.399088309,0.089238864,0.223606812,10.74224984,2.16060212,0.201131248,12.27476451,8.556008666,0.697040555,8.789339061,4.094671152,0.465867925,0.100789143,0.024071032,0.238825645,0.100633012,0.024204428,0.240521749,0.400948492,0.087601274,0.218485108,0.400601648,0.087731579,0.218999547,10.78563271,2.115348211,0.196126483,10.77845366,2.117588804,0.196464991,12.2775805,8.557890849,0.697033984,12.27196571,8.554136551,0.697046973,8.793409332,4.094645328,0.465649349,8.785293632,4.094692409,0.466084866,0.195061775,0.074393937,0.381386547,0.247607911,0.19014981,0.767947232,0.223703614,0.200431473,0.895968864,7.945886491,3.093960033,0.389378836,5.31559296,3.111467613,0.58534723,0.19914406,0.07314689,0.36730641,0.190232293,0.075545543,0.397122603,0.236414416,0.18374309,0.777207637,0.260850197,0.196602463,0.753698731,0.211232074,0.194269016,0.919694687,0.23845787,0.206471167,0.86586015,8.114662024,3.040438794,0.374684588,7.746219284,3.143897794,0.405862225,5.072678931,2.922115627,0.576049789,5.602968535,3.297498081,0.588526968,animal,2cm,Ceratosoma brevicaudatum,15_CeratosomaBrevicaudatum_22_NF_D_RAW_AOB,animals_on_background,NF,D,colour_defence_2024
0.203510434,0.678859743,3.335749089,7.865389953,86.9487519,0.392867996,0.939899814,2.392406163,5.081690108,43.20338085,0.104172598,0.447841925,4.299037706,11.89538417,191.6445688,0.101596693,0.438896121,4.319984332,12.00194278,193.6397291,0.212142637,0.624583942,2.944169777,7.835427816,95.45301154,0.181040629,0.568981328,3.142837775,8.773652524,116.1635512,0.177078238,2.335103561,0.259455951,3.638818932,0.101078304,1.086965775,0.494699443,1.745201296,0.603798211,0.180267127,0.549248827,0.020128512,2.331252585,2.338942239,0.259028065,0.259882471,3.565091909,3.72191239,0.099030331,0.103386455,1.0854306,1.088489001,0.375533215,0.384188859,1.727747979,1.761910388,0.786331992,0.801879974,0.179029198,0.181634463,0.580932604,0.593034416,0.021280375,0.018978597,2377.351476,45.99165213,51.69093445,0.470827542,0.167113857,0.041304675,0.247164871,0.289268016,0.057013854,0.197096986,7.340391451,1.306118531,0.177935814,13.88845789,8.86597558,0.638370051,5.363261219,2.773067258,0.517048703,0.167776184,0.04097114,0.244201169,0.167641341,0.041047594,0.244853651,0.290113364,0.055872889,0.192589848,0.289923948,0.056075264,0.193413703,7.357351566,1.278587429,0.173783653,7.353548068,1.282722082,0.174435806,13.89211058,8.868717886,0.638399603,13.88481994,8.86324181,0.638340421,5.364250824,2.773574892,0.51704795,5.362275606,2.772561184,0.517049362,0.182715699,0.070381165,0.385194954,0.196248309,0.238204558,1.213791643,0.1725762,0.230176982,1.333770137,7.430468843,2.955075844,0.397697091,2.611555614,2.222815049,0.851145975,0.182337662,0.068847029,0.377579861,0.183138869,0.072182224,0.39413929,0.193303875,0.236098462,1.221385042,0.199544268,0.24091211,1.207311602,0.169470331,0.227830989,1.344370941,0.176052866,0.233126637,1.32418541,7.412972513,2.889560814,0.389797859,7.450053996,3.031853713,0.40695728,2.575990347,2.197212695,0.852958435,2.651366889,2.254326364,0.850250629,animal,2cm,Ceratosoma brevicaudatum,15_CeratosomaBrevicaudatum_21_NF_D_RAW_AOB,animals_on_background,NF,D,colour_defence_2024
0.277780621,0.844507816,3.040197024,7.4385034,76.19032232,0.540030724,1.138166672,2.107596143,4.642464981,39.15107395,0.143875614,0.565802731,3.932582558,11.38058845,170.490954,0.137953526,0.555155405,4.024220495,11.60979565,175.7966081,0.286354006,0.753901504,2.632760459,7.502165008,91.45848843,0.254301685,0.703805347,2.767600014,7.936864202,99.01985388,0.15409282,3.907547098,0.21708595,7.331649924,0.047919281,1.646516855,0.569655737,2.566400878,0.682335637,0.132502615,0.625995687,0.0289531,3.90391159,3.91116744,0.216883977,0.21728708,7.235185271,7.383719412,0.047288793,0.048259604,1.645712562,1.647311449,0.437549854,0.440732225,2.540452267,2.586595978,0.878936165,0.894900793,0.132086385,0.132773342,0.658243009,0.667816509,0.030832789,0.027073869,1129.575971,31.43300475,35.93598448,0.466579729,0.168254168,0.071966982,0.427727781,0.287212297,0.047733972,0.166197523,7.534506313,1.273798886,0.169062024,19.25434867,11.95759068,0.621033247,6.408133478,2.858888416,0.446134342,0.168606211,0.071786523,0.425764402,0.168616459,0.071803998,0.425842163,0.287779419,0.04688347,0.162914605,0.287708232,0.046938944,0.163147725,7.546847536,1.249301453,0.165539511,7.545271275,1.251041168,0.165804664,19.25383102,11.95698972,0.621018732,19.2548642,11.95818913,0.6210477,6.408509359,2.859129029,0.446145721,6.407759141,2.858648719,0.446122998,0.195832603,0.082443498,0.420989646,0.150767617,0.162087327,1.075080514,0.149084544,0.168577271,1.130749483,7.99349982,3.467814181,0.433829269,3.295525123,2.859847774,0.867797291,0.196716977,0.08272439,0.420524917,0.194825689,0.082133928,0.421576479,0.146506474,0.160263722,1.093901975,0.155619191,0.164047516,1.054159933,0.144473384,0.166471053,1.152261047,0.154334634,0.170837063,1.106926281,8.031148888,3.482730196,0.433652799,7.950634032,3.451219231,0.434081007,3.233123811,2.79323473,0.863943014,3.366572869,2.933026793,0.87122035,animal,2cm,Ceratosoma brevicaudatum,15_CeratosomaBrevicaudatum_20_NF_D_RAW_AOB,animals_on_background,NF,D,colour_defence_2024
0.286064291,0.832288161,2.909444441,6.811614995,61.60210484,0.492055362,1.008150498,2.048855833,4.537698566,36.27790173,0.150732983,0.559383475,3.711088728,10.268388,133.5670974,0.139173273,0.547647431,3.935004335,10.85464376,147.6146486,0.271792865,0.668769468,2.460585073,6.898229984,77.59907151,0.220656675,0.614877367,2.786579502,8.267434562,102.4014949,0.141724968,3.018442691,0.301844269,4.420002176,0.098222271,1.385511651,0.601720065,1.976434412,0.606622422,0.20003327,0.604171243,0.028372239,3.015081137,3.021761506,0.301508114,0.302176151,4.300400701,4.515679133,0.09556446,0.100348425,1.384952436,1.386058525,0.425080233,0.436134376,1.952756796,1.995681882,0.848071501,0.866713629,0.198536287,0.201262288,0.636575867,0.651424003,0.030660343,0.026088777,1180.224492,31.61542169,37.33065792,0.458552856,0.142334081,0.041082626,0.288635204,0.320078499,0.072567017,0.226716313,8.379795685,1.7899521,0.213603311,12.28094756,7.474323654,0.608611316,6.04771023,3.294497888,0.54475128,0.142630035,0.040956134,0.287149436,0.142450552,0.041002228,0.287834812,0.3209835,0.071615346,0.223112236,0.320888909,0.071514431,0.222863516,8.400791265,1.763258314,0.209891933,8.400557361,1.759639059,0.209466942,12.28631101,7.47632126,0.608508221,12.27562011,7.472334697,0.60871342,6.04911359,3.294917358,0.544694245,6.046316291,3.294080524,0.544807841,0.171977805,0.066053202,0.384079807,0.224688828,0.227652033,1.013188038,0.216922573,0.240564315,1.108987006,6.984672448,2.785461498,0.398796296,3.626101229,2.858202727,0.788230264,0.174537716,0.066401903,0.380444437,0.168975422,0.065618897,0.388333972,0.217712695,0.223064934,1.024583955,0.232870761,0.233028567,1.000677653,0.208018223,0.236682307,1.137796026,0.227366009,0.245018503,1.077639108,7.091424541,2.806594953,0.395773083,6.85946863,2.759596076,0.402304643,3.540207498,2.794039936,0.789230557,3.726841389,2.933223036,0.787053359,animal,2cm,Ceratosoma brevicaudatum,15_CeratosomaBrevicaudatum_19_NF_D_RAW_AOB,animals_on_background,NF,D,colour_defence_2024
0.271452913,0.888679468,3.273788664,7.695788439,75.25079841,0.475233335,0.986248703,2.075293607,5.475486818,55.19021574,0.137775066,0.595952581,4.325547415,11.52056468,163.2513943,0.136926261,0.597504308,4.36369402,11.44654759,160.7449417,0.251053482,0.654718483,2.607884499,8.173936298,114.216373,0.224540506,0.628789624,2.800339391,9.365539586,142.2526869,0.132322811,2.247142579,0.187261882,3.469308037,0.052565273,1.083559701,0.436056502,1.830006851,0.601081742,0.119913577,0.518569122,0.02052224,2.246619126,2.247661899,0.18721826,0.187305158,3.535630371,3.375252977,0.053570157,0.051140197,1.083426961,1.083683271,0.361656804,0.368044058,1.83161101,1.812779808,0.737094494,0.729516261,0.120394209,0.119222677,0.549375649,0.54878016,0.021319084,0.019726572,2281.225342,45.90633056,49.69304482,0.48019488,0.121763741,0.030351104,0.249262251,0.268856367,0.047638516,0.177189465,6.933807417,1.097604298,0.158297488,14.54169139,12.33950207,0.848560304,5.38898897,2.983547134,0.55363764,0.12188013,0.030192263,0.24772096,0.121810462,0.030236648,0.248227018,0.26944814,0.046793565,0.173664458,0.269413388,0.046769516,0.173597594,6.947569421,1.075822383,0.154848742,6.947587327,1.07389347,0.154570705,14.54307074,12.34127803,0.848601939,14.54031631,12.33773118,0.848518761,5.389589983,2.98343563,0.553555213,5.38838982,2.983658156,0.553719804,0.176730912,0.099065389,0.56054364,0.186356554,0.208440563,1.118504063,0.184262194,0.198750159,1.078626896,7.21660971,4.133729419,0.572807674,3.650898222,3.657486177,1.001804475,0.180693811,0.099852326,0.552605122,0.172454411,0.09841701,0.570684214,0.182727864,0.203610808,1.114284394,0.190272398,0.214283825,1.126195009,0.1785473,0.19459092,1.089856414,0.190429334,0.203741945,1.069908402,7.382831176,4.171004635,0.564960045,7.037234398,4.101713396,0.582858715,3.568483619,3.604868741,1.010196242,3.739834662,3.725813979,0.996250989,animal,2cm,Ceratosoma brevicaudatum,15_CeratosomaBrevicaudatum_18_NF_D_RAW_AOB,animals_on_background,NF,D,colour_defence_2024
0.285031946,0.992585921,3.48236727,7.488518579,70.22959352,0.431194876,1.125751684,2.610772405,7.194950622,80.89181463,0.143751325,0.653089512,4.543189503,11.28455718,155.374929,0.144301746,0.672014794,4.657010824,11.14510988,150.3166708,0.222232667,0.734289506,3.304147481,10.80166106,174.0926481,0.209365054,0.724103295,3.45856809,10.9524251,179.6688922,0.182737556,1.878453969,0.170768543,4.597058493,0.083582882,0.992355391,0.413844342,1.99118432,0.604151358,0.127175712,0.50899785,0.020565008,1.879349167,1.877560046,0.170849924,0.170687277,4.531905651,4.657291267,0.082398285,0.084678023,0.992667343,0.9920404,0.301188252,0.308194678,1.987769292,1.987775499,0.828964181,0.82896677,0.126624104,0.12768265,0.565076217,0.568580724,0.020730909,0.020399265,2268.392961,47.2371517,48.02137469,0.495883712,0.156413526,0.033432976,0.213747348,0.312254938,0.047986066,0.153675923,8.032390256,1.228673445,0.152964859,13.7454962,10.15958619,0.739121094,7.10196756,3.520371592,0.495689619,0.156776419,0.032883818,0.209749768,0.156768782,0.032923639,0.210014003,0.312939224,0.047216173,0.150879691,0.313011966,0.04709469,0.150456518,8.046789843,1.208703071,0.15020935,8.048906829,1.205285531,0.149745246,13.74405318,10.15835347,0.739109005,13.74693736,10.16081696,0.739133138,7.101832634,3.520452139,0.495710378,7.102102312,3.52029114,0.495668886,0.173371532,0.084403058,0.486833433,0.17953866,0.144417711,0.804382249,0.182687945,0.156738275,0.857956312,7.076581925,3.668421986,0.518388966,4.305183501,3.97217481,0.922649362,0.175099981,0.08508776,0.485938141,0.171616642,0.083793236,0.488258218,0.174975237,0.142085286,0.812030825,0.184171892,0.146823107,0.797206921,0.177657254,0.153780879,0.865604278,0.187795592,0.159762398,0.850724963,7.149824107,3.701524508,0.517708471,7.002219316,3.63853828,0.519626438,4.206226668,3.91548385,0.930877996,4.405654133,4.032542616,0.915310756,animal,2cm,Ceratosoma brevicaudatum,15_CeratosomaBrevicaudatum_17_NL_D_RAW_AOB,animals_on_background,NL,D,colour_defence_2024
0.263359232,0.869517617,3.301640927,7.654586992,81.79199756,0.431029835,0.955421282,2.216601277,5.210167117,53.33992708,0.135341171,0.588048526,4.344934507,11.69504252,180.181608,0.130908642,0.567628001,4.336062096,11.98745774,190.496318,0.228096018,0.616164563,2.701338536,8.157368323,117.9989384,0.203364607,0.597488185,2.93801461,9.578666761,152.1967485,0.136583492,1.839300013,0.183930001,4.63171865,0.102927081,0.951946118,0.413424946,2.057300102,0.686743645,0.143428541,0.550084296,0.019054741,1.836052331,1.842536529,0.183605233,0.184253653,4.296511693,5.06952345,0.095478038,0.112656077,0.950255138,0.953621477,0.322728759,0.318326669,2.003778048,2.11455052,0.870229749,0.918337622,0.139541635,0.148454865,0.596479254,0.618332146,0.020922262,0.017188996,2675.642151,46.79597891,57.17675351,0.450079341,0.188017112,0.036671723,0.195044605,0.286796906,0.0519971,0.181302864,7.274765611,1.334338635,0.183420155,11.00818189,6.889527686,0.625855183,4.403564161,2.733330816,0.620708752,0.188624687,0.03637198,0.192827253,0.188509536,0.036419044,0.193194704,0.287524577,0.05040715,0.17531423,0.287427789,0.050470777,0.175594633,7.291159507,1.2919352,0.177192009,7.289053823,1.293191552,0.177415558,11.01284084,6.890485744,0.625677411,11.00354505,6.888570567,0.626031932,4.403813647,2.733364842,0.620681314,4.403315859,2.733296927,0.620736058,0.168966966,0.077622338,0.459393571,0.245191107,0.268629291,1.095591496,0.245596103,0.281395254,1.145764329,6.87183235,3.26391755,0.474970486,3.620616646,3.40141135,0.939456364,0.169636555,0.074519024,0.439286356,0.168152724,0.081343724,0.48374907,0.233407426,0.265773592,1.138668107,0.25952044,0.271774789,1.047219207,0.233217072,0.278372558,1.193619985,0.260649403,0.284722979,1.09235999,6.895262682,3.130693155,0.454035372,6.843340316,3.423532663,0.500272163,3.456092187,3.353163216,0.970218106,3.820683662,3.453547655,0.903908295,animal,2cm,Ceratosoma brevicaudatum,15_CeratosomaBrevicaudatum_14_NL_N_RAW_AOB,animals_on_background,NL,N,colour_defence_2024
0.323459495,0.964122642,2.980659577,8.098134512,89.29540142,0.409777331,0.972238297,2.372601467,7.283527812,85.08198402,0.168825785,0.619137345,3.667315079,11.70722599,187.4258518,0.15872593,0.619441576,3.902585893,12.26935822,199.0702336,0.21866726,0.639204051,2.923181324,10.55277749,172.7769658,0.19160734,0.607494416,3.17051745,12.15195034,220.6189859,0.153091867,2.220451847,0.170803988,4.243061437,0.054398224,1.052625283,0.41038833,2.105267371,0.587486046,0.112601106,0.498937188,0.017571323,2.21914365,2.221755888,0.170703358,0.170904299,4.19247842,4.293987605,0.053749723,0.055051123,1.051666346,1.053577799,0.293473082,0.294006483,2.081331636,2.12847314,0.811451357,0.829830474,0.112226541,0.112977711,0.552462219,0.561918478,0.018590243,0.016553421,3136.377415,52.79165804,59.41047376,0.470504947,0.120060103,0.02568706,0.213951675,0.437399269,0.086184624,0.197038793,11.52439436,2.253674903,0.195556906,13.85599562,8.812602713,0.636013676,9.359903104,4.335815944,0.463232995,0.120361996,0.025439963,0.211362092,0.12030939,0.025469315,0.211698482,0.438732096,0.084398799,0.192369785,0.438569008,0.084515338,0.192707045,11.55699591,2.209959371,0.191222649,11.55322428,2.212140515,0.191473866,13.85872086,8.813402073,0.635946287,13.85327875,8.811804824,0.636080814,9.361212487,4.336308323,0.463220798,9.358597738,4.335324594,0.463245105,0.171036935,0.083706365,0.489405197,0.218414121,0.172120451,0.78804635,0.215175463,0.166392848,0.773289137,6.968696534,3.552667106,0.509803675,5.35352109,3.538858497,0.66103382,0.171418908,0.081664003,0.476400205,0.170608391,0.085937904,0.503714407,0.215967729,0.170344266,0.788748704,0.221158784,0.174049529,0.786988996,0.212265609,0.164327736,0.774160905,0.218440095,0.168618184,0.771919569,6.981130393,3.460947343,0.495757442,6.954746702,3.652777502,0.525220782,5.269663421,3.460463045,0.656676294,5.44760293,3.622418552,0.664956422,animal,2cm,Ceratosoma brevicaudatum,15_CeratosomaBrevicaudatum_12_NF_D_RAW_AOB,animals_on_background,NF,D,colour_defence_2024
0.217877187,0.652443603,2.994547583,8.184718879,98.83912159,0.37852062,0.887674491,2.345115283,6.216191361,73.66997638,0.110548118,0.423988209,3.835327261,12.83259535,230.6361525,0.110616963,0.410477736,3.71080282,12.51722023,222.1818761,0.195018678,0.565801011,2.901265751,10.09276737,177.8278053,0.183603849,0.549833475,2.994672927,10.78854617,195.4868504,0.156566785,3.265632187,0.326563219,5.279464141,0.117321425,1.374539148,0.596954767,1.962114026,0.692540161,0.221942322,0.644747464,0.018763576,3.267151056,3.264114145,0.326715106,0.326411414,5.101117581,5.409013038,0.113358168,0.12020029,1.374884123,1.37419186,0.485273771,0.485029432,1.94351516,1.974588229,0.844057909,0.857552772,0.220036637,0.223305852,0.66466584,0.671291102,0.019075278,0.018451998,2735.476236,51.42387441,53.19467401,0.491536875,0.123656383,0.041986903,0.339544973,0.332813337,0.079578738,0.239109221,8.856121805,1.870752828,0.211238381,13.52790725,9.78172032,0.723077128,6.684220064,3.442367821,0.514999175,0.123904712,0.041837205,0.337656288,0.123868649,0.041813442,0.337562748,0.333557195,0.079160088,0.237320883,0.33355923,0.079161,0.237322169,8.873590474,1.858755336,0.209470489,8.873883049,1.858639213,0.209450497,13.52894166,9.782887838,0.72310814,13.5268739,9.78055375,0.723046124,6.68424483,3.442331351,0.514991811,6.684195323,3.442404252,0.515006532,0.198960988,0.083643655,0.420402291,0.191855978,0.140413013,0.731866759,0.177698775,0.160916908,0.905560031,8.121181847,3.500214782,0.430998203,4.153923442,2.920188474,0.702995256,0.200822033,0.081155974,0.404118874,0.197037853,0.086093995,0.436941399,0.192932089,0.140132167,0.726328976,0.190743963,0.140693452,0.737603697,0.178101622,0.160353788,0.900349954,0.177282487,0.161495632,0.910950849,8.196007106,3.399094089,0.414725615,8.043860122,3.599992176,0.447545348,4.156923455,2.915486115,0.7013567,4.150823336,2.925036346,0.704688229,animal,2cm,Ceratosoma brevicaudatum,15_CeratosomaBrevicaudatum_11_NF_D_RAW_AOB,animals_on_background,NF,D,colour_defence_2024
0.307925769,0.960473641,3.119172666,6.41810916,56.838403,0.486640149,1.210810044,2.488101419,6.069964716,63.90334056,0.151004834,0.592820695,3.925839197,9.845569881,129.9836037,0.160749592,0.629794214,3.917858858,9.588000682,122.5687062,0.241278529,0.745419943,3.089458255,9.716207929,151.9872597,0.245921014,0.774956108,3.151239881,9.563695117,147.5288523,0.263102863,3.456310169,0.216019386,12.61694464,0.105141205,1.531183254,0.552257622,2.932668358,0.770404092,0.160580295,0.661330857,0.028095933,3.460043581,3.452579841,0.216252724,0.21578624,12.28415585,12.89614903,0.102367965,0.107467909,1.532770406,1.5295922,0.405045876,0.404206012,2.921432132,2.939495212,1.053683912,1.060198791,0.159310345,0.161627074,0.729364894,0.732202402,0.027247476,0.028943197,1197.772172,35.70064725,33.55043295,0.515524771,0.17292136,0.049767936,0.287806761,0.320186101,0.049372516,0.154199436,8.418520944,1.525246387,0.181177477,15.75509003,10.35933143,0.657522833,6.940551267,3.917390192,0.564420612,0.173648059,0.04951726,0.285158733,0.173713285,0.049459642,0.284719976,0.320681357,0.048214426,0.150349949,0.320738842,0.048056973,0.149832095,8.426560448,1.495653294,0.177492739,8.427272686,1.491119758,0.176939778,15.7536358,10.3588904,0.657555534,15.75654476,10.35977236,0.657490111,6.940825705,3.917395044,0.564398994,6.940276736,3.917385319,0.564442236,0.171130396,0.090405807,0.528286086,0.156927635,0.140730673,0.896787063,0.170452723,0.137361125,0.805860552,6.988811803,3.866987624,0.553311168,3.92924476,3.158225765,0.803774251,0.170590649,0.09114403,0.534285031,0.171637807,0.089748907,0.522897074,0.15573031,0.139129095,0.893397666,0.158053227,0.142280245,0.900204616,0.168880029,0.136122259,0.806029345,0.171931196,0.138567281,0.805946128,6.967743238,3.898627603,0.559525153,7.008618127,3.838850646,0.547732888,3.893741792,3.131080273,0.80413146,3.962620708,3.184734864,0.803694095,animal,2cm,Ceratosoma brevicaudatum,15_CeratosomaBrevicaudatum_3_NB_D_RAW_AO,animals_only,NB,D,colour_defence_2024
0.231345399,0.715512508,3.092832235,8.447092738,103.45482,0.503104096,1.223763466,2.432425964,5.784245355,57.42170576,0.118869309,0.475739293,4.002204562,12.87057595,231.1428196,0.116259638,0.463882923,3.990059941,12.9217124,234.4502513,0.257787653,0.802319587,3.11232744,8.979462763,126.9771145,0.246093945,0.780350659,3.170946198,9.41018381,140.7640945,0.251259898,3.086039046,0.22043136,3.995109939,0.043902307,1.345997891,0.510029804,2.031993647,0.571531566,0.132166834,0.540780685,0.024954472,3.08424564,3.087828682,0.22030326,0.220559192,4.050406711,3.937567253,0.044509964,0.04326997,1.345516536,1.346476862,0.378448611,0.381831878,2.046623521,2.01364031,0.775513096,0.763014993,0.132406612,0.131914581,0.576980854,0.572423436,0.025257308,0.024652016,1526.89818,38.59250092,39.56463415,0.493780905,0.148667185,0.042511055,0.285947805,0.260398043,0.036878823,0.141624808,7.313895541,1.046092911,0.143028145,18.40800527,10.93101763,0.593818693,6.489410215,3.568567261,0.549906254,0.14898848,0.042283009,0.283800527,0.148959466,0.042308843,0.284029236,0.260640643,0.036537758,0.140184424,0.260621193,0.036560222,0.14028108,7.320345804,1.035341133,0.141433364,7.319909181,1.035926458,0.141521764,18.40943191,10.93096064,0.593769579,18.40658131,10.93107432,0.593867712,6.48968009,3.568702655,0.549904249,6.489140846,3.568432094,0.549908251,0.186457077,0.08030356,0.430681213,0.10031543,0.108001871,1.076622716,0.12264949,0.105669664,0.861558115,7.609038968,3.444662073,0.452706588,2.808922209,2.530106602,0.900739292,0.187086949,0.08125936,0.434340077,0.185812551,0.079342596,0.427003427,0.101006875,0.10792277,1.068469547,0.099607899,0.108124815,1.085504425,0.123314998,0.105578362,0.856168054,0.1219685,0.105804319,0.867472491,7.636564902,3.483827104,0.45620343,7.580872656,3.405355504,0.449203628,2.821672365,2.53189405,0.897302636,2.795875427,2.529301967,0.904654743,animal,2cm,Ceratosoma brevicaudatum,15_CeratosomaBrevicaudatum_2_NB_D_RAW_AO,animals_only,NB,D,colour_defence_2024
0.214065683,0.694578196,3.244696616,8.050745459,85.52947807,0.369711458,0.858042188,2.320842834,6.128006213,65.34532096,0.113618552,0.475031376,4.180931445,11.62996888,174.7473994,0.102960323,0.43003284,4.176685051,12.16828609,190.3690216,0.198471728,0.580394864,2.924320102,8.986595321,132.4584607,0.171090178,0.527762459,3.084703427,10.37433169,169.2493589,0.309619336,1.702351514,0.212793939,2.430329209,0.086797472,0.735770958,0.353831037,1.352998168,0.544486517,0.149795705,0.449158777,0.016694137,1.702626624,1.70207555,0.212828328,0.212759444,2.554163491,2.307009861,0.091220125,0.082393209,0.735206535,0.736329656,0.295868875,0.307073317,1.388934708,1.311684303,0.667936405,0.630786813,0.152024226,0.147576327,0.48190264,0.468930065,0.016990443,0.016398415,3470.326773,57.85661556,59.98150323,0.49098387,0.104512864,0.015670235,0.149935946,0.273802249,0.039950537,0.145910184,7.200694323,1.141767827,0.158563574,11.07163357,6.293855043,0.568466704,6.624136822,3.448528155,0.520600381,0.104555209,0.015535156,0.148583279,0.10451582,0.015532523,0.148614081,0.274362515,0.038858401,0.141631595,0.274324262,0.039023397,0.14225281,7.215707461,1.11563098,0.154611448,7.215089496,1.119199343,0.15511926,11.07422797,6.294824436,0.568421063,11.06904584,6.292886778,0.568512126,6.624272993,3.448527201,0.520589536,6.624001002,3.448529101,0.520611199,0.147623669,0.070461312,0.477303625,0.210565362,0.185241153,0.879732315,0.226690168,0.182206993,0.803771046,5.98919432,2.999420434,0.500805329,3.589641179,2.863409642,0.797686872,0.147274598,0.072252674,0.490598346,0.147984627,0.06884276,0.465202103,0.217096783,0.188206622,0.866924968,0.203811497,0.182611144,0.895980585,0.23281977,0.185253203,0.795693612,0.220351807,0.179504851,0.814628451,5.977211242,3.078047598,0.514963831,6.001585513,2.927954129,0.487863436,3.682325129,2.890029202,0.784838139,3.493800641,2.843919093,0.813990089,animal,2cm,Ceratosoma brevicaudatum,15_CeratosomaBrevicaudatum_1_NB_D_RAW_AO,animals_only,NB,D,colour_defence_2024
0.522204541,1.114276696,2.133793579,2.494509543,12.5006401,1.070735639,2.072543549,1.935625819,1.973513408,9.943100601,0.2701173,0.728430489,2.696719128,4.460758955,32.19370065,0.258260016,0.687261402,2.661121972,4.437124613,32.32564798,0.545964499,1.332571802,2.440766395,3.898908703,28.34128712,0.527001898,1.24891519,2.369849511,3.640696082,25.61172324,0.208844628,3.755741255,0.234733828,7.46168418,0.062180701,1.667959466,0.601589212,2.549561262,0.665918011,0.148457265,0.633753611,0.057050294,3.747036944,3.764447083,0.234189809,0.235277943,7.759486485,7.163180137,0.064662387,0.059693168,1.665065822,1.670832541,0.434897304,0.438923216,2.588902327,2.50200657,0.933749137,0.902408118,0.149426098,0.147485555,0.684323221,0.670665667,0.058124437,0.055976245,273.2838254,16.20446772,16.8647209,0.490017094,0.143863733,0.081770906,0.568391381,0.088662493,0.067765096,0.764303977,2.343068876,1.688876581,0.720796814,13.86045924,9.17662219,0.662072016,5.615013245,3.162126771,0.56315571,0.143367613,0.081732819,0.570092625,0.143527097,0.0819286,0.570823221,0.087419643,0.066547094,0.761237313,0.087570201,0.066675393,0.761393628,2.313840374,1.658699978,0.716860159,2.316946165,1.661275776,0.717010952,13.85587408,9.171624662,0.661930428,13.86503357,9.181602768,0.662212805,5.61420628,3.161201374,0.563071825,5.615818303,3.163049493,0.563239286,0.211312517,0.095900374,0.453831962,0.349224603,0.22343496,0.639803034,0.331392502,0.223224998,0.673597009,8.671510231,4.0929506,0.471999743,3.012455031,2.311100377,0.767181702,0.212562395,0.096472943,0.453857056,0.210014785,0.095308047,0.453815892,0.35233992,0.223579844,0.634557231,0.345990011,0.223292551,0.645372824,0.334713547,0.223519077,0.667792143,0.327944306,0.222920774,0.679751928,8.725920223,4.122591946,0.472453545,8.615017069,4.062160208,0.471520854,3.050133464,2.324240692,0.762012784,2.973334022,2.297276215,0.772626351,animal,2cm,Ceratosoma tenue,16_CeratosomaTenue_8_NL_D_RAW_AOB,animals_on_background,NL,D,colour_defence_2024
0.402774021,0.707594781,1.756803427,2.553017333,13.96700312,0.995647912,1.592594456,1.599555865,1.993902036,11.68902233,0.213037718,0.46538003,2.184495938,4.491958356,35.78190886,0.196052835,0.422927459,2.15721164,4.547108394,36.55121379,0.528337186,1.065370519,2.016459465,4.194257845,37.17755798,0.467636951,0.90084668,1.926380452,3.244787211,22.26070646,0.182557578,4.902496076,0.61281201,5.792713569,0.206882627,1.702517582,0.818737891,2.10561513,0.743189755,0.409847318,0.780963823,0.059634767,4.907431581,4.897583899,0.613428948,0.612197987,5.930106181,5.621771208,0.211789506,0.200777543,1.703297001,1.701739175,0.601189107,0.600639263,2.121746765,2.081467736,1.020344512,1.000974393,0.412609227,0.406487765,0.81076681,0.800806828,0.063603827,0.05567773,249.698014,14.7223243,16.96050222,0.464678374,0.062087178,0.028089358,0.452418015,0.226092244,0.067136325,0.296942183,6.324183786,1.667610058,0.263687792,12.66517183,8.254792939,0.651771097,4.498295831,2.415361898,0.536950434,0.062350105,0.028374884,0.455089595,0.062355165,0.028320005,0.454172556,0.226152208,0.067225817,0.297259168,0.226347725,0.066971633,0.295879417,6.318984831,1.668749224,0.264085018,6.325564941,1.660657814,0.262531146,12.67114669,8.257388782,0.651668628,12.65926505,8.252221019,0.651872047,4.499455838,2.416262314,0.537012119,4.497149045,2.414470787,0.536889208,0.174265194,0.076785003,0.440621568,0.137874947,0.177863233,1.290033013,0.123880176,0.183172543,1.47862676,7.094866741,3.269772752,0.460864576,2.317973643,1.194154466,0.515171719,0.176354912,0.078642402,0.445932583,0.171885223,0.074537544,0.433647192,0.134648408,0.172537897,1.281395746,0.141549639,0.183667006,1.297544855,0.118873263,0.177524005,1.493388849,0.12958253,0.189229205,1.46029874,7.184416673,3.35332372,0.466749616,6.992878668,3.16866404,0.453127273,2.316999295,1.199310925,0.51761385,2.319083324,1.188253507,0.512380687,animal,2cm,Ceratosoma tenue,16_CeratosomaTenue_7_NL_D_RAW_AOB,animals_on_background,NL,D,colour_defence_2024
0.586928171,1.21471849,2.069620355,1.572376638,7.341192974,0.758814183,1.451635589,1.913031703,1.127226015,5.479582219,0.303854563,0.760868845,2.504056014,3.19598295,20.56058393,0.289606525,0.71887588,2.482250289,3.339539016,22.83861994,0.398683142,0.902145914,2.262814295,2.469736658,14.87287722,0.361520129,0.828434803,2.291531608,2.792866487,19.7687892,0.160370518,3.425959829,0.380662203,9.060069092,0.251668586,1.512309515,0.688281722,2.475933951,0.76919213,0.316165395,0.728736926,0.047763,3.42182343,3.430069601,0.380202603,0.381118845,9.109797941,8.995930568,0.253049943,0.24988696,1.511382977,1.513221465,0.469537522,0.47010868,2.471225025,2.478001424,1.124702978,1.12778705,0.316626273,0.315502902,0.79712025,0.798947865,0.049506104,0.046025299,397.9521154,19.19952919,20.72718094,0.480869301,0.07208551,0.023040449,0.319626639,0.195989476,0.072817592,0.371538278,5.221523743,1.881390409,0.360314441,9.242284371,6.430035686,0.695719308,5.345180156,2.852483173,0.533655198,0.072297543,0.02318672,0.320712417,0.072274254,0.023172007,0.320612191,0.19510741,0.071421945,0.366064748,0.195086584,0.071366894,0.365821639,5.196800426,1.84546973,0.355116529,5.196426279,1.844435165,0.354943006,9.245122145,6.43166448,0.695681937,9.239465715,6.428416063,0.695756255,5.344572051,2.851562562,0.533543665,5.345784165,2.853397144,0.533765872,0.174078075,0.082318146,0.472880608,0.220678451,0.129321519,0.586017883,0.221737104,0.116976868,0.527547558,7.08816643,3.448262004,0.486481524,3.86038172,1.88451401,0.488167789,0.173733207,0.082457068,0.474618927,0.174447875,0.082167244,0.471013156,0.218416474,0.126648524,0.57984877,0.223103957,0.132082863,0.592023849,0.219775032,0.114193733,0.519593751,0.223841023,0.119852276,0.535434812,7.073949523,3.453348921,0.488178338,7.103411134,3.442731037,0.484658845,3.870433881,1.901613875,0.491318011,3.849602848,1.865941158,0.484710042,animal,2cm,Ceratosoma tenue,16_CeratosomaTenue_4_NF_N_RAW_AOB,animals_on_background,NF,N,colour_defence_2024
0.668330223,1.36863316,2.047839697,2.242818695,10.66824547,0.853765666,1.584096987,1.855423626,1.75265448,8.398812099,0.35581196,0.919833665,2.585167925,4.078512486,27.68600801,0.31975301,0.799710951,2.501027121,4.087511756,28.43888847,0.453102014,1.036917368,2.288485452,3.33063218,21.6171727,0.401533646,0.929742906,2.315479452,3.66845093,26.3021501,0.174687013,4.603603301,0.354123331,6.139202912,0.07870773,1.716735967,0.669305989,2.358804617,0.674617336,0.21641553,0.671961663,0.052005177,4.599706658,4.607453203,0.353823589,0.354419477,6.321700138,5.923997767,0.081047438,0.075948689,1.715659602,1.717794517,0.490678076,0.491288661,2.375064433,2.333608421,0.925969328,0.909806821,0.217435513,0.215184083,0.708323702,0.700547741,0.055053495,0.048963941,333.3826096,17.16415094,19.4231926,0.469128099,0.073414835,0.031083011,0.423388686,0.208577157,0.076503218,0.366786179,5.631978199,1.971050878,0.349974877,9.824255085,6.564637,0.6682071,6.577950562,3.408368567,0.51815053,0.073570128,0.031343838,0.426040276,0.073491211,0.031313412,0.426083765,0.207643613,0.074862608,0.360534125,0.207779152,0.075183432,0.361843003,5.606291946,1.927501197,0.34381035,5.610230704,1.936025493,0.345088392,9.823466009,6.564432246,0.668239931,9.825037287,6.564839863,0.66817455,6.576112402,3.405904289,0.517920632,6.579772708,3.41080856,0.51837787,0.179966909,0.075431551,0.419141224,0.200027557,0.13615502,0.680681311,0.177577036,0.140386081,0.79056439,7.317627898,3.124154248,0.42693538,3.632571701,2.668268786,0.734539881,0.182202726,0.076256626,0.418526265,0.177458868,0.074412746,0.419323906,0.200934316,0.135323795,0.673472791,0.199010395,0.137074092,0.688778552,0.17881688,0.139961607,0.782709144,0.176186234,0.140847321,0.799422964,7.411820529,3.162641436,0.426702377,7.211966787,3.076872096,0.426634258,3.727300515,2.738833912,0.73480362,3.526309124,2.582561506,0.732369573,animal,2cm,Ceratosoma tenue,16_CeratosomaTenue_3_NF_N_RAW_AOB,animals_on_background,NF,N,colour_defence_2024
0.591327414,1.237274786,2.092368384,1.501201557,6.94981957,0.751205522,1.456881659,1.939391572,1.103369026,5.51866792,0.304840802,0.765126163,2.509920453,3.069645168,19.46131434,0.292772618,0.731851138,2.499725359,3.250145286,22.20906599,0.392360372,0.895253301,2.281711828,2.432193093,14.99673522,0.360184333,0.83328365,2.313492216,2.777955385,20.30065725,0.16022618,5.629187221,0.511744293,10.38260788,0.188774689,1.875833957,0.782283521,2.589613903,0.734358806,0.350259491,0.758321163,0.063027519,5.625474055,5.632864906,0.511406732,0.512078628,10.47122521,10.26968954,0.190385913,0.186721628,1.875297056,1.876360679,0.541096353,0.546408757,2.593228243,2.580041904,1.081460176,1.075961045,0.350896323,0.349400128,0.811278264,0.811184901,0.064907106,0.061153542,221.17471,14.40663366,15.35228252,0.484111504,0.074706205,0.026733918,0.357854049,0.195795356,0.077941194,0.398074785,5.204415152,1.969024134,0.378337253,10.1133938,7.141665364,0.70615913,5.244775128,3.066681219,0.584711669,0.074640973,0.026842742,0.35962476,0.074650933,0.026847181,0.359636242,0.194966817,0.077427818,0.397133315,0.194954536,0.077461158,0.397329343,5.183574477,1.955039961,0.377160581,5.18302223,1.956332429,0.377450133,10.11400773,7.143012738,0.706249484,10.11278416,7.140327073,0.706069364,5.243657497,3.06563017,0.584635852,5.245884968,3.067724141,0.584786773,0.146523041,0.079164909,0.540289834,0.211010259,0.109056763,0.516831567,0.206690953,0.107701849,0.521076742,5.941832956,3.260126114,0.548673471,3.390836043,1.737630609,0.51244902,0.147530766,0.078921421,0.534948904,0.145456654,0.07960278,0.547261175,0.210894774,0.108730244,0.515566327,0.211132467,0.109670252,0.51943812,0.206449647,0.107426593,0.520352514,0.206946306,0.108257646,0.523119486,5.983013578,3.251200799,0.543405218,5.898255156,3.277009665,0.555589675,3.409266435,1.759399121,0.516063838,3.371332794,1.71840184,0.509709941,animal,2cm,Ceratosoma tenue,16_CeratosomaTenue_25_NL_N_RAW_AOB,animals_on_background,NL,N,colour_defence_2024
0.663330815,1.368672142,2.063332669,2.20959928,10.51817388,0.858904472,1.609520376,1.873922454,1.765537872,8.82535341,0.353902675,0.920816343,2.601891446,4.060701032,27.5788545,0.316647484,0.796382802,2.515045409,4.06450293,28.35736754,0.456754559,1.050769508,2.30051236,3.3422038,22.44395384,0.402857034,0.943522102,2.342076776,3.822532542,29.70772332,0.1821826,3.674263766,0.262447412,10.27046933,0.1128623,1.715282105,0.649960153,2.731199956,0.735464374,0.187654856,0.692712263,0.048380229,3.667844826,3.680625197,0.261988916,0.2629018,10.29415567,10.18113048,0.11312259,0.111880555,1.71353855,1.716993805,0.46451465,0.468667917,2.727150672,2.726316954,1.03338061,1.033064694,0.187555753,0.187391177,0.74894763,0.750866306,0.051313673,0.04545333,388.2585293,18.48798328,21.00058851,0.468185666,0.070844627,0.029472145,0.416011012,0.202847803,0.089877308,0.443077553,5.450177586,2.362439731,0.433461056,10.9833406,7.392817644,0.673093726,6.812733373,3.364213431,0.493812578,0.071031998,0.029576421,0.416381658,0.071003356,0.029523145,0.415799288,0.201233971,0.088108625,0.437841706,0.201510495,0.088368672,0.438531363,5.407799433,2.317320356,0.428514479,5.414865076,2.323179864,0.429037442,10.9875194,7.396009297,0.673128213,10.97919673,7.389648788,0.673059147,6.811331701,3.361753921,0.493553107,6.814123331,3.366649993,0.494069425,0.19093975,0.089833871,0.470482816,0.247231546,0.179534681,0.72618031,0.247492839,0.174399424,0.704664525,7.799752183,3.761172435,0.482216915,4.572783469,2.28895991,0.500561622,0.18832169,0.089316282,0.474275065,0.193888765,0.090409291,0.466294638,0.245977177,0.173534224,0.705489128,0.248644482,0.186228061,0.748973229,0.245711709,0.168662222,0.68642322,0.249499125,0.180793593,0.724626159,7.689594553,3.736610777,0.485930793,7.923835107,3.788442155,0.478107142,4.631402474,2.312315429,0.499268945,4.506754294,2.262781409,0.502086704,animal,2cm,Ceratosoma tenue,16_CeratosomaTenue_24_NL_N_RAW_AOB,animals_on_background,NL,N,colour_defence_2024
0.552000818,1.113180205,2.016627817,3.771408296,28.10799121,1.154450718,1.989896304,1.723673669,2.055212107,10.30966307,0.275869709,0.670760283,2.431438692,5.209809999,47.17798773,0.28233932,0.7432328,2.632409821,6.795046108,77.66164247,0.589513093,1.238371539,2.100668425,3.427112026,21.67092518,0.565996246,1.245136976,2.19990324,4.105935997,31.90059234,0.24770764,2.632625533,0.263262553,6.072754889,0.134950109,1.472106235,0.639327615,2.202465598,0.762000802,0.199106331,0.700664208,0.046888436,2.628303466,2.63690897,0.262830347,0.263690897,5.917871761,6.117501996,0.131508261,0.135944489,1.471647461,1.472498145,0.509155079,0.509449396,2.193786239,2.192558353,0.952749258,0.952215994,0.197169304,0.199817693,0.730952169,0.730832695,0.04692224,0.046854768,413.1948377,20.31185567,20.34254499,0.499622558,0.115311631,0.044256014,0.38379488,0.207512086,0.089583882,0.431704406,5.235307822,2.17761547,0.415947934,14.8156394,9.505644273,0.641595278,5.444671864,3.311227515,0.608159242,0.116168786,0.044122761,0.379815975,0.115998528,0.04423316,0.38132518,0.208985327,0.087522854,0.418799037,0.208356887,0.087664513,0.420742093,5.264289441,2.122200046,0.403131338,5.251542226,2.127287667,0.405078656,14.81734489,9.508436745,0.641709889,14.81394086,9.502862029,0.641481029,5.44812355,3.315601316,0.608576749,5.441234245,3.30686181,0.607741123,0.175107541,0.125053742,0.71415395,0.445796284,0.348338001,0.781383815,0.436376304,0.341631041,0.782881741,7.260929265,5.621790451,0.774252199,4.195371115,2.235035771,0.532738514,0.174024407,0.121018281,0.695409814,0.176187891,0.128943496,0.731852202,0.466263976,0.349814561,0.750250029,0.425381208,0.345582737,0.812407155,0.456991557,0.342432626,0.749319371,0.415814047,0.339511905,0.816499365,7.201802352,5.423384902,0.753059392,7.319904182,5.812309672,0.79404177,4.146872309,1.971564395,0.475434074,4.243745245,2.468986166,0.581794152,animal,2cm,Ceratosoma tenue,16_CeratosomaTenue_23_NL_N_RAW_AOB,animals_on_background,NL,N,colour_defence_2024
0.655965652,1.180926935,1.80028776,2.443743398,11.65018474,0.946156646,1.621322603,1.713587925,2.535797412,13.60151289,0.345168138,0.798811085,2.314266576,4.269232576,29.52356557,0.317561558,0.70861696,2.2314318,4.022185057,26.31661781,0.507157988,1.120040277,2.208464232,4.568090551,35.82798236,0.440312077,0.929523609,2.111056355,4.015080233,28.58605698,0.18068976,7.314924715,0.522494623,17.28621664,0.189958425,2.160819234,0.818784499,3.124305791,0.807063695,0.356226524,0.812924097,0.077345765,7.306209188,7.323411882,0.521872085,0.523100849,17.88618885,16.51273677,0.196551526,0.181458646,2.159230508,2.162359219,0.557767603,0.558575804,3.155503551,3.074385405,1.195693445,1.164955899,0.359211805,0.352279747,0.876730524,0.861765852,0.08060735,0.074092566,142.5342782,11.4058166,12.49663073,0.477181957,0.08792429,0.039809237,0.452767231,0.19080838,0.093844199,0.491824303,5.030649855,2.354634767,0.468057773,9.867705738,6.697846046,0.678764266,5.68573391,3.752902824,0.660056007,0.08835109,0.040353386,0.456738976,0.088401608,0.040307461,0.455958462,0.190175375,0.092857959,0.488275409,0.189916523,0.093000647,0.489692237,5.012367918,2.327284707,0.464308436,5.003879344,2.332281703,0.466094712,9.870300064,6.699807377,0.678784569,9.865136289,6.69590189,0.678743982,5.684406014,3.750712272,0.659824837,5.687049073,3.755070612,0.660284545,0.156115615,0.07880578,0.504791147,0.241287791,0.156349217,0.647978152,0.229093648,0.162882271,0.710985539,6.341284407,3.280267591,0.517287568,3.444093821,2.017646543,0.585827985,0.159622221,0.08133,0.509515525,0.15231049,0.075784615,0.497566618,0.246472495,0.161423869,0.654936645,0.235661711,0.15044299,0.638385375,0.23359839,0.167891489,0.71871852,0.224205416,0.157117059,0.700772808,6.489601761,3.39361538,0.522931222,6.180340754,3.144591306,0.50880549,3.494511282,2.077301789,0.594447012,3.389384308,1.949344131,0.575132223,animal,2cm,Ceratosoma tenue,16_CeratosomaTenue_22_NL_N_RAW_AOB,animals_on_background,NL,N,colour_defence_2024
0.448554578,0.999053284,2.227272517,1.626498124,8.444991688,1.11882592,2.403765728,2.148471612,1.181015102,5.257297045,0.231774356,0.6164043,2.659501726,3.388039319,24.81161218,0.223486629,0.602627369,2.696480644,3.558062185,27.18409157,0.572203825,1.469333272,2.56784944,2.787429633,17.69213761,0.548202763,1.407330529,2.567171534,2.659453651,15.70657627,0.216652577,6.564011141,0.504923934,8.923930672,0.114409368,2.019989919,0.787535985,2.586095605,0.746189461,0.309666651,0.766862723,0.064607777,6.561876432,6.566101358,0.504759726,0.50508472,8.890856769,8.934085257,0.113985343,0.114539555,2.019678771,2.020277725,0.58275611,0.582928931,2.584978481,2.579611594,1.007808779,1.005716385,0.309372534,0.309812137,0.795282445,0.794322658,0.06545934,0.063755916,209.6501497,14.27665877,14.68481898,0.492953395,0.094011345,0.05123556,0.544993369,0.132508145,0.041499928,0.313187751,3.523941592,0.982286478,0.278746526,13.22657622,8.75531793,0.661948927,4.579637092,2.494443358,0.544681447,0.094181043,0.051621946,0.548113981,0.09422427,0.0515584,0.54718811,0.132298782,0.040558921,0.30657063,0.132277709,0.04064847,0.307296451,3.517718795,0.959419933,0.272739235,3.516849112,0.962232439,0.273606404,13.23174633,8.758308693,0.661916309,13.22141371,8.752327245,0.661981195,4.57978561,2.494157729,0.544601416,4.579488792,2.494728525,0.544761356,0.189135919,0.077432948,0.409403715,0.09699798,0.12915179,1.331489478,0.088126968,0.129858265,1.473536059,7.717190636,3.327140255,0.43113361,2.158937837,1.695793733,0.785475943,0.187632312,0.077015567,0.410460044,0.190680238,0.077828092,0.408160241,0.098140396,0.130465622,1.329377371,0.095824632,0.127777349,1.33344993,0.089541875,0.13108323,1.463932154,0.08667375,0.128571254,1.483393234,7.654355827,3.312947956,0.43281865,7.781726783,3.340384234,0.429260025,2.174495315,1.707360774,0.785175651,2.142959119,1.68367632,0.785678226,animal,2cm,Ceratosoma tenue,16_CeratosomaTenue_21_NL_N_RAW_AOB,animals_on_background,NL,N,colour_defence_2024
0.669104721,1.521311411,2.273652187,0.971671479,4.076258217,0.852974777,1.896691193,2.223619319,1.049888255,5.438763036,0.342561345,0.905123947,2.642224404,2.298895753,12.92627093,0.333172474,0.884239324,2.653998738,2.399178239,13.84125694,0.440864691,1.138542584,2.582521593,2.517987208,17.88361936,0.413253296,1.070703146,2.590912536,2.586961108,19.02663979,0.175225977,6.176925679,0.411795045,11.53795331,0.10988527,2.013313424,0.743454986,2.722277212,0.733061635,0.260840157,0.73825831,0.059987795,6.164763306,6.188990435,0.41098422,0.412599362,11.69878961,11.33652825,0.111417044,0.107966936,2.011779902,2.014812983,0.541737138,0.549960169,2.730396391,2.707231341,1.008251763,0.99969762,0.261200632,0.260283149,0.774994451,0.774828895,0.061522494,0.058455739,245.6990749,15.25421749,16.10696026,0.486404484,0.080304828,0.032860509,0.409197185,0.263400924,0.117584598,0.446409209,7.170066472,3.187054233,0.444494378,42.4632405,61.98319061,1.459690543,6.705160358,3.681696259,0.549083998,0.08068932,0.033066513,0.409800372,0.080532928,0.033103503,0.411055505,0.263274477,0.117166393,0.445035138,0.262732747,0.117196608,0.44606776,7.163155522,3.176389336,0.443434367,7.149877919,3.177316885,0.444387572,42.46757427,61.99227112,1.459755406,42.45892829,61.97415361,1.459625952,6.709382405,3.682960119,0.548926846,6.700959308,3.680433103,0.549239733,0.173819862,0.0783092,0.450519286,0.219443323,0.177857634,0.810494628,0.228467965,0.170535183,0.7464293,7.076495955,3.3099396,0.467737086,4.262312284,2.40961648,0.565330816,0.1740673,0.07769528,0.446351959,0.173559891,0.078998873,0.455167796,0.220584385,0.180842865,0.819835296,0.218244464,0.174770082,0.800799609,0.229814995,0.173323672,0.754187829,0.227052706,0.167651015,0.738379286,7.08592675,3.284083176,0.463465584,7.066587481,3.339001495,0.472505506,4.205505924,2.369625794,0.563457961,4.321995944,2.451047362,0.567110056,animal,2cm,Ceratosoma tenue,16_CeratosomaTenue_20_NL_N_RAW_AOB,animals_on_background,NL,N,colour_defence_2024
0.528006171,1.042199264,1.973839174,3.612128823,25.91122645,1.146479576,1.903921155,1.660667311,2.003371539,10.23126833,0.263891206,0.612037597,2.319280004,4.994042301,44.82129637,0.269625628,0.693853374,2.573395484,6.382750668,68.29809425,0.585844345,1.155903748,1.97305608,3.134491272,18.84729971,0.561228444,1.182716627,2.107371142,3.979853483,30.40833438,0.289926578,4.552199367,0.413836306,7.741132341,0.140747861,1.848921663,0.771060223,2.445504491,0.769497504,0.277292083,0.770278864,0.054280671,4.531769658,4.572516289,0.41197906,0.415683299,8.198257202,7.197812384,0.149059222,0.130869316,1.845956765,1.851817882,0.580845028,0.599091701,2.463155797,2.408054024,1.027215753,1.004236528,0.280519141,0.273276308,0.80403039,0.801664115,0.055683925,0.052882839,303.722161,16.9585041,17.90972595,0.486359763,0.127970531,0.060669423,0.474089016,0.213106111,0.074138814,0.347896235,5.339021393,1.799396974,0.337027489,15.17022636,10.56876796,0.696678329,5.731584099,3.657918788,0.638203806,0.128791429,0.060840962,0.47239915,0.128535252,0.060915963,0.473924175,0.214579339,0.073328855,0.341733063,0.213810928,0.073574381,0.344109543,5.37184113,1.77541159,0.330503369,5.354280646,1.78191947,0.332802777,15.16712445,10.57016582,0.696912975,15.17330715,10.56737844,0.6964453,5.733578951,3.660848099,0.638492664,5.729602833,3.655005919,0.637916104,0.208922013,0.087192273,0.417343639,0.214096473,0.215974405,1.008771432,0.212166258,0.221133015,1.042262877,8.556974059,3.733664244,0.436329971,3.11153264,2.417403353,0.776917241,0.207023185,0.086702052,0.418803586,0.21091369,0.087831164,0.416431782,0.219513427,0.218109764,0.993605571,0.208414637,0.213981002,1.02670813,0.218289969,0.222937837,1.021292174,0.205743108,0.219466247,1.066700359,8.476149108,3.709039087,0.437585399,8.641751223,3.764818974,0.435654635,3.108561565,2.280730825,0.73369331,3.114648996,2.557965094,0.821269137,animal,2cm,Ceratosoma tenue,16_CeratosomaTenue_2_NF_N_RAW_AOB,animals_on_background,NF,N,colour_defence_2024
0.739844769,1.437610089,1.943123948,1.946126084,8.813439196,1.007085914,1.809394017,1.796663017,1.611121535,7.602173361,0.366793002,0.882947855,2.407210202,3.690094056,23.64887335,0.381415386,0.928323052,2.433889891,3.852283208,25.92837669,0.503479055,1.121977092,2.228448394,3.288626281,21.26393231,0.505718439,1.117849249,2.210418213,3.310426787,23.02296924,0.198644523,6.925278354,0.432829897,19.12075501,0.159339625,2.184031503,0.787722855,3.269322834,0.789094019,0.296084761,0.788408437,0.072172305,6.934412732,6.916075453,0.433400796,0.432254716,18.74393394,19.37583947,0.156199449,0.161465329,2.184847752,2.183194929,0.531480124,0.52694278,3.254103154,3.276680736,1.173669621,1.181812762,0.294800123,0.296860022,0.852574872,0.854377771,0.071073017,0.073271249,165.30876,13.07003723,12.64791807,0.508206701,0.091658552,0.036903214,0.402616163,0.204144817,0.093334392,0.457196973,5.432141267,2.438727114,0.448943979,11.70416428,8.604846336,0.73519528,7.14006482,4.085879778,0.572246875,0.09168446,0.037359074,0.407474447,0.091690079,0.037356392,0.40742022,0.203307222,0.092940123,0.457141277,0.203326893,0.092760342,0.456212853,5.408355541,2.428244973,0.448980278,5.409246073,2.424305367,0.448178052,11.70466724,8.605809315,0.735245961,11.70366027,8.603881237,0.735144479,7.140873628,4.087234531,0.572371777,7.139254348,4.084521616,0.572121599,0.159300001,0.083001244,0.521037308,0.225514834,0.134426808,0.596088538,0.207773992,0.151772544,0.730469403,6.477445675,3.459715813,0.534117303,3.986101708,2.35564636,0.590964941,0.159388774,0.082338982,0.516592103,0.159213918,0.083659117,0.525451027,0.222476603,0.133332572,0.599310538,0.228460989,0.135446964,0.592866923,0.204910041,0.150432974,0.734141544,0.210551149,0.153046227,0.726883838,6.480050874,3.430432792,0.52938362,6.474919428,3.488739688,0.538808201,3.945295713,2.321302971,0.588372365,4.025671053,2.38837932,0.593287253,animal,2cm,Ceratosoma tenue,16_CeratosomaTenue_19_NL_N_RAW_AOB,animals_on_background,NL,N,colour_defence_2024
0.521801769,1.135509984,2.176132878,2.413863637,14.31192798,0.673422835,1.352392965,2.008237463,1.666855052,8.414684598,0.281609539,0.78299296,2.78042059,4.509846596,37.0516065,0.246632351,0.665040672,2.696485958,4.575208248,40.01693084,0.368909378,0.903089705,2.447998776,3.09685783,19.72439175,0.306210243,0.782822782,2.556487907,3.964472616,32.62918245,0.286837333,3.491346777,0.498763825,3.983239936,0.189678092,1.390120217,0.714380475,1.754015509,0.647704207,0.344220959,0.681042341,0.043728675,3.479815906,3.502694256,0.497116558,0.500384894,4.239250579,3.683809269,0.201869075,0.175419489,1.387384828,1.392780961,0.525712273,0.514311352,1.801284419,1.688185075,0.925677077,0.867555512,0.349492817,0.337902191,0.725694675,0.690933432,0.048717355,0.038760804,484.2443633,19.52656615,24.79925859,0.44052347,0.087873363,0.024667692,0.280718651,0.18627592,0.054757078,0.293956824,5.134433603,1.497766358,0.291710142,6.487677484,4.515807046,0.696059115,5.928847341,3.85054299,0.649458954,0.087989069,0.024794186,0.281787115,0.087986374,0.024749683,0.28128995,0.18632843,0.053237336,0.285717729,0.186148947,0.053930416,0.28971647,5.137890968,1.457282662,0.283634408,5.131241742,1.477231809,0.287889732,6.491146733,4.51689064,0.695854034,6.48425849,4.514735851,0.696260931,5.924783943,3.848496944,0.649559036,5.932851876,3.852553442,0.649359452,0.146496743,0.062634457,0.42754846,0.168938483,0.175607336,1.039475039,0.177328347,0.19398581,1.093935701,5.922754889,2.558466342,0.431972349,3.010977392,2.103439397,0.698590233,0.144897915,0.064170506,0.442867007,0.148497881,0.060810048,0.409501119,0.177767959,0.179699893,1.01086773,0.157887255,0.170260791,1.078369438,0.187516996,0.199300454,1.062839417,0.164575941,0.186961411,1.136019093,5.858118833,2.620679115,0.447358476,6.003655242,2.484694516,0.413863624,3.120681616,2.169826938,0.695305451,2.87366842,2.015714876,0.701443097,animal,2cm,Ceratosoma tenue,16_CeratosomaTenue_18_NL_D_RAW_AOB,animals_on_background,NL,D,colour_defence_2024
0.495281213,1.147829746,2.317531368,1.450676738,7.231609644,1.066054601,2.368716669,2.221946856,0.981196114,4.345885978,0.255734045,0.711252252,2.781218477,3.314593082,23.72034152,0.247225137,0.659674445,2.668314614,2.998734078,21.49191888,0.536941097,1.402813312,2.612601868,2.358962197,13.76955058,0.530330385,1.384351415,2.61035659,2.435811679,14.85879154,0.197127121,5.304577593,0.40804443,10.54682525,0.135215708,1.948828406,0.759792158,2.837481217,0.74111961,0.271630069,0.750455884,0.059438145,5.291175854,5.317932038,0.407013527,0.409071695,10.88689748,10.18357456,0.139575609,0.130558648,1.946839306,1.950790016,0.511429451,0.515510639,2.854863024,2.81124669,1.113029002,1.096024248,0.273294568,0.269815172,0.812229226,0.805767443,0.060693767,0.058183819,250.5111332,15.47615636,16.18690891,0.488776315,0.087746639,0.042104701,0.479844028,0.158560759,0.055997443,0.353160794,4.342322882,1.450161411,0.33395983,11.46802487,7.773140371,0.677809863,5.246079896,2.837624936,0.540903874,0.087458181,0.042404801,0.484858021,0.087608151,0.042419152,0.484191842,0.158467168,0.055105211,0.347738976,0.158424861,0.055332188,0.349264553,4.343609049,1.425280141,0.328132695,4.340940421,1.430950848,0.329640748,11.4695352,7.773719721,0.67777112,11.46652013,7.772562802,0.677848442,5.245614042,2.836748206,0.540784774,5.246544028,2.838498075,0.541022444,0.182508197,0.08934959,0.489564805,0.19793856,0.183468146,0.926894417,0.183504024,0.177590908,0.967776644,7.448904686,3.765879577,0.50556152,2.89663017,1.871927113,0.646243049,0.180256793,0.087789887,0.487026788,0.184854297,0.090953566,0.492028412,0.202515213,0.184683102,0.911946811,0.193169409,0.18220863,0.943258201,0.188202419,0.17853067,0.948609861,0.178608011,0.176605982,0.988790937,7.351895808,3.691187927,0.502072938,7.549993828,3.842357386,0.508921924,2.905274657,1.886487748,0.649331981,2.88762209,1.858020552,0.643443115,animal,2cm,Ceratosoma tenue,16_CeratosomaTenue_16_NF_N_RAW_AOB,animals_on_background,NF,N,colour_defence_2024
0.537971691,1.066779443,1.982965759,2.575142682,13.28389753,0.86417241,1.545685948,1.788631447,1.976609733,9.808026008,0.279324903,0.6974008,2.496736922,4.421372321,32.05221206,0.265256921,0.659004274,2.484399926,4.632396194,35.92049635,0.447163949,0.989365989,2.212535225,3.456243,21.82600297,0.418133295,0.944561368,2.258995827,3.977110464,30.59326829,0.238279395,4.191095645,0.419109565,5.355051491,0.119001144,1.633592634,0.709460267,2.110446282,0.640336997,0.269055354,0.674898632,0.057222077,4.192778287,4.189402014,0.419277829,0.418940201,5.257365323,5.452472154,0.116830341,0.121166048,1.633828285,1.633350991,0.501467119,0.495580048,2.094552439,2.123136103,0.909652566,0.922066294,0.268054085,0.270053125,0.705559843,0.708823171,0.058532204,0.05591402,271.582276,16.08461219,16.88460205,0.487867623,0.086515518,0.034057159,0.393653762,0.229629265,0.078271834,0.340861753,6.092097131,1.968206845,0.323075421,10.23386819,7.134061767,0.697103152,6.127456155,3.567850726,0.582272747,0.086571453,0.034319047,0.396424522,0.086467004,0.03423604,0.395943406,0.229485075,0.07696213,0.335368784,0.229426781,0.077040157,0.335794091,6.088844915,1.932788179,0.317431008,6.088513691,1.934287964,0.317694607,10.2356753,7.136240647,0.697192949,10.23206894,7.131891197,0.697013599,6.127514152,3.568183555,0.582321553,6.12739841,3.567519312,0.582224147,0.174222259,0.069593533,0.399452594,0.19522799,0.190450746,0.97552992,0.182792816,0.183228126,1.002381435,7.078211776,2.920965909,0.412670036,3.167845382,2.14158981,0.67603988,0.172742984,0.06789294,0.393028642,0.175768355,0.071343529,0.405895183,0.196259171,0.19011509,0.968694042,0.19415023,0.190941137,0.983471081,0.183249629,0.182758941,0.997322299,0.182315369,0.183856455,1.008452858,7.014001883,2.837155245,0.404498786,7.145322081,3.00661376,0.420780719,3.17212017,2.120644249,0.668525824,3.163377498,2.16486187,0.684351416,animal,2cm,Ceratosoma tenue,16_CeratosomaTenue_15_NF_N_RAW_AOB,animals_on_background,NF,N,colour_defence_2024
0.484136548,0.913541688,1.88695047,2.530584181,14.40975058,1.090873582,1.935459093,1.774228587,1.862411406,8.836365849,0.24445157,0.557906918,2.282279951,4.228595917,33.28333633,0.247664645,0.590696786,2.385067063,4.636117793,38.01778177,0.552188472,1.21678132,2.203561615,3.608388693,25.04143615,0.539785014,1.196244162,2.216149264,3.535797271,23.53816965,0.198265008,5.833516667,0.448732051,9.948865497,0.127549558,1.923212176,0.749805126,2.750537385,0.718410815,0.288140804,0.73410797,0.064080691,5.834157258,5.832831754,0.448781328,0.448679366,9.546382712,10.35364176,0.122389522,0.132738997,1.92394303,1.922474527,0.50251325,0.508028062,2.722548395,2.770462426,1.061443333,1.080123636,0.285585425,0.290709181,0.781978291,0.794075849,0.065407989,0.062755375,213.3994514,14.28865238,14.93488999,0.488943202,0.104992624,0.048963987,0.466356441,0.185494807,0.062243022,0.335551289,4.938508025,1.478812897,0.299445276,10.16032837,6.614072309,0.65097033,5.486993197,3.192316113,0.581796987,0.105496221,0.04945831,0.468815939,0.105321742,0.049408743,0.469121969,0.185626379,0.06136296,0.330572412,0.185373427,0.060889899,0.328471559,4.938461259,1.451028806,0.293822049,4.933263263,1.438299204,0.291551277,10.16237674,6.614679017,0.650898819,10.15828885,6.613467484,0.651041488,5.48775407,3.19301393,0.581843481,5.486235611,3.191620962,0.581750619,0.175052731,0.077367365,0.441966057,0.15288719,0.156846954,1.025899907,0.141180597,0.152688366,1.081510986,7.12538417,3.255706223,0.456916588,2.620941166,2.005783532,0.765291323,0.175925021,0.076672721,0.435826127,0.174144928,0.078112611,0.448549448,0.146657232,0.153965856,1.049834734,0.159370784,0.159606944,1.001481826,0.135311533,0.148697464,1.098926749,0.147288604,0.156574229,1.063043744,7.160758253,3.227158019,0.450672667,7.088569921,3.286399986,0.463619605,2.546541264,1.956135115,0.768153708,2.698370071,2.054294137,0.761309266,animal,2cm,Ceratosoma tenue,16_CeratosomaTenue_14_NF_D_RAW_AOB,animals_on_background,NF,D,colour_defence_2024
0.468497359,0.922961027,1.970045316,1.809219556,8.582318198,0.796521771,1.496363031,1.878621634,1.61829619,8.277202349,0.248204846,0.598750417,2.41232364,3.584566991,24.45844547,0.226760973,0.535366424,2.360928416,3.505761675,23.86230958,0.429882437,0.982829566,2.286275225,3.315456467,23.81799332,0.368030013,0.825072177,2.241861121,3.116198146,21.5649925,0.238074712,4.280620955,0.535077619,6.174393657,0.220514059,1.617768477,0.777982186,2.040207401,0.681037962,0.377795839,0.729510074,0.050233537,4.27794112,4.283239072,0.53474264,0.535404884,6.137046188,6.206503409,0.219180221,0.221660836,1.617141744,1.618382069,0.539815176,0.571217862,2.042313166,2.033674687,0.982145025,0.977990795,0.37696143,0.37853286,0.760980101,0.774604329,0.05389514,0.046586949,359.2580363,17.55454858,20.46523923,0.461721372,0.069812521,0.024406653,0.349602807,0.190351398,0.073592031,0.386611458,5.226283265,1.994520615,0.381632704,10.74526137,7.414681627,0.690041998,5.109826104,2.905776456,0.568664451,0.069981322,0.024549162,0.350795921,0.069876463,0.024555993,0.351420088,0.190245408,0.07290701,0.383226122,0.190084718,0.072944514,0.383747387,5.222419532,1.97679594,0.378521091,5.219371309,1.978575177,0.379083047,10.74838125,7.416250412,0.689987659,10.7421781,7.413129451,0.690095564,5.110310818,2.906428773,0.56873816,5.109347077,2.905131559,0.568591547,0.161772985,0.091253185,0.564081731,0.252793474,0.204088889,0.807334485,0.246943923,0.224633002,0.909651874,6.575243034,3.733358364,0.567790171,3.358008536,1.704962927,0.507730373,0.162384052,0.091884207,0.565845022,0.161068957,0.090938631,0.564594398,0.253377274,0.207407263,0.818570899,0.252120862,0.201131523,0.797758351,0.247200927,0.228241895,0.923305173,0.24664782,0.221432177,0.897766611,6.601431001,3.76176449,0.569840765,6.545071147,3.717422509,0.567972819,3.345983284,1.721163359,0.514396879,3.371863166,1.69387772,0.502356601,animal,2cm,Ceratosoma tenue,16_CeratosomaTenue_13_NF_N_RAW_AOB,animals_on_background,NF,N,colour_defence_2024
0.451598901,0.979230992,2.168364427,2.344477714,13.45397849,1.223088815,2.516102593,2.057170798,1.690320131,7.598364214,0.228025555,0.621223497,2.724359111,4.624306118,40.06166683,0.23074483,0.610751175,2.646868299,4.091577158,31.57695613,0.608623466,1.546686512,2.54128636,3.401325101,21.77154747,0.616900837,1.583032394,2.566105116,3.385353083,21.04851441,0.227452376,4.430584663,0.443058466,6.772147622,0.150492169,1.718988564,0.746547248,2.28231901,0.718149891,0.296775318,0.732348569,0.059143277,4.428973775,4.432181497,0.442897378,0.44321815,6.881194955,6.657450644,0.152915443,0.147943348,1.718659532,1.719312798,0.540789938,0.540995493,2.290550759,2.270880587,0.994773555,0.986230908,0.29790641,0.295580749,0.767781746,0.7636132,0.058315575,0.059970073,253.1208558,16.14807756,15.6749839,0.507433189,0.093792663,0.048934336,0.521728826,0.191075761,0.061347581,0.321064172,5.155717614,1.634756743,0.31707647,15.85102088,12.26119947,0.773527431,4.415020627,2.527224147,0.572415026,0.093680964,0.0491573,0.524730939,0.093551586,0.049167105,0.525561426,0.190648907,0.060368526,0.31664764,0.190614456,0.060553846,0.317677089,5.14758595,1.609844269,0.312737715,5.14747254,1.614601442,0.313668782,15.84904963,12.26467563,0.773842969,15.85299344,12.25771966,0.773211678,4.414489241,2.526373824,0.572291308,4.415552365,2.528074624,0.572538703,0.228842144,0.08289304,0.362228034,0.119396459,0.178294749,1.493300137,0.13577235,0.164839856,1.214090021,9.39320904,3.582345516,0.381376109,2.496104996,1.92254223,0.770216891,0.228432444,0.082413712,0.360779366,0.229240104,0.083353982,0.363609946,0.122333259,0.180571134,1.476059216,0.116543811,0.176006464,1.510217161,0.138467234,0.167359674,1.20865904,0.133154686,0.162310105,1.218959015,9.375174794,3.562783967,0.380023204,9.410726529,3.601154586,0.382664885,2.531665151,1.95817186,0.773471902,2.461563788,1.886620133,0.766431543,animal,2cm,Ceratosoma tenue,16_CeratosomaTenue_12_NF_D_RAW_AOB,animals_on_background,NF,D,colour_defence_2024
0.680646324,1.455120284,2.137850795,2.007005233,10.56020116,1.347562215,2.727390846,2.023944286,1.557431706,7.082957462,0.358346425,0.945613845,2.638825947,3.82231611,28.43980826,0.331916997,0.865710109,2.608212647,3.910613294,29.43379623,0.719567137,1.785707859,2.481641766,3.147481955,19.67547234,0.630436375,1.557012519,2.469737757,3.266771522,21.25822282,0.198763185,5.277890961,0.310464174,8.091581953,0.059496926,1.877038414,0.662512203,2.628815353,0.639478476,0.18498055,0.650995339,0.067950085,5.275908781,5.279836234,0.310347575,0.310578602,8.170755281,7.998430625,0.060079083,0.05881199,1.876337355,1.877726738,0.460164347,0.464433076,2.638033971,2.613896305,0.931110245,0.922590708,0.185213329,0.184695296,0.695637296,0.693511892,0.071609725,0.064302291,188.6547279,12.96458371,14.55154535,0.471163065,0.062997346,0.035275823,0.559957295,0.169419656,0.085560869,0.505023275,4.725467783,2.461441962,0.520888529,12.81083383,8.77067248,0.684629322,8.169159843,5.490171579,0.672060736,0.063192076,0.035619734,0.563674054,0.063188036,0.035582639,0.563123044,0.167857632,0.084284536,0.502119176,0.1680843,0.084447861,0.502413737,4.677258819,2.427689754,0.519041141,4.683898927,2.431816901,0.51918646,12.81485177,8.772519516,0.684558797,12.80686017,8.768843493,0.684698933,8.168693432,5.490255896,0.672109431,8.169621113,5.490088147,0.672012578,0.226084526,0.099459832,0.439923217,0.241706972,0.236335047,0.97777505,0.277729523,0.212153765,0.763886253,9.317321417,4.344778249,0.466311943,3.695585925,2.114805261,0.572251682,0.226824049,0.099875581,0.440321834,0.225263628,0.099079264,0.439836936,0.240814959,0.236222378,0.980929002,0.24269714,0.236668475,0.97515972,0.277145062,0.212161424,0.765524822,0.278378297,0.212334076,0.7627537,9.349506638,4.362721149,0.466625814,9.281594623,4.32840045,0.466342329,3.703682574,2.133388859,0.576018278,3.686598344,2.095853824,0.568506148,animal,2cm,Ceratosoma tenue,16_CeratosomaTenue_11_NL_D_RAW_AOB,animals_on_background,NL,D,colour_defence_2024
0.606758185,1.353126856,2.230092466,2.206722009,11.14708514,0.928494354,1.835381441,1.976728703,1.300478277,5.527400496,0.32497955,0.913319605,2.810391011,4.107293087,29.23686294,0.290287286,0.780056577,2.687188231,4.148801234,30.64155993,0.506543778,1.229062336,2.426369425,2.767452258,15.36518088,0.422692799,1.01338458,2.397449357,2.921561022,17.69658072,0.23746455,3.899930786,0.354539162,6.611149675,0.120202721,1.582541554,0.659971089,2.227765096,0.654994358,0.237370942,0.657482723,0.054362456,3.898570844,3.901259353,0.354415531,0.354659941,6.71583971,6.479184655,0.122106177,0.117803357,1.582354406,1.582704469,0.469918441,0.465337436,2.237038034,2.211395789,0.932917321,0.922223674,0.238260854,0.236231649,0.701417881,0.693780555,0.058822593,0.049925951,304.4797708,16.00027071,19.02966371,0.456759939,0.074435151,0.025160601,0.338020422,0.244217045,0.081271661,0.332784558,6.627298892,2.149873908,0.324396703,9.094593569,5.837759578,0.641893399,5.431712752,3.03004722,0.557843789,0.074636194,0.025358763,0.339764952,0.074578805,0.025307802,0.339343092,0.243470497,0.079728778,0.327467924,0.243450486,0.079922714,0.328291455,6.604620303,2.105113794,0.318733507,6.60482296,2.11028731,0.319507021,9.098572995,5.840789949,0.641945715,9.090672294,5.83476903,0.641841312,5.430539633,3.028928411,0.557758274,5.432868727,3.031148787,0.557927854,0.161128397,0.077452943,0.480690829,0.203065408,0.151668229,0.746893475,0.198873337,0.148895671,0.748695994,6.546938033,3.234557245,0.494056493,3.724286762,2.214448499,0.594596668,0.163076103,0.078515971,0.481468283,0.158845773,0.076179068,0.479578818,0.204503059,0.153082784,0.748559875,0.201380548,0.150084146,0.745276282,0.199510186,0.150673676,0.755217963,0.198126979,0.146888612,0.741386221,6.629148774,3.285492744,0.495613065,6.450590799,3.173389003,0.491953234,3.748781287,2.236881912,0.596695763,3.695580298,2.189096924,0.592355394,animal,2cm,Ceratosoma tenue,16_CeratosomaTenue_10_NL_D_RAW_AOB,animals_on_background,NL,D,colour_defence_2024
0.436352306,1.009506007,2.313511337,2.955033828,15.48991611,0.710840697,1.360671615,1.91417236,2.273209328,12.44483195,0.225422103,0.644272422,2.85807121,4.881068407,36.74410999,0.215735856,0.635472279,2.945603438,5.17323666,40.40848002,0.368997008,0.861583801,2.334934379,3.935400901,29.136832,0.342994499,0.820818927,2.393096476,4.252735016,34.103538,0.273058344,5.115423825,0.511542382,10.18298537,0.226288564,1.8235214,0.791945282,2.608938536,0.746155554,0.368915473,0.769050418,0.040589661,5.115906503,5.11493471,0.51159065,0.511493471,10.25404036,10.06056766,0.227867564,0.22356817,1.823556155,1.823484343,0.541549138,0.521515916,2.604487021,2.607218008,1.131114341,1.132300394,0.369729107,0.367530821,0.83633174,0.826908155,0.041054875,0.040125775,558.753076,23.35764355,23.92163725,0.494035509,0.04307603,0.023284945,0.540554568,0.137265789,0.111120655,0.809529133,3.830567925,3.059596697,0.798731874,13.98248826,9.012509725,0.644556931,5.6863576,3.19855083,0.562495547,0.042857515,0.023336591,0.544515718,0.042849086,0.023334368,0.544570972,0.135796288,0.110455377,0.813390251,0.135762234,0.110396683,0.813161948,3.790943653,3.042899475,0.802675997,3.79037612,3.041672063,0.802472358,13.98182226,9.01177402,0.644535015,13.98315172,9.013242509,0.644578754,5.68677166,3.198976983,0.562529529,5.685945121,3.198126188,0.56246167,0.179393038,0.074403428,0.414750924,0.392108769,0.304324753,0.776123304,0.395686408,0.303645674,0.767389698,7.299920313,3.127997922,0.428497544,4.050780172,2.181310506,0.538491454,0.179564123,0.074418783,0.414441272,0.179218492,0.074550862,0.415977509,0.383275728,0.302486615,0.789214117,0.401120567,0.306574725,0.764295699,0.386414074,0.30201387,0.781580927,0.405146391,0.30565893,0.754440709,7.307266798,3.131800231,0.428587092,7.292425153,3.130991072,0.4293484,4.005933533,2.162030085,0.539706929,4.096534389,2.204502815,0.538138486,animal,2cm,Ceratosoma tenue,16_CeratosomaTenue_1_NF_N_RAW_AOB,animals_on_background,NF,N,colour_defence_2024
0.301423322,0.589641438,1.956190496,3.712199084,23.42931829,0.926182464,1.858092265,2.006183812,3.673297582,22.26051514,0.170960078,0.437666689,2.560052,5.710486718,48.94946686,0.134787864,0.329612773,2.445418773,6.012591715,57.62546054,0.524780373,1.367340849,2.60554876,5.606661321,46.38258073,0.401617959,1.041857204,2.59414994,6.128153323,57.07244467,0.394636882,2.629737639,0.65743441,2.144461387,0.357410231,1.043524904,0.752744102,0.844920373,0.609481216,0.50742232,0.681112659,0.029486434,2.629104738,2.63035281,0.657276184,0.657588202,2.156638598,2.124787339,0.359439766,0.354131223,1.04336428,1.043680716,0.752628236,0.752856496,0.855110127,0.828386116,0.61683157,0.597554271,0.508357975,0.505859713,0.684729903,0.675205384,0.034697805,0.024298583,1117.113422,27.82026667,40.15466262,0.409272462,0.048520676,0.020836475,0.429434973,0.128140382,0.034546066,0.269595468,3.175234047,0.681875155,0.214747998,14.96654535,7.695341393,0.514169517,3.250306679,1.757217316,0.540631236,0.048540193,0.020806704,0.42864898,0.048497872,0.020804351,0.428974517,0.128095087,0.034518605,0.269476421,0.128172935,0.034519626,0.269320712,3.174307042,0.680611782,0.214412712,3.175936646,0.681176618,0.214480543,14.96293355,7.691836446,0.514059387,14.97010252,7.698789565,0.514277678,3.250116552,1.756886674,0.540561129,3.250493931,1.757542871,0.540700247,0.243018542,0.053169898,0.218789468,0.185445597,0.083683552,0.451256611,0.138524097,0.052590907,0.379651685,9.946009532,2.324900161,0.233752054,2.540114488,1.715392354,0.675320881,0.243205512,0.055250022,0.227174218,0.242752758,0.0500628,0.206229582,0.184879086,0.084370164,0.456353206,0.18625091,0.082688793,0.443964506,0.138876946,0.052659797,0.37918314,0.13802251,0.052487379,0.380281296,9.956613726,2.42440389,0.243496831,9.930935336,2.175515251,0.219064487,2.524973263,1.7219063,0.68195031,2.561638216,1.705781369,0.665894722,animal,2cm,Chromodoris cf striatella QLD,29_ChromodoriscfStriatellaQLD_3_NP_N_RAW_AOB,animals_on_background,NP,N,colour_defence_2024
0.248750136,0.457089302,1.837543926,2.834273149,15.1922929,0.824110189,1.518929258,1.843114279,2.894100624,16.24917926,0.135615556,0.318377755,2.347649225,4.428321931,30.79178334,0.116838465,0.271610813,2.324669467,5.175050855,45.81161793,0.453844471,1.072547235,2.363248434,4.554917857,33.42493876,0.37188655,0.884601834,2.378687355,5.144904981,45.5488873,0.421749132,2.777934297,0.694483574,3.11747155,0.519578592,1.186692149,0.856017439,1.228292041,0.763180755,0.607031083,0.809599097,0.035579078,2.773001761,2.782818145,0.69325044,0.695704536,3.181164275,3.036187518,0.530194046,0.506031253,1.185642882,1.187727499,0.736681343,0.737976588,1.24198681,1.209498893,0.895904106,0.872469027,0.611722243,0.600867895,0.816292724,0.805222808,0.039146303,0.032021006,741.9890048,24.54519651,30.22949947,0.448111962,0.057782388,0.03189116,0.55191834,0.125640372,0.050889736,0.405042865,3.108863241,1.085805657,0.349261313,14.06125911,7.304130214,0.519450652,3.726570064,1.847477829,0.495758243,0.057494643,0.031931521,0.555382547,0.057555699,0.031945751,0.555040614,0.126550225,0.050797703,0.401403494,0.126417621,0.050808776,0.401912132,3.128715695,1.083535514,0.346319583,3.125838774,1.083809391,0.346725941,14.06491914,7.305777465,0.519432596,14.05763535,7.302496509,0.519468341,3.727790324,1.847768961,0.495674059,3.725361895,1.847188477,0.495841352,0.206871828,0.053188861,0.257110219,0.291736091,0.079509051,0.272537588,0.24026003,0.079085775,0.329167422,8.422792626,2.318950881,0.27531853,2.286493138,0.584859481,0.255788864,0.207650514,0.055023553,0.264981541,0.205922312,0.050842029,0.246899077,0.294162551,0.081111145,0.275735795,0.288777309,0.077382103,0.267964624,0.24214956,0.079970544,0.33025269,0.237955971,0.077915856,0.32743812,8.457352004,2.400372343,0.283820792,8.380651532,2.214709938,0.264264649,2.29369259,0.606806092,0.264554237,2.277714255,0.556771714,0.244443179,animal,2cm,Chromodoris cf striatella QLD,29_ChromodoriscfStriatellaQLD_2_NP_N_RAW_AOB,animals_on_background,NP,N,colour_defence_2024
0.276414356,0.526650234,1.905292623,1.220061073,6.492708723,0.962777819,1.936697327,2.011572441,1.49253586,7.303723008,0.144768853,0.32565864,2.249507626,2.903616915,21.9816805,0.134597782,0.315694674,2.345467129,2.873248241,19.76994539,0.494555382,1.15397809,2.333364741,2.780681124,17.79802989,0.457742907,1.177358362,2.572095258,3.57173317,24.80013745,0.473412794,2.016712966,0.252089121,2.66857188,0.095306139,1.000640302,0.481206267,1.349364783,0.586021679,0.17369763,0.533613973,0.038143382,2.021286948,2.012114963,0.252660868,0.25151437,2.676333554,2.646477392,0.095583341,0.09451705,1.00474058,0.996465272,0.43635329,0.432759369,1.332546793,1.351726489,0.64081955,0.650043034,0.174122105,0.17301571,0.53858642,0.541401201,0.038574698,0.037708484,636.0343872,24.92372881,25.51923077,0.494097274,0.055979551,0.014255411,0.254653895,0.093954177,0.022190637,0.236185739,2.764559027,0.491259076,0.177698892,12.43498517,8.770947367,0.705344417,3.117438362,2.068920972,0.663660586,0.056134747,0.013982739,0.249092404,0.05614901,0.013915839,0.247837658,0.093767437,0.021545728,0.229778361,0.09368866,0.021138154,0.22562127,2.762178178,0.474045092,0.171620027,2.760778318,0.466767304,0.169070911,12.43860056,8.772909639,0.705297159,12.43134303,8.768968409,0.705391879,3.118389936,2.070119143,0.663842299,3.116479749,2.067712727,0.66347703,0.200731538,0.123006342,0.612790313,0.099554831,0.101081961,1.015339584,0.083782741,0.092617029,1.10544281,8.281963104,5.274882131,0.636912054,2.254431377,1.34164973,0.595116686,0.202672018,0.124966774,0.616596088,0.198729994,0.120914685,0.608437021,0.101368641,0.105668322,1.042416286,0.097683943,0.096082424,0.983605092,0.086508845,0.098360267,1.136996656,0.080970851,0.0861932,1.06449666,8.366441696,5.350658619,0.639538147,8.194826095,5.193964025,0.633810158,2.218025136,1.362012414,0.614065365,2.29198327,1.319148157,0.575548772,animal,2cm,Coryphellina rubrolineata,50_CoryphellinaRubrolineata_12_NF_N_RAW_AOB,animals_on_background,NF,N,colour_defence_2024
0.203843598,0.45730456,2.243408988,0.433631771,2.145619921,1.012166272,2.485721788,2.455843329,1.291660926,6.513750939,0.10460584,0.262651708,2.510870418,1.301587882,6.327973153,0.100926881,0.261804372,2.594000436,1.733683149,9.769437866,0.519737495,1.474727911,2.837447605,2.951423108,21.11090573,0.478522534,1.407282374,2.940890501,3.389864402,25.91653258,0.366181044,1.355544418,0.193649203,4.219723361,0.200939208,0.604455827,0.310628848,1.60224686,0.69584697,0.197294205,0.503237909,0.021985598,1.356732505,1.354354448,0.193818929,0.193479207,4.408997955,3.950200983,0.209952284,0.188104809,0.605450145,0.603427968,0.262943657,0.310100632,1.671872659,1.480961531,0.859172588,0.761063676,0.201885606,0.190792008,0.561058123,0.535582154,0.023560009,0.020406598,1989.506457,41.4448052,48.0037594,0.463336727,0.119943605,0.026258258,0.218921699,0.045190552,0.024354566,0.538930496,1.276969556,0.668175045,0.523250568,16.47936339,7.154142963,0.434127387,2.878677633,1.659788088,0.576580048,0.121011863,0.025012606,0.206695486,0.121001551,0.025107216,0.20749499,0.044237411,0.023102571,0.522240582,0.044205783,0.02304957,0.521415277,1.250422157,0.632715904,0.506001833,1.249922675,0.633546605,0.506868639,16.47750156,7.152669232,0.434087001,16.48122464,7.155615363,0.434167698,2.878552372,1.659558343,0.576525326,2.878802855,1.660017717,0.576634734,0.285022194,0.098829434,0.346742941,0.323789231,0.176608119,0.545441608,0.320978794,0.144604898,0.450512309,11.85120691,4.371004152,0.368823546,1.604495779,0.703304098,0.438333405,0.286379804,0.099258597,0.346597756,0.283450226,0.100731774,0.355377293,0.332563702,0.176193464,0.529803653,0.313629317,0.180840743,0.576606627,0.327767049,0.143340781,0.437325173,0.31311871,0.149212339,0.476536005,11.91120738,4.386327671,0.368252145,11.78173268,4.459519729,0.378511366,1.679599639,0.786653747,0.468357892,1.517533415,0.593245371,0.390927386,animal,2cm,Coryphellina rubrolineata,50_FlabellinaRubrolineata_1_NB_D_RAW_AO,animals_only,NB,D,colour_defence_2024
0.157193989,0.368756265,2.345867465,0.521971632,2.284887634,1.215928455,2.720259281,2.237186958,0.246917985,1.526953416,0.076584086,0.207186329,2.705344415,1.738136885,8.875028146,0.081911032,0.220124882,2.687365504,1.68028197,8.603265621,0.584805853,1.512515028,2.586354121,1.388286711,7.227811661,0.608878372,1.555728002,2.555071873,1.230054407,6.069722838,0.280035126,1.538627704,0.384656926,1.086799379,0.18113323,0.586550568,0.423106798,0.214012593,0.154377453,0.282895078,0.288742125,0.030368162,1.541438196,1.535823071,0.385359549,0.383955768,1.046630237,1.12969316,0.174438373,0.188282193,0.587878102,0.5852154,0.424064411,0.422143678,0.131951277,0.287226738,0.095182727,0.207190295,0.279898961,0.286118981,0.259623569,0.314666986,0.030673144,0.03006373,1019.558855,31.60180996,32.26267281,0.494826053,0.108896756,0.022506356,0.206676089,0.105180302,0.01443048,0.137197552,2.770650527,0.292358326,0.105519741,17.14307507,9.960298527,0.581010028,1.983506211,0.795152699,0.400882384,0.10958201,0.021818679,0.199108217,0.109673724,0.021745074,0.19827059,0.105617653,0.013565739,0.128441971,0.105649671,0.013583353,0.128569757,2.776671853,0.266192626,0.095867513,2.776507938,0.267310546,0.096275808,17.13751477,9.959181518,0.581133359,17.14862188,9.961408577,0.580886829,1.983344375,0.795007813,0.400842044,1.983667654,0.795297163,0.400922585,0.222226418,0.027852395,0.125333409,0.101074851,0.077560288,0.767354961,0.016455091,0.089534004,5.441112622,9.047131087,1.21900782,0.13473971,1.085553859,0.195079065,0.17970464,0.220686141,0.022264088,0.100885754,0.223795087,0.032472791,0.145100553,0.098368748,0.064045252,0.651073158,0.103830836,0.089132534,0.85843992,0.012469764,0.073096635,5.861910001,0.02051388,0.103418089,5.041371363,8.979780026,0.977206669,0.108823008,9.115723643,1.419289675,0.155696874,1.084225324,0.156553666,0.144392188,1.086906883,0.227700474,0.209494003,animal,2cm,Cratena lineata,32_CratenaLineata_2_NF_D_RAW_AOB,animals_on_background,NF,D,colour_defence_2024
0.200354976,0.477198059,2.381762947,4.387130154,31.91754378,0.306594079,0.589309474,1.922116287,4.687996792,44.32943716,0.110754305,0.33299027,3.006567293,6.699369713,71.28089254,0.090910827,0.272874753,3.001564955,6.360202956,59.95422753,0.166885049,0.397893273,2.384235596,6.397420338,75.53608024,0.140166561,0.362655185,2.587315992,8.334711016,128.7165366,0.366544397,2.093534472,0.418706894,2.608045166,0.260804517,0.952666406,0.591924919,1.193208596,0.543052635,0.339755706,0.567488777,0.024580704,2.089403128,2.09764304,0.417880626,0.419528608,2.662049866,2.54394469,0.266204987,0.254394469,0.951167319,0.954151138,0.432894902,0.434252897,1.210429757,1.168330816,0.752082294,0.725924751,0.342042806,0.336961538,0.592488598,0.580088824,0.026703678,0.022462418,1586.174452,36.44802495,43.51880395,0.4557893,0.028161406,0.00463656,0.164642338,0.082590033,0.107106671,1.296847413,2.395963783,3.11236496,1.299003341,6.284277189,3.79800781,0.604366691,5.13354024,3.128557587,0.609434706,0.028092932,0.004619496,0.164436227,0.028107811,0.004623385,0.164487561,0.081166603,0.106922817,1.317325261,0.081534598,0.107103135,1.313591261,2.354667866,3.106700461,1.319379479,2.365367169,3.112083022,1.315687079,6.287502224,3.798230731,0.604092149,6.281073238,3.797782943,0.604639175,5.135009196,3.12929284,0.609403551,5.132080888,3.127826116,0.609465475,0.083223848,0.03864213,0.464315595,0.550797813,0.278570618,0.505758395,0.550391081,0.277238559,0.503711939,3.342685412,1.576367882,0.471587268,3.316829467,0.960593031,0.289611824,0.082626935,0.037157908,0.449706957,0.0839319,0.040319053,0.48037818,0.54866314,0.279139074,0.508762214,0.553329941,0.277870893,0.502179392,0.54835118,0.27776717,0.506549782,0.552810791,0.27658827,0.500330809,3.317855721,1.511306516,0.455507003,3.372138141,1.649675354,0.489207525,3.353039108,1.024194213,0.30545251,3.273877958,0.877026459,0.267886119,animal,2cm,Dendrodoris fumata,37_Dendrodorisfumata_4_NF_N_RAW_AOB,animals_on_background,NF,N,colour_defence_2024
0.259223571,0.575910451,2.221674708,4.292777802,28.02341975,0.508831428,1.22732463,2.412045643,5.868197392,57.23239502,0.14021167,0.407977235,2.90972381,6.539224456,60.66813823,0.12215238,0.354556306,2.902573861,6.708422329,64.992727,0.271164783,0.850332645,3.135852064,8.539488559,115.4643899,0.238470383,0.777568339,3.260649523,9.251191145,136.2048196,0.37625809,1.845703472,0.307617245,2.135512464,0.142367498,0.753372965,0.420465457,0.875249489,0.420906033,0.224992371,0.420685745,0.013229181,1.844472877,1.846927259,0.307412146,0.30782121,2.117176362,2.131819007,0.141145091,0.142121267,0.753000515,0.753742425,0.362116703,0.362473486,0.876356115,0.866986715,0.48910366,0.483874499,0.224278618,0.224971239,0.425610182,0.423173992,0.014348878,0.012111465,5602.94739,68.69186047,81.5663945,0.457158647,0.035765813,0.010695461,0.29904147,0.210024028,0.120179473,0.572217735,6.116588983,3.51077153,0.573975387,17.8119039,10.52992234,0.591173319,5.059709576,1.817620972,0.359234249,0.035703128,0.010467238,0.293174258,0.035685917,0.01047288,0.293473763,0.210667062,0.120060679,0.569907216,0.210418647,0.12018757,0.571183072,6.134678848,3.507460804,0.571743182,6.127377834,3.511218002,0.573037619,17.80784378,10.52802495,0.591201556,17.81594766,10.53180988,0.591145084,5.060353954,1.817149571,0.359095349,5.059067795,1.818090078,0.359372547,0.254799381,0.051525419,0.202219563,0.511351483,0.267752457,0.523617249,0.50273533,0.284286789,0.565480028,10.46287897,2.451698,0.23432346,5.493235581,1.85578598,0.337831129,0.253939766,0.053133155,0.209235267,0.255815995,0.049534779,0.193634409,0.528315291,0.265937058,0.503368089,0.49128943,0.268306275,0.5461267,0.520856885,0.282364656,0.542115625,0.48130408,0.284847894,0.591825222,10.42879204,2.5295057,0.24255021,10.50319148,2.355638568,0.224278361,5.600403121,1.85245583,0.330771873,5.366495111,1.850585126,0.34484055,animal,2cm,Dendrodoris fumata,37_Dendrodorisfumata_3_NF_N_RAW_AOB,animals_on_background,NF,N,colour_defence_2024
0.179718553,0.378699471,2.107180732,5.285734759,48.48359511,0.340992208,0.792034548,2.322735036,6.608749922,74.09243952,0.095398405,0.247886938,2.598439025,7.661033936,96.46297185,0.087970922,0.24321226,2.76468923,8.170818092,106.3042677,0.178936949,0.523552119,2.925902791,9.840479316,154.4445678,0.162178515,0.50385602,3.106798828,10.45307785,176.6573832,0.3084965,1.992873508,0.498218377,1.505271114,0.250878519,0.75950785,0.547869104,0.626245263,0.570033004,0.374548448,0.558951054,0.012702031,1.992705253,1.993039934,0.498176313,0.498259983,1.452101897,1.564423945,0.242016983,0.260737324,0.759692506,0.759322852,0.691501919,0.691165445,0.589675628,0.663423811,0.425361052,0.478559121,0.370096648,0.379498654,0.558431486,0.584862283,0.013160062,0.012244588,6049.145223,74.98748195,80.66873385,0.481750642,0.048255959,0.011478093,0.237858557,0.248868801,0.033395645,0.13418976,7.380374342,0.841251131,0.113984886,11.43532854,5.94232654,0.519646333,4.025915697,1.333723428,0.33128449,0.048199159,0.011374888,0.235997645,0.048208733,0.011363763,0.235720017,0.249105215,0.033058797,0.132710178,0.249098088,0.033003485,0.132491925,7.386542902,0.828203949,0.112123352,7.386647454,0.825959055,0.111817852,11.43578758,5.943833256,0.519757229,11.43487053,5.940822726,0.519535635,4.02620564,1.333758251,0.331269282,4.025626394,1.333688597,0.331299645,0.184262453,0.041553368,0.225511859,0.146857027,0.168631859,1.148272322,0.128415649,0.185604828,1.445344316,7.467073707,1.768703535,0.236867025,3.085857186,1.048812095,0.339877069,0.183318922,0.039574264,0.215876592,0.185275226,0.043543693,0.235021672,0.142405134,0.162881796,1.1437916,0.151635622,0.174403708,1.150149987,0.122824353,0.179509624,1.461514925,0.134417263,0.191659984,1.425858408,7.426933721,1.684456645,0.22680378,7.510159366,1.853429382,0.246789621,3.058384442,1.012960064,0.331207565,3.115346017,1.08481817,0.348217554,animal,2cm,Dendrodoris fumata,37_Dendrodorisfumata_2_NF_N_RAW_AOB,animals_on_background,NF,N,colour_defence_2024
0.087010887,0.217902653,2.504314795,3.906979003,22.2519178,1.01942935,1.931444133,1.894632653,3.292664194,18.24346554,0.041288655,0.132855728,3.217729597,6.111348623,51.62736781,0.046736894,0.146493025,3.134419385,5.910925692,48.63646113,0.488887837,1.205143713,2.465071988,5.196166726,42.14493829,0.530957419,1.280590693,2.411851964,5.059037507,38.74844191,0.437173171,3.172075514,0.528679252,4.448915415,0.296594361,1.404444002,0.783835122,1.65597965,0.796357877,0.412636807,0.790096499,0.033350552,3.174123587,3.170027778,0.529020598,0.528337963,4.493326055,4.396216949,0.29955507,0.29308113,1.40496891,1.403918255,0.675647226,0.721471264,1.669593917,1.637833185,0.931818107,0.914092105,0.414287834,0.410709546,0.803732667,0.817781685,0.032542488,0.034157236,840.6299614,29.72905835,28.27637363,0.512521971,0.023876329,0.022462212,0.940773277,0.022673992,0.027127194,1.196401324,0.589012132,0.757586409,1.286198311,24.51744426,13.75253356,0.560928513,1.142418363,0.710365092,0.621808188,0.023684193,0.022137299,0.934686656,0.023650679,0.022104274,0.934614785,0.022612486,0.027013416,1.194623893,0.022574092,0.026982861,1.195302192,0.586630168,0.754242723,1.285720995,0.585523573,0.753344424,1.286616729,24.51718553,13.7529472,0.560951304,24.51770298,13.75211991,0.560905723,1.142618845,0.710348628,0.621684677,1.142217888,0.710381487,0.621931677,0.26067016,0.10809943,0.41469814,0.689977477,0.323309505,0.468579796,0.692806655,0.329809983,0.476049098,10.81872316,4.827997673,0.446263168,0.733141618,0.668661947,0.912050183,0.258996627,0.109374987,0.422302746,0.262261856,0.107951558,0.411617456,0.695105335,0.322327176,0.463709828,0.685100377,0.32751424,0.478052926,0.697915628,0.328452236,0.47061883,0.687947516,0.334442837,0.486145859,10.7519648,4.904367446,0.456136858,10.88221697,4.802487805,0.441315204,0.71207902,0.663399569,0.931637572,0.753174232,0.679903695,0.90271768,animal,2cm,Dendrodoris fumata,37_Dendrodorisfumata_1_NF_D_RAW_AOB,animals_on_background,NF,D,colour_defence_2024
0.117071707,0.296652177,2.533935694,3.92955011,21.61798115,0.562840351,1.018955598,1.810381215,3.04606283,16.55876878,0.060528404,0.196617698,3.24835426,6.055127916,48.64043645,0.057474609,0.186827594,3.250610955,6.313689988,53.47665299,0.287748136,0.684880913,2.380140229,4.971307183,38.6259575,0.276049184,0.662494108,2.399913296,4.986116391,37.69135514,0.377688806,1.668827971,0.55627599,1.076128063,0.358709354,0.621878277,0.566058002,0.167165992,0.152161043,0.457492672,0.359109523,0.01933117,1.668823664,1.668831674,0.556274555,0.556277225,1.059963894,1.093298369,0.353321298,0.36443279,0.622370729,0.621382958,0.566506251,0.565607144,0.141464524,0.192028393,0.128766559,0.174791776,0.454797926,0.460355007,0.347636405,0.37019946,0.019793164,0.018869643,2574.930705,49.5224938,51.99517446,0.487821427,0.023074557,0.006029317,0.261297206,0.029579064,0.048430501,1.637323648,0.69414305,1.135634962,1.636024393,11.73280328,5.601246456,0.477400526,2.087935097,0.110545673,0.052944976,0.023017661,0.005982397,0.259904645,0.023013116,0.005956996,0.258852233,0.02911066,0.048143174,1.653798767,0.029133368,0.04816405,1.653226285,0.683103069,1.12881853,1.652486399,0.683478103,1.129027376,1.651885221,11.73400487,5.601676039,0.477388249,11.73160403,5.600817292,0.477412746,2.087957881,0.110542107,0.05294269,2.087912358,0.110549225,0.052947254,0.196171294,0.017750069,0.0904825,0.870509178,0.175855005,0.202013958,0.8669411,0.195572494,0.225589136,7.952329552,0.773857271,0.097312022,2.064357487,0.038033667,0.018423973,0.195869248,0.017678105,0.090254622,0.196487803,0.017816928,0.090677019,0.87675198,0.154638161,0.176376176,0.863967444,0.195313389,0.226065681,0.873891131,0.171975749,0.196793105,0.859658273,0.217212697,0.252673305,7.939798052,0.773773263,0.097455031,7.965461112,0.773618653,0.097121641,2.06571292,0.033714313,0.016320909,2.06293715,0.04201655,0.020367344,animal,2cm,Dendrodoris gunnamatta,36_Dendrodorisgunnamatta_1_NF_D_RAW_AOB,animals_on_background,NF,D,colour_defence_2024
0.268812434,0.495830646,1.844522739,2.034281307,8.803247358,0.833534748,1.591760983,1.909651622,2.422727194,12.35193849,0.144653497,0.338056518,2.337008958,3.622998037,21.41985743,0.128304837,0.304922595,2.376547933,4.037938331,26.47651086,0.448896703,1.098822072,2.447828344,4.230911117,30.27666319,0.386523263,0.952205637,2.46351443,4.466122684,33.17735493,0.358244363,2.875038533,0.479173089,2.731171742,0.182078116,1.173079368,0.654708061,1.194535522,0.666682969,0.330625602,0.660695515,0.047662386,2.873991392,2.876075639,0.478998565,0.47934594,2.810998646,2.641544477,0.18739991,0.176102965,1.172545953,1.173606543,0.654410357,0.655002283,1.218832324,1.164496917,0.680243272,0.649918104,0.333199238,0.327724452,0.667326814,0.652460194,0.050811637,0.044516317,400.9528094,18.68053097,21.46367306,0.465335692,0.041144316,0.013877611,0.337291088,0.104955413,0.037238774,0.354805659,2.849963681,0.992915961,0.348396005,11.82026821,7.699751252,0.651402414,2.940390492,1.210025808,0.411518746,0.041189657,0.013862301,0.33654811,0.041211248,0.013883988,0.336898015,0.104524381,0.037055942,0.354519605,0.104569121,0.037046168,0.354274447,2.842498765,0.992978782,0.349333057,2.843761674,0.99223334,0.348915786,11.82092801,7.700654705,0.651442484,11.81961342,7.698854487,0.65136263,2.940128127,1.209694123,0.411442655,2.940650865,1.210354817,0.411594192,0.180386542,0.056115934,0.311087141,0.277233368,0.152357127,0.549562734,0.243226006,0.214992172,0.883919345,7.318779195,2.360604657,0.322540767,2.134183533,0.347618347,0.162881187,0.18182199,0.057222311,0.314716118,0.178749756,0.05477208,0.306417647,0.275929319,0.15347837,0.556223494,0.278720325,0.151051978,0.541948199,0.243451191,0.215164065,0.883807813,0.242969236,0.214795656,0.884044659,7.379150696,2.407153041,0.32621004,7.249939844,2.304066093,0.317804857,2.138352765,0.347049994,0.162297821,2.129429516,0.348192194,0.163514308,animal,2cm,Dendrodoris krusensterni,35_DendrodorisKrusensterni_8_NP_N_RAW_AOB,animals_on_background,NP,N,colour_defence_2024
0.278123553,0.470233794,1.690737041,2.852635706,14.67821699,1.118201893,1.847479958,1.652188186,2.513022799,11.67278947,0.146412741,0.32320559,2.207496346,4.623968765,33.22062514,0.136798413,0.303442346,2.218171538,4.854665354,37.15195581,0.590391078,1.287625662,2.180970732,4.289855779,28.59343789,0.529341914,1.159138787,2.189773295,4.203397017,27.52427176,0.458842687,1.562094989,0.312418998,3.606749141,0.360674914,0.760258874,0.472375398,1.448579438,0.808467577,0.336546956,0.640421488,0.023902461,1.560310086,1.563876151,0.312062017,0.31277523,3.617946969,3.594516341,0.361794697,0.359451634,0.75899293,0.761517675,0.42360202,0.425011107,1.453366972,1.443343551,0.903027673,0.896799771,0.336928357,0.336113432,0.663314846,0.660905439,0.024134556,0.023670995,1667.747525,40.434365,41.2457949,0.495032882,0.059710621,0.029714653,0.497644346,0.126862246,0.03487984,0.274942631,3.56863452,0.892551657,0.250110134,14.04123738,9.204803083,0.655554979,3.303992889,1.407492495,0.425997435,0.05921036,0.029025071,0.490202582,0.059300497,0.029134183,0.491297447,0.126797598,0.03421522,0.269841236,0.126862292,0.034220372,0.269744231,3.571850018,0.877073648,0.245551645,3.572985819,0.876475013,0.245306043,14.03877,9.203041824,0.65554474,14.04369692,9.206557578,0.6555651,3.303975614,1.406621619,0.425736078,3.304010108,1.408360063,0.426257795,0.303992144,0.116225665,0.382331147,0.300010746,0.297427056,0.991388007,0.266725616,0.305731691,1.146240456,12.69540667,4.988296027,0.392921326,2.36718582,1.167517079,0.493208885,0.305201044,0.116103296,0.380415791,0.302762911,0.116334504,0.384242916,0.299617379,0.296724926,0.990346177,0.30041073,0.298138662,0.992436794,0.266021001,0.305157983,1.147119897,0.267442082,0.306311953,1.145339398,12.74911512,4.986120867,0.391095446,12.64079481,4.989795532,0.394737483,2.373731953,1.159982027,0.488674396,2.360529579,1.175084464,0.497805439,animal,2cm,Dendrodoris krusensterni,35_DendrodorisKrusensterni_6_NF_N_RAW_AOB,animals_on_background,NF,N,colour_defence_2024
0.252798076,0.454462892,1.797730817,4.009627871,33.42112916,0.695620646,1.090076753,1.567056354,2.998865204,21.68429982,0.128943411,0.280433018,2.174853424,7.059686677,97.91032675,0.126971582,0.280314156,2.207692074,6.105309777,69.80686092,0.349850508,0.628213929,1.795663907,4.165073377,39.17794387,0.346166198,0.699034314,2.019360407,5.839008081,67.08917956,0.479257436,4.961553566,0.413462797,6.196663657,0.093888843,1.834315768,0.738182969,2.19921677,0.667271124,0.25367582,0.702727046,0.036106654,4.955323861,4.967779493,0.412943655,0.413981624,6.366531489,6.011133654,0.096462598,0.091077783,1.832903847,1.835719427,0.562568919,0.563433098,2.211586119,2.1771886,0.890007727,0.876165147,0.254703127,0.252529704,0.726288323,0.719799123,0.036382542,0.035830968,712.6991821,26.48571008,26.90881913,0.496037899,0.044428436,0.020168544,0.453955739,0.153949633,0.120252044,0.781112894,4.497876701,3.490981408,0.776139863,14.97753198,9.847383078,0.657477019,4.958114615,2.67650477,0.539823094,0.044598947,0.02015305,0.451872767,0.044607614,0.020179897,0.452386827,0.155146908,0.120663917,0.77773975,0.155119178,0.12063362,0.777683466,4.53093905,3.498238675,0.77207807,4.530315779,3.497834848,0.772095151,14.97624888,9.84598649,0.657440095,14.97881341,9.848777464,0.657513863,4.958524042,2.676643768,0.539806552,4.957705723,2.676365877,0.5398396,0.184913927,0.054016288,0.292115847,0.416731712,0.274008352,0.6575174,0.429338955,0.277659809,0.64671469,7.506975349,2.267786926,0.302090632,2.575034902,1.773164378,0.688598192,0.184350598,0.05330927,0.289173294,0.185485508,0.054797683,0.295428379,0.41300644,0.275682563,0.66750185,0.420511555,0.272656166,0.648391614,0.42588783,0.279323186,0.655860924,0.432840635,0.276332604,0.638416501,7.482542811,2.233546184,0.298500956,7.531765794,2.305065065,0.30604577,2.572349832,1.796527144,0.698399231,2.577759304,1.751816532,0.67958887,animal,2cm,Dendrodoris krusensterni,35_DendrodorisKrusensterni_5_NP_D_RAW_AOB,animals_on_background,NP,D,colour_defence_2024
0.28870238,0.51138056,1.771307043,2.765146317,14.23057081,1.329917429,2.50921198,1.886742684,2.951417517,14.96394143,0.155652244,0.363142091,2.333034729,4.434666811,30.52494762,0.137944147,0.318881462,2.311670836,5.005844319,39.95250767,0.724024549,1.811556388,2.50206487,4.703011502,32.17772542,0.607953917,1.519979834,2.500156331,5.168461164,41.30128938,0.319073092,2.593033773,0.432172296,2.691325244,0.179421683,1.055285753,0.588966193,1.163223513,0.529405836,0.305796989,0.559186014,0.046345774,2.592916356,2.593146726,0.432152726,0.432191121,2.73503409,2.620283777,0.182335606,0.174685585,1.055129294,1.055439086,0.480210036,0.480351029,1.174452464,1.141990007,0.6554744,0.637356759,0.307244166,0.303438353,0.567842218,0.558853894,0.051576265,0.041127753,428.72449,18.38876332,23.31448192,0.440943222,0.056297801,0.021872751,0.388518741,0.077873794,0.022993282,0.295263413,2.003896105,0.466443597,0.232768354,9.929183729,5.599892383,0.563983157,3.627530923,1.889101735,0.52076792,0.05649953,0.021945023,0.388410707,0.056513632,0.021932814,0.388097754,0.077411267,0.022613286,0.292118794,0.077433755,0.022647701,0.2924784,1.994503426,0.456456572,0.228857251,1.995125606,0.457305342,0.229211304,9.93146472,5.599464619,0.563810553,9.926932973,5.600313353,0.564153437,3.627396267,1.889010324,0.520762052,3.627663795,1.889191919,0.520773706,0.267940392,0.0797946,0.297807282,0.221512768,0.080120263,0.361695914,0.177575966,0.082762178,0.466066329,11.07360246,3.614333761,0.326391865,1.821784343,0.816040192,0.447934573,0.272758395,0.083818489,0.307299391,0.261912779,0.073959341,0.282381568,0.220677406,0.08088887,0.366548037,0.222557857,0.079134212,0.355566922,0.174055268,0.085620938,0.49191811,0.181980571,0.078791419,0.432966107,11.29175261,3.800435294,0.336567354,10.80068344,3.344591988,0.309664847,1.841807762,0.797980394,0.433259329,1.796733836,0.837328098,0.466027901,animal,2cm,Dendrodoris krusensterni,35_DendrodorisKrusensterni_1_NP_D_RAW_AOB,animals_on_background,NP,D,colour_defence_2024
0.353677465,0.630141263,1.781683387,2.744738915,15.82979815,1.204945134,2.085496946,1.730781665,2.431965605,12.19926949,0.182758988,0.416050757,2.276499563,4.354728321,33.10126805,0.175667783,0.406887007,2.316230098,4.869508803,42.3316683,0.620998297,1.410187598,2.270839717,4.202101415,30.40785358,0.586487391,1.30981259,2.233317562,4.182782102,28.65414336,0.388864,2.930964724,0.36637059,2.663249366,0.095116049,1.259228214,0.605560767,1.320891149,0.500516277,0.23074332,0.553038522,0.039839547,2.930597749,2.931326336,0.366324719,0.366415792,2.638087653,2.687193733,0.094217416,0.095971205,1.259398063,1.259055656,0.477215121,0.477085375,1.306278153,1.333725293,0.628187004,0.641386288,0.230271067,0.231193498,0.552701063,0.559235832,0.041240753,0.038438119,581.5647785,23.24786007,25.01584132,0.481684152,0.0747084,0.036974396,0.494916181,0.142459085,0.038932912,0.273291885,3.808055135,0.933317906,0.245090439,15.16938065,10.45375213,0.689135066,4.502962055,2.268632418,0.503808913,0.074704717,0.036997366,0.495248057,0.074791918,0.037041306,0.495258136,0.14234497,0.038805513,0.272615977,0.142383615,0.038769526,0.272289241,3.805111082,0.927589241,0.24377455,3.80551745,0.925004761,0.243069378,15.16496436,10.45182747,0.689208838,15.17378475,10.45566901,0.689061377,4.503093683,2.268608792,0.50378894,4.502830789,2.268655969,0.50382883,0.281252625,0.070144258,0.249399478,0.171690271,0.123509772,0.719375485,0.157022669,0.112729884,0.717921078,11.61664603,3.033944348,0.261172144,2.689152012,0.873188583,0.324707781,0.281568574,0.068822182,0.244424229,0.280913585,0.071534111,0.254648102,0.170934737,0.124268229,0.726992249,0.172501021,0.122685096,0.711213737,0.154820043,0.11282189,0.728729221,0.15938627,0.112579462,0.706330989,11.62947492,2.986479197,0.256802583,11.60287958,3.084002037,0.265796264,2.658489383,0.849137518,0.319406022,2.72205556,0.897026764,0.329540211,animal,2cm,Dermatobranchus dendronephtyphagus,136_DermatobranchusDendronephtyphagus_2_NP_N_RAW_AOB,animals_on_background,NP,N,colour_defence_2024
0.28053093,0.588313459,2.097142944,3.628260025,28.21403943,1.37894082,2.684845885,1.947034888,2.598392711,14.61091434,0.147772728,0.382674414,2.589614612,5.076727177,48.84493426,0.136633739,0.380647566,2.785897316,6.857393772,85.82164356,0.735355049,1.824343084,2.480901012,3.890634717,25.52156887,0.646314148,1.677631105,2.595689898,5.227339754,47.17039839,0.324814108,4.835453193,0.371957938,6.00206122,0.076949503,1.784462048,0.695710441,2.217436682,0.593267171,0.22445372,0.644488806,0.059349898,4.841137194,4.829781857,0.372395169,0.371521681,5.791862561,6.224110388,0.074254648,0.079796287,1.785454874,1.78346921,0.477692,0.480257062,2.172439093,2.259764698,0.846971534,0.881017277,0.223324909,0.225658984,0.662331767,0.680637169,0.062822499,0.055879423,252.0473814,14.91786399,16.89567499,0.468915577,0.048427083,0.029352504,0.606117527,0.080882521,0.047969403,0.593075024,2.203078406,1.35661198,0.615780163,16.37603904,11.35690494,0.693507442,4.188228793,2.998974395,0.716048369,0.048457649,0.029567864,0.610179491,0.048498469,0.029529467,0.608874217,0.080803707,0.047935868,0.593238477,0.08083776,0.047737878,0.590539351,2.197642445,1.352646261,0.615498788,2.199134515,1.34678807,0.612417322,16.38603555,11.3607332,0.693317988,16.36612212,11.35309645,0.693694961,4.188794499,3.000138687,0.716229619,4.187667592,2.997818812,0.715868379,0.237474564,0.078555468,0.330795293,0.282511079,0.290675671,1.028900079,0.303600777,0.279869153,0.921832797,9.769185063,3.544983019,0.362873975,1.834819965,1.220547231,0.66521362,0.237860344,0.076422433,0.321291191,0.237041117,0.080906808,0.34131972,0.270525054,0.283101911,1.046490541,0.295978123,0.298457386,1.008376506,0.291990344,0.27247609,0.933168154,0.316645822,0.287462202,0.907835133,9.778367657,3.418385607,0.349586529,9.758867848,3.683101726,0.377410759,1.820819818,1.151428174,0.632367993,1.850550001,1.29400895,0.69925641,animal,2cm,Dermatobranchus dendronephtyphagus,136_DermatobranchusDendronephtyphagus_1_NF_D_RAW_AOB,animals_on_background,NF,D,colour_defence_2024
0.134111162,0.240899825,1.796269766,4.903027196,49.86829702,0.291181457,0.524072889,1.799815467,4.921322362,57.7391057,0.068473122,0.154651978,2.258579313,6.78917529,88.6542073,0.068487887,0.16021888,2.339375413,7.768506053,117.5082132,0.146237106,0.339409353,2.320952342,7.592811589,131.0319759,0.145675026,0.343814686,2.360148437,7.4334343,117.8410359,0.283313545,1.068291596,0.534145798,1.0,1.0,0.145208578,0.209491695,0.0,,0.767072899,,0.002801264,1.068205865,1.068377281,0.534102933,0.534188641,1.0,1.0,1.0,1.0,0.145072769,0.145344252,,,0.0,0.0,0.0,0.0,0.767051466,0.76709432,,,0.002902442,0.002700128,126886.5614,343.5375,369.3528694,0.481893871,0.04644252,0.004774783,0.1028106,0.205901115,0.035388547,0.171871567,5.95944428,0.98821678,0.165823646,10.01892671,0.0,0.0,4.288545966,0.0,0.0,0.046466353,0.004687623,0.100882093,0.046464862,0.004693133,0.101003922,0.206077758,0.034742554,0.168589539,0.206066701,0.034783394,0.168796771,5.964376984,0.970177573,0.162662014,5.964068228,0.971318011,0.162861653,10.01892671,0.0,0.0,10.01892671,0.0,0.0,4.288545966,0.0,0.0,4.288545966,0.0,0.0,0.245363395,,,0.484568072,,,0.460207981,,,10.01892671,,,4.288545966,,,0.245363395,,,0.245363395,,,0.484568072,,,0.484568072,,,0.460207981,,,0.460207981,,,10.01892671,,,10.01892671,,,4.288545966,,,4.288545966,,,animal,2cm,Discodoris sp,42_DiscodorisSp_1_NF_N_RAW_AOB,animals_on_background,NF,N,colour_defence_2024
0.238993224,0.41327949,1.729251914,2.696993484,14.24962726,0.900541931,1.558550184,1.730680305,2.607185581,12.84105636,0.114017636,0.249149951,2.185187827,4.057580052,26.82819335,0.128311352,0.293806254,2.289791583,4.774551113,37.56427288,0.430284386,0.956642832,2.223280376,4.08903814,26.56563513,0.471071123,1.080601684,2.2939247,4.404783413,30.87824307,0.476529131,2.425815577,0.808605192,2.146295685,0.715431895,0.987974042,0.899292728,0.83098073,0.756391257,0.762018544,0.827841992,0.042313457,2.428985253,2.422635253,0.809661751,0.807545084,2.074542482,2.211766996,0.691514161,0.737255665,0.98870901,0.987234699,0.899961725,0.898619749,0.779996933,0.869347559,0.709983805,0.791314249,0.750587956,0.772400375,0.804972765,0.844966999,0.040646686,0.043978366,513.0764248,23.60225141,21.73845266,0.520553262,0.035678801,0.009814224,0.275071578,0.097471276,0.0442571,0.454052743,2.817726124,1.263263867,0.448327414,8.405726884,3.57413308,0.425202142,2.029703683,0.766926546,0.377851482,0.035687938,0.009780833,0.274065509,0.035691976,0.00976354,0.273550004,0.097624628,0.044115366,0.45188768,0.09770094,0.044043609,0.450800261,2.822055726,1.259195712,0.446198032,2.824209052,1.257135435,0.445128322,8.408545704,3.576242328,0.425310447,8.402901401,3.572014248,0.425092962,2.030162705,0.767007002,0.37780568,2.029243576,0.766845477,0.377897206,0.178665368,0.044286753,0.247875416,0.333664738,0.30958418,0.927830077,0.329066289,0.301242958,0.915447642,7.236573328,1.879125834,0.259670669,1.890682311,0.676654836,0.35788923,0.175397092,0.036056527,0.205570837,0.181682675,0.050431485,0.277580047,0.325205735,0.310095407,0.953536097,0.341474176,0.308803049,0.904323286,0.32077333,0.301662133,0.94042149,0.336722432,0.300550895,0.892577584,7.097053086,1.522294498,0.214496704,7.365379832,2.14471479,0.29118862,1.865103076,0.665486024,0.356809247,1.914297321,0.685534984,0.358113119,animal,2cm,Doriopsilla miniata,44_DoriopsillaMiniata_1_NF_N_RAW_AOB,animals_on_background,NF,N,colour_defence_2024
0.076396524,0.125351714,1.640803896,4.37938756,53.13053749,0.301145886,0.496653035,1.649210756,2.778959798,19.11392185,0.039930714,0.081130492,2.03178165,5.626722399,74.70478098,0.038376426,0.081309514,2.118735963,7.347460667,136.9644906,0.15601269,0.32899798,2.108789873,4.117432448,31.56081387,0.145655128,0.312013567,2.142139245,4.76500039,49.69289891,0.239537323,1.001889241,0.500944621,1.0,1.0,0.007516997,0.010844735,0.0,,0.75047231,,0.000160408,1.001908539,1.001869952,0.50095427,0.500934976,1.0,1.0,1.0,1.0,0.007584024,0.0074499,,,0.0,0.0,0.0,0.0,0.750477135,0.750467488,,,0.000141568,0.00017924,39396669.98,7062.733333,5578.105263,0.55872348,0.095491177,0.002086291,0.021847999,0.189006013,0.000495349,0.002620809,5.049596653,0.002010048,0.000398061,13.21430781,0.0,0.0,3.444452122,0.0,0.0,0.095494297,0.00201617,0.021112987,0.095495186,0.001995722,0.020898668,0.189006753,0.0004787,0.002532712,0.189006965,0.000473845,0.002507023,5.049593647,0.001942489,0.000384682,5.04959279,0.001922789,0.000380781,13.21430781,0.0,0.0,13.21430781,0.0,0.0,3.444452122,0.0,0.0,3.444452122,0.0,0.0,0.318842145,,,0.029880093,,,0.004387626,,,13.21430781,,,3.444452122,,,0.318842145,,,0.318842145,,,0.029880093,,,0.029880093,,,0.004387626,,,0.004387626,,,13.21430781,,,13.21430781,,,3.444452122,,,3.444452122,,,animal,2cm,Doriopsilla peculiaris,45_DoriopsillaPeculiaris_2_NF_N_RAW_AOB,animals_on_background,NF,N,colour_defence_2024
0.210407438,0.341243132,1.621820668,3.628222025,29.15999397,0.526173318,0.771182293,1.465643099,1.816438852,9.653205628,0.123312776,0.247891165,2.010263434,6.218025644,71.29285963,0.090699222,0.178620035,1.969366792,5.196361447,51.71130396,0.299472384,0.522325556,1.744152661,3.26304027,24.30642423,0.226319957,0.410859195,1.81539092,3.388540958,25.24061226,0.251229538,2.546307703,0.636576926,2.669077667,0.444846278,1.06054402,0.765020799,1.029227414,0.936843166,0.540711602,0.850931982,0.017408021,2.53588458,2.55664945,0.633971145,0.639162363,2.813518101,2.38180031,0.468919683,0.396966718,1.056096553,1.064893242,0.961300509,0.969307601,1.062775923,0.943228696,0.766630777,0.680395681,0.551445414,0.51806454,0.863965643,0.824851641,0.021435826,0.013388809,3363.978262,45.65087282,73.68924303,0.382527472,0.08291234,0.029778855,0.359160707,0.350881395,0.121854456,0.34728104,9.344760934,2.986459971,0.319586557,16.1734116,8.614934726,0.532660328,6.084690814,3.024086855,0.496999264,0.083480588,0.029409795,0.352295012,0.083230631,0.029625764,0.355947849,0.353159507,0.12005825,0.339954743,0.352054853,0.121322672,0.344612981,9.398748995,2.940036079,0.312811426,9.371507676,2.974508104,0.3173991,16.17140875,8.615060407,0.53273407,16.17539387,8.614809723,0.532587323,6.083315974,3.024325727,0.497150853,6.08605153,3.023849598,0.496849161,0.240877379,0.034247871,0.14217969,0.260974878,0.221453407,0.848562162,0.233230456,0.2504377,1.073777858,9.836765772,1.456242047,0.148040736,3.995743714,1.110021574,0.277800994,0.241875834,0.033403778,0.138103,0.239282237,0.035467467,0.148224406,0.280920041,0.241859693,0.860955638,0.229110294,0.177371553,0.774175397,0.254712382,0.27313401,1.072323255,0.198910727,0.202142938,1.016249555,9.878777394,1.420481953,0.143791271,9.769647602,1.507979834,0.154353555,4.053539904,1.170891006,0.288856415,3.903407968,0.994758964,0.254843709,animal,2cm,Doriopsilla peculiaris,45_DoriopsillaPeculiaris_1_NF_N_RAW_AOB,animals_on_background,NF,N,colour_defence_2024
0.138066323,0.30916411,2.23924345,4.347005689,29.23820777,1.134453382,3.028350578,2.669435895,4.71366806,27.90855032,0.06579122,0.193065551,2.934518468,6.908278293,67.36309882,0.07401443,0.215241756,2.908105275,6.530058951,61.02957449,0.531046997,1.91741251,3.610626784,7.439962535,65.26725415,0.603748555,2.163606392,3.583621652,6.950200416,57.63383643,0.195522171,2.151524982,0.430304996,2.692744855,0.269274486,0.936115265,0.581641117,1.415879471,0.614908641,0.349789741,0.598274879,0.028582195,2.152705522,2.150339437,0.430541104,0.430067887,2.64721206,2.73121892,0.264721206,0.273121892,0.936424236,0.935802044,0.406683878,0.406413664,1.411007226,1.418800928,0.876708082,0.881550582,0.347631155,0.35159489,0.64169598,0.643982123,0.026365414,0.03079523,1162.233757,36.92847638,31.47256184,0.539881811,0.269845897,0.099800724,0.369843399,0.113355386,0.020951669,0.184831704,2.666119003,0.433186784,0.162478413,22.23728075,10.47253702,0.470945038,2.322992625,1.604619166,0.69075517,0.271788145,0.098622236,0.362864376,0.271915784,0.098612929,0.362659819,0.113743817,0.02016891,0.177318735,0.113767729,0.020102994,0.176702074,2.674102003,0.417065112,0.155964549,2.674547532,0.415796163,0.155464114,22.23254803,10.47162586,0.471004306,22.24202707,10.47344803,0.4708855,2.322734507,1.604477106,0.690770771,2.323251484,1.604761571,0.690739501,0.337245436,0.108338478,0.321245203,0.190278178,0.22285207,1.1711909,0.159648037,0.181633822,1.137714092,14.26716436,5.259476597,0.368642042,1.12784198,1.061541335,0.941214597,0.335124427,0.108053639,0.32242842,0.339058274,0.108544846,0.320136254,0.186576462,0.221550914,1.187453724,0.193442056,0.223904294,1.157474744,0.156473667,0.180458433,1.153283081,0.16236119,0.18258384,1.124553476,14.1692749,5.244375208,0.370123048,14.35083105,5.270748699,0.367278291,1.11230521,1.05536554,0.948809311,1.141121347,1.066592188,0.934687788,animal,2cm,Doriprismatica atromarginata,47_DoriprismaticaAtromarginata_48_NF_D_RAW_AOB,animals_on_background,NF,D,colour_defence_2024
0.149201775,0.320789627,2.150038942,3.331899921,18.01393012,1.085777482,3.077873192,2.834718204,4.577415827,27.20660252,0.073155603,0.20182983,2.758911427,5.752835986,47.19759981,0.077930832,0.218174578,2.799592567,5.467849364,41.94281632,0.519867452,1.941011952,3.733667002,7.452028376,67.94055704,0.566197908,2.176181209,3.843499203,6.913882362,57.05409387,0.190082566,1.407038892,0.234506482,3.191869059,0.212791271,0.616660783,0.344164936,1.572621749,0.595902837,0.223648876,0.470033886,0.023553199,1.407263226,1.406813957,0.234543871,0.234468993,3.150245553,3.217481317,0.21001637,0.214498754,0.616226021,0.617084303,0.233502324,0.233827548,1.573457676,1.565395404,0.878163449,0.87366381,0.222280121,0.224483874,0.555832887,0.553745679,0.022350392,0.024752725,1723.414804,43.7419446,39.39959277,0.526114214,0.268142331,0.079244221,0.295530439,0.136720831,0.026317428,0.192490261,3.230677754,0.538419136,0.166658261,17.87995559,9.979830156,0.558157435,2.158660411,0.966912615,0.447922522,0.270440296,0.07705669,0.284930503,0.270526478,0.076926765,0.284359467,0.137515174,0.025291472,0.183917678,0.137531004,0.025259646,0.183665102,3.24728327,0.516067772,0.15892293,3.247487641,0.515879113,0.158854835,17.87910646,9.979352155,0.558157209,17.88080449,9.980307918,0.558157656,2.158529111,0.966855771,0.447923434,2.158791676,0.966969419,0.447921599,0.373732331,0.13278911,0.355305386,0.232814608,0.149418936,0.641793646,0.201407087,0.124056886,0.615950944,16.02041359,6.114394671,0.381662723,1.465954168,0.534009849,0.364274587,0.370974411,0.130997916,0.353118469,0.376215792,0.134329455,0.357054272,0.227734533,0.148597737,0.652504191,0.237389131,0.149996107,0.631857516,0.198700716,0.124744763,0.627802279,0.20384413,0.123379491,0.605263888,15.88210756,6.028368052,0.379569779,16.14495591,6.187989511,0.383276953,1.454854846,0.527357298,0.36248104,1.475948925,0.539719931,0.365676564,animal,2cm,Doriprismatica atromarginata,47_DoriprismaticaAtromarginata_47_NF_D_RAW_AOB,animals_on_background,NF,D,colour_defence_2024
0.120605948,0.252432925,2.093038766,3.85216819,28.46009946,1.102038246,2.774420392,2.517535487,4.478214356,28.50411392,0.066854305,0.172695927,2.583168391,5.166435174,42.63771338,0.05547278,0.158253269,2.852809405,7.473432881,94.1384047,0.627772522,1.991274687,3.171968537,6.359981584,52.95843491,0.475085887,1.726588385,3.634265788,7.891522643,80.23207019,0.172533564,2.387613072,0.397935512,4.259312297,0.283954153,1.11594315,0.622819731,1.720292255,0.692296532,0.340944833,0.657558131,0.037511319,2.37919767,2.395905439,0.396532945,0.399317573,4.027436686,4.576380617,0.268495779,0.305092041,1.11380406,1.118033531,0.483718957,0.449929792,1.655383561,1.795765381,0.923887156,1.002235742,0.332514362,0.352204807,0.703803057,0.726082767,0.043102386,0.031939469,672.8821039,22.20057158,30.30922432,0.422789142,0.328754908,0.109032016,0.33165137,0.090791645,0.007264717,0.080015261,2.132561071,0.142454608,0.066799779,22.64544847,14.80315237,0.653692171,1.649652981,1.709422125,1.036231344,0.332049378,0.107596149,0.324036594,0.33142686,0.107686483,0.324917789,0.09085281,0.00700007,0.077048468,0.090865855,0.006959485,0.076590759,2.133425815,0.137554913,0.06447607,2.133689179,0.13694739,0.064183383,22.66024755,14.80725013,0.653446089,22.63087032,14.79909732,0.653934078,1.649891568,1.709435735,1.036089746,1.649417955,1.709408679,1.036370845,0.254678064,0.105694828,0.415013475,0.043205039,0.094041298,2.176628027,0.035954371,0.070287653,1.95491257,10.57022145,4.792484372,0.453394888,0.454831812,0.487143425,1.071040793,0.252306657,0.101716892,0.403147874,0.257867284,0.111868883,0.433823483,0.038007214,0.087256953,2.295799729,0.050195404,0.102913371,2.050254855,0.03224938,0.065507272,2.03127231,0.040937081,0.076622971,1.871725319,10.45010293,4.573443137,0.43764575,10.73176448,5.117493434,0.476854803,0.426859017,0.444013299,1.04018723,0.49245141,0.541708826,1.100024927,animal,2cm,Doriprismatica atromarginata,47_DoriprismaticaAtromarginata_39_NF_D_RAW_AOB,animals_on_background,NF,D,colour_defence_2024
0.106406865,0.213983023,2.01098889,3.458110025,19.06610082,0.869565118,2.338181394,2.688908909,5.325269086,36.7373588,0.053122264,0.136914147,2.577340229,5.841838927,48.92163524,0.054802297,0.142830353,2.606284073,5.576841631,44.34403118,0.41644474,1.506423337,3.617342694,8.502607067,88.30085617,0.453230133,1.634480409,3.606292456,7.934437818,76.70403881,0.173717452,1.806283804,0.451570951,3.120847889,0.520141315,0.863450276,0.622847715,1.31822207,0.735713745,0.485856133,0.67928073,0.024898876,1.804946638,1.807621844,0.45123666,0.451905461,3.071249883,3.161528843,0.511874981,0.526921474,0.86281119,0.864088164,0.536094734,0.482256787,1.29685756,1.333700672,0.935484985,0.962061673,0.48155582,0.489413467,0.73578986,0.72215923,0.023927484,0.025868859,1536.120189,40.7929439,37.65651709,0.519990111,0.298398953,0.091325611,0.306052051,0.093286321,0.022336652,0.239441877,2.199406869,0.474171123,0.215590453,14.88381584,8.016998268,0.538638636,1.064339516,0.456346718,0.428760477,0.299007464,0.08964925,0.299822784,0.298850992,0.089752652,0.300325764,0.093640706,0.02207785,0.235771927,0.093636173,0.022066033,0.235657143,2.206833178,0.468790836,0.212426947,2.206742355,0.468515449,0.212310897,14.88401069,8.018069377,0.538703549,14.88362088,8.015926432,0.538573677,1.064450235,0.456348521,0.428717573,1.064228737,0.456344878,0.428803379,0.259039868,0.113354732,0.4375957,0.256271639,0.140962052,0.550049364,0.224674666,0.131085539,0.583446016,10.75909418,5.089486031,0.473040383,1.061607712,0.457979404,0.431401731,0.25448121,0.11155109,0.43834706,0.263250295,0.116787737,0.44363763,0.257405301,0.143728819,0.558375521,0.255224575,0.141078891,0.55276374,0.225403532,0.134232763,0.595522005,0.224001477,0.130677988,0.58338003,10.54965131,4.988975358,0.472904289,10.95253794,5.25970523,0.480227072,1.062802976,0.466102874,0.438560001,1.060503753,0.459167744,0.432971352,animal,2cm,Doriprismatica atromarginata,47_DoriprismaticaAtromarginata_38_NF_D_RAW_AOB,animals_on_background,NF,D,colour_defence_2024
0.124001157,0.26345111,2.124585891,3.765979507,20.72451846,0.891557105,2.380868185,2.670460672,4.952270065,31.53740152,0.064719632,0.178487718,2.757860522,5.939021183,47.65751645,0.061347322,0.174037774,2.836925342,6.008450557,47.35105031,0.454828394,1.596900876,3.51099645,7.581150107,70.78344187,0.437540058,1.620501727,3.703664838,7.59932995,69.6872092,0.168973174,1.196560971,0.398853657,1.658785078,0.552928359,0.346720442,0.315598547,0.720424322,0.655758477,0.475891008,0.485678512,0.013018679,1.19648465,1.19663658,0.398828217,0.39887886,1.795278602,1.541045269,0.598426201,0.513681756,0.346263158,0.347169816,0.315182309,0.316007585,0.786174889,0.652768975,0.715607223,0.594175927,0.498627209,0.456280308,0.515394766,0.455091756,0.012503148,0.013533239,5757.01128,78.97986057,72.89214286,0.520042264,0.18175391,0.039242265,0.215908778,0.100197961,0.015624341,0.15593472,2.362783962,0.273527758,0.115765031,18.76418655,6.138717809,0.327150756,2.015455742,0.953156026,0.472923323,0.182588737,0.037727085,0.206623289,0.182562547,0.037832601,0.207230898,0.100530734,0.014996279,0.149171084,0.10051523,0.015062182,0.149849749,2.368593045,0.262207656,0.11070186,2.368259021,0.263667969,0.111334093,18.76265414,6.138455623,0.327163501,18.76571768,6.138979189,0.327137991,2.015189105,0.953143595,0.472979728,2.015722156,0.953168335,0.472866924,0.364441759,0.096519237,0.264841322,0.239667844,0.075964232,0.316956295,0.16665867,0.060070435,0.360439901,15.41977755,4.685593063,0.303869044,1.526391379,0.67456311,0.441933255,0.36567745,0.103219057,0.28226804,0.363302276,0.089877039,0.247389144,0.242342857,0.080317383,0.331420468,0.2372011,0.071583444,0.301783779,0.169301709,0.063221496,0.373425034,0.164221411,0.056847438,0.346163373,15.49635124,5.002489074,0.322817223,15.34916567,4.371282253,0.284789568,1.564465995,0.705964173,0.451249292,1.491281143,0.641253591,0.43000181,animal,2cm,Doriprismatica atromarginata,47_DoriprismaticaAtromarginata_37_NF_D_RAW_AOB,animals_on_background,NF,D,colour_defence_2024
0.116861627,0.239749773,2.051569699,3.276016365,19.48023937,1.034534173,2.87734796,2.781298129,4.24435442,23.45683641,0.058902068,0.156068447,2.649625952,5.480570102,46.39874863,0.059373185,0.158138531,2.663467206,5.532206025,48.08823607,0.513177962,1.906472491,3.715031887,6.763048273,55.37732465,0.521439611,1.943161712,3.726532608,6.561340198,51.52470669,0.187929675,2.213378686,0.368896448,6.486566262,0.432437751,1.134292994,0.633060974,2.116963443,0.802166523,0.400667099,0.717613749,0.038493955,2.210041057,2.21671142,0.368340176,0.369451903,6.320025941,6.643141174,0.421335063,0.442876078,1.133095763,1.135483445,0.429356252,0.430261,2.094529546,2.133378244,1.168979197,1.190661068,0.394837619,0.406163991,0.799167725,0.810461034,0.038451961,0.038535845,623.9082178,25.00647599,24.94986571,0.500566597,0.354132483,0.11355749,0.320663862,0.104512374,0.015862488,0.151776173,2.450999017,0.351275057,0.143319134,17.63347975,10.44819592,0.592520368,1.163296712,0.99700982,0.857055478,0.357764183,0.111772596,0.312419749,0.357526461,0.111853608,0.31285407,0.104582375,0.015500196,0.148210403,0.104592985,0.015506865,0.148259134,2.452282584,0.343402261,0.140033723,2.452542519,0.343520342,0.140067028,17.63780079,10.4495984,0.592454724,17.62916906,10.44679447,0.592585756,1.163282899,0.996974255,0.857035082,1.163310492,0.997045298,0.857075824,0.257844895,0.122709548,0.475904507,0.122456116,0.093816486,0.76612332,0.115504449,0.0851437,0.737146503,10.74754435,5.465388763,0.508524421,0.68561417,0.449441312,0.655530956,0.255565172,0.121826567,0.476694715,0.260114006,0.123537172,0.474934718,0.120194911,0.090609035,0.753850849,0.124706795,0.096847195,0.776599182,0.113562389,0.082381219,0.725426964,0.117437467,0.087761113,0.747300797,10.64655726,5.42699065,0.509741367,10.84806131,5.501359964,0.507128399,0.674329856,0.431705886,0.64019987,0.696845952,0.466132936,0.668918194,animal,2cm,Doriprismatica atromarginata,47_DoriprismaticaAtromarginata_36_NF_D_RAW_AOB,animals_on_background,NF,D,colour_defence_2024
0.137929246,0.297241325,2.155027545,4.110132067,25.47353864,0.965616054,2.836412947,2.937412791,5.900610069,43.7727785,0.066704517,0.188064731,2.819370231,7.11438748,69.70123804,0.073266923,0.202626357,2.765591183,6.278590103,53.78829253,0.456432693,1.811434719,3.968678729,9.555620604,109.2640129,0.509366478,2.017018757,3.959857676,8.466015777,85.45761957,0.19104538,2.691528961,0.33644112,7.310257891,0.261080639,1.258984723,0.605443672,2.162754998,0.798639182,0.29876088,0.702041427,0.027967047,2.694122627,2.688928923,0.336765328,0.336116115,7.030591649,7.524356789,0.251092559,0.268727028,1.260189177,1.257763199,0.477514893,0.464453428,2.126483564,2.184507838,1.022622431,1.050526208,0.293928944,0.302421572,0.750068662,0.757489818,0.026380173,0.029552805,1211.950748,36.90725675,32.83773585,0.529174287,0.250848233,0.104754506,0.417601131,0.105449368,0.030153789,0.285955137,2.513059349,0.693467266,0.275945439,22.56396233,15.7495387,0.697995258,2.276597655,1.022843501,0.44928602,0.251774432,0.10399349,0.413042299,0.251846238,0.104003206,0.412963111,0.105687891,0.029858271,0.282513643,0.105743516,0.029781058,0.281634839,2.517429781,0.687267839,0.273003777,2.518660158,0.685638076,0.272223338,22.56223614,15.7491621,0.698031968,22.56569294,15.74991603,0.697958449,2.276812139,1.022929552,0.449281491,2.27638262,1.02275717,0.449290537,0.31551821,0.142791946,0.452563249,0.227739719,0.208207981,0.914236578,0.202184718,0.214412048,1.060476033,13.43088828,6.764747773,0.503670914,1.548636493,0.877961516,0.566925498,0.311084879,0.142740786,0.458848357,0.319472818,0.143037613,0.44773015,0.225660202,0.207037637,0.917475192,0.229594684,0.209693414,0.913319989,0.200901867,0.213119768,1.060815266,0.203329043,0.216030307,1.062466547,13.2282635,6.7502082,0.510286796,13.61163311,6.787505179,0.498654726,1.53210786,0.862627412,0.563033083,1.563380322,0.893038235,0.57122264,animal,2cm,Doriprismatica atromarginata,47_DoriprismaticaAtromarginata_35_NF_N_RAW_AOB,animals_on_background,NF,N,colour_defence_2024
0.250394649,0.51553156,2.058876104,3.332698423,16.85072915,1.645035906,4.173957193,2.537304613,4.043370456,20.88837286,0.121526446,0.324307868,2.668619688,5.447660809,40.83239424,0.131783294,0.360418133,2.73493038,5.289831967,38.01685548,0.786295038,2.712992812,3.450349654,6.570433527,51.60583065,0.85871536,2.954624758,3.440749864,6.030514967,43.06194338,0.249235226,3.731926863,0.533132409,7.039770901,0.335227186,1.551804835,0.797469933,2.140056605,0.810917058,0.434179797,0.804193495,0.050545962,3.741482662,3.722338694,0.534497523,0.531762671,6.99885227,7.058740797,0.33327868,0.336130514,1.553741331,1.549851343,0.588748609,0.587274602,2.123166224,2.152295676,1.091091603,1.10606118,0.433888101,0.433946592,0.839920106,0.846667891,0.047934284,0.053154142,353.8040948,19.86189516,17.81320926,0.527188855,0.247319424,0.124726827,0.504314725,0.108184354,0.067381358,0.622838292,2.548297783,1.569050828,0.615725069,23.86547142,15.53244351,0.650833299,3.009753739,1.543324803,0.512774445,0.248377105,0.123950535,0.49904171,0.248512364,0.123659055,0.497597194,0.109359918,0.066915329,0.611881668,0.109647727,0.066847956,0.609661123,2.575093381,1.558832502,0.605349893,2.581702485,1.557374779,0.603235574,23.86762843,15.53240298,0.650772783,23.86330543,15.53248386,0.650894064,3.008482446,1.543447619,0.513031951,3.01103033,1.543200235,0.512515673,0.321612466,0.172388627,0.53601351,0.495784797,0.240121733,0.484326535,0.475516777,0.238015308,0.500540295,13.86845707,8.162331116,0.588553656,2.127874135,1.341383433,0.630386643,0.317514754,0.171825346,0.541157045,0.325302825,0.172804808,0.531212133,0.492478242,0.24427684,0.496015498,0.498762649,0.236274523,0.473721365,0.473104781,0.241605089,0.510679872,0.477688997,0.234712564,0.491350158,13.67815868,8.130996103,0.594451073,14.03983791,8.186372458,0.583081693,2.129543228,1.346535143,0.632311721,2.126370966,1.336724941,0.628641456,animal,2cm,Doriprismatica atromarginata,47_DoriprismaticaAtromarginata_34_NP_D_RAW_AOB,animals_on_background,NP,D,colour_defence_2024
0.120975834,0.243837038,2.015584674,4.357270099,30.39862209,0.688896159,1.566953371,2.274585726,6.03730912,54.39030434,0.064493882,0.166208903,2.577126661,6.734722734,68.09901405,0.058737765,0.152112716,2.589691946,7.151702882,75.07174269,0.363223226,1.093646769,3.010949443,9.123960203,113.740621,0.325319534,0.977540025,3.004861138,9.899284287,140.9921004,0.209083102,1.23744779,0.247489558,1.634111415,0.163411142,0.41288448,0.256539552,0.775550887,0.48187686,0.20545035,0.369208206,0.009324403,1.238153958,1.236741432,0.247630792,0.247348286,1.566823195,1.697914477,0.156682319,0.169791448,0.413964087,0.411800533,0.257210349,0.255866057,0.727068628,0.817064379,0.451753138,0.507670642,0.202156556,0.208569867,0.354481744,0.38176835,0.008869468,0.009779315,11315.05934,111.7463343,101.2566489,0.52462333,0.183115494,0.039237873,0.214279369,0.150917562,0.018215189,0.120696282,3.5995606,0.316905461,0.088040041,23.23587097,8.600291783,0.370129951,2.941991181,1.451391444,0.493336436,0.183862132,0.038184411,0.207679581,0.183935504,0.038044493,0.206836051,0.151225442,0.017752324,0.117389799,0.151267901,0.01764965,0.116678091,3.604729386,0.308853587,0.085680104,3.605517103,0.306802632,0.085092547,23.23278292,8.602612797,0.37027905,23.23896169,8.597966742,0.369980675,2.941730365,1.451369607,0.493372752,2.942252223,1.45141324,0.493300074,0.330373832,0.076907696,0.232789913,0.147088808,0.063272289,0.430163857,0.099439096,0.050313372,0.505971738,13.80866497,3.473446609,0.251541088,1.362289925,0.549624994,0.403456697,0.329530156,0.073361191,0.222623604,0.331138975,0.0799786,0.241525782,0.144267337,0.059835973,0.414757592,0.149647642,0.066104717,0.441735776,0.097120597,0.047717931,0.49132658,0.101541776,0.052445833,0.516495132,13.76253009,3.300600481,0.239825124,13.85050538,3.622444982,0.261538831,1.339776945,0.514587837,0.384084708,1.382707282,0.578626051,0.41847328,animal,2cm,Doriprismatica atromarginata,47_DoriprismaticaAtromarginata_33_NL_D_RAW_AOB,animals_on_background,NL,D,colour_defence_2024
0.177599365,0.352399586,1.984239,3.459742301,18.57671719,0.951667612,2.318100125,2.435829585,4.608078643,29.41125607,0.087577009,0.221584793,2.530170832,5.738471493,46.95513648,0.092605949,0.23966352,2.587992701,5.528992752,42.72255321,0.470344372,1.537837371,3.269598753,7.202552821,67.17402003,0.481495426,1.572519635,3.265907733,7.202656532,66.71810683,0.189169966,2.177926007,0.311132287,3.136510679,0.149357651,1.046992034,0.538047471,1.517385877,0.632799061,0.230244969,0.585423266,0.02950417,2.180105288,2.175747639,0.311443613,0.310821091,2.953486304,3.322956019,0.140642205,0.158236001,1.048614134,1.045359686,0.43730606,0.43594885,1.471909885,1.556728571,0.75641205,0.800000232,0.226042909,0.234528546,0.596859055,0.617974541,0.029147385,0.029860671,1082.151977,33.3083948,32.48886605,0.506227681,0.237763925,0.083712728,0.352083389,0.100898293,0.015740764,0.156006243,2.397157895,0.32082157,0.133834142,23.74547597,13.77646055,0.580172011,1.976462558,1.04370459,0.528066968,0.239484252,0.082944049,0.346344484,0.239695391,0.082678698,0.344932364,0.101205294,0.015357026,0.151741336,0.101237076,0.015339008,0.15151572,2.403638395,0.311810637,0.129724437,2.403865773,0.312009833,0.129795031,23.74317713,13.77535695,0.580181703,23.74777467,13.77756355,0.580162299,1.976416598,1.043582465,0.528017456,1.976508515,1.043826691,0.528116465,0.282920056,0.084882264,0.30002208,0.107935662,0.148076239,1.371893557,0.105444701,0.133005043,1.261372471,11.74926813,3.956603761,0.33675321,0.776300265,0.572798195,0.737856498,0.281929017,0.084258059,0.29886267,0.283886651,0.085474507,0.301086742,0.108108782,0.149132916,1.379470872,0.107766811,0.147038095,1.364409812,0.105184012,0.134318979,1.276990452,0.10569896,0.131710344,1.246089309,11.70377812,3.921779139,0.335086593,11.79363608,3.989727076,0.338294912,0.75910684,0.572287303,0.753895595,0.793069598,0.572749396,0.722193106,animal,2cm,Doriprismatica atromarginata,47_DoriprismaticaAtromarginata_31_NF_D_RAW_AOB,animals_on_background,NF,D,colour_defence_2024
0.157663089,0.347853609,2.206309733,3.235110663,17.110785,0.951464347,2.502465434,2.630120027,4.556894721,31.19002205,0.077812878,0.223055148,2.866558244,5.579644032,45.4725931,0.081823794,0.229653922,2.80668874,5.255843473,38.97114433,0.467876535,1.647529361,3.521290848,7.190938495,70.13390932,0.48423131,1.662250722,3.432761759,7.321121275,74.0446981,0.167370465,1.467438018,0.244573003,1.666238329,0.111082555,0.629113495,0.351114927,0.950374775,0.412742521,0.177827779,0.381928724,0.020009848,1.469208691,1.465666564,0.244868115,0.244277761,1.546943686,1.78634556,0.103129579,0.119089704,0.631562871,0.626632764,0.27428427,0.272143152,0.852005265,1.031340979,0.475513193,0.57560236,0.173998847,0.181683732,0.374898731,0.423872756,0.019234212,0.020785762,2402.164099,50.99069226,47.1098546,0.519779898,0.298376074,0.09343458,0.313143673,0.085630452,0.016501527,0.19270629,2.036125437,0.391424049,0.192239654,25.88099293,13.38750138,0.517271552,2.596137713,1.366738728,0.526450781,0.300294672,0.091760371,0.305567762,0.30053516,0.091501093,0.304460526,0.085971198,0.016205389,0.188497884,0.085995046,0.016188837,0.188253137,2.044218952,0.384069225,0.187880669,2.044566469,0.383791547,0.187712923,25.87527115,13.38792151,0.517402173,25.88672582,13.38707748,0.517140622,2.596095217,1.366647653,0.526424317,2.596180292,1.366829972,0.526477293,0.38383129,0.079886189,0.208128392,0.215769411,0.099993668,0.463428379,0.232736293,0.084809519,0.364401775,16.30597462,3.839170421,0.235445627,1.205891079,0.674075662,0.558985529,0.384745866,0.076914692,0.199910378,0.382984678,0.082531538,0.215495666,0.222185245,0.095134643,0.428177141,0.209830359,0.103898407,0.49515431,0.238537788,0.08048116,0.337393757,0.227365928,0.088251129,0.388145796,16.33754519,3.674539775,0.224913825,16.27675017,3.985262558,0.244843873,1.175786577,0.595297649,0.506297368,1.233758413,0.738343036,0.598450254,animal,2cm,Doriprismatica atromarginata,47_DoriprismaticaAtromarginata_30_NF_D_RAW_AOB,animals_on_background,NF,D,colour_defence_2024
0.188126657,0.37820419,2.010370015,2.796803459,11.95624311,1.185914516,2.939801158,2.47893176,3.769267982,19.28448868,0.104196247,0.26862753,2.578092174,4.404274325,26.34066511,0.086791585,0.234292295,2.699481684,4.832193053,30.85108599,0.638811132,2.066536001,3.234971804,5.548594135,38.084617,0.546654795,1.910041596,3.494054408,6.215961275,47.76699525,0.348078304,1.781249687,0.296874948,3.335470085,0.222364672,0.903703837,0.504366715,1.565193525,0.629880211,0.25961981,0.567123463,0.035476755,1.773964487,1.788489067,0.295660748,0.298081511,3.249042534,3.433957712,0.216602836,0.228930514,0.90014358,0.907205358,0.37538903,0.365086293,1.531372066,1.598429415,0.854675023,0.892100442,0.256131792,0.263506013,0.615032026,0.628593368,0.037925489,0.033039941,742.415082,25.36749117,29.26639758,0.464317876,0.167166659,0.04818304,0.288233553,0.151019041,0.024899686,0.164877794,3.613928289,0.62198925,0.172108908,19.9852439,12.19144025,0.61002209,1.724124246,0.561745055,0.325814718,0.168760182,0.047273572,0.280122781,0.168452937,0.047421065,0.281509281,0.151382506,0.024007975,0.158591478,0.151305319,0.024189686,0.159873334,3.619845933,0.602561171,0.166460447,3.618417115,0.606453838,0.16760197,19.99992627,12.19365576,0.609685036,19.97070682,12.18922534,0.61035523,1.724215961,0.561303373,0.325541223,1.72403344,0.562182006,0.326085326,0.285996751,0.095124095,0.33260551,0.17751265,0.089516163,0.504280473,0.171258913,0.07597289,0.443614225,11.89450392,4.294899837,0.361082721,1.376968033,0.377950309,0.274480089,0.28726534,0.095144143,0.331206482,0.284547667,0.095526949,0.335715103,0.175678512,0.088569315,0.504155653,0.17960775,0.090944099,0.50634841,0.16894136,0.074778034,0.442627159,0.173906209,0.077563418,0.446007179,11.9519217,4.321906777,0.361607688,11.8289167,4.283441877,0.362116159,1.363797588,0.366798305,0.268953625,1.392012375,0.391331865,0.281126714,animal,2cm,Doriprismatica atromarginata,47_DoriprismaticaAtromarginata_7_NB_D_RAW_AO,animals_only,NB,D,colour_defence_2024
0.167547529,0.351824745,2.099850395,3.152683011,15.77451831,1.006634823,2.750287217,2.73215982,4.471054626,26.98310366,0.090997097,0.247938439,2.724685167,5.042813849,35.69437158,0.078774855,0.21252388,2.69786445,5.37866205,40.49490739,0.532270396,1.892757709,3.556007854,6.644614326,55.8395968,0.474725366,1.798373296,3.788239313,7.243709425,64.19840121,0.356144844,1.379895768,0.275979154,2.586591163,0.258659116,0.571665295,0.355195619,1.181639353,0.568248412,0.267319135,0.461722015,0.025375637,1.37684672,1.382926509,0.275369344,0.276585302,2.597525746,2.500326337,0.259752575,0.250032634,0.568592575,0.574674355,0.273435229,0.276359947,1.159302339,1.187284902,0.720315043,0.737701587,0.267560959,0.263308968,0.496875136,0.507030767,0.026709861,0.024046701,1478.918443,36.43935581,40.5857461,0.473084162,0.162253648,0.04052332,0.249752908,0.153460098,0.025043585,0.16319281,3.658116682,0.53602471,0.146530239,21.05495841,11.12580196,0.52841719,1.982430067,0.576892475,0.291002686,0.163350874,0.039471638,0.241637142,0.163247799,0.039484622,0.241869245,0.154257941,0.023858063,0.154663438,0.154046928,0.024279046,0.157608118,3.674649469,0.50734133,0.138065232,3.669495842,0.518713596,0.141358273,21.06131927,11.1262353,0.528278175,21.04864005,11.125367,0.528555145,1.982825017,0.576815075,0.290905688,1.982037755,0.576969013,0.291098902,0.330982894,0.115655142,0.349429365,0.218266956,0.133818364,0.613094932,0.188206439,0.153491506,0.815548647,14.00482629,5.647322662,0.403241179,1.610809207,0.417637961,0.259272147,0.323591346,0.115745732,0.35769106,0.339160514,0.11492351,0.338846962,0.230674868,0.135929928,0.589270644,0.204539494,0.129873646,0.634956327,0.202116687,0.155513157,0.769422649,0.172816871,0.149509801,0.865134288,13.67348892,5.66664619,0.414425771,14.37140054,5.599820771,0.389650317,1.647490655,0.422654859,0.256544617,1.57022678,0.407644436,0.259608638,animal,2cm,Doriprismatica atromarginata,47_DoriprismaticaAtromarginata_6_NB_D_RAW_AO,animals_only,NB,D,colour_defence_2024
0.154219863,0.366002638,2.373252264,2.488585575,12.86608949,1.141257339,3.826136187,3.352562175,4.519043772,28.15335013,0.077900698,0.232152784,2.980111723,4.731751212,36.7484959,0.078279507,0.231025124,2.951284857,4.715241448,36.23468438,0.563288684,2.493458017,4.426607687,7.344168586,66.90964847,0.578044026,2.551386482,4.413827263,7.36062891,67.39697941,0.332329577,1.381958353,0.172744794,3.396130234,0.121290365,0.61848483,0.297428332,1.579418047,0.615769681,0.14701758,0.456599007,0.019820472,1.379963118,1.383955032,0.17249539,0.172994379,3.307379019,3.480133493,0.118120679,0.124290482,0.61632077,0.620634225,0.240285746,0.241967438,1.555573493,1.598366991,0.748072721,0.768652044,0.145308034,0.14864243,0.494179234,0.505309741,0.019668654,0.019972095,2445.755743,49.84232057,49.06986101,0.503904775,0.171197922,0.049074123,0.286651395,0.164071046,0.030071166,0.18328137,3.919822671,0.741186639,0.189086778,26.01559962,13.36066797,0.513563714,2.821584314,0.86273694,0.305763303,0.172650087,0.04748633,0.275043767,0.172485288,0.047663193,0.276331931,0.164719446,0.028724317,0.174383279,0.164707148,0.028781695,0.174744662,3.931893104,0.708420869,0.180172973,3.932422198,0.711071684,0.180822823,26.02468934,13.35908004,0.513323324,26.00651877,13.3622471,0.513803759,2.821547066,0.862031233,0.305517226,2.821621526,0.863441381,0.306008929,0.449525911,0.1325614,0.294891568,0.280622439,0.174982499,0.623551342,0.276962637,0.146387568,0.528546269,19.84982322,6.874727275,0.346336952,1.968373858,0.59331093,0.301421871,0.447394342,0.131224208,0.293307706,0.451622395,0.133827682,0.296326497,0.278069966,0.174385087,0.627126651,0.2831329,0.175528876,0.619952242,0.27487041,0.145405075,0.528995007,0.279020426,0.147316103,0.527976053,19.72685526,6.779065862,0.343646556,19.97076721,6.965239403,0.348771749,1.959456416,0.581878825,0.29695931,1.977144524,0.604204897,0.305594705,animal,2cm,Doriprismatica atromarginata,47_DoriprismaticaAtromarginata_5_NB_D_RAW_AO,animals_only,NB,D,colour_defence_2024
0.187973776,0.431012693,2.292940551,2.95076121,14.46292839,1.246404646,3.645141608,2.924525047,3.97061281,21.40625445,0.091599113,0.267345583,2.918648163,5.306728189,39.86528735,0.098698847,0.289747242,2.935669986,5.08957291,36.67383429,0.611259915,2.413795138,3.948885043,6.453786477,50.50273339,0.635156032,2.461401394,3.875270437,6.321120218,49.56488051,0.377520425,1.910178806,0.318363134,4.385055138,0.292337009,0.918300398,0.51251321,1.736308761,0.65792764,0.305350072,0.585220425,0.034342946,1.909739859,1.910617878,0.318289977,0.318436313,4.497273521,4.277967318,0.299818235,0.285197821,0.91766727,0.918928953,0.347725402,0.358263975,1.753165822,1.717446797,0.978460475,0.958525308,0.309054106,0.301817067,0.663092938,0.658394642,0.033396891,0.035288598,791.2343949,28.94290733,27.33776485,0.514260157,0.147652771,0.045270835,0.306603359,0.161271386,0.055515638,0.344237368,3.88194883,1.300929127,0.335122688,15.97632436,12.5154227,0.783373097,2.557133498,1.008970738,0.394571007,0.148341232,0.044200978,0.297968251,0.148389946,0.04416148,0.297604258,0.162736419,0.054847443,0.337032385,0.162689769,0.054909302,0.337509251,3.91506362,1.285290919,0.32829375,3.913806484,1.286986708,0.328832484,15.97658985,12.51448279,0.783301249,15.97605846,12.51636397,0.783445053,2.557258038,1.00878932,0.394480848,2.557008766,1.009152384,0.394661292,0.358241444,0.164988065,0.46054991,0.315334431,0.121304345,0.384684745,0.314120871,0.128926863,0.410437112,15.46370503,7.610079182,0.492125216,2.173690524,0.719911528,0.331193203,0.356867517,0.164505658,0.460971231,0.359541166,0.165923437,0.46148662,0.31520953,0.120831902,0.383338352,0.315452588,0.12211127,0.387098649,0.314822958,0.128453991,0.408019772,0.313456703,0.129753283,0.413943238,15.39530171,7.578035142,0.492230376,15.52841395,7.662365123,0.49344158,2.165650126,0.725258275,0.334891711,2.181296666,0.716851097,0.328635306,animal,2cm,Doriprismatica atromarginata,47_DoriprismaticaAtromarginata_4_NB_D_RAW_AO,animals_only,NB,D,colour_defence_2024
0.290599469,0.444233171,1.528678536,1.807223877,7.590051421,0.707466945,1.175951885,1.662200464,2.251051322,10.50679838,0.151917099,0.293681408,1.933168878,3.042903245,15.75240755,0.145442376,0.283707611,1.950653032,3.351309607,19.77553298,0.361606388,0.782647897,2.164364138,3.869895687,24.79836074,0.345716983,0.737743791,2.133952997,3.864165967,25.2290777,0.295885096,2.022199417,0.674066472,1.093472695,0.364490898,0.74439456,0.677577129,0.210295754,0.191419444,0.519278685,0.434498286,0.033506792,2.022514911,2.021884719,0.674171637,0.673961573,1.080409881,1.107647468,0.360136627,0.369215823,0.744730983,0.744058307,0.677883354,0.677271058,0.185304816,0.234728899,0.168671712,0.213659451,0.517154132,0.521588698,0.423277533,0.445465255,0.034677883,0.032336126,833.0215073,27.83682374,29.9251637,0.481922887,0.048424391,0.009559172,0.19740408,0.170124403,0.046160491,0.271333744,4.870835963,1.308207334,0.268579633,8.584664939,4.373031009,0.509400313,3.531260646,1.802132335,0.510336822,0.048414959,0.009545994,0.197170353,0.048409862,0.009527147,0.196801776,0.170132031,0.046124567,0.271110421,0.170097651,0.046080479,0.270906031,4.871145379,1.307478519,0.268412954,4.87027565,1.306651645,0.268291107,8.585114621,4.373238593,0.509397811,8.584216509,4.372823924,0.5094028,3.531382885,1.80211095,0.510313101,3.531138748,1.802153647,0.510360474,0.143473667,0.03341957,0.232931732,0.219624706,0.036304201,0.165301082,0.220757578,0.030911999,0.140026897,5.785337426,1.415416626,0.244655847,2.189699173,0.76496926,0.34934902,0.14232454,0.028149168,0.197781547,0.144705567,0.038214304,0.264083164,0.219726332,0.036193205,0.16471947,0.21951576,0.036422345,0.165921322,0.22109731,0.030305406,0.137068179,0.220393375,0.031543239,0.143122444,5.736425342,1.189552988,0.207368338,5.837772645,1.620549595,0.277597244,2.174105742,0.727107053,0.334439599,2.206415799,0.803075531,0.363972888,animal,2cm,Doris cameroni,46_DorisCameroni_1_NF_D_RAW_AOB,animals_on_background,NF,D,colour_defence_2024
0.074838739,0.195093602,2.606853133,8.405435334,104.2605589,0.768230173,2.069845524,2.694303865,6.14144763,52.64939148,0.038835173,0.11454483,2.949512547,9.891520153,150.4820277,0.037071169,0.137146286,3.699540359,13.5446761,243.3062769,0.405270981,1.406823618,3.471315943,8.505979397,95.37606976,0.362615574,1.33298923,3.676039659,10.53030759,145.945326,0.13815221,1.166128838,0.29153221,1.5349366,0.255822767,0.310026326,0.223636722,0.697045472,0.502812023,0.273677488,0.363224372,0.01241573,1.163446892,1.16879115,0.290861723,0.292197788,1.292477793,1.989979425,0.215412965,0.331663238,0.307618423,0.312371432,0.221899787,0.225328358,0.501754129,0.910512292,0.361939097,0.656795784,0.253137344,0.311930513,0.291919442,0.441062071,0.015037419,0.009801877,6616.971686,65.5007728,101.0212766,0.393345944,0.262105635,0.050151027,0.191338988,0.068846418,0.008161113,0.118540855,1.62233228,0.182909823,0.112744982,22.00974681,11.80578928,0.536389145,2.100377827,1.351885368,0.643639135,0.261459448,0.048242081,0.184510758,0.262006798,0.048672873,0.185769506,0.068994735,0.007843836,0.113687453,0.068919185,0.007943231,0.115254274,1.625568667,0.175860525,0.108184002,1.623876417,0.177850576,0.109522236,22.0021652,11.79665018,0.536158604,22.0172658,11.81483949,0.536617017,2.100838154,1.351996802,0.643551146,2.099921303,1.351774638,0.643726332,0.292722728,0.174601844,0.596475187,0.220737111,0.053440969,0.242102331,0.206850637,0.04926123,0.238148793,12.59987176,8.949430345,0.710279479,1.038356874,1.083399239,1.043378501,0.261575339,0.136176828,0.520602699,0.340364243,0.209156337,0.614507373,0.221261993,0.046900933,0.211970127,0.219934278,0.062114957,0.282425086,0.206183293,0.044978569,0.218148468,0.207871374,0.05515155,0.265315751,11.02536559,6.972552016,0.632410051,15.00815897,10.74463707,0.715919727,0.848679847,0.84807057,0.999282088,1.328477528,1.29745213,0.9766459,animal,2cm,Glossodoris angasi,51_GlossodorisAngasi_3_NF_D_RAW_AOB,animals_on_background,NF,D,colour_defence_2024
0.054634774,0.107781199,1.972758233,4.651497329,37.59781998,0.785623775,1.793299332,2.282643919,5.310049398,47.58683954,0.030340267,0.077660712,2.559658115,7.116781167,76.85556242,0.025439846,0.061953515,2.435294434,7.478741289,92.81650894,0.427784362,1.287173068,3.008929694,8.110181803,100.3909493,0.357720894,1.041222812,2.910712877,8.414734576,113.3341208,0.132529394,2.01249792,0.402499584,1.228462623,0.122846262,0.760434754,0.472484678,0.422374416,0.304678738,0.262672923,0.388581708,0.025867312,2.010946868,2.014035414,0.402189374,0.402807083,1.25698598,1.195916835,0.125698598,0.119591684,0.759049755,0.761801654,0.547538658,0.549523734,0.455412061,0.381792697,0.282963423,0.23722114,0.263943986,0.261199383,0.415251041,0.393372437,0.028009464,0.023733575,1427.455045,34.70221843,41.13440321,0.457591829,0.219075415,0.054138727,0.247123699,0.057598269,0.004304455,0.074732375,1.371043912,0.109356811,0.079761713,24.49754823,15.98338686,0.652448429,1.009794381,0.895807169,0.887118393,0.219537472,0.053497836,0.243684304,0.21943513,0.053735318,0.244880198,0.057654308,0.004129138,0.071618898,0.057637609,0.004191721,0.072725449,1.37239278,0.106569068,0.077652017,1.372015958,0.107553579,0.078390909,24.49608521,15.98413963,0.652518126,24.49899911,15.98264013,0.65237931,1.009746296,0.89589525,0.88724787,1.009842069,0.895719807,0.886989991,0.222849547,0.103012445,0.462251087,0.064661616,0.100817874,1.559161053,0.070995029,0.068841126,0.969661225,9.215404148,5.033173372,0.546169576,0.328989787,0.305339735,0.928113111,0.225557417,0.108261817,0.47997454,0.219666374,0.096347469,0.43860818,0.06702725,0.105874038,1.579567085,0.061880751,0.094428047,1.525968005,0.072491581,0.072382793,0.9984993,0.069235791,0.064370046,0.929722119,9.345732078,5.290388954,0.566075393,9.062200201,4.706744685,0.519382113,0.335306652,0.321402931,0.958534313,0.321564145,0.285064359,0.886492985,animal,2cm,Glossodoris angasi,51_GlossodorisAngasi_2_NF_D_RAW_AOB,animals_on_background,NF,D,colour_defence_2024
0.105636679,0.271327658,2.568498565,5.049437118,36.84142574,0.986638024,2.026630268,2.054076793,4.080626555,27.42128995,0.05801819,0.177533716,3.059966476,7.253465103,71.12252176,0.048157007,0.168755911,3.50428573,8.738784257,99.38855736,0.591808703,1.424948388,2.407785457,5.983279084,54.70063498,0.394375675,1.173511465,2.975618277,8.387270115,94.34761048,0.164874329,1.874687213,0.624895738,2.321382717,0.773794239,0.819234405,0.745699291,0.959578198,0.873445717,0.699344988,0.809572504,0.030015692,1.85370962,1.895077544,0.617903207,0.631692515,2.117491426,2.685277215,0.705830475,0.895092405,0.811231538,0.826769371,0.738414768,0.752557912,0.899666218,1.042554071,0.818911483,0.948973611,0.661866841,0.76339246,0.778663125,0.850765762,0.039423399,0.020683692,1153.646756,24.36564626,47.34726688,0.339766511,0.399573135,0.138582677,0.346826813,0.062832684,0.028655555,0.456061288,1.539625872,0.655336799,0.425646783,13.78243608,5.660464096,0.410701277,1.286918678,0.695929178,0.540771682,0.405074507,0.136067926,0.335908392,0.40300955,0.136494034,0.338686847,0.061871059,0.028169446,0.455292778,0.062148519,0.0281215,0.452488662,1.518751876,0.644148817,0.424130384,1.524245356,0.642579596,0.421572284,13.81328132,5.663667995,0.410016119,13.75242455,5.657102919,0.411353133,1.289050497,0.697182263,0.540849459,1.28484448,0.694698374,0.540686741,0.276325728,0.095260206,0.34473882,0.247301839,0.088152261,0.356456148,0.226718017,0.090174691,0.397739412,11.44591882,4.343728066,0.379500164,1.038782087,0.567025673,0.54585623,0.270479789,0.087165948,0.322264181,0.287378501,0.107638839,0.374554249,0.24146138,0.080730149,0.334339798,0.258344251,0.099302938,0.384382224,0.219632701,0.083399195,0.379721213,0.240114048,0.099716841,0.415289493,11.17657018,3.974811121,0.355637826,11.95516964,4.90667084,0.410422519,0.989915378,0.536664774,0.54213197,1.131173162,0.604397533,0.534310354,animal,2cm,Goniobranchus albonares,20_GoniobranchusAlbonares_3_NL_D_RAW_AOB,animals_on_background,NL,D,colour_defence_2024
0.149742287,0.269920539,1.802567229,4.859309286,49.62790145,0.564098492,0.920662085,1.632094569,3.009975692,18.18785799,0.077591606,0.16906808,2.178948065,5.665650626,62.4192248,0.073619983,0.166522805,2.261923987,6.128013617,76.59181072,0.305297305,0.609780784,1.997334312,4.369762059,35.44584721,0.259430829,0.552103818,2.128134965,5.074498112,47.36147541,0.186764523,1.316382595,0.219397099,1.530623356,0.102041557,0.456421452,0.254733663,0.775284078,0.432694283,0.160719328,0.343713973,0.008541595,1.312981314,1.319769045,0.218830219,0.219961507,1.365114101,1.807645795,0.091007607,0.12050972,0.454532161,0.458266537,0.253679229,0.255763424,0.618314107,0.958186069,0.345087674,0.534773827,0.154918913,0.170235614,0.299383451,0.395268626,0.010026826,0.007059254,13887.51289,98.73245614,140.6580311,0.412432663,0.220944801,0.0533422,0.241427722,0.193200534,0.016178333,0.083738553,4.601202616,0.361641196,0.078597103,21.65489294,8.800160331,0.406382075,4.188173179,2.031053075,0.48494964,0.221950731,0.05218956,0.235140291,0.221600133,0.052534717,0.23706988,0.193384359,0.015513432,0.080220716,0.193394123,0.015413319,0.079699006,4.604252153,0.345892325,0.07512454,4.604827864,0.344309263,0.074771364,21.6733509,8.790068815,0.405570364,21.63652596,8.810144573,0.407188501,4.188432996,2.030911918,0.484885856,4.187914643,2.031193486,0.485013105,0.376333154,0.067437424,0.179196075,0.114030017,0.218818136,1.918952062,0.093147344,0.221990222,2.38321581,15.8857285,2.908067492,0.183061639,1.720095769,1.825108044,1.061050249,0.380125692,0.061976699,0.163042648,0.370956789,0.074097734,0.199747614,0.096419183,0.20449035,2.120847159,0.138995427,0.2349549,1.690378635,0.076915067,0.208450475,2.710138391,0.116158489,0.237608853,2.045557378,16.05445732,2.671588871,0.166407921,15.64653574,3.195351629,0.204221029,1.565763297,1.711782537,1.093257544,1.93888004,1.94968455,1.005572552,animal,2cm,Goniobranchus alius,58_GoniobranchusAureopurpureus_9_NF_D_RAW_AOB,animals_on_background,NF,D,colour_defence_2024
0.094063448,0.170942899,1.817314827,4.834604683,49.88733785,0.639780616,0.952842644,1.489327154,1.909854464,9.083860196,0.050260054,0.10911108,2.170930396,6.507957532,89.2910874,0.045201156,0.100586743,2.225313495,6.813075992,98.55202869,0.361506661,0.647771532,1.791866103,3.026227144,17.89024556,0.278058088,0.53025418,1.906990674,3.333587369,20.37981986,0.161720719,2.249807452,0.749935817,1.67360857,0.557869523,0.894218434,0.813952696,0.592189716,0.854349167,0.65390267,0.834150931,0.019435905,2.246714368,2.252857328,0.748904789,0.750952443,1.723694986,1.604737167,0.574564995,0.534912389,0.892565694,0.895839023,1.287700101,1.292422516,0.610706436,0.564360482,0.555888954,0.513703049,0.661734892,0.642932416,0.921794527,0.903062782,0.022202468,0.016680052,2596.241751,44.04003724,58.95185185,0.42760685,0.189307114,0.069022937,0.364608258,0.139296608,0.021691667,0.155722867,3.333177228,0.35305121,0.105920323,14.50706017,7.066724799,0.487123147,1.223551842,0.885595334,0.72379061,0.190104618,0.06856472,0.360668358,0.189728762,0.068749155,0.362354944,0.139605332,0.021078359,0.150985341,0.139473925,0.021342869,0.153024076,3.338042017,0.343154648,0.102801177,3.335992493,0.347428601,0.104145498,14.50499116,7.068545071,0.487318123,14.50910959,7.064920399,0.486929977,1.222896906,0.885729254,0.724287754,1.224200578,0.885461945,0.723298094,0.266640399,0.074008005,0.277557359,0.084799736,0.188286125,2.220362142,0.060056495,0.114564148,1.9076063,10.9666935,3.242616145,0.29567856,0.823205888,0.84580553,1.027453208,0.269045883,0.075587401,0.280946135,0.263450904,0.071611573,0.271821323,0.090919607,0.192304317,2.115102819,0.076685242,0.182189286,2.375806376,0.063780177,0.117009048,1.83456762,0.055119168,0.11085448,2.011178398,11.07208836,3.311816434,0.299113982,10.82694772,3.137617936,0.28979709,0.850697134,0.863855766,1.015468058,0.786754532,0.818417748,1.040245355,animal,2cm,Goniobranchus alius,58_GoniobranchusAureopurpureus_8_NF_D_RAW_AOB,animals_on_background,NF,D,colour_defence_2024
0.182935852,0.342310218,1.871203561,4.74649181,41.9620052,0.805529085,1.300088499,1.613956,2.978482644,18.12802621,0.093686503,0.209757885,2.238933872,6.31088573,71.12043751,0.091624416,0.208871788,2.279652043,6.958231609,92.27809919,0.426859642,0.842863405,1.974568033,4.534160994,37.81458,0.379454238,0.743061104,1.958236407,4.393148175,36.25804255,0.189712436,2.269927054,0.453985411,1.825243376,0.182524338,0.926877128,0.57590114,0.831289787,0.463951664,0.318254874,0.519926402,0.023390945,2.266796661,2.27303888,0.453359332,0.454607776,1.834644305,1.81471063,0.18346443,0.181471063,0.925419727,0.92831515,0.516486584,0.51810255,0.832021437,0.829626444,0.516963985,0.515475892,0.318411881,0.31803942,0.516725284,0.516789221,0.024212648,0.022571503,1745.168737,40.30072881,43.30365203,0.482040874,0.1901349,0.071665482,0.376919134,0.180414425,0.04028756,0.223305648,4.36137573,0.918319419,0.210557282,20.26717729,11.11293759,0.548321921,3.927896355,2.068621797,0.526648773,0.191116823,0.071198838,0.372540925,0.190818368,0.071348728,0.373909119,0.181017224,0.039024397,0.215583891,0.180835998,0.039414131,0.217955115,4.374133682,0.891200263,0.203743262,4.370373387,0.899224692,0.20575466,20.27471003,11.1153284,0.548236122,20.25967789,11.11055051,0.548407066,3.928606493,2.068488375,0.526519614,3.927189359,2.068754317,0.526777328,0.305024499,0.05219582,0.17112009,0.207154906,0.270761267,1.307047332,0.200387545,0.233598089,1.165731574,12.63946652,2.368335471,0.187376221,2.001274831,1.95542169,0.977088034,0.306171635,0.053067835,0.173327079,0.303797342,0.051212425,0.168574303,0.210016595,0.272409486,1.297085529,0.204093591,0.268946442,1.317760349,0.202646186,0.234602748,1.157696341,0.197971347,0.232489392,1.174358794,12.6918248,2.415120911,0.190289493,12.58345583,2.315668684,0.184024859,2.020451295,1.959883138,0.970022461,1.980760657,1.95038726,0.984665792,animal,2cm,Goniobranchus alius,58_GoniobranchusAureopurpureus_7_NF_D_RAW_AOB,animals_on_background,NF,D,colour_defence_2024
0.188046229,0.366855767,1.950880738,6.013289882,66.15118992,0.769218295,1.291378249,1.678818949,3.148657263,19.8625589,0.093753079,0.202347366,2.158301008,6.508671015,84.87895882,0.096758049,0.253235265,2.617201026,9.37676426,148.8298991,0.395962692,0.801442431,2.024035209,4.656780169,41.00163051,0.374214058,0.806892295,2.156231918,5.135762176,47.24572031,0.240966751,2.751437933,0.393062562,4.18957307,0.19950348,1.33265124,0.684847263,1.706313459,0.68667105,0.296283021,0.685759157,0.034451541,2.743669542,2.759186309,0.391952792,0.394169473,4.108320834,4.257751613,0.195634325,0.202750077,1.330206788,1.33506491,0.535314591,0.537269643,1.679906024,1.723061715,0.863300921,0.885478559,0.293793559,0.298459775,0.699307756,0.711374101,0.035851427,0.033054225,786.7063715,26.89289289,29.25331888,0.47897965,0.221216708,0.100289475,0.453353982,0.168593807,0.044225143,0.26231772,4.066867674,0.950153397,0.23363273,22.66172017,13.4501235,0.593517323,3.455241648,2.172120068,0.628644908,0.223883907,0.099870174,0.446080183,0.223389095,0.100105447,0.448121458,0.169503983,0.043633408,0.257418185,0.16935814,0.043655973,0.2577731,4.085952337,0.936666463,0.229240673,4.083280565,0.936024664,0.229233492,22.66875791,13.45233872,0.593430781,22.65471567,13.44791411,0.593603306,3.455922352,2.172821395,0.62872402,3.45456416,2.171421582,0.628566002,0.223711342,0.060870776,0.272095171,0.153023793,0.175781325,1.148718911,0.137239896,0.174448513,1.271120996,9.140906308,2.631677953,0.287901206,1.449892248,1.34243204,0.925884004,0.224316103,0.056996848,0.254091646,0.223056607,0.064797328,0.290497237,0.139934197,0.158819586,1.134959068,0.167195028,0.191368824,1.144584424,0.123457926,0.155607524,1.260409352,0.152160718,0.191565983,1.258971343,9.161027073,2.454287934,0.267905325,9.119122895,2.810957929,0.308248717,1.364733204,1.206685774,0.884191701,1.542088277,1.469323992,0.952814449,animal,2cm,Goniobranchus alius,58_GoniobranchusAureopurpureus_5_NL_N_RAW_AOB,animals_on_background,NL,N,colour_defence_2024
0.154204292,0.276243421,1.791412008,4.563155633,45.6010046,0.572945665,0.945008369,1.649385669,2.967132345,18.29962001,0.080280672,0.175331049,2.18397584,5.537005789,60.05627309,0.075528162,0.167807349,2.221785142,5.676113571,69.53888687,0.311372156,0.628918586,2.019829245,4.454111787,38.24488661,0.262077532,0.557335488,2.126605374,4.980925332,46.60879872,0.204022986,1.232093465,0.205348911,2.52357826,0.168238551,0.416872638,0.232661049,1.267137659,0.651179943,0.186793731,0.441920496,0.007220054,1.230410124,1.233771518,0.205068354,0.205628586,2.139762907,3.018978379,0.14265086,0.201265225,0.415651772,0.418069298,0.213602757,0.214845119,1.147868715,1.369910966,0.640637728,0.764561868,0.173859607,0.203446906,0.427120242,0.489703493,0.007890547,0.006550779,19068.00193,125.7339207,151.6536017,0.453278935,0.219131396,0.049418308,0.225519068,0.192224999,0.022900925,0.119136042,4.580567978,0.495909267,0.108263706,18.74619162,7.680299222,0.409699174,3.949361907,2.041271496,0.516861089,0.220039289,0.048145691,0.218804976,0.219838698,0.048417475,0.220240908,0.192603726,0.021948526,0.11395691,0.192621302,0.021793633,0.113142384,4.588079999,0.473802515,0.103268146,4.588872589,0.470046565,0.102431819,18.75579501,7.672846375,0.409092036,18.73661862,7.687706968,0.410303861,3.949489938,2.041237628,0.516835759,3.949234281,2.041305246,0.516886338,0.379248871,0.092307205,0.243394806,0.209745225,0.210140487,1.001884486,0.179292486,0.214697418,1.197470251,16.10435178,4.209570632,0.261393361,2.166920118,1.460334381,0.67392165,0.387506948,0.091766725,0.236813109,0.369319934,0.091812657,0.248599246,0.181586039,0.198561779,1.093485936,0.243601874,0.217713472,0.89372659,0.151246354,0.203040463,1.342448647,0.213013206,0.222530519,1.044679453,16.48953006,4.168501541,0.252796867,15.64124019,4.204266192,0.26879366,1.974021093,1.367665237,0.692832129,2.3988485,1.527323836,0.63669041,animal,2cm,Goniobranchus alius,58_GoniobranchusAureopurpureus_41_NL_D_RAW_AOB,animals_on_background,NL,D,colour_defence_2024
0.354876686,0.675196522,1.902622937,3.763298345,27.89460463,1.148179764,1.902745819,1.657184597,2.778247654,16.62275501,0.179145451,0.414589411,2.314261446,5.541263376,56.5872433,0.178309738,0.413611495,2.319623709,5.632664187,59.39528652,0.596676765,1.227475636,2.057186919,4.574329756,38.93867151,0.552640305,1.135530227,2.054736537,4.41509168,36.47642221,0.212244931,3.729708801,0.310809067,5.238476309,0.079370853,1.519438002,0.611466834,2.117199237,0.649827042,0.19508996,0.630646938,0.04621403,3.725644348,3.733727477,0.310470362,0.311143956,5.209521557,5.241331112,0.078932145,0.079414108,1.517749137,1.521067075,0.465839216,0.466857583,2.116042692,2.106426602,0.851558223,0.847688424,0.194701254,0.195279032,0.65869872,0.657273003,0.04772898,0.044701303,426.3805809,19.9516313,21.37071272,0.482829127,0.340764958,0.158746086,0.465852144,0.17273669,0.04954184,0.286805542,4.11641075,1.198424043,0.291133251,20.44926746,13.80294497,0.674984813,5.727801128,3.697658394,0.645563334,0.344779135,0.158314087,0.459175371,0.344227694,0.158318632,0.459924157,0.172770328,0.047940825,0.277482977,0.172662652,0.048315745,0.279827425,4.115470313,1.159929835,0.28184624,4.113500246,1.168961802,0.284176913,20.4582196,13.80718144,0.674896531,20.44035679,13.79872054,0.675072391,5.728533147,3.698512569,0.64562995,5.7270725,3.696807823,0.645496948,0.233925428,0.074110113,0.316810847,0.264543707,0.233614662,0.883085312,0.258127413,0.220397946,0.85383394,9.598651624,3.257560284,0.339376864,2.30972543,1.702824393,0.737241046,0.236228991,0.076696035,0.324668174,0.231469453,0.071164436,0.307446338,0.26593491,0.236093955,0.8877885,0.263060456,0.230932414,0.877868219,0.258832931,0.222527184,0.859732892,0.257375215,0.21810232,0.847409959,9.702442517,3.385253911,0.348907392,9.487993516,3.111695836,0.327961421,2.271200186,1.641540748,0.722763567,2.350799656,1.764858678,0.750748229,animal,2cm,Goniobranchus alius,58_GoniobranchusAureopurpureus_40_NL_D_RAW_AOB,animals_on_background,NL,D,colour_defence_2024
0.232829568,0.427800262,1.83739662,3.92940385,27.87296658,0.770720242,1.271404319,1.649631408,2.924148603,16.48591906,0.119514197,0.263064788,2.201117487,5.322343952,51.65844246,0.115131565,0.254737369,2.212576276,5.249349043,49.30728912,0.406793246,0.817880927,2.010556801,4.301709862,33.80401211,0.364316253,0.741942131,2.036533161,4.405251819,34.85799295,0.202051386,2.339307389,0.584826847,2.876463975,0.479410662,1.01064391,0.729025478,1.189018481,0.73877872,0.532118755,0.733902099,0.029124176,2.334439891,2.344142255,0.583609973,0.586035564,2.836644465,2.902004655,0.472774078,0.483667442,1.00829508,1.012951552,0.727331156,0.629382186,1.173454017,1.200703675,0.846468146,0.866124619,0.528192025,0.534851503,0.786899651,0.747753403,0.030544389,0.027707917,1113.754232,31.73923783,35.09076804,0.474924959,0.208377805,0.065892229,0.316215201,0.216880285,0.048978096,0.2258301,5.18860374,1.152800661,0.222179361,14.663086,7.770349029,0.529925899,3.14892641,2.988166267,0.948947634,0.20986604,0.064610081,0.307863438,0.209539693,0.064816307,0.309327105,0.218070534,0.047347641,0.217120764,0.217895269,0.047457611,0.217800097,5.215608007,1.115231718,0.213825831,5.211914069,1.117141464,0.214343799,14.66648415,7.772996263,0.529983613,14.6597072,7.767714005,0.529868291,3.149132094,2.98960159,0.949341438,3.148721897,2.986738412,0.948555798,0.229675936,0.094737128,0.412481734,0.177908346,0.214444585,1.205365515,0.176883044,0.217677857,1.230631559,9.44403778,4.156018678,0.440067985,1.989281727,2.228481762,1.120244424,0.232385014,0.097384079,0.419063507,0.226697842,0.095113123,0.419559015,0.17388748,0.216061873,1.24253841,0.182328491,0.219958747,1.206387143,0.171879792,0.218722333,1.272530821,0.182383129,0.223824129,1.227219482,9.557567215,4.26760445,0.446515766,9.319234669,4.177717753,0.44828979,1.93952996,2.243505069,1.156726174,2.043973934,2.287128299,1.118961578,animal,2cm,Goniobranchus alius,58_GoniobranchusAureopurpureus_39_NF_D_RAW_AOB,animals_on_background,NF,D,colour_defence_2024
0.183845753,0.345899735,1.881467096,4.64826521,40.32478394,0.818044701,1.325962244,1.620892163,2.917630352,17.44688073,0.095251666,0.213044962,2.236653401,5.945922893,62.98917851,0.091001743,0.208399593,2.290061562,7.092303661,98.05579961,0.438455377,0.868887911,1.98170203,4.464383628,36.99690731,0.380166406,0.746785068,1.964363651,4.393217473,36.60956636,0.181161802,2.521302048,0.420217008,3.072237964,0.204815864,1.099018642,0.613373983,1.498156061,0.624779605,0.312516436,0.619076794,0.03001826,2.510885811,2.531676767,0.418480969,0.421946128,3.196024967,2.921813986,0.213068331,0.194787599,1.093980584,1.103976,0.456225339,0.460393751,1.524607483,1.459098153,0.850899637,0.814338184,0.31577465,0.308366863,0.653562488,0.637365968,0.032328113,0.027714492,1050.109675,29.93282931,35.08220568,0.460398573,0.191636145,0.073545304,0.383775742,0.180345034,0.042914366,0.237957017,4.368593845,0.95734548,0.219142707,19.01078488,9.698636977,0.510164995,3.779739122,2.170669257,0.574290761,0.193459546,0.07261962,0.37537367,0.192803534,0.072999191,0.378619567,0.181510945,0.041416833,0.228178158,0.181093103,0.041996707,0.231906716,4.392823391,0.927042095,0.211035594,4.38422137,0.938556251,0.214075926,19.02634348,9.696988534,0.509661173,18.9953409,9.700243383,0.510664348,3.781269406,2.171597965,0.574303952,3.778220112,2.169745717,0.574277213,0.25995032,0.069745881,0.268304657,0.190475354,0.146971942,0.771606084,0.177806874,0.118340646,0.665557204,10.70583951,3.125083896,0.291904609,1.798818327,1.165708246,0.648041122,0.258749073,0.0693401,0.267982023,0.261347846,0.07018656,0.268556108,0.195912066,0.149492258,0.763057941,0.184150303,0.143699855,0.78034004,0.182228344,0.120755667,0.662661275,0.172662951,0.115232865,0.667386164,10.65260383,3.097785289,0.29080076,10.76777372,3.155302815,0.293032051,1.836683037,1.176453251,0.640531451,1.754766656,1.151359042,0.656132277,animal,2cm,Goniobranchus alius,58_GoniobranchusAureopurpureus_38_NL_D_RAW_AOB,animals_on_background,NL,D,colour_defence_2024
0.10605517,0.177684643,1.675398222,4.030832517,43.53329479,0.618316088,0.920251151,1.488318303,1.882337482,8.930578079,0.055419038,0.113055678,2.040015166,5.048359275,58.66925154,0.052048807,0.107078289,2.057266924,5.461638592,72.72509176,0.335454482,0.594385649,1.771881675,2.966224344,18.05317237,0.282985512,0.532425349,1.881457979,3.119063258,18.32830564,0.176405955,1.733996219,0.433499055,1.812190667,0.302031778,0.743692173,0.536460505,0.771755267,0.556703748,0.367765416,0.546582127,0.015109183,1.729096018,1.738861547,0.432274005,0.434715387,1.702458226,1.959719942,0.283743038,0.32661999,0.741712928,0.745642079,0.535032781,0.537867065,0.713066019,0.837393607,0.514368405,0.604051802,0.358008521,0.380667689,0.524700593,0.570959433,0.017235092,0.012990297,4332.498195,57.02115915,75.98053528,0.428725058,0.218534189,0.074293649,0.339963504,0.132130779,0.01140127,0.086287772,3.150721667,0.137074105,0.043505622,21.87679033,9.957945352,0.455183105,2.395448018,1.98188059,0.827352785,0.220061039,0.073276876,0.332984323,0.219650107,0.07349723,0.334610492,0.132282904,0.011117729,0.084045091,0.132258761,0.011151735,0.084317554,3.151907855,0.132623144,0.042077101,3.151978517,0.132105385,0.041911893,21.89121617,9.959452044,0.454951976,21.86247396,9.956422317,0.455411512,2.395994965,1.982114615,0.827261594,2.394905221,1.981648114,0.827443231,0.317986571,0.040621209,0.127745046,0.057665994,0.086739047,1.504162876,0.031511727,0.051319682,1.628589956,13.19834873,1.872836132,0.141899276,0.996541307,0.890860921,0.893952829,0.317293294,0.035572924,0.112113697,0.318903351,0.04644103,0.145627289,0.051814211,0.082997462,1.60182816,0.0654043,0.090682236,1.38648736,0.027901782,0.046152507,1.654106074,0.036285461,0.056976964,1.570242223,13.16177898,1.62576251,0.123521487,13.246708,2.155254801,0.162701163,0.941172654,0.779623306,0.828353121,1.069759951,1.013314481,0.947235388,animal,2cm,Goniobranchus alius,58_GoniobranchusAureopurpureus_37_NL_D_RAW_AOB,animals_on_background,NL,D,colour_defence_2024
0.125807251,0.229326431,1.822839538,4.833391584,47.22145957,0.656486046,1.031118073,1.57066259,2.62897733,15.53950397,0.064141977,0.141092977,2.199697955,6.185853356,72.91596064,0.063800294,0.142022167,2.226042524,6.682526196,87.82936451,0.335318999,0.651642164,1.943349959,4.111394099,33.97214304,0.322351401,0.647057082,2.00730346,4.105065247,30.8290621,0.180180272,2.874725157,0.718681289,2.294765522,0.38246092,1.153349845,0.831966051,0.935683414,0.851695747,0.550571105,0.841830899,0.027842552,2.870959099,2.878478007,0.717739775,0.719619502,2.374987793,2.212048292,0.395831299,0.368674715,1.151831966,1.15485091,1.048442638,1.051190599,0.963231834,0.903151725,0.694824895,0.651486257,0.556785537,0.544147109,0.871633767,0.851338428,0.027930102,0.027755132,1219.150563,34.80366492,35.02937308,0.498383944,0.187959287,0.068200007,0.36284457,0.183802986,0.02584091,0.14059026,4.475968899,0.532986432,0.119077331,13.24878052,7.240755798,0.546522436,1.59295261,1.594863224,1.001199417,0.188509635,0.067982398,0.360630893,0.188254566,0.06812149,0.361858369,0.184113485,0.025127112,0.136476215,0.183947939,0.025525438,0.138764467,4.482295509,0.517294563,0.115408402,4.478879477,0.526048584,0.117450935,13.24424739,7.238941529,0.546572509,13.25330616,7.242562842,0.54647216,1.591626871,1.594563448,1.001845016,1.59427616,1.595160984,1.000555,0.205912487,0.045831175,0.222575988,0.069235825,0.143022668,2.065732139,0.053677154,0.122234652,2.277219324,8.37083522,1.959046126,0.234032337,0.793407344,1.037947133,1.308214678,0.208501852,0.049366699,0.236768635,0.203310635,0.041737741,0.205290494,0.077265673,0.15377977,1.990272825,0.061167252,0.130585282,2.134888797,0.060568733,0.131557864,2.172042513,0.04675234,0.111446058,2.383753609,8.481516671,2.110182441,0.248797771,8.259620014,1.784060045,0.215997836,0.851696774,1.116076808,1.310415681,0.734836816,0.947608912,1.289550131,animal,2cm,Goniobranchus alius,58_GoniobranchusAureopurpureus_35_NL_N_RAW_AOB,animals_on_background,NL,N,colour_defence_2024
0.1232162,0.245295216,1.990770823,5.588155919,57.83244123,0.622438206,1.066560401,1.713520139,3.301690132,23.60280856,0.064044733,0.153191938,2.391952175,7.750246008,114.351787,0.0611006,0.14509723,2.374726768,7.455363498,106.1361713,0.320919951,0.674751623,2.102554304,4.9040904,46.46470823,0.301871927,0.640133978,2.120548222,5.111349299,52.27320435,0.211509298,2.451842425,0.306480303,2.680935462,0.095747695,1.067139869,0.513185799,1.297680229,0.505928207,0.201113999,0.509557003,0.021427914,2.450617524,2.453065692,0.30632719,0.306633211,2.679260205,2.682116575,0.095687864,0.095789878,1.066583508,1.067694411,0.429224779,0.41626335,1.288290671,1.3038355,0.619536854,0.627012337,0.201007527,0.201211545,0.524380817,0.521637843,0.021663626,0.021192371,2085.810562,45.16032508,46.18679245,0.494381501,0.207064026,0.078941431,0.381241649,0.169003309,0.025541169,0.15112822,4.126975989,0.489572171,0.118627337,22.53896542,11.6005793,0.514689964,3.751905957,1.978566078,0.527349593,0.20848369,0.078537907,0.376710076,0.208398122,0.078558811,0.376965062,0.169459291,0.024939798,0.147172796,0.169430443,0.024988989,0.147488188,4.135415238,0.473243565,0.114436771,4.134836842,0.47465276,0.114793589,22.54227075,11.6007697,0.514622942,22.53566404,11.60038806,0.514756878,3.752122318,1.978636194,0.527337871,3.751689854,1.978496017,0.527361294,0.264022405,0.047992756,0.181775317,0.127791444,0.161127049,1.260859446,0.098480049,0.167747698,1.703367324,10.84509274,2.109422698,0.19450481,1.284888153,1.09655158,0.853421815,0.264236685,0.047585837,0.180087928,0.263803517,0.048569482,0.184112339,0.129772019,0.164858493,1.270370107,0.125768268,0.157808073,1.254752689,0.100151531,0.171441898,1.711825037,0.096772615,0.164503974,1.699902129,10.8539769,2.095820538,0.193092408,10.83601749,2.130511117,0.19661385,1.286919722,1.099421937,0.854304987,1.282812887,1.097520763,0.855557949,animal,2cm,Goniobranchus alius,58_GoniobranchusAureopurpureus_34_NL_N_RAW_AOB,animals_on_background,NL,N,colour_defence_2024
0.157968084,0.270081764,1.709723614,2.822058146,18.31529282,0.513755742,0.799175606,1.555555571,2.120385285,11.46924281,0.076621843,0.163731088,2.136872232,4.154049786,29.73534515,0.08289282,0.181291677,2.187061286,4.720094525,45.07059817,0.251073623,0.481321284,1.917052365,3.553091116,25.89654109,0.263488363,0.525950994,1.996107107,3.714691344,26.03991198,0.203645496,2.051292984,0.341882164,1.216145627,0.081076375,0.762696555,0.425669052,0.39951357,0.248231738,0.21147927,0.336950395,0.018250019,2.050691967,2.05189321,0.341781994,0.341982202,1.252402582,1.184793913,0.083493505,0.078986261,0.761965757,0.763425457,0.473435943,0.474342906,0.443103232,0.358565552,0.247300622,0.200119245,0.21263775,0.210484231,0.360368283,0.337231075,0.017222201,0.01927664,2903.232841,57.06458898,50.87625957,0.528665373,0.234864061,0.067215285,0.28618804,0.217979456,0.03161707,0.145046099,5.229111734,0.787596367,0.150617621,19.7928193,9.0732469,0.458411041,4.822383758,2.381779751,0.493900915,0.235317717,0.067001271,0.284726843,0.235201199,0.067045566,0.285056225,0.218130098,0.030937391,0.141829996,0.218109406,0.031073404,0.14246705,5.232192305,0.773761362,0.147884733,5.231813715,0.776579802,0.148434146,19.79647452,9.073616212,0.458345056,19.78916069,9.072875461,0.458477022,4.82235056,2.381672904,0.493882159,4.822416986,2.381886692,0.493919688,0.252864167,0.032388981,0.128088459,0.141510654,0.146493488,1.035211724,0.146956209,0.131543904,0.895123144,10.34994334,1.432104811,0.138368372,1.574851297,1.14116001,0.724614453,0.253191737,0.035243274,0.139195989,0.252571849,0.029606624,0.1172206,0.14714145,0.155665154,1.057928637,0.136485831,0.137551288,1.007806351,0.151849435,0.139918371,0.921428326,0.142589581,0.123387832,0.865335539,10.36588518,1.556045433,0.150112162,10.33571713,1.311446205,0.126884878,1.621367299,1.217494655,0.750906137,1.533341249,1.06630574,0.695413197,animal,2cm,Goniobranchus alius,58_GoniobranchusAureopurpureus_33_NL_N_RAW_AOB,animals_on_background,NL,N,colour_defence_2024
0.229114542,0.422363195,1.843458695,3.633518047,27.17822444,0.90371006,1.594248125,1.764114615,3.035831016,18.75960553,0.113897519,0.249623826,2.191652883,4.69083942,41.32432462,0.117565457,0.271039948,2.305438647,5.63317062,60.29830952,0.46065397,0.975020285,2.1166002,4.456052598,36.83316394,0.443774352,0.979522277,2.207253018,5.251406905,50.59967599,0.215610067,1.612658121,0.268776354,2.836822501,0.1891215,0.750346387,0.418776292,1.171021292,0.653559427,0.228948927,0.53616786,0.02280835,1.609884738,1.615428986,0.268314123,0.269238164,2.848508665,2.808298288,0.189900578,0.187219886,0.747675318,0.752993691,0.41728554,0.420253781,1.182406721,1.155877918,0.659913756,0.645107749,0.22910735,0.228229025,0.538599648,0.532680765,0.022998126,0.02261892,1835.671674,42.48180301,43.21077601,0.49574658,0.242876147,0.083777558,0.344939424,0.212909886,0.051602043,0.242365651,5.114500413,1.186064043,0.231902228,24.87631758,12.41537502,0.499084118,3.52714115,1.500582128,0.425438638,0.244230175,0.081983391,0.335680841,0.243785049,0.082233754,0.337320742,0.214452707,0.049695137,0.231730054,0.214169757,0.050158907,0.234201635,5.149085871,1.144933853,0.222356722,5.142870661,1.154926941,0.224568537,24.8863523,12.41673546,0.498937543,24.86630506,12.41400773,0.499230091,3.527876377,1.500342834,0.425282145,3.526407549,1.500820424,0.425594717,0.312343924,0.084085128,0.269206862,0.297061725,0.140491243,0.472936197,0.279609194,0.116101273,0.415226951,13.02581173,3.840973697,0.294874037,2.549865458,0.948573749,0.372009333,0.31633818,0.085601886,0.270602447,0.308290113,0.082279686,0.266890446,0.302516378,0.142084252,0.469674578,0.291525742,0.138592638,0.475404459,0.284071434,0.117819355,0.41475256,0.275080421,0.114117293,0.414850657,13.2083459,3.920502016,0.29682006,12.84055594,3.747646746,0.291860163,2.592532329,0.972975375,0.375299226,2.506562416,0.920726236,0.367326275,animal,2cm,Goniobranchus alius,58_GoniobranchusAureopurpureus_32_NF_D_RAW_AOB,animals_on_background,NF,D,colour_defence_2024
0.212000893,0.389525082,1.83737472,3.805410054,29.7577943,0.667475414,1.175709889,1.761428007,3.163434944,20.50414443,0.107451196,0.24693309,2.298095302,6.001296932,70.92603173,0.106528481,0.240413186,2.256797283,5.359360173,53.01891693,0.338967572,0.732120932,2.159855371,4.727245595,42.52297222,0.328895649,0.720754059,2.191436889,5.163169475,51.55151859,0.189909834,2.679736501,0.3828195,3.540940831,0.16861623,1.179295962,0.60603824,1.627891255,0.616845734,0.275717865,0.611441987,0.030963792,2.675483105,2.683983163,0.382211872,0.383426166,3.584921419,3.468331246,0.170710544,0.165158631,1.177531169,1.181047519,0.446193857,0.460456467,1.62480768,1.620360823,0.834985974,0.832700741,0.276461208,0.274292398,0.640589915,0.646578604,0.031300154,0.030627713,979.5323702,30.94872449,31.65016932,0.494397307,0.24369185,0.079103076,0.32460288,0.226797157,0.046407521,0.204621262,5.466696378,1.039085241,0.190075535,19.45952837,10.22339775,0.525367191,3.71257797,2.57988966,0.694905179,0.245841444,0.077780258,0.316383832,0.245580055,0.077885149,0.317147697,0.227901478,0.045052304,0.197683246,0.227826667,0.045058711,0.197776281,5.49083545,1.009669757,0.18388272,5.489185225,1.009955867,0.183990123,19.46716911,10.22473898,0.525229884,19.45189932,10.22205176,0.525504044,3.713108338,2.580179629,0.694884015,3.712048413,2.579599976,0.694926275,0.205585363,0.058311258,0.283635262,0.150740746,0.130862739,0.868131161,0.139198811,0.111440377,0.800584265,8.375202931,2.498070228,0.298269815,1.519544208,1.071586663,0.70520269,0.205008716,0.055463838,0.270543807,0.206174177,0.061257397,0.297114788,0.15178496,0.128989099,0.84981476,0.1496745,0.133133969,0.889489992,0.14015598,0.110889605,0.791187115,0.138221446,0.112323697,0.812635812,8.347906395,2.375025941,0.284505579,8.403075403,2.625211663,0.312410818,1.532681796,1.079313983,0.704199649,1.506129427,1.066618397,0.708185085,animal,2cm,Goniobranchus alius,58_GoniobranchusAureopurpureus_31_NL_N_RAW_AOB,animals_on_background,NL,N,colour_defence_2024
0.160676912,0.27696093,1.723713301,4.063980852,37.15482156,0.733415292,1.201339295,1.63800688,3.248769334,22.16218977,0.082235488,0.175525714,2.134427817,5.791919747,72.13109751,0.08035009,0.172882649,2.15161736,5.72243559,65.72028531,0.381583588,0.786728967,2.061747392,4.98302024,46.60922529,0.352512335,0.727201063,2.062909551,5.142238634,51.71436625,0.191674752,2.26466408,0.56616602,2.091469098,0.348578183,0.951560919,0.686406109,0.901753637,0.560291037,0.457372101,0.623348573,0.026310571,2.259659724,2.269635426,0.564914931,0.567408856,2.126075269,2.039919108,0.354345878,0.339986518,0.949438536,0.953651429,0.58991933,0.592536949,0.892532233,0.905011004,0.643825913,0.652827444,0.459630405,0.453697687,0.616872622,0.622682196,0.027916061,0.024708185,1374.495614,34.82167236,39.47241822,0.468700432,0.248210913,0.079630497,0.32081787,0.172500421,0.03253651,0.188616986,4.110843594,0.728102179,0.177117461,15.35413977,7.967874424,0.518939813,2.576135028,2.314910769,0.898598383,0.249173413,0.07879624,0.316230526,0.248732919,0.079072568,0.317901501,0.17311785,0.031603048,0.182552223,0.172880033,0.031937817,0.184739766,4.124671957,0.706908959,0.171385498,4.119421969,0.714267551,0.173390237,15.35771473,7.971366829,0.519046419,15.35058347,7.964396594,0.518833477,2.576177269,2.316473847,0.899190392,2.576093007,2.313354796,0.898009035,0.23791497,0.060016832,0.252261689,0.122676658,0.16871168,1.375254941,0.11752612,0.15627486,1.329703221,9.740254445,2.64784622,0.271845693,1.076592722,1.176576231,1.092870319,0.238432457,0.056237015,0.235861409,0.237331428,0.064005666,0.269688957,0.128386589,0.167472353,1.304438059,0.116237877,0.169810709,1.460889625,0.122533927,0.154474245,1.260665095,0.111879086,0.158042981,1.4126231,9.75642037,2.461970939,0.252343672,9.722025006,2.84276823,0.292404949,1.102470793,1.137523979,1.031795115,1.04741142,1.218289597,1.163143321,animal,2cm,Goniobranchus alius,58_GoniobranchusAureopurpureus_30_NL_N_RAW_AOB,animals_on_background,NL,N,colour_defence_2024
0.199605481,0.394271801,1.975255388,4.492653591,37.16411766,0.806585905,1.376902515,1.707074852,3.360846233,23.65330313,0.101212784,0.242326374,2.394226945,6.147327853,69.10099142,0.100494571,0.249671774,2.484430467,6.683333954,77.42580237,0.441732813,0.922805661,2.08905844,4.597896193,39.83502869,0.365104412,0.800291806,2.19195326,5.774511959,64.76619855,0.132486229,2.566025475,0.427670912,2.602516007,0.173501067,1.084460394,0.60524887,1.264092533,0.527167532,0.30058599,0.566208201,0.032823162,2.5561089,2.575765683,0.42601815,0.42929428,2.612497982,2.52758961,0.174166532,0.168505974,1.08128151,1.087517616,0.450929414,0.453530072,1.246591083,1.26582605,0.69573573,0.70647097,0.300092341,0.298900127,0.573332572,0.580000521,0.036132538,0.029527845,876.7386875,26.67588564,32.86633851,0.448016278,0.247956959,0.081485185,0.328626329,0.202734064,0.031884325,0.15727167,4.858204864,0.739760052,0.152270247,15.49372439,8.450456863,0.545411591,3.080784998,2.248598937,0.729878566,0.249859835,0.080667711,0.322851856,0.248931641,0.081013108,0.325443193,0.203439789,0.030248747,0.148686487,0.2033595,0.030117865,0.148101591,4.873449382,0.700969497,0.143834365,4.872520646,0.696882902,0.143023078,15.51455207,8.452725697,0.544825636,15.47312634,8.448151843,0.545988681,3.08126776,2.249324375,0.729999646,3.080307558,2.247881145,0.729758669,0.237873394,0.051791582,0.217727513,0.101218521,0.219152275,2.165140056,0.092483048,0.218982362,2.367810818,9.735532169,2.327778456,0.239101306,1.012767575,1.420605301,1.402696271,0.236807611,0.050381149,0.212751391,0.239172027,0.053428295,0.223388561,0.092671199,0.20368434,2.19792494,0.111633243,0.236177539,2.115655982,0.083504969,0.2032915,2.434483871,0.103422639,0.236192793,2.283762958,9.689272712,2.278958608,0.2352043,9.791898294,2.384580759,0.243525891,0.972502675,1.357911226,1.396305904,1.061829464,1.49182882,1.404960844,animal,2cm,Goniobranchus alius,58_GoniobranchusAureopurpureus_29_NL_N_RAW_AOB,animals_on_background,NL,N,colour_defence_2024
0.219995414,0.413482426,1.879504756,4.335402495,34.84533815,0.871928945,1.416885779,1.625001426,3.032245901,19.65404991,0.109839668,0.247143571,2.250039311,5.948268391,64.14900079,0.113222036,0.268500291,2.371449057,6.872188268,83.52203717,0.453000862,0.897025177,1.980184262,4.438678084,38.63619856,0.420262341,0.889152537,2.115708335,5.336151404,52.22432851,0.235703764,3.129047065,0.521507844,4.138752041,0.275916803,1.313971613,0.73334152,1.638787392,0.638916081,0.398712323,0.686128801,0.043797429,3.12238658,3.13566241,0.520397763,0.522610402,4.133277015,4.142178854,0.275551801,0.276145257,1.312338853,1.315583468,0.511643183,0.512908165,1.622742146,1.651033537,0.905669636,0.921459362,0.397974782,0.399377829,0.708656409,0.717183763,0.045917687,0.041682058,477.7121693,20.77810031,22.99113789,0.474719259,0.242511299,0.090099532,0.371527152,0.193625813,0.047346565,0.244526099,4.655570625,1.095573777,0.235325348,14.56151227,8.027967297,0.551314118,3.71572193,3.249308782,0.874475766,0.244344626,0.089959786,0.368167649,0.243926116,0.090092617,0.369343875,0.194063791,0.046239546,0.238269829,0.193874194,0.04656696,0.240191638,4.66467592,1.069627418,0.229303694,4.660406347,1.077496329,0.231202228,14.56710856,8.028984474,0.551172145,14.55595357,8.026952188,0.551454919,3.715407899,3.250255596,0.874804513,3.716033853,3.248368017,0.874149199,0.188821585,0.070940592,0.375701706,0.148302604,0.169983475,1.146193462,0.145505469,0.163863543,1.126167589,7.69089325,3.02866411,0.393798745,1.394538704,1.351625413,0.969227609,0.188340613,0.069702419,0.370087036,0.189350211,0.072272977,0.381689445,0.148251756,0.169417173,1.142766718,0.14835849,0.170603698,1.149942268,0.145596303,0.16345054,1.122628372,0.145405635,0.164316205,1.130053901,7.66928702,2.975158357,0.387931544,7.714640189,3.08621231,0.400046176,1.366681012,1.269739615,0.929068015,1.425156489,1.435573633,1.007309474,animal,2cm,Goniobranchus alius,58_GoniobranchusAureopurpureus_28_NL_N_RAW_AOB,animals_on_background,NL,N,colour_defence_2024
0.153627768,0.326142187,2.122937735,5.923725124,64.00382069,0.60883034,1.079589534,1.773219011,3.348275084,21.87759422,0.077482563,0.19816727,2.557572456,7.585814691,101.5907288,0.077545098,0.198873131,2.564612554,8.322791222,137.8995039,0.319240595,0.679649115,2.128955793,4.512373121,36.41268272,0.289752672,0.636587838,2.1970042,5.505390659,57.96971819,0.235006173,2.110160985,0.703386995,1.58665289,0.528884297,0.830769556,0.756199038,0.557776413,0.50770997,0.616135646,0.631954504,0.023088286,2.109714041,2.110604175,0.703238014,0.703534725,1.606136004,1.567619267,0.535378668,0.522539756,0.830279378,0.831256778,1.197839941,0.756642527,0.564955653,0.550281243,0.514244797,0.500887573,0.619308341,0.61303724,0.856042369,0.62876505,0.02276733,0.023408648,1790.698245,42.92258477,41.71925466,0.507108365,0.316975648,0.088790653,0.280118215,0.192153433,0.04411928,0.229604432,4.560080393,1.019340049,0.223535543,13.22332267,7.675180205,0.580427506,2.16771589,2.218415946,1.0233887,0.31776018,0.08780393,0.276321374,0.317554917,0.087922929,0.276874721,0.192748526,0.042575723,0.220887409,0.192664063,0.042814295,0.222222527,4.573792319,0.983806904,0.21509654,4.571866448,0.9893029,0.216389283,13.2229987,7.676572402,0.580547013,13.22364626,7.673789394,0.580308127,2.167187972,2.218407752,1.023634212,2.16824318,2.218423942,1.023143512,0.226629308,0.102430624,0.451974303,0.186010128,0.360120897,1.936028438,0.180397892,0.342701821,1.899699698,9.310052699,4.456668745,0.478694255,1.17660526,1.947502688,1.655187814,0.228099146,0.119420536,0.523546617,0.225202379,0.101429136,0.450391048,0.191263018,0.420156489,2.196747151,0.180910583,0.356336193,1.969681302,0.18539713,0.399834513,2.156638097,0.175544595,0.339099285,1.931698805,9.373843673,5.195107226,0.554213128,9.248123947,4.413768428,0.477260951,1.205033408,2.272218967,1.885606616,1.149007001,1.926992391,1.677093689,animal,2cm,Goniobranchus alius,58_GoniobranchusAureopurpureus_27_NL_N_RAW_AOB,animals_on_background,NL,N,colour_defence_2024
0.204513283,0.355104742,1.736340724,3.559269128,26.61869255,0.790816451,1.335182259,1.688359237,3.211047917,21.93211222,0.108235128,0.246243689,2.275081047,5.617956851,55.17325827,0.098565588,0.205582618,2.085744351,4.624175617,39.86681239,0.418446624,0.908321537,2.170698687,5.639634723,59.58626321,0.372920363,0.760195483,2.038492822,4.363974872,37.18209854,0.171624969,1.900695811,0.316782635,2.68556571,0.179037714,0.886282584,0.494643728,1.17968492,0.567308528,0.247910175,0.530976128,0.019300469,1.897407414,1.903972159,0.316234569,0.317328693,2.730765579,2.594300581,0.182051039,0.172953372,0.883873294,0.888665157,0.425053206,0.427357605,1.210469225,1.134468898,0.675575737,0.633159147,0.249142804,0.245141033,0.550314472,0.530258376,0.020547555,0.01805517,2592.439981,47.66759003,54.38579923,0.467084831,0.269088571,0.099966507,0.371500383,0.195143609,0.02345203,0.120178313,4.69012148,0.485778271,0.103574774,22.61299674,10.80868411,0.477985481,3.344155813,2.542941134,0.760413472,0.270336669,0.098876672,0.365753829,0.269797189,0.099081244,0.367243427,0.195659074,0.02231636,0.114057372,0.195513262,0.022670211,0.115952293,4.700355971,0.462548621,0.098407147,4.697580793,0.469617796,0.099970137,22.62385443,10.80975779,0.477803543,22.60218213,10.80760158,0.47816629,3.344549777,2.543684491,0.76054616,3.343763413,2.542200438,0.760281193,0.301116316,0.064271742,0.213444901,0.116572642,0.131001918,1.123779268,0.096091359,0.105682481,1.099812528,12.48817367,2.931292324,0.234725461,1.156769616,0.971271788,0.839641511,0.304014435,0.067885403,0.223296644,0.297822861,0.059706239,0.200475674,0.123523994,0.135580854,1.097607431,0.108673047,0.125060981,1.15080035,0.101098515,0.110217187,1.090195908,0.090401171,0.099933113,1.105440476,12.6239115,3.110483307,0.246396159,12.33391966,2.703892933,0.21922414,1.214975241,1.014166168,0.834721675,1.090624084,0.914979286,0.838950193,animal,2cm,Goniobranchus alius,58_GoniobranchusAureopurpureus_26_NF_N_RAW_AOB,animals_on_background,NF,N,colour_defence_2024
0.264739786,0.431229555,1.628880799,2.67060943,15.49543356,0.759752628,1.295948008,1.705749951,3.883271926,32.65913051,0.134422252,0.282144613,2.098942762,4.446472145,37.13046604,0.131949678,0.274300293,2.07882503,4.087275972,30.00569036,0.409602544,0.872597806,2.130352504,6.257743247,79.37297524,0.351034707,0.738429608,2.103580054,5.360873068,58.33755081,0.206888766,2.407405674,0.267489519,3.210170841,0.089171412,1.1422227,0.519847954,1.658070508,0.58522614,0.178330466,0.552537047,0.029582959,2.400082129,2.414690981,0.266675792,0.268298998,3.399150865,2.97228946,0.094420857,0.082563596,1.137874579,1.14649698,0.401619801,0.40466313,1.690608401,1.605100178,0.769429042,0.730512573,0.180548325,0.175431297,0.585524421,0.567587851,0.03203075,0.027140035,1083.264198,30.22,35.8459364,0.457421807,0.312258024,0.108224958,0.346588238,0.203088659,0.050943248,0.250842408,4.840434543,1.201794946,0.24828245,22.30880736,10.75401163,0.482052288,4.62911322,2.923179659,0.631477244,0.314857784,0.106145927,0.337123399,0.314028877,0.106624934,0.339538628,0.204665073,0.048910729,0.238979362,0.20417488,0.049653792,0.243192465,4.877449113,1.154608517,0.236723847,4.866114041,1.171655804,0.240778534,22.32942025,10.75030139,0.481441133,22.28833888,10.75765064,0.48265825,4.63149334,2.924414661,0.631419382,4.626749774,2.921950635,0.631534182,0.240104959,0.067266158,0.280153141,0.196008343,0.185265452,0.945191665,0.188567148,0.178670983,0.947519145,9.849995427,2.954725891,0.299972311,1.773211665,1.48154979,0.835517732,0.244199965,0.0694308,0.284319452,0.235281629,0.064268996,0.27315773,0.207319013,0.188047373,0.907043548,0.182686,0.180973403,0.990625463,0.19924017,0.181842389,0.912679352,0.175995862,0.173971729,0.988498975,10.02813374,3.052361701,0.304379836,9.640174088,2.820123125,0.29253861,1.813053546,1.474777369,0.81342185,1.726283655,1.488034202,0.861987077,animal,2cm,Goniobranchus alius,58_GoniobranchusAureopurpureus_25_NF_N_RAW_AOB,animals_on_background,NF,N,colour_defence_2024
0.181060241,0.382457645,2.112322628,4.549043447,39.72536768,0.660069409,1.611960935,2.442108229,8.707660147,126.4731295,0.083935565,0.21741789,2.590295194,6.652935113,80.98400568,0.100073208,0.273102852,2.729030639,7.241750637,87.36839442,0.30108199,0.880709091,2.925147039,12.26158318,276.1488527,0.359663042,1.191080029,3.311655323,13.16753666,254.8550223,0.532685725,4.185519949,0.523189994,3.49523098,0.124829678,1.627720879,0.78276828,1.779109142,0.656970517,0.324009836,0.719869399,0.026871538,4.18942209,4.181595761,0.523677761,0.52269947,3.143611279,3.820977484,0.112271831,0.136463482,1.628473301,1.626958409,0.617066285,0.600785912,1.695601561,1.829854138,0.815411988,0.87997383,0.317974796,0.329581476,0.716239136,0.740379871,0.025060839,0.028681254,1317.484611,38.90289414,33.86597938,0.534608992,0.053458647,0.038852806,0.726782429,0.116666859,0.060103376,0.515170941,3.331757625,1.777276163,0.53343501,15.43543172,11.50402916,0.745300123,3.975320315,1.842370052,0.463451975,0.053311557,0.038885511,0.729401162,0.053215837,0.03863939,0.726088173,0.116184133,0.060190148,0.518058239,0.116200191,0.060289994,0.518845913,3.31678909,1.778919362,0.536337799,3.318676482,1.78256809,0.537132227,15.44166547,11.50779927,0.745243399,15.42917813,11.50024194,0.745356742,3.97601916,1.842981854,0.46352439,3.974619246,1.841755795,0.463379177,0.200457937,0.115346959,0.57541727,0.18405672,0.287062548,1.559641767,0.206730717,0.279420456,1.351615571,8.331666937,5.534478303,0.664270229,2.444785489,1.030789945,0.421627971,0.191737159,0.103477279,0.539682966,0.208073754,0.124449191,0.598101337,0.157882852,0.260554357,1.650301812,0.206914245,0.306893552,1.483191996,0.180646068,0.253270513,1.402026163,0.229510327,0.298887687,1.302284265,7.914731053,4.873636563,0.615767804,8.695775228,6.036407232,0.694177008,2.344375556,0.985846491,0.420515599,2.532473045,1.062232149,0.419444602,animal,2cm,Goniobranchus alius,58_GoniobranchusAureopurpureus_24_NP_N_RAW_AOB,animals_on_background,NP,N,colour_defence_2024
0.294142758,0.481991667,1.638631764,2.724045154,14.77437805,0.848908624,1.367143212,1.61047158,3.563680933,28.58050315,0.144782423,0.294782098,2.036035111,4.002510889,27.4907801,0.151549913,0.311329971,2.054306492,4.365675089,34.49527305,0.432560365,0.867206371,2.004821619,5.848024386,72.45873846,0.417410801,0.819685297,1.963737631,5.156778949,54.62343766,0.31116572,1.308104734,0.218017456,4.064964032,0.270997602,0.543234346,0.303184861,1.610362157,0.671573181,0.244507529,0.487379021,0.018198231,1.307072466,1.309135938,0.217845411,0.218189323,3.872983131,4.234659008,0.258198875,0.282310601,0.542232155,0.544231752,0.226128372,0.226962269,1.564071387,1.647427797,0.872924862,0.91944696,0.238022143,0.250249962,0.549526617,0.573204614,0.018030437,0.018365675,2910.949171,54.4617737,53.4494008,0.50469077,0.292936647,0.079101143,0.270028158,0.183500971,0.043906213,0.23926965,4.384098407,0.950114559,0.216718347,24.24296121,9.282751342,0.382905012,4.894721325,2.570753529,0.525209375,0.295772055,0.075858379,0.256475814,0.295638101,0.075994363,0.257051993,0.185036918,0.041984158,0.226896116,0.184941804,0.042132436,0.227814562,4.417701976,0.908834165,0.205725549,4.415685852,0.911857189,0.20650409,24.24774072,9.280713559,0.382745496,24.23819006,9.284782167,0.38306417,4.895491807,2.570815434,0.52513936,4.893952191,2.570691455,0.525279233,0.287555325,0.121245441,0.421642135,0.339428731,0.143754384,0.423518608,0.273751986,0.108853117,0.397634072,12.04220642,5.467270133,0.454009003,2.448997963,1.109404645,0.453003499,0.293565812,0.121281747,0.413133076,0.281666888,0.120891513,0.429200301,0.339520183,0.145985081,0.429974677,0.339339136,0.141534831,0.417089618,0.275710639,0.110744353,0.401668771,0.271833106,0.106929599,0.393364888,12.30805709,5.476114036,0.444921079,11.78175418,5.444762742,0.46213515,2.392966745,1.05367194,0.440320344,2.503891396,1.158527874,0.462690944,animal,2cm,Goniobranchus alius,58_GoniobranchusAureopurpureus_23_NF_D_RAW_AOB,animals_on_background,NF,D,colour_defence_2024
0.234010338,0.410536953,1.754353916,2.992828591,16.6130051,0.817407141,1.383493407,1.692538928,2.97138008,17.47314446,0.116598978,0.255504248,2.191307789,4.43757893,33.1789212,0.11953905,0.255088351,2.133933237,4.129416526,27.64220594,0.414814975,0.846694595,2.041137966,4.285033497,33.06783753,0.403154823,0.836528237,2.074955298,4.661407376,40.77974938,0.274272473,1.527568129,0.305513626,3.071584816,0.307158482,0.706336369,0.438871462,1.515959243,0.658372734,0.306336054,0.548622098,0.025188503,1.525249944,1.529882512,0.305049989,0.305976502,2.864155122,3.288179472,0.286415512,0.328817947,0.704829608,0.707833104,0.306103609,0.307408011,1.464187063,1.561038123,0.909750573,0.96992752,0.29573275,0.317397225,0.607927091,0.638667766,0.025435336,0.024942213,1497.850831,38.31538462,39.09267376,0.494979275,0.239112048,0.067036675,0.280356743,0.184348311,0.039338519,0.213392348,4.386939925,0.899868024,0.20512431,16.68708661,7.224023613,0.432911016,2.920485165,1.923688793,0.658688089,0.241461315,0.065006883,0.269222763,0.241295277,0.06510038,0.269795499,0.185594677,0.037998474,0.204739029,0.185538421,0.037989444,0.204752437,4.414751495,0.869552775,0.196965282,4.413659511,0.868877675,0.196861057,16.69326367,7.222391832,0.432653073,16.68092623,7.22564405,0.433168036,2.921303909,1.923857635,0.658561278,2.919668632,1.923519957,0.658814475,0.243890714,0.077223299,0.316630747,0.189433599,0.121888639,0.643437275,0.188596579,0.131451873,0.697000308,10.01855815,3.331903535,0.332573159,1.839220235,1.392361033,0.757038774,0.241926164,0.073248967,0.302774061,0.245889709,0.081013248,0.329469859,0.181801486,0.114630686,0.630526673,0.197199525,0.128338293,0.650804267,0.179688055,0.124268848,0.691581018,0.197661294,0.137722997,0.696762598,9.927893035,3.154151132,0.317705995,10.11081289,3.500850837,0.346248207,1.744639973,1.305568794,0.748331355,1.935458761,1.468512691,0.758741401,animal,2cm,Goniobranchus alius,58_GoniobranchusAureopurpureus_20_NF_D_RAW_AOB,animals_on_background,NF,D,colour_defence_2024
0.253889378,0.417492683,1.644388139,2.606746359,15.4577766,0.699159312,1.164817837,1.666026351,3.154179149,21.51457706,0.128822532,0.268271633,2.082489986,4.237182456,34.25420807,0.127196147,0.26452345,2.079649868,3.902091335,26.61662942,0.374330664,0.75505326,2.017075631,4.706532636,44.40080108,0.325607804,0.681556071,2.09318101,5.132231637,52.52793231,0.172183759,2.705480847,0.270548085,4.652393681,0.103386526,1.266557943,0.550059126,2.045601603,0.652401651,0.186967305,0.601230388,0.028920867,2.696028486,2.714895436,0.269602849,0.271489544,4.653813376,4.610663213,0.103418075,0.102459183,1.262510787,1.270532556,0.402651289,0.417317521,2.03224879,2.043510668,0.882594435,0.887485407,0.186510462,0.186974363,0.642622862,0.652401464,0.030692311,0.027154371,1131.45231,31.58144989,35.82648402,0.468512355,0.277839022,0.091687037,0.330000574,0.199494385,0.05476873,0.274537703,4.751409815,1.297583255,0.273094367,19.93260293,9.953596314,0.499362595,4.518266714,2.856560487,0.632224848,0.28025466,0.090399682,0.322562636,0.279548813,0.090815276,0.32486375,0.200693342,0.05316338,0.264898575,0.200520563,0.053408777,0.266350622,4.778225667,1.260524016,0.263805878,4.774996026,1.265685723,0.265065294,19.95107531,9.951362666,0.498788286,19.91424913,9.955777409,0.499932352,4.519184659,2.857111879,0.632218441,4.517354663,2.856012204,0.632231121,0.23122706,0.072384436,0.313044832,0.274213909,0.221053757,0.806136193,0.26943498,0.218867817,0.812321464,9.47421996,3.100015899,0.327205397,2.099444131,1.290171529,0.614530061,0.232402597,0.071390823,0.307185997,0.229902074,0.073624229,0.320241692,0.263653991,0.218517178,0.828802846,0.28611634,0.223738059,0.781982807,0.258101006,0.216814888,0.840038912,0.282209875,0.220908416,0.782780603,9.52199111,3.051390917,0.320457232,9.420375525,3.159864151,0.335428683,2.055096009,1.278521199,0.62212237,2.149430357,1.304111151,0.606724078,animal,2cm,Goniobranchus alius,58_GoniobranchusAureopurpureus_2_NF_D_RAW_AOB,animals_on_background,NF,D,colour_defence_2024
0.168518449,0.301184887,1.787251717,3.543673558,28.55887281,0.714719012,1.239429238,1.734148968,3.064229832,20.17471573,0.084909757,0.18909417,2.227001665,5.026500172,48.62026848,0.085388652,0.184288813,2.158235427,4.405309332,37.30694122,0.363054286,0.77742131,2.141336272,4.542371998,38.61234938,0.352242805,0.755873738,2.145888367,4.458135038,35.38373676,0.233023242,2.746794593,0.392399228,2.620135791,0.124768371,1.161903941,0.597100509,1.219335768,0.508502511,0.258583799,0.55280151,0.032469996,2.744342584,2.749238537,0.392048941,0.392748362,2.729590732,2.489726688,0.129980511,0.118558414,1.159681288,1.16409886,0.483624661,0.485466931,1.273566193,1.149854225,0.654483555,0.59090818,0.261014726,0.255653388,0.569054108,0.538187556,0.033234287,0.031706333,888.3742115,29.08940719,30.5394402,0.487841179,0.303359015,0.119417985,0.393652337,0.19194294,0.025432396,0.132499775,4.559660527,0.591289884,0.129678488,23.87440558,12.81155945,0.53662318,2.943834731,2.102596462,0.714237263,0.306257471,0.118673572,0.38749609,0.306101244,0.118886866,0.388390666,0.192250595,0.024488761,0.127379379,0.192106555,0.024831214,0.129257505,4.56597336,0.570210342,0.124882538,4.562725689,0.577749991,0.126623871,23.87606756,12.81076578,0.536552585,23.87274758,12.81235091,0.536693603,2.943760232,2.103042274,0.714406782,2.943909052,2.102151622,0.714068127,0.233895301,0.052112078,0.222800876,0.090576588,0.103239803,1.139806713,0.092365112,0.106551869,1.153594322,9.564210263,2.300895863,0.240573534,0.886762351,0.919595203,1.037025537,0.235332966,0.054654599,0.232243703,0.232389594,0.04925941,0.211969087,0.095324772,0.109786236,1.151707308,0.085603681,0.095628017,1.117101702,0.097415626,0.113221612,1.162253089,0.087075566,0.09878223,1.134442587,9.628472051,2.415463079,0.250866707,9.496907077,2.172203512,0.228727468,0.925541647,0.971586951,1.049749575,0.8461477,0.859726043,1.016047249,animal,2cm,Goniobranchus alius,58_GoniobranchusAureopurpureus_19_NP_D_RAW_AOB,animals_on_background,NP,D,colour_defence_2024
0.175378892,0.29992748,1.710168641,2.290587352,12.21194085,0.657666057,1.096987727,1.668001132,2.150833347,11.41037045,0.091976906,0.199762979,2.171881916,4.052611658,31.07613866,0.085366116,0.185005507,2.1672007,3.846414635,26.04148475,0.346685416,0.716331219,2.066228304,3.545757526,25.11791494,0.311514206,0.669079208,2.147828879,4.045017358,31.04579605,0.141446691,1.941436496,0.485359124,1.070838736,0.178473123,0.698795041,0.50407407,0.166776332,0.151806359,0.331916123,0.327940214,0.019468566,1.940159632,1.942706459,0.485039908,0.485676615,1.077263537,1.06357651,0.179543923,0.177262752,0.697787948,0.699791468,0.635153962,0.636977645,0.177312289,0.154368602,0.12790378,0.111353408,0.332291915,0.331469683,0.381528871,0.374165527,0.020730934,0.018207786,2547.097755,47.23709456,53.92155844,0.466960494,0.251942022,0.073249358,0.290738947,0.235786273,0.013614084,0.057739086,5.697131704,0.331318311,0.058155284,19.2420987,9.130577768,0.474510494,2.949363744,1.965225691,0.666321913,0.252681854,0.072969551,0.288780337,0.252511856,0.073062885,0.289344373,0.235838322,0.012771573,0.054153933,0.235800517,0.013159357,0.055807159,5.697639406,0.315174878,0.055316747,5.696941058,0.322529396,0.056614487,19.24597969,9.131987813,0.474488073,19.23823256,9.129170713,0.474532714,2.949295009,1.965231351,0.666339361,2.949432216,1.965220049,0.666304531,0.267755436,0.025050353,0.093556841,0.039287765,0.108685912,2.766406054,0.044922441,0.090884398,2.023140231,10.98469268,1.152633423,0.104930876,0.680726345,0.795789944,1.169030624,0.267931898,0.025319918,0.09450132,0.267554772,0.024737955,0.092459407,0.040810358,0.113590659,2.78337815,0.03755636,0.102783518,2.736780618,0.046201659,0.0950252,2.05674868,0.043467788,0.085898888,1.976150433,10.99241825,1.163760595,0.105869388,10.97590761,1.139752814,0.103841327,0.691087388,0.826736528,1.196283628,0.668944359,0.758809911,1.134339352,animal,2cm,Goniobranchus alius,58_GoniobranchusAureopurpureus_18_NP_D_RAW_AOB,animals_on_background,NP,D,colour_defence_2024
0.240512984,0.430159879,1.78851001,3.919424536,31.18041103,0.800230009,1.326322772,1.657426937,3.061994311,19.99893574,0.117825824,0.259296226,2.200673989,5.539894342,58.93447906,0.125072877,0.286811284,2.29315332,6.062667652,68.43547363,0.390606087,0.798060769,2.043134493,4.639103381,42.83185926,0.410738427,0.876399824,2.133717632,5.020854598,48.77325187,0.196443819,2.206372155,0.441274431,2.345301206,0.234530121,0.945265346,0.587326382,1.121473063,0.625906034,0.337902276,0.606616208,0.022278907,2.208915595,2.203824712,0.441783119,0.440764942,2.210942325,2.458803685,0.221094232,0.245880368,0.946408614,0.94411321,0.528200705,0.526919615,1.09497755,1.138105339,0.680347805,0.707144606,0.331438676,0.343322655,0.604274255,0.617032111,0.021298833,0.023258681,1929.695442,45.9509296,41.99469866,0.522492482,0.2515716,0.094461689,0.375486299,0.199540816,0.033323721,0.167002031,4.826969349,0.694883717,0.143958593,19.68627541,9.198851251,0.467272303,3.345625007,2.271794313,0.679034354,0.253081182,0.093664789,0.370097801,0.253326993,0.093511687,0.369134319,0.20008505,0.032219771,0.161030376,0.200152911,0.032170356,0.160728894,4.837472986,0.670997765,0.138708323,4.838478074,0.671154406,0.138711883,19.68071093,9.20033328,0.467479722,19.69184936,9.197362242,0.467064422,3.345283888,2.271294655,0.678954232,3.345966705,2.272294648,0.679114542,0.294288652,0.053338895,0.181246863,0.132684271,0.209375388,1.577997051,0.115901557,0.192020147,1.656752099,12.16443891,2.365086431,0.194426266,1.471571998,1.518833276,1.032116185,0.293105219,0.053806966,0.183575599,0.295372035,0.052878907,0.179024758,0.127360799,0.21510417,1.68893547,0.137557684,0.203843705,1.481877994,0.113568272,0.199415993,1.755912891,0.118037579,0.184959536,1.566954669,12.11273782,2.381202314,0.19658663,12.21176906,2.349039229,0.192358635,1.435963458,1.556412444,1.083880258,1.504170105,1.482697343,0.985724512,animal,2cm,Goniobranchus alius,58_GoniobranchusAureopurpureus_17_NP_D_RAW_AOB,animals_on_background,NP,D,colour_defence_2024
0.274886644,0.545227448,1.983462857,4.367966094,35.0927324,0.972506492,1.585823547,1.630656,2.971397284,19.52303664,0.129268947,0.301987066,2.336114538,6.428098271,73.93318107,0.14878968,0.359627066,2.417016203,6.648127667,82.22562944,0.504668759,0.993844205,1.969300035,4.421662792,37.55381263,0.468844317,0.969775983,2.068439242,5.186588223,51.54641407,0.244309711,2.27312472,0.324732103,3.75583912,0.178849482,1.071613024,0.550700157,1.957208579,0.690808754,0.251790792,0.620754455,0.030566602,2.27041986,2.275818243,0.324345694,0.325116892,3.590270959,3.913941614,0.170965284,0.186378172,1.070348714,1.072841247,0.377786133,0.378665888,1.922924435,1.970745677,0.988187679,1.012762937,0.247655489,0.255747532,0.682986906,0.695714412,0.030749507,0.030384038,1005.893825,31.52084698,31.91201764,0.496916656,0.218060633,0.080859151,0.370810403,0.171612836,0.032012841,0.186541063,4.116289533,0.730797858,0.177538011,18.999937,10.69485654,0.562889053,4.457600701,2.779539536,0.623550587,0.220195155,0.079856631,0.36266298,0.219978029,0.080013921,0.363735968,0.172519049,0.030574851,0.177225941,0.172458266,0.030572749,0.177276217,4.1356441,0.699253791,0.169079779,4.134829568,0.697626343,0.168719492,19.00546922,10.69475647,0.562719939,18.99441717,10.69495306,0.563057711,4.458220479,2.779837269,0.623530685,4.456982311,2.779242276,0.623570408,0.272033482,0.089125227,0.327625947,0.180050269,0.220490075,1.224602861,0.179275816,0.20610942,1.149677764,11.25615385,3.878681323,0.344583183,2.288193186,2.204386493,0.963374293,0.273855957,0.089935541,0.328404544,0.27019252,0.088258559,0.326650636,0.176161492,0.213398203,1.211378268,0.183978492,0.227357734,1.235784309,0.173688501,0.198975143,1.14558616,0.184919806,0.212915573,1.151394099,11.33957288,3.937882122,0.347268999,11.17188868,3.815981546,0.341569958,2.133489952,2.071182887,0.970795707,2.444465626,2.32012579,0.949134144,animal,2cm,Goniobranchus alius,58_GoniobranchusAureopurpureus_16_NL_D_RAW_AOB,animals_on_background,NL,D,colour_defence_2024
0.302744368,0.539399978,1.781701113,3.819768785,29.39800213,0.937565189,1.538197889,1.640630333,3.042149748,19.36466917,0.142341533,0.309438293,2.17391429,5.537931805,57.18995699,0.162628033,0.353332852,2.172644192,5.189247946,50.0613378,0.480601401,0.963789998,2.005383247,4.64034912,41.32881219,0.457960097,0.921980066,2.013232314,5.070066165,50.96801386,0.36656228,2.600177769,0.371453967,3.358647908,0.159935615,1.157356619,0.594763648,1.610800352,0.568541848,0.265694791,0.581652748,0.03943087,2.598021607,2.602320724,0.371145944,0.371760103,3.129663017,3.610710044,0.149031572,0.171938574,1.156894991,1.15780704,0.427205888,0.408655085,1.539958244,1.675009831,0.791381989,0.860784775,0.260088758,0.271849338,0.609293939,0.63471993,0.040053086,0.038810277,593.5722839,23.96686547,24.76637108,0.491797122,0.439734533,0.161402817,0.367046037,0.14287687,0.031674324,0.221689654,3.392333783,0.742246915,0.218801263,21.77381192,10.6708305,0.490076361,3.625044653,2.916825067,0.804631486,0.444189776,0.159429795,0.358922703,0.443871519,0.159469084,0.359268566,0.14314349,0.031120568,0.217408199,0.143185304,0.03108165,0.217072903,3.397505914,0.731205987,0.215218459,3.398572873,0.730327139,0.214892299,21.77919993,10.67202574,0.490009999,21.76844491,10.66963664,0.490142345,3.624731842,2.916731608,0.804675141,3.625356244,2.916918121,0.804587997,0.247760042,0.074304464,0.299904953,0.203542603,0.129950459,0.638443532,0.192822408,0.111557825,0.57855218,10.19724901,3.358199217,0.329324038,1.889180803,1.476589125,0.781602864,0.245910862,0.072252462,0.293815659,0.249663462,0.076602218,0.306821899,0.199940405,0.121035722,0.605358993,0.207250459,0.138877962,0.670097247,0.190473485,0.103602826,0.543922561,0.195240229,0.119527316,0.61220639,10.11468511,3.280490601,0.324329484,10.28223464,3.447564122,0.335293275,1.809833362,1.378299996,0.761561824,1.970855625,1.572091729,0.797669657,animal,2cm,Goniobranchus alius,58_GoniobranchusAureopurpureus_15_NL_D_RAW_AOB,animals_on_background,NL,D,colour_defence_2024
0.179372391,0.307346698,1.713455991,3.098986983,18.93822484,0.886845265,1.47439628,1.662518072,2.480539705,12.41851852,0.094766684,0.205553952,2.169052911,4.904253557,41.50550218,0.086697867,0.1800034,2.076214866,4.499488951,37.77327439,0.479165286,0.982859573,2.051191105,3.83286805,25.11658078,0.40804017,0.841681967,2.06274291,4.10176809,30.2709361,0.11990833,1.540964467,0.385241117,2.674727251,0.445787875,0.666508262,0.480784082,1.089562545,0.78595324,0.415514496,0.633368661,0.030613722,1.533555287,1.548350196,0.383388822,0.387087549,2.69642284,2.641536874,0.449403807,0.440256146,0.661783266,0.671165405,0.477375718,0.484143501,1.086733843,1.089652358,0.783912763,0.786018027,0.416396314,0.413671847,0.630644241,0.635080764,0.033350238,0.027882877,1010.534663,28.98479363,34.86430424,0.453957763,0.183750391,0.046967029,0.255602338,0.187119326,0.024221427,0.129443751,4.48256314,0.493803058,0.110160871,14.23253409,6.724226939,0.472454652,2.245095405,1.808547019,0.805554639,0.18578024,0.045348538,0.244097746,0.185340637,0.045745155,0.246816651,0.187604778,0.023102857,0.123146421,0.187463769,0.023352637,0.124571468,4.490035649,0.469291252,0.10451838,4.487622432,0.474425397,0.105718653,14.24497444,6.724534635,0.47206365,14.22018935,6.723891257,0.47284119,2.24504797,1.809508745,0.806000036,2.245142477,1.807592178,0.805112458,0.215751295,0.071854736,0.333044286,0.127275821,0.117383497,0.922276485,0.115195418,0.096721875,0.839633002,8.813663758,3.122832492,0.35431718,1.233023024,0.659743119,0.535061476,0.217256189,0.073936598,0.340319872,0.213955047,0.069230897,0.323576835,0.127217455,0.111147917,0.873684485,0.127345487,0.124417806,0.977009933,0.114666581,0.090653704,0.79058522,0.11582664,0.103495434,0.893537392,8.879655858,3.213550365,0.361900328,8.734895314,3.008449439,0.344417343,1.238088692,0.63729072,0.514737534,1.226976622,0.685515111,0.558702667,animal,2cm,Goniobranchus alius,58_GoniobranchusAureopurpureus_14_NL_D_RAW_AOB,animals_on_background,NL,D,colour_defence_2024
0.326408315,0.560329427,1.716651817,3.172584042,20.71067786,0.841189229,1.412172115,1.678780549,3.433746844,23.88271828,0.15633,0.325351248,2.081182423,4.464457149,36.81789303,0.172403877,0.366699645,2.126980268,4.863280005,45.65407269,0.435814143,0.889246688,2.040426412,4.940576891,45.83941375,0.406166211,0.865658909,2.131292276,6.062702067,67.2550862,0.30955945,2.547225548,0.363889364,4.278214372,0.203724494,1.141970327,0.586856658,1.789363867,0.67803145,0.283806929,0.632444054,0.032831387,2.546273516,2.54817307,0.363753359,0.364024724,4.103599717,4.450466301,0.19540951,0.211926967,1.141725646,1.142212351,0.432626314,0.432810738,1.755680992,1.817992625,0.902241551,0.934263397,0.279581435,0.287975845,0.667433933,0.683537067,0.033038625,0.032624618,867.8342005,29.26760333,29.65170023,0.496740483,0.272935007,0.086404629,0.316575841,0.190377935,0.044291201,0.232648816,4.538793849,1.066719131,0.2350226,15.81828553,11.38216037,0.719557145,5.116232117,3.446606228,0.673661036,0.274713903,0.085364105,0.310738203,0.274581113,0.085422804,0.311102258,0.190808528,0.042706849,0.223820443,0.190717023,0.042724364,0.224019668,4.548120076,1.029400529,0.22633539,4.545944277,1.029545158,0.226475534,15.82043678,11.38371016,0.719557261,15.81614006,11.38061406,0.719556985,5.116673176,3.447074029,0.673694393,5.115792244,3.446139555,0.673627738,0.234785424,0.08051939,0.342948844,0.222072522,0.216105015,0.973128114,0.21955854,0.206292195,0.939577186,9.65681506,3.652754196,0.378256617,2.446486917,2.136740131,0.873391195,0.234322207,0.077677936,0.331500531,0.235253458,0.083289182,0.354040201,0.217573712,0.217499704,0.999659852,0.226618118,0.214583479,0.946894631,0.215165908,0.207714939,0.96537105,0.223996852,0.204741566,0.91403769,9.629595937,3.506533347,0.364141276,9.684317248,3.794564026,0.391825663,2.346588929,2.078006675,0.885543543,2.547423791,2.18950871,0.8594992,animal,2cm,Goniobranchus alius,58_GoniobranchusAureopurpureus_13_NL_D_RAW_AOB,animals_on_background,NL,D,colour_defence_2024
0.271413824,0.491977505,1.812647189,3.793756169,28.80580651,0.870198413,1.477517541,1.697908797,3.087683982,19.54733126,0.130512978,0.280135653,2.146419902,4.773733228,42.47707951,0.143481641,0.324666706,2.262775256,5.623165201,58.58172164,0.449221419,0.92719718,2.064009282,4.635295006,41.84381995,0.421856315,0.907863164,2.152067259,5.353337851,53.85966684,0.230675569,1.513517515,0.216216788,3.165435646,0.150735031,0.726726366,0.373463475,1.759717273,0.608820394,0.183475909,0.491141935,0.026074245,1.510279386,1.516741342,0.215754198,0.216677335,2.798421398,3.638764756,0.133258162,0.173274512,0.725021158,0.728407869,0.250840106,0.252011827,1.612565483,1.897920881,0.828694729,0.975338395,0.17450618,0.194975923,0.539767417,0.613675111,0.027289871,0.024861854,1398.023912,35.64363277,39.22226225,0.476099735,0.249063802,0.066437556,0.266749145,0.197344814,0.032582571,0.165104775,4.719587834,0.730663504,0.154815109,19.63116355,8.446634536,0.430266628,4.759679415,3.042805345,0.639287876,0.251520726,0.064346821,0.25583109,0.251292633,0.064423899,0.256370026,0.198242711,0.030661867,0.154668318,0.198243989,0.030705621,0.154888033,4.738274577,0.6860432,0.144787557,4.738666037,0.687177684,0.145015006,19.64133185,8.444791717,0.429950055,19.62104755,8.448453311,0.430581155,4.759842369,3.042766838,0.6392579,4.7595173,3.042843644,0.639317698,0.273476025,0.087440186,0.319736204,0.192025367,0.26735443,1.392287042,0.184430074,0.247999022,1.344677777,11.32623724,3.885038735,0.343012304,2.087872941,1.932124825,0.925403451,0.276347105,0.08292186,0.300064153,0.270332936,0.092024177,0.340410525,0.180009142,0.26560962,1.475534058,0.205180017,0.268599744,1.3090931,0.174421765,0.246604219,1.413838568,0.195386576,0.249029185,1.274546032,11.4429834,3.703823945,0.323676424,11.19843047,4.070127112,0.36345514,1.925973668,1.808674868,0.939096363,2.265110653,2.043285504,0.902068736,animal,2cm,Goniobranchus alius,58_GoniobranchusAureopurpureus_12_NL_D_RAW_AOB,animals_on_background,NL,D,colour_defence_2024
0.152126631,0.291519478,1.916294836,4.800490521,48.78447071,0.720448283,1.318075049,1.829520703,3.71261015,26.62688781,0.076672631,0.173971247,2.269013667,5.818181478,66.68786499,0.076758156,0.180395065,2.350174564,6.60338499,93.17238937,0.376828634,0.82716781,2.195076845,5.22122409,50.07709853,0.344476411,0.788950742,2.290289602,5.948952242,65.08839932,0.203981155,1.1643215,0.194053583,2.866080362,0.191072024,0.358157504,0.199891509,1.324478894,0.636939711,0.192562804,0.41841561,0.011035,1.163644935,1.164996407,0.193940823,0.194166068,2.80642132,2.922618324,0.187094755,0.194841222,0.357119121,0.359183838,0.171737995,0.184583979,1.30437252,1.336714976,0.727984164,0.746034833,0.190517789,0.194503645,0.44986108,0.465309406,0.011311529,0.010759109,8036.443781,87.40538117,91.94449671,0.487345641,0.381260978,0.073419909,0.192571266,0.160078898,0.027845062,0.173945861,3.776765826,0.665496927,0.176208152,23.28708648,9.810333106,0.421277823,4.777718075,2.791823633,0.584342481,0.383305104,0.069891364,0.182338725,0.383191922,0.070038701,0.18277708,0.160776839,0.026046037,0.162001173,0.160670685,0.026337075,0.163919604,3.79294018,0.623369144,0.164349849,3.790444688,0.63009737,0.1662331,23.29108927,9.808143312,0.421111404,23.28309515,9.81251419,0.421443718,4.778249257,2.792219993,0.584360472,4.777188414,2.791428232,0.5843245,0.345117781,0.071365048,0.206784617,0.413372505,0.177363531,0.429064655,0.415843622,0.166866907,0.401273214,14.46542246,3.165300439,0.218818389,2.684215767,1.214253898,0.452368216,0.344589125,0.072777473,0.211200724,0.345672297,0.070571766,0.204158004,0.412913571,0.17334378,0.419806449,0.413853889,0.183363548,0.44306349,0.415371814,0.16272358,0.391754025,0.416338509,0.172876681,0.415231062,14.44345393,3.21945382,0.22290055,14.48846566,3.1394941,0.216689205,2.6364631,1.176036085,0.446065824,2.734304406,1.263815097,0.462207168,animal,2cm,Goniobranchus alius,58_GoniobranchusAureopurpureus_11_NL_D_RAW_AOB,animals_on_background,NL,D,colour_defence_2024
0.267239464,0.538664039,2.015660525,4.697646146,39.36444064,0.788048667,1.37493258,1.744730545,3.550507378,24.92920692,0.127495145,0.304568541,2.38886383,6.402393841,72.78726978,0.141464046,0.360406197,2.547687613,7.053270772,88.15677951,0.397690547,0.866972823,2.180018683,5.556615306,58.17006316,0.391410208,0.854691599,2.183621127,5.420356236,53.29399657,0.327915295,1.151569491,0.191928248,3.768226343,0.25121509,0.3244981,0.181105838,1.594168262,0.725537243,0.221571669,0.453321541,0.009436176,1.150597757,1.152540475,0.191766293,0.192090079,3.941438089,3.486223749,0.262762539,0.232414917,0.322892277,0.326085271,0.146954608,0.148407802,1.62270481,1.545803706,0.905648798,0.862729475,0.227264416,0.212252498,0.526301703,0.505568639,0.009005429,0.009866201,11043.60326,110.0441261,100.3561358,0.523022762,0.327369516,0.064881975,0.198191864,0.171819578,0.025691646,0.149526882,4.063310237,0.578880185,0.14246517,15.86538302,10.22757066,0.644646943,4.730483557,2.065960621,0.436733496,0.329003903,0.061862412,0.188029417,0.328812324,0.062245032,0.189302614,0.172403144,0.024437971,0.141748987,0.172295441,0.024660851,0.143131188,4.076255581,0.550869911,0.135141161,4.073933011,0.55517703,0.136275444,15.86637413,10.22792855,0.644629231,15.8643927,10.22721293,0.644664635,4.731159044,2.066447932,0.436774142,4.729808615,2.065473324,0.436692791,0.377028018,0.186258436,0.494017493,0.274814139,0.128392915,0.467199086,0.250444727,0.121042349,0.483309635,16.3724335,8.304061806,0.507197773,4.479228044,2.279800665,0.508971779,0.373023412,0.187799073,0.503451169,0.380677124,0.184758374,0.485341415,0.278406443,0.136794578,0.491348464,0.271540734,0.120121722,0.442370914,0.252349153,0.128589576,0.509570072,0.248709362,0.113698577,0.45715439,16.19252243,8.377413428,0.517363089,16.53637335,8.232802415,0.497860216,4.16164645,2.293580815,0.551123418,4.768617016,2.223163717,0.466207227,animal,2cm,Goniobranchus alius,58_GoniobranchusAureopurpureus_10_NL_D_RAW_AOB,animals_on_background,NL,D,colour_defence_2024
0.190629098,0.363183167,1.90518221,4.639974379,37.05979269,0.856366233,1.445239729,1.687642124,2.880489066,15.161994,0.095513351,0.222516984,2.329695089,6.473894179,72.87966513,0.097708323,0.239614855,2.452348459,6.726164734,73.1304348,0.430160958,0.907072332,2.108681218,4.317926891,30.26942377,0.427254515,0.936929117,2.192906296,4.694960933,35.70571153,0.391627211,2.075167814,0.691722605,1.29378626,0.431262087,0.776054219,0.706394993,0.395113795,0.359648075,0.561492346,0.533021534,0.032820527,2.075624111,2.074711147,0.691874704,0.691570382,1.280391478,1.306756609,0.426797159,0.435585536,0.776372852,0.775735051,0.706685025,0.706104472,0.383859763,0.405686794,0.349404214,0.369272034,0.559335931,0.563577959,0.528044619,0.537688253,0.032204801,0.033435409,868.7345463,30.051271,28.90841276,0.509691862,0.164216814,0.045639439,0.277921841,0.205804951,0.023211653,0.112784717,5.039314412,0.53572028,0.106308167,12.52084554,6.128825521,0.489489748,2.145319284,1.596001297,0.743945812,0.164550642,0.045407423,0.275948014,0.16454495,0.045381441,0.275799659,0.206044051,0.022192769,0.107708854,0.206070649,0.02209747,0.107232497,5.043930707,0.516179898,0.102336834,5.04456468,0.514372904,0.101965766,12.52195296,6.129659025,0.489513021,12.51973823,6.127991687,0.489466439,2.145436009,1.595991084,0.743900577,2.14520257,1.596011497,0.743991043,0.220393415,0.040093953,0.181919924,0.075662346,0.171106472,2.261448144,0.082296035,0.134186723,1.630536909,8.975024598,1.728727531,0.192615353,1.159971598,1.087986369,0.937942249,0.219858741,0.039228153,0.178424353,0.220907705,0.040899566,0.185143231,0.073428881,0.168057725,2.288714223,0.077810655,0.173947998,2.235529275,0.080547252,0.131803636,1.636351732,0.083978143,0.136407956,1.624326895,8.951980206,1.690388155,0.188828406,8.997190381,1.764393532,0.196104946,1.145764628,1.068584316,0.932638598,1.173636902,1.106069445,0.942428994,animal,2cm,Goniobranchus alius,58_GoniobranchusAureopurpureus_6_NB_D_RAW_AO,animals_only,NB,D,colour_defence_2024
0.304481389,0.525224132,1.724979428,3.085692866,19.24891732,0.87641418,1.632183157,1.86234225,4.243513649,33.58651251,0.14922693,0.310961741,2.083817852,4.356438331,34.4863304,0.158106702,0.337864024,2.136936759,4.572170314,37.77945161,0.447148788,0.976725361,2.184340844,5.525338906,55.89890349,0.430131904,1.013825839,2.357011491,6.895323772,82.18468912,0.43070044,2.213499644,0.276687455,3.691887418,0.131853122,1.02346804,0.492184089,1.64653039,0.559200038,0.204270289,0.525692064,0.027080298,2.214429347,2.212569972,0.276803668,0.276571247,3.496014951,3.873187353,0.124857677,0.13832812,1.024137136,1.022793944,0.347820805,0.361001386,1.605385501,1.678165455,0.772027234,0.807026993,0.200830673,0.207449683,0.559924019,0.58401419,0.026442667,0.027716396,1291.553713,36.81766754,35.07972665,0.512086258,0.19057858,0.061902842,0.324815316,0.180810751,0.030285656,0.167499196,4.321219356,0.69818432,0.161571136,24.46570734,11.53528819,0.471488032,4.961899638,3.228599892,0.650678193,0.192038083,0.06059268,0.315524291,0.192081319,0.060472395,0.31482705,0.181689187,0.029082613,0.160067937,0.181722505,0.029030485,0.159751733,4.34020337,0.672324257,0.154906164,4.341143073,0.670769921,0.154514585,24.46619339,11.53753584,0.471570532,24.46522182,11.53304256,0.471405599,4.961855621,3.228487227,0.650661259,4.961943606,3.228712428,0.650695108,0.263001449,0.091593206,0.348261223,0.162966759,0.104690051,0.642401258,0.160176928,0.101166234,0.63159055,10.8969487,4.184079513,0.383967992,2.075460114,1.778095304,0.856723428,0.260899925,0.089296761,0.342264417,0.265001574,0.09398805,0.354669778,0.160908151,0.10506677,0.652961143,0.16492604,0.104632913,0.634423244,0.156872039,0.100283084,0.639266785,0.163322354,0.102229264,0.625935528,10.79817199,4.06156587,0.376134579,10.99095941,4.309318503,0.392078466,1.975072884,1.717849454,0.869765094,2.171003645,1.834204413,0.844864732,animal,2cm,Goniobranchus alius,58_GoniobranchusAureopurpureus_5_NB_D_RAW_AO,animals_only,NB,D,colour_defence_2024
0.211570618,0.41806864,1.976024095,5.254786343,45.6381272,0.898615869,1.645523964,1.831176168,4.180678386,30.02956454,0.104354388,0.246743256,2.364474182,7.232662208,89.47173991,0.109278192,0.271485498,2.484352037,7.233948942,83.94337528,0.461048032,1.025264379,2.223769125,5.928119778,59.88419091,0.437820279,1.019570453,2.328741957,6.421166732,66.72135108,0.48657871,1.426874701,0.28537494,2.29016487,0.229016487,0.603378236,0.374899977,1.320180207,0.600839906,0.257195714,0.487869941,0.022139281,1.425902031,1.427844003,0.285180406,0.285568801,2.099659945,2.500884314,0.209965994,0.250088431,0.603250487,0.603496141,0.274551128,0.27466293,1.244288566,1.38869589,0.773119954,0.86284527,0.2475732,0.267828616,0.523835541,0.5687541,0.022226944,0.022051774,1950.880372,43.99043977,44.34782609,0.497977172,0.213161055,0.056505096,0.265081705,0.153480318,0.02229731,0.145277979,3.666650302,0.53256745,0.145246316,21.16112797,8.746042994,0.413307032,3.802627208,1.915598016,0.503756459,0.21492149,0.054688106,0.254456204,0.214853458,0.054709857,0.254638012,0.15380061,0.021216687,0.137949305,0.153880885,0.021006476,0.136511278,3.671207131,0.507637124,0.138275261,3.673313204,0.503909748,0.137181264,21.16440133,8.746024214,0.413242221,21.15786101,8.746060211,0.413371664,3.802178253,1.915437366,0.503773689,3.803075287,1.915758208,0.503739228,0.315581448,0.085244422,0.27011861,0.164725191,0.205555376,1.247868493,0.176307169,0.171721783,0.973992061,13.18144023,3.925327364,0.297791994,2.222213479,1.795284413,0.807881165,0.316046258,0.082063743,0.259657379,0.315113776,0.088326386,0.280299983,0.149407016,0.195269391,1.306962658,0.180137669,0.214169167,1.188919385,0.16336641,0.163141852,0.998625429,0.189327594,0.178882326,0.944829656,13.19452344,3.784915422,0.28685503,13.16827648,4.061659903,0.308442787,2.107960883,1.739413303,0.825163938,2.337169438,1.841767327,0.788033292,animal,2cm,Goniobranchus alius,58_GoniobranchusAureopurpureus_4_NB_D_RAW_AO,animals_only,NB,D,colour_defence_2024
0.272844335,0.493395142,1.808339328,3.704071072,28.86809866,0.780061174,1.348354978,1.728524663,3.401624078,24.73417554,0.138749211,0.309466265,2.230400184,5.158125353,50.15684145,0.136940004,0.310079522,2.264345786,5.558973893,59.78909365,0.415734996,0.897864243,2.159703299,5.028838669,47.7494114,0.365593998,0.805787025,2.204048831,5.532694948,58.02824926,0.484289063,3.208861372,0.458408767,3.804705282,0.181176442,1.340559133,0.688911116,1.703753411,0.6013502,0.319792605,0.645130658,0.050403019,3.200712432,3.21692034,0.457244633,0.459560049,3.820510906,3.779473028,0.181929091,0.179974906,1.339059113,1.342034384,0.472629114,0.484036587,1.695416086,1.710744901,0.871271516,0.879148969,0.319586862,0.319767477,0.671950315,0.681592778,0.05379938,0.047012422,356.5172703,17.58757485,20.27097387,0.464560197,0.192820324,0.058082011,0.301223489,0.215029546,0.034941657,0.162497005,5.214014086,0.871830795,0.167209137,17.13232512,10.94295147,0.638731252,3.375383589,2.479450315,0.734568457,0.194289218,0.057704719,0.297004229,0.193974821,0.057750873,0.297723551,0.215023586,0.034024645,0.158236805,0.215114029,0.03399125,0.15801503,5.21086211,0.852380501,0.163577635,5.213822982,0.851729382,0.163359858,17.14336561,10.94716064,0.63856543,17.12138186,10.93876495,0.638894982,3.375306855,2.478735743,0.734373451,3.375459648,2.480158389,0.734761676,0.17031658,0.065640511,0.385402941,0.10307586,0.138446328,1.343149876,0.102729799,0.13247511,1.289549007,6.920298823,2.820836636,0.40761775,1.361908355,1.272339677,0.934232962,0.170166986,0.064803135,0.380820842,0.170487481,0.066714254,0.391314681,0.099402794,0.134451965,1.352597446,0.107272054,0.143029776,1.333336788,0.09931098,0.128578581,1.294706599,0.106635535,0.136947417,1.284256863,6.913040502,2.784501466,0.402789694,6.928590894,2.86736411,0.413845204,1.329033666,1.233013925,0.927752214,1.39946515,1.317335818,0.941313772,animal,2cm,Goniobranchus alius,58_GoniobranchusAureopurpureus_3_NB_D_RAW_AO,animals_only,NB,D,colour_defence_2024
0.194851881,0.406220179,2.084763956,5.806451044,54.77079333,0.757834775,1.363612873,1.799353787,4.154671614,31.34599354,0.095228358,0.238612754,2.505690109,8.099059867,110.614371,0.101918986,0.267918291,2.628737805,8.270958023,107.2558659,0.398785582,0.866059795,2.171742997,5.631357514,56.52468438,0.359973714,0.848632299,2.357484076,7.211797615,87.31668793,0.428901758,2.014866792,0.287838113,2.16892968,0.103282366,0.889472831,0.457098614,1.117541522,0.435697305,0.195560239,0.446397959,0.025746873,2.009232595,2.020463788,0.287033228,0.288637684,2.068942159,2.291682833,0.098521055,0.109127754,0.886784882,0.892118573,0.345731926,0.359014924,1.068119253,1.162946797,0.548904714,0.597636431,0.192777142,0.198882719,0.44731832,0.478325678,0.027931817,0.023568482,1441.808925,34.80146569,41.42954605,0.456526352,0.197289619,0.057224194,0.290051724,0.182096643,0.027807381,0.152706717,4.408601908,0.599447296,0.135972199,21.17948003,10.09491486,0.476636577,3.124767692,1.832354419,0.586397006,0.198748271,0.0563744,0.283647248,0.198396979,0.056548783,0.285028446,0.1826039,0.026683022,0.146125149,0.182541444,0.026820492,0.146928234,4.41687426,0.57582191,0.130368644,4.416662842,0.578021951,0.130873008,21.19556709,10.094008,0.476232033,21.16351288,10.0957853,0.477037312,3.125191998,1.832715161,0.586432821,3.12434655,1.831996183,0.586361389,0.247792143,0.044352909,0.178992395,0.129049055,0.16633048,1.288893438,0.126378951,0.139480199,1.103666376,10.14926026,2.004906602,0.197542141,1.430558184,1.016737716,0.710727971,0.246151851,0.040359215,0.16396064,0.249730279,0.048743325,0.195183883,0.121343884,0.161685604,1.332457798,0.138153328,0.171770726,1.243333972,0.117794537,0.131471467,1.116108354,0.136522119,0.148207558,1.085593742,10.07458961,1.824071087,0.181056614,10.23748957,2.203621045,0.215250138,1.366931228,0.942983499,0.689854383,1.5057385,1.096164893,0.727991543,animal,2cm,Goniobranchus alius,58_GoniobranchusAureopurpureus_2_NB_D_RAW_AO,animals_only,NB,D,colour_defence_2024
0.303777913,0.517178735,1.702489588,3.241287822,23.05833334,0.772473728,1.324886927,1.715122314,3.830494761,31.03770793,0.152990861,0.324820938,2.123139494,4.737677668,43.43598241,0.153235651,0.318446662,2.078149957,4.611819177,41.70502989,0.405385221,0.865557258,2.13514754,5.329023879,53.40614558,0.368238924,0.801897959,2.177656694,6.667431616,86.49421389,0.371458903,1.101401399,0.1835669,2.322094281,0.154806285,0.23545154,0.131408007,1.37524868,0.536169916,0.169186593,0.333788961,0.007165216,1.101336871,1.101465865,0.183556145,0.183577644,2.390718965,2.263400224,0.159381264,0.150893348,0.235378542,0.235524075,0.094723293,0.091824064,1.406540419,1.342779953,0.785005155,0.749419761,0.171468705,0.167235496,0.439864224,0.420621912,0.006688607,0.007640924,19287.35708,148.5079646,129.8742268,0.533467906,0.163090926,0.026611741,0.16317119,0.22061896,0.035549043,0.161133216,5.34882054,0.791700134,0.148013965,26.17058293,10.50889255,0.401553629,6.393496222,1.676306601,0.262189347,0.16367826,0.025288333,0.154500255,0.163674893,0.025286642,0.154493101,0.221406944,0.033782336,0.15258029,0.221401298,0.033787809,0.152608904,5.36633706,0.752393509,0.140206159,5.366231471,0.752379264,0.140206264,26.17126869,10.5084539,0.401526347,26.16989782,10.50933072,0.401580885,6.39356174,1.676278629,0.262182285,6.393430765,1.676334544,0.262196402,0.39148354,0.128664003,0.328657503,0.35754007,0.168392382,0.470974855,0.318413524,0.140648518,0.441716535,16.83294312,5.960880961,0.354119949,4.025319626,1.21378562,0.3015377,0.388788952,0.134215312,0.345213802,0.393837833,0.123999264,0.314848534,0.35461126,0.171284893,0.483021585,0.360099003,0.166314017,0.461856365,0.314849953,0.14558379,0.462391018,0.321527056,0.136579085,0.424782557,16.73149054,6.239075195,0.372894165,16.92158338,5.725791664,0.338372098,4.021759434,1.220853765,0.303562106,4.028430206,1.211305624,0.300689242,animal,2cm,Goniobranchus alius,58_GoniobranchusAureopurpureus_1_NB_D_RAW_AO,animals_only,NB,D,colour_defence_2024
0.345732752,0.550500173,1.592270822,2.48492682,12.75899963,1.230612315,1.919041995,1.559420438,2.326099766,11.46071835,0.173297992,0.345198406,1.991935407,4.225557268,31.03265873,0.177415416,0.356784084,2.011009486,4.199406137,30.9551179,0.612451156,1.205944929,1.969046703,4.129824268,30.58867385,0.619960094,1.210805314,1.953037502,3.71068244,24.39904064,0.239841571,4.010234596,0.445581622,5.800041092,0.161112253,1.603456894,0.729764682,1.9344375,0.697700847,0.303346937,0.713732764,0.063958407,4.015447647,4.005003552,0.44616085,0.445000395,5.701356845,5.888938152,0.158371023,0.163581615,1.604612688,1.602279214,0.578741692,0.577900069,1.912060825,1.950916253,0.870216383,0.887900251,0.302265937,0.304291005,0.724479038,0.73290016,0.062305256,0.065608466,214.3412768,15.05001038,14.24193548,0.513793466,0.060262246,0.030307738,0.502930764,0.139893995,0.063770911,0.455851666,3.893857009,1.674008309,0.429910062,15.0229156,9.738570122,0.648247676,4.087341281,2.19302307,0.53654024,0.060395938,0.03035964,0.502676848,0.06050046,0.030341897,0.501515155,0.140037468,0.063690952,0.454813651,0.140370418,0.063542937,0.452680402,3.898549614,1.673279783,0.429205717,3.90743055,1.668003251,0.42687982,15.03046923,9.74186622,0.648141191,15.01534946,9.735260831,0.64835393,4.087562617,2.194756147,0.536935175,4.087119579,2.191285721,0.536144265,0.21841573,0.077399311,0.354366927,0.254826508,0.218229155,0.856383257,0.238776572,0.235269398,0.9853119,8.944437704,3.360177332,0.375672283,2.070098254,0.846336787,0.408838946,0.218039326,0.077475059,0.355326081,0.218772514,0.077325639,0.353452256,0.246078186,0.210721821,0.856320605,0.263118829,0.224779136,0.854287537,0.229280985,0.228017929,0.994491235,0.247777208,0.241575069,0.97496889,8.928352467,3.360451381,0.376379785,8.959684508,3.359841716,0.374995538,2.066001314,0.823146715,0.398425068,2.073981643,0.867727105,0.418387071,animal,2cm,Goniobranchus collingwoodi,60_GoniobranchusCollingwoodi_7_NL_D_RAW_AOB,animals_on_background,NL,D,colour_defence_2024
0.403920076,0.666702244,1.650579617,2.665716946,14.33605871,1.08008731,1.931332898,1.788126646,2.997676409,15.88854384,0.208367594,0.434445646,2.08499622,4.311065556,31.33076272,0.201614829,0.421991112,2.09305592,4.580860865,37.69501387,0.543562136,1.215982785,2.237063079,4.58489994,32.83810346,0.536822781,1.232317463,2.295575945,5.061296607,41.27745389,0.254546819,4.90369392,0.61296174,7.640225164,0.272865184,1.727588301,0.830794358,2.282601193,0.789725815,0.442913462,0.810260087,0.051096634,4.907724332,4.89964618,0.613465542,0.612455773,7.492481642,7.777159682,0.26758863,0.277755703,1.728887383,1.726281987,0.598153984,0.597252579,2.262778531,2.294664034,1.088166455,1.103500141,0.440527086,0.445105738,0.84316022,0.85037636,0.052633515,0.049563324,345.1583665,17.99930119,19.17620928,0.484170922,0.05719418,0.028692464,0.501667544,0.20049692,0.060837025,0.303431221,5.671332831,1.77411598,0.3128217,11.16711311,7.631688691,0.683407485,3.850377855,1.592444529,0.413581365,0.057233193,0.028845902,0.5040065,0.057132461,0.028727772,0.502827501,0.200760569,0.061222763,0.304954121,0.200802956,0.061078699,0.304172309,5.675278328,1.788408377,0.315122585,5.677540347,1.785273914,0.314444954,11.16988004,7.632919508,0.683348387,11.16436153,7.630463367,0.683466166,3.851018402,1.593004883,0.413658081,3.849740862,1.591886795,0.413504922,0.196183887,0.094753692,0.48298407,0.17674229,0.098828304,0.559166138,0.160979272,0.11409736,0.70877051,8.03965706,4.088066256,0.508487641,2.728335516,0.907172154,0.332500218,0.194016743,0.091242047,0.470279242,0.198479925,0.098282298,0.495175006,0.174892561,0.094949738,0.542903238,0.178702036,0.102739532,0.574920884,0.161046224,0.111006124,0.689281135,0.160908337,0.117283555,0.728884263,7.941450555,3.925934742,0.494359905,8.143704573,4.250482965,0.521934818,2.726317766,0.898469866,0.329554345,2.730473275,0.916296732,0.335581652,animal,2cm,Goniobranchus collingwoodi,60_GoniobranchusCollingwoodi_6_NL_D_RAW_AOB,animals_on_background,NL,D,colour_defence_2024
0.325434878,0.599669862,1.842672379,3.105960864,19.82656301,1.029029943,1.853984067,1.80168136,2.512484446,13.45322329,0.17108978,0.389531568,2.276767019,5.287426427,49.36033427,0.160236107,0.372819977,2.32669143,5.024441411,43.15668348,0.533293005,1.192183331,2.235512785,4.431946941,34.64828966,0.496848885,1.152220414,2.319056051,4.467871812,34.48908395,0.204297827,3.082995152,0.440427879,3.596832611,0.171277743,1.304721301,0.670494114,1.605467585,0.669531986,0.305852811,0.67001305,0.03775371,3.077054191,3.088909471,0.43957917,0.441272782,3.67598854,3.490412156,0.175047073,0.166210103,1.302170406,1.307226473,0.543047238,0.567721244,1.626587602,1.573695379,0.835900672,0.808719447,0.307313122,0.303741442,0.689473955,0.688220345,0.039173459,0.03633462,650.5170887,24.52748815,26.52196119,0.480465284,0.083431189,0.034608357,0.414813184,0.239108348,0.053257847,0.222735206,6.465778665,1.181544293,0.182738129,11.78519242,7.381750244,0.626358059,3.868242781,1.45284717,0.375583243,0.083578402,0.034513231,0.41294437,0.083573466,0.034550828,0.413418631,0.23992653,0.052277013,0.217887589,0.239704575,0.05272972,0.219977945,6.486827834,1.149260481,0.177168334,6.480223542,1.162977646,0.179465668,11.78029086,7.378499126,0.626342695,11.79007727,7.384985081,0.626372916,3.867862322,1.451928497,0.375382673,3.868621944,1.453762019,0.375782912,0.24228793,0.062582862,0.258299544,0.157805378,0.151498643,0.960034724,0.130124151,0.155793318,1.197266733,9.93178867,2.726582975,0.274530909,2.772779075,1.055674441,0.380727931,0.243124128,0.063412551,0.260823767,0.241386817,0.061972952,0.256737101,0.164017043,0.152426294,0.929332045,0.151111501,0.150933087,0.998819324,0.136525244,0.156788852,1.148423889,0.12322614,0.155164633,1.259186027,9.968633543,2.763826594,0.277252302,9.892083522,2.698775364,0.272821732,2.799374503,1.083077325,0.38689976,2.744119038,1.029636017,0.375215507,animal,2cm,Goniobranchus collingwoodi,60_GoniobranchusCollingwoodi_5_NL_D_RAW_AOB,animals_on_background,NL,D,colour_defence_2024
0.265977637,0.469123244,1.763769502,3.130333018,24.06193484,0.772153236,1.274452511,1.650517608,2.161971277,11.9837292,0.141368522,0.306366445,2.167147542,5.371138793,60.57828375,0.128697925,0.273342189,2.123905174,5.248342611,60.1583189,0.402476043,0.802486215,1.993873248,3.755828688,29.85823937,0.370003348,0.72910071,1.970524628,3.639341763,28.64014946,0.261013989,2.939875809,0.419982258,2.86222134,0.136296254,1.204000088,0.618733649,1.256241434,0.571740116,0.278139256,0.595236883,0.034036368,2.936606219,2.943121786,0.419515174,0.420445969,2.92005242,2.786381423,0.139050115,0.13268483,1.203118324,1.204872952,0.578577613,0.548361312,1.265915218,1.242358813,0.650551732,0.638446134,0.279282645,0.2765654,0.614564673,0.593403723,0.036248323,0.031825266,808.8331126,26.58748305,30.42157512,0.466372957,0.06756106,0.027987121,0.414249295,0.154904121,0.031373822,0.202537042,4.261304273,0.752773835,0.176653388,11.21010195,6.895482723,0.615113293,5.692790293,3.21219761,0.564257147,0.067604848,0.027854764,0.412023177,0.067550684,0.027880098,0.412728586,0.154920344,0.030624,0.197675778,0.15485998,0.030749982,0.198566354,4.262268638,0.735284573,0.172510143,4.260872121,0.738341424,0.173284108,11.20578773,6.892027991,0.615041812,11.2143948,6.898915502,0.615183933,5.691671986,3.211842136,0.564305558,5.693903062,3.212550833,0.564208909,0.224338084,0.054921058,0.244813797,0.100282006,0.114216036,1.138948457,0.11867404,0.089745951,0.756239112,9.156900847,2.342186105,0.255783714,2.511819762,1.022091716,0.406912841,0.222845929,0.055636905,0.249665342,0.226036961,0.054545249,0.241311195,0.104240791,0.115641336,1.109367408,0.095774772,0.113433994,1.184382819,0.121715265,0.091325149,0.750317958,0.115211485,0.088610438,0.769111155,9.094297605,2.37267879,0.260897421,9.228177117,2.326276599,0.252084086,2.531156404,1.038552984,0.410307708,2.48980423,1.012035028,0.406471728,animal,2cm,Goniobranchus collingwoodi,60_GoniobranchusCollingwoodi_3_NF_N_RAW_AOB,animals_on_background,NF,N,colour_defence_2024
0.485769649,0.798646945,1.644085723,3.066831249,20.7814158,1.239504326,1.987159112,1.603188525,2.265451084,11.39405181,0.249463453,0.520054073,2.084690429,4.917143505,44.16562702,0.243885342,0.510831024,2.09455402,5.430670051,57.01801023,0.635260168,1.294645014,2.037976062,4.026151247,29.57101177,0.606509962,1.214260657,2.002045692,3.869845035,27.73887636,0.29167514,3.299197607,0.274933134,7.79829178,0.118155936,1.596581249,0.642511561,2.489304092,0.718261334,0.196544535,0.680386447,0.051155934,3.299661256,3.298731344,0.274971771,0.274894279,7.848706327,7.739082978,0.118919793,0.117258833,1.596855077,1.596303106,0.46075498,0.460595715,2.486045164,2.489186543,1.000458172,1.001722356,0.196945782,0.196076556,0.730606576,0.731159035,0.051787341,0.05052575,344.0745575,18.30973817,18.79188847,0.493502302,0.086715791,0.063036752,0.726935102,0.189044233,0.077778573,0.411430551,5.025724477,1.869094773,0.371905539,18.861085,10.43133047,0.553060997,8.487134574,5.734736829,0.675697643,0.085777008,0.062437573,0.727905699,0.085795751,0.062434674,0.727712894,0.187817482,0.076760304,0.408696268,0.187756747,0.076564621,0.407786256,4.997162683,1.840695652,0.368348155,4.995490326,1.834656132,0.367262473,18.86322511,10.43387705,0.553133252,18.85895187,10.42879111,0.552988903,8.488447208,5.735362677,0.675666884,8.485826225,5.734112629,0.675728265,0.243836905,0.10953207,0.449202182,0.23820341,0.098554578,0.413741255,0.216380205,0.102226914,0.472441155,10.09370169,4.764724055,0.472049225,3.732256137,1.403599356,0.376072623,0.244783577,0.109822017,0.44864945,0.242868476,0.109225899,0.449732715,0.238233858,0.098783194,0.414648004,0.238172262,0.098320147,0.412811074,0.216059929,0.1021825,0.472935913,0.216707842,0.102271258,0.471931504,10.1371088,4.792826697,0.472800164,10.04929697,4.735378008,0.471214854,3.726510778,1.388495576,0.372599372,3.73813354,1.418859059,0.379563503,animal,2cm,Goniobranchus collingwoodi,60_GoniobranchusCollingwoodi_23_NP_N_RAW_AOB,animals_on_background,NP,N,colour_defence_2024
0.368536735,0.581685827,1.57836593,2.303512376,11.70907017,1.232757197,1.960191702,1.590087413,2.200273451,10.97942854,0.186611168,0.37602489,2.015018144,4.39215024,34.28270428,0.187670361,0.363189491,1.935252269,3.452099446,21.00998672,0.612376774,1.217591028,1.988303737,4.059663951,32.40442322,0.62120323,1.238078455,1.993032867,3.53330009,22.82734463,0.271426694,3.449072934,0.344907293,3.977323313,0.088384963,1.393321842,0.605111988,1.689696008,0.54664277,0.216646128,0.575877379,0.045616253,3.447270832,3.450855952,0.344727083,0.345085595,4.073731606,3.866452059,0.090527369,0.085921157,1.393358858,1.39326094,0.457660893,0.473183839,1.694373941,1.675780427,0.735857253,0.727782192,0.217627226,0.215503376,0.596759073,0.600483016,0.045638671,0.04559387,437.7302969,20.9112426,20.93277311,0.499742729,0.082469949,0.043834473,0.531520562,0.173625138,0.035090749,0.202106386,4.713139085,0.817280388,0.173404683,13.91274804,9.321529185,0.669999137,4.347672665,1.993893722,0.458611739,0.082678215,0.043910728,0.531103963,0.082529779,0.043900942,0.531940626,0.17413525,0.034415382,0.19763593,0.174020935,0.034502968,0.198269063,4.725935564,0.798810512,0.169026958,4.723881142,0.800483508,0.169454625,13.90991116,9.317639306,0.669856134,13.91558025,9.325410069,0.670141662,4.348287431,1.994143427,0.458604326,4.347058913,1.993644187,0.458619086,0.265487797,0.063442891,0.238967257,0.139333182,0.149462481,1.072698399,0.116753497,0.145202455,1.24366686,10.91880915,2.680406523,0.245485244,2.575112556,0.918480987,0.356676055,0.264515605,0.064230333,0.242822472,0.266459384,0.062941921,0.236215817,0.144041692,0.149899681,1.040668711,0.134627603,0.149602888,1.111234879,0.121195181,0.145116477,1.197378283,0.112314578,0.145859818,1.298672182,10.87791637,2.715157921,0.249602757,10.95967647,2.657725987,0.242500405,2.581735322,0.903862356,0.350098768,2.568493912,0.937334764,0.36493556,animal,2cm,Goniobranchus collingwoodi,60_GoniobranchusCollingwoodi_2_NL_D_RAW_AOB,animals_on_background,NL,D,colour_defence_2024
0.239792004,0.417159659,1.739672935,3.492606992,31.82101262,0.787960996,1.297441693,1.646581112,2.253159609,12.19067568,0.120096948,0.257485022,2.143976398,5.695349096,70.55541736,0.124129354,0.263744911,2.124758596,5.358236467,67.07175728,0.385050872,0.785480322,2.039939079,4.337734264,39.21474608,0.404030076,0.821448118,2.033136062,3.544054439,23.46084499,0.22816004,4.628260277,0.385688356,5.55276197,0.084132757,1.67788561,0.675230842,2.049802518,0.629141124,0.234910557,0.652185983,0.033033951,4.633528902,4.622987175,0.386127408,0.385248931,5.511552612,5.565949252,0.083508373,0.084332564,1.680518285,1.675185681,0.522082359,0.520425693,2.024001769,2.060514776,0.814518231,0.829212146,0.234817891,0.234790748,0.668300295,0.674818919,0.031872054,0.034194699,857.9332543,30.37544845,28.2442992,0.518177742,0.077712014,0.035339102,0.454744381,0.16210617,0.058475262,0.360722001,4.402150156,1.435414868,0.32607131,12.63370052,8.659540619,0.685431842,5.272059003,2.732801042,0.51835555,0.077941258,0.035274024,0.452571911,0.077921592,0.035264698,0.452566446,0.162650027,0.058638045,0.360516666,0.162699773,0.05867071,0.3606072,4.414154931,1.43781201,0.325727582,4.416104499,1.438157602,0.325662041,12.63340713,8.659269092,0.685426268,12.63399433,8.65981251,0.685437423,5.272115445,2.733543745,0.518490874,5.272002482,2.732057086,0.518219992,0.22498685,0.064823294,0.288120367,0.177241288,0.247790095,1.39803822,0.184700011,0.228830452,1.238930368,9.195638703,2.751532482,0.299221465,2.340248209,1.151991582,0.492251881,0.225949337,0.065796729,0.29120125,0.224090626,0.063991658,0.285561511,0.179664674,0.247912485,1.379862157,0.174984741,0.248037213,1.417479099,0.185115264,0.229153925,1.237898595,0.184313346,0.228882417,1.241811414,9.238851993,2.808180814,0.303953437,9.155400446,2.701406652,0.295061551,2.37705285,1.182730162,0.497561576,2.305977395,1.123311659,0.487130386,animal,2cm,Goniobranchus collingwoodi,60_GoniobranchusCollingwoodi_18_NF_D_RAW_AOB,animals_on_background,NF,D,colour_defence_2024
0.375193926,0.612816155,1.633331761,2.53963694,13.57214615,1.175133402,1.938308293,1.649436814,2.485051289,13.18130632,0.198347226,0.398043801,2.006802965,4.258542186,32.54721688,0.182576146,0.373395451,2.045149154,4.071101969,29.28991814,0.605776875,1.242417091,2.050948366,4.419573623,36.29930162,0.571015034,1.187005839,2.078764601,3.87111549,26.38781116,0.284720018,3.087654671,0.441093524,3.194620402,0.152124781,1.254138726,0.644499812,1.365016327,0.54932298,0.296609153,0.596911396,0.038406238,3.086449281,3.088856142,0.440921326,0.441265163,3.18963298,3.196669653,0.151887285,0.152222364,1.253285523,1.254975912,0.522660659,0.50503946,1.378565996,1.34726468,0.70844278,0.692357086,0.296404305,0.296743764,0.615551719,0.598698273,0.039647286,0.037165856,627.5157688,24.22240723,25.90641643,0.483203185,0.062575024,0.033769283,0.539660725,0.180838451,0.075382834,0.416851801,4.971940483,1.898907983,0.381924922,14.6455191,9.127379529,0.62321994,4.309031965,1.923434337,0.446372724,0.062589652,0.033855487,0.540911891,0.06261121,0.033857434,0.540756753,0.181049688,0.075195536,0.415330934,0.181063272,0.075179455,0.41521096,4.97541959,1.889698955,0.379806953,4.975758518,1.889467754,0.379734617,14.64638378,9.127391487,0.623183963,14.64465711,9.127367513,0.623255802,4.308904479,1.923357023,0.446367988,4.309159053,1.923511397,0.446377442,0.284230959,0.065461059,0.23030939,0.30439881,0.247457753,0.812939292,0.283210026,0.265323727,0.936844398,11.75000539,2.936872307,0.249946465,3.074172788,0.947945529,0.308357921,0.283867346,0.067991315,0.239517916,0.284618641,0.062972585,0.221252496,0.298990521,0.243268889,0.81363412,0.31016509,0.252741295,0.814860545,0.277833268,0.261222137,0.940211871,0.288942689,0.270612464,0.936561036,11.73757071,3.044314429,0.259364949,11.76326316,2.832197361,0.240766301,3.077170663,0.95399498,0.310023422,3.070976474,0.945690885,0.307944686,animal,2cm,Goniobranchus collingwoodi,60_GoniobranchusCollingwoodi_17_NF_D_RAW_AOB,animals_on_background,NF,D,colour_defence_2024
0.363025054,0.637617524,1.756400878,3.149178377,18.10824906,1.173052021,2.071017538,1.765495051,2.986502016,16.04295467,0.193900274,0.434880767,2.242806356,5.156462535,42.59240601,0.173635784,0.37367612,2.152068612,4.991639736,44.46576102,0.619862877,1.39587829,2.251914643,4.941834095,38.94034162,0.553899967,1.208798471,2.182340754,4.5841367,35.22081591,0.187206985,1.865358405,0.373071681,1.081642039,0.108164204,0.685198885,0.425738005,0.205568702,0.148286473,0.240617942,0.287012239,0.02734123,1.863736212,1.866958666,0.372747242,0.373391733,1.068488212,1.097849309,0.106848821,0.109784931,0.684879988,0.685510459,0.494036481,0.49449127,0.18000192,0.234150001,0.111841481,0.145485576,0.239798032,0.241588332,0.302938981,0.319988423,0.030034623,0.024656336,1277.506644,32.29490723,39.55752637,0.449461565,0.080879115,0.027943211,0.345493529,0.152385487,0.029595845,0.19421695,4.12105002,0.583601997,0.141614878,10.39425621,7.532209565,0.724651136,5.464322545,2.605124376,0.476751574,0.081167476,0.027830083,0.342872345,0.081073324,0.027860893,0.343650555,0.152625541,0.029145745,0.190962434,0.152560132,0.029179814,0.191267621,4.124977069,0.570590088,0.138325639,4.124028433,0.571026597,0.138463303,10.38426692,7.53112301,0.725243589,10.40415907,7.53327022,0.724063346,5.462846036,2.603366891,0.476558716,5.465786277,2.606864453,0.476942259,0.342665516,0.059741912,0.174344685,0.171525459,0.082566684,0.481366932,0.113128391,0.096498493,0.85299978,14.31701867,2.527422333,0.176532726,3.828728191,0.402686027,0.10517488,0.344295639,0.054930166,0.159543602,0.340686081,0.065035216,0.190894844,0.168822773,0.071965065,0.426275814,0.174807292,0.093703887,0.536041067,0.109980389,0.084277397,0.76629477,0.116950966,0.1093578,0.935073931,14.38597811,2.32394447,0.161542333,14.2332822,2.751271042,0.193298426,3.829852134,0.406701053,0.106192364,3.827363404,0.397750464,0.103922837,animal,2cm,Goniobranchus collingwoodi,60_GoniobranchusCollingwoodi_16_NF_D_RAW_AOB,animals_on_background,NF,D,colour_defence_2024
0.365685788,0.573485264,1.568245974,2.472733288,12.62373839,1.100222201,1.756296947,1.596311132,2.457330212,12.91661454,0.184409423,0.360215122,1.953344448,4.129497129,29.30061667,0.18842819,0.380964367,2.021801339,4.127553541,29.02837411,0.541829725,1.061021746,1.958219894,3.88264293,27.73048791,0.560043874,1.147695258,2.049295263,4.263941094,33.10283388,0.286609056,5.17521403,0.517521403,5.872863889,0.130508086,1.788410728,0.77669691,2.09742842,0.688918693,0.324014745,0.732807802,0.058212184,5.170653282,5.17976439,0.517065328,0.517976439,5.806068997,5.934289259,0.129023755,0.131873095,1.787425266,1.78938407,0.587095449,0.587738835,2.08001175,2.109356354,0.903337625,0.916081825,0.323044542,0.324924767,0.745216537,0.75191033,0.057922348,0.058501752,261.7527139,16.2644936,16.0935053,0.502642133,0.119053111,0.065228697,0.54789578,0.19409005,0.030178425,0.15548672,5.102146594,0.844337575,0.165486734,13.21861833,8.629630877,0.652839099,3.559499874,1.63247089,0.458623669,0.119524614,0.065829402,0.550760209,0.119536279,0.065843782,0.55082677,0.194486018,0.029480446,0.151581311,0.19441009,0.0296003,0.152257016,5.109828494,0.826571052,0.161761017,5.107433269,0.830070478,0.162522041,13.21864016,8.62899909,0.652790226,13.21859651,8.630262419,0.652887953,3.559102591,1.632075781,0.458563848,3.559897032,1.632865673,0.4586834,0.19768386,0.058483829,0.295845239,0.089306675,0.151613135,1.697668566,0.085344834,0.14986739,1.756021814,8.046675784,2.506959745,0.311552225,1.803508419,1.161821447,0.644200734,0.197313159,0.056027501,0.283952179,0.198050548,0.060813707,0.307061543,0.087477632,0.147428737,1.685330684,0.09111592,0.155619395,1.707927618,0.0845284,0.146758483,1.736203246,0.086152431,0.152875956,1.774482214,8.027855895,2.393722893,0.298177113,8.065291957,2.614009631,0.324106014,1.807609648,1.18331934,0.654632122,1.799451583,1.140142298,0.633605432,animal,2cm,Goniobranchus collingwoodi,60_GoniobranchusCollingwoodi_15_NF_N_RAW_AOB,animals_on_background,NF,N,colour_defence_2024
0.269951293,0.44886811,1.66277444,3.108167968,25.58616231,0.946449226,1.49979514,1.584654622,1.822840558,9.085467791,0.135616377,0.276127621,2.036093482,5.79752027,77.10611744,0.139161203,0.282292461,2.028528465,5.346644968,64.77814052,0.466450686,0.881342274,1.889465061,3.133073,21.39120402,0.481189418,0.942243796,1.958155687,3.596223362,28.0312047,0.276157706,2.589044364,0.215753697,4.725054224,0.071591731,1.232300148,0.495914061,2.00116756,0.607180404,0.143672714,0.551547232,0.033996426,2.590709608,2.58737331,0.215892467,0.215614443,4.874038818,4.581003369,0.073849073,0.069409142,1.232596829,1.231982946,0.387846429,0.382737022,2.009997217,1.983129454,0.808882385,0.798070002,0.14487077,0.142511792,0.598364407,0.590403512,0.033026513,0.034965202,808.0882111,29.27870337,27.59986332,0.514758108,0.115663003,0.04333488,0.374665005,0.200764154,0.043070793,0.21453428,5.467785174,0.975114584,0.17833813,13.74039795,9.094467465,0.661878025,4.836393643,2.360917453,0.488156595,0.11550057,0.043104504,0.373197325,0.115397313,0.043126221,0.373719456,0.201041852,0.041738041,0.207608718,0.200974472,0.041738777,0.207681984,5.481358314,0.929191002,0.169518384,5.480282394,0.928699273,0.169461938,13.73784476,9.094493308,0.662002917,13.74295328,9.094440818,0.661753019,4.836434347,2.360664712,0.488100229,4.836352904,2.361170377,0.488213004,0.212157786,0.079904445,0.376627446,0.189400631,0.217419371,1.147933718,0.163574612,0.217420327,1.32918137,8.684217207,3.442009812,0.39635234,2.150354964,1.489897588,0.692861231,0.212956202,0.080807143,0.379454281,0.211404521,0.07934498,0.375323003,0.189427648,0.216817353,1.144591906,0.189375142,0.218811245,1.155438052,0.163937853,0.216506128,1.320659775,0.163231914,0.219102567,1.342277756,8.719736254,3.487520375,0.399957094,8.65070684,3.411521074,0.394363274,2.163339243,1.499893971,0.693323516,2.138104974,1.48602682,0.695020515,animal,2cm,Goniobranchus collingwoodi,60_GoniobranchusCollingwoodi_14_NF_D_RAW_AOB,animals_on_background,NF,D,colour_defence_2024
0.26423546,0.423906771,1.604276624,2.336284315,12.03133907,0.760790572,1.242976402,1.633795747,2.271796594,11.60066027,0.135482799,0.272668105,2.012566217,4.015224433,29.0179408,0.13364635,0.26274472,1.965970035,3.720435325,25.66628351,0.386020874,0.80063815,2.074079934,4.008462315,29.7297241,0.375942087,0.749336209,1.99322245,3.524075849,23.64156378,0.260815439,3.348459806,0.418557476,2.982402502,0.106514375,1.305813347,0.62796348,1.252350608,0.543888958,0.262535925,0.585926219,0.026773948,3.347570846,3.349343743,0.418446356,0.418667968,2.999653567,2.962091249,0.107130485,0.105788973,1.305723047,1.305900183,0.567068314,0.567145243,1.24969867,1.253217605,0.600978024,0.602670275,0.26278842,0.26222847,0.584023169,0.584907759,0.02762346,0.025924345,1322.63891,35.20111271,37.57378129,0.483698578,0.075522091,0.040931668,0.54198272,0.181104536,0.031753147,0.175330489,5.228484819,0.66899716,0.127952396,13.37024659,8.419476478,0.629717367,4.362924351,1.99157734,0.456477624,0.075412286,0.040802265,0.541055931,0.075484638,0.040874082,0.541488746,0.181023031,0.031439587,0.173677278,0.181082602,0.031459075,0.173727763,5.227954493,0.66099142,0.126434042,5.229116803,0.660304644,0.126274602,13.36969931,8.418675561,0.629683239,13.37079298,8.420275968,0.629751428,4.363019559,1.991877568,0.456536475,4.362829299,1.991277552,0.456418855,0.249659212,0.052252918,0.209296977,0.090885455,0.077670488,0.854597559,0.06900719,0.069659631,1.009454674,10.23140366,2.255663302,0.220464697,2.396335006,0.462537965,0.193018908,0.250886055,0.052553581,0.209471909,0.248351818,0.051895142,0.208958173,0.091215245,0.077805572,0.852988686,0.090534012,0.07752456,0.856303153,0.068467237,0.06999483,1.022311302,0.069582594,0.069295493,0.99587395,10.28442162,2.271916782,0.220908561,10.17490471,2.236676397,0.219822835,2.395103217,0.458807547,0.191560658,2.397647669,0.466476499,0.1945559,animal,2cm,Goniobranchus collingwoodi,60_GoniobranchusCollingwoodi_13_NF_D_RAW_AOB,animals_on_background,NF,D,colour_defence_2024
0.303892967,0.509626463,1.676993275,2.152107322,14.65920653,1.04022051,1.789071693,1.719896576,1.870868402,9.493120102,0.150057314,0.298363134,1.988327839,3.45926601,26.41281372,0.15985213,0.34121122,2.134542843,4.501279872,48.44601082,0.512137549,1.057831941,2.065523107,3.317553073,22.82350373,0.528859687,1.150261969,2.174985158,3.817911527,29.3938374,0.243325935,4.247651124,0.53095639,5.015718975,0.179132821,1.577001173,0.758377257,1.812040926,0.626923136,0.355044606,0.692650196,0.048780108,4.246787287,4.248475884,0.530848411,0.531059486,4.947729687,5.040231042,0.176704632,0.180008251,1.577087597,1.576906738,0.545634863,0.54557229,1.792849329,1.823262043,0.862178279,0.876803703,0.353776521,0.355533869,0.703906571,0.711187996,0.048626254,0.048933803,380.2612967,19.56502242,19.43577107,0.501657035,0.102498851,0.057847143,0.564368695,0.190399097,0.038346905,0.201402769,5.194559602,0.780958784,0.150341673,13.96443197,8.70476301,0.623352459,4.088987445,2.134163447,0.521929567,0.102165153,0.057927524,0.566998849,0.102267013,0.057865496,0.565827574,0.190299157,0.038223358,0.200859313,0.190403173,0.03819597,0.200605743,5.196134846,0.774437959,0.149041159,5.198287962,0.772938778,0.148691027,13.97152768,8.707694061,0.623245665,13.95734131,8.701826452,0.623458742,4.089970585,2.134417506,0.521866224,4.088005004,2.133909022,0.521992762,0.221077158,0.063839028,0.288763563,0.106028374,0.078735099,0.742585178,0.102097482,0.087518119,0.857201538,9.042010094,2.84043992,0.314138105,2.024906945,0.865979339,0.427663771,0.217505554,0.058992168,0.271221434,0.224622642,0.068115309,0.303243289,0.104967071,0.076809002,0.731743788,0.107081915,0.080586963,0.752573049,0.100353497,0.086791282,0.864855588,0.103828713,0.088197611,0.849452994,8.882056828,2.592104028,0.29183601,9.200793592,3.058388659,0.332404877,1.992819328,0.83715468,0.420085588,2.056759899,0.892466779,0.433918796,animal,2cm,Goniobranchus collingwoodi,60_GoniobranchusCollingwoodi_12_NP_D_RAW_AOB,animals_on_background,NP,D,colour_defence_2024
0.300611969,0.480127119,1.597165678,2.545819616,14.73100479,0.981365093,1.616039406,1.646725991,2.626410308,15.85130945,0.157416607,0.303881546,1.930428767,3.891191759,29.96025305,0.148246699,0.296753273,2.001752987,4.434250584,38.82875504,0.503412492,1.000219991,1.986879559,3.736049825,26.45676453,0.479458468,1.012988211,2.112775722,4.910996521,49.6394459,0.318173726,3.446460519,0.689292104,4.321608772,0.432160877,1.368145095,0.850076343,1.63958166,0.746205771,0.560726491,0.798141057,0.045110978,3.447172897,3.445748586,0.689434579,0.689149717,4.22660246,4.418693465,0.422660246,0.441869347,1.368138314,1.368150946,0.62266658,0.62267233,1.620646286,1.657923265,1.006964154,1.030125643,0.556047413,0.565509532,0.814815367,0.826398986,0.046002938,0.044221113,448.2179434,20.73774213,21.61363279,0.489659242,0.074074536,0.033732923,0.455391617,0.17079658,0.030672266,0.179583606,4.822851697,0.84506812,0.175221668,14.27701549,7.881860524,0.552066399,3.094979619,1.254028202,0.405181409,0.07446951,0.033786038,0.453689548,0.074478294,0.033780412,0.453560504,0.171045637,0.030373248,0.177573944,0.17103266,0.030439923,0.17797725,4.826748364,0.835907152,0.173182252,4.826487928,0.837876981,0.173599726,14.27656214,7.881962427,0.552091067,14.27746693,7.881759015,0.552041833,3.094932819,1.253978263,0.4051714,3.095026223,1.254077926,0.405191374,0.219737609,0.077077703,0.350771554,0.094307286,0.170267707,1.805456539,0.106512745,0.162331935,1.52406113,8.993282284,3.317892026,0.368930044,2.158360358,0.723081484,0.335014253,0.219326933,0.07528842,0.34327029,0.22016383,0.078889266,0.358320738,0.093145197,0.168649089,1.810604246,0.095513363,0.171922134,1.799979907,0.105478195,0.160769618,1.524197654,0.107586455,0.163929877,1.523703681,8.972149539,3.227891346,0.359767894,9.015214935,3.408631552,0.378097647,2.147964311,0.705652214,0.328521387,2.169149909,0.740563319,0.341407164,animal,2cm,Goniobranchus collingwoodi,60_GoniobranchusCollingwoodi_11_NL_N_RAW_AOB,animals_on_background,NL,N,colour_defence_2024
0.308339239,0.439730205,1.426124697,1.764132959,7.758444275,1.143437359,1.748829802,1.529449592,2.081876529,9.820946141,0.1547839,0.270306043,1.746344699,3.246573889,20.57769843,0.159156475,0.283216477,1.779484476,3.121181233,18.40667161,0.568302415,1.075723745,1.89287203,3.646397071,24.89098597,0.576050402,1.078917368,1.872956541,3.25795364,20.25146434,0.208595463,4.437743774,0.633963396,5.903451063,0.281116717,1.637358142,0.841435635,1.907893931,0.722945239,0.457540057,0.782190437,0.058127065,4.4370489,4.438394926,0.633864129,0.634056418,5.695542635,6.093489932,0.271216316,0.290166187,1.638019431,1.636674913,0.638616675,0.620174065,1.866377135,1.941569272,0.959128116,0.99776923,0.452540222,0.462111303,0.798872396,0.808971648,0.058004612,0.058249436,262.5611191,16.2400085,16.16754813,0.501117955,0.079437919,0.044035999,0.55434482,0.144288739,0.02802776,0.194247729,4.031031488,0.891679572,0.221203822,12.74929649,8.492982528,0.666153033,3.666944551,1.642552768,0.447934989,0.079736824,0.044385742,0.556652999,0.079739198,0.044417752,0.55703786,0.144602943,0.02778527,0.192148717,0.14454049,0.027719657,0.191777802,4.037913451,0.887844399,0.219877026,4.036251563,0.885909328,0.219488135,12.74851511,8.492730379,0.666174084,12.75007754,8.493234482,0.666131987,3.668482794,1.6438233,0.448093501,3.665406932,1.641280086,0.447775681,0.20394851,0.094419332,0.462956713,0.124755924,0.085937939,0.688848561,0.121559537,0.091623937,0.753737132,8.34832025,3.969007757,0.475425911,2.215622369,0.874567031,0.394727479,0.202441675,0.092113929,0.455014658,0.205448014,0.096892001,0.471613231,0.123612578,0.085433381,0.691138251,0.125893707,0.086669249,0.688431938,0.120108824,0.091686276,0.763360035,0.123003192,0.091807265,0.746381162,8.281225611,3.869653812,0.467280327,8.415088428,4.075117614,0.484263196,2.158178971,0.804989671,0.372994864,2.272786267,0.936972986,0.412257413,animal,2cm,Goniobranchus collingwoodi,60_GoniobranchusCollingwoodi_10_NL_N_RAW_AOB,animals_on_background,NL,N,colour_defence_2024
0.427118967,0.714059149,1.671803886,2.656274553,14.38516549,1.299474613,2.310430491,1.77797278,2.865807072,15.10351148,0.223974785,0.475908603,2.12483117,4.234820591,30.15180725,0.210278121,0.453809815,2.158140914,4.75102339,39.89678138,0.674152186,1.51283219,2.244051448,4.4539606,31.98865419,0.627455929,1.426248989,2.273066398,4.779186046,38.37703004,0.228009542,5.346771886,0.534677189,9.745173047,0.216559401,1.917884086,0.832926476,2.588110918,0.785266693,0.375618295,0.809096585,0.059757757,5.342577757,5.350899602,0.534257776,0.53508996,9.956372139,9.490499873,0.221252714,0.210899997,1.917014344,1.918733027,0.588384758,0.582168689,2.602073669,2.567096188,1.130066236,1.114875709,0.377755245,0.372994979,0.859225497,0.848522199,0.06288373,0.056639128,248.2084052,14.90236452,16.6556391,0.472221396,0.082837166,0.049666726,0.599570559,0.223334685,0.073679761,0.329907381,6.196623819,2.194713003,0.354178835,16.85624194,10.81599012,0.641660826,4.177563053,1.73960232,0.416415575,0.083443338,0.049820222,0.597054512,0.083641155,0.04987056,0.596244276,0.224018009,0.073769963,0.329303718,0.223960644,0.073721475,0.32917156,6.206670812,2.198394323,0.354198634,6.203944313,2.196877161,0.354109749,16.85651745,10.8164928,0.641680159,16.8559689,10.81549191,0.641641663,4.178210349,1.739927116,0.416428798,4.176921552,1.739280109,0.416402388,0.212969796,0.092715939,0.435347834,0.199984792,0.173645838,0.868295212,0.200884167,0.171060513,0.851538058,8.75291271,4.094415835,0.467777524,2.927969739,1.088657249,0.371813012,0.214163969,0.093419024,0.436203271,0.211647077,0.091989847,0.434637929,0.19985813,0.174262093,0.871928964,0.200125089,0.173104352,0.864980765,0.200955529,0.170865959,0.850267518,0.200805124,0.171415309,0.853640118,8.80468346,4.125225239,0.46852624,8.695569144,4.062649961,0.467209207,2.951537936,1.118592465,0.378986308,2.901864565,1.054841778,0.363504827,animal,2cm,Goniobranchus collingwoodi,60_GoniobranchusCollingwoodi_7_NB_D_RAW_AO,animals_only,NB,D,colour_defence_2024
0.393232473,0.723599533,1.840131682,3.035735089,18.3501786,1.024963099,1.870959341,1.825391902,2.751094893,15.33949512,0.199992497,0.459092298,2.295547604,4.844991033,39.64400882,0.200562743,0.459814291,2.292620669,5.068848144,43.78851238,0.506234412,1.165648083,2.302585632,4.661601548,37.48117299,0.520481377,1.195786972,2.297463513,4.851629143,40.33909847,0.200006674,5.42879882,0.361919921,9.070558948,0.086386276,1.92513904,0.710894887,2.684907752,0.70126906,0.224153099,0.706081973,0.052261903,5.428662041,5.428905267,0.361910803,0.361927018,9.096175609,9.032145533,0.086630244,0.086020434,1.925246962,1.925025525,0.502853823,0.502795986,2.683132013,2.682240814,0.990798476,0.990469384,0.224270523,0.223973726,0.74682615,0.746632685,0.051382734,0.053139984,328.9562752,18.46179039,17.81822175,0.508869466,0.074122881,0.038432873,0.518502145,0.230785181,0.063258835,0.274102674,6.649136059,1.985961836,0.298679681,12.99739227,9.06858226,0.69772321,5.768925145,3.671864152,0.636490171,0.074054509,0.038455031,0.519280074,0.074172673,0.038512062,0.519221704,0.230844168,0.062817944,0.272122723,0.230955585,0.062720605,0.271569988,6.65499772,1.976937148,0.29706053,6.656581723,1.97393647,0.296539057,13.0006475,9.070225312,0.69767489,12.99413502,9.066936644,0.697771466,5.769611194,3.672542137,0.636531997,5.768238673,3.671185486,0.636448263,0.200636042,0.088977011,0.443474712,0.145363506,0.136977221,0.942308179,0.158981637,0.142810102,0.898280489,8.220295295,3.856865909,0.469188243,2.786583801,1.478158788,0.53045553,0.199513856,0.087857078,0.440355772,0.201719776,0.090031778,0.446321032,0.143865635,0.137379507,0.954915381,0.146810053,0.136571655,0.930260916,0.158024828,0.14285417,0.903998267,0.159905661,0.142761309,0.892784585,8.170099106,3.798716966,0.464953597,8.268771529,3.911577144,0.473054205,2.777465734,1.481875524,0.533535124,2.795389441,1.474505804,0.527477775,animal,2cm,Goniobranchus collingwoodi,60_GoniobranchusCollingwoodi_5_NB_D_RAW_AO,animals_only,NB,D,colour_defence_2024
0.45242957,0.728686922,1.610608524,2.756253876,13.67983624,1.452928747,2.514856949,1.730888011,3.277047841,18.77658041,0.226293797,0.461563701,2.039665722,4.439884681,32.35658312,0.232948058,0.489926344,2.103157023,4.416470807,30.2114271,0.701097552,1.504524212,2.145955592,4.748400608,36.92118288,0.753996158,1.722158881,2.284041984,5.307164165,43.94190745,0.386998466,5.457466432,0.606385159,8.026217275,0.22295048,1.840164459,0.837494937,2.287712948,0.791494361,0.414667819,0.814494649,0.065973403,5.463004818,5.451891007,0.607000535,0.605765667,7.847726126,8.183085625,0.217992392,0.227307934,1.840738707,1.839583695,0.649699999,0.63645228,2.270689116,2.30131321,1.033435152,1.047372778,0.412496464,0.416536801,0.841567576,0.841912529,0.064213939,0.067730224,200.5886499,14.57294282,13.76445735,0.514265343,0.089619333,0.04483264,0.500256345,0.217192648,0.063799096,0.293744269,5.797222093,1.765070577,0.304468338,16.86113473,11.58453444,0.687055445,4.216119095,1.995054157,0.473196822,0.089830372,0.044968189,0.50059004,0.089906248,0.044898088,0.499387851,0.217486216,0.063817229,0.293431141,0.217629413,0.063758335,0.292967454,5.801668334,1.759525025,0.303279147,5.804561388,1.757464364,0.302772983,16.86558588,11.58471748,0.686884972,16.85667352,11.58434904,0.68722628,4.216511976,1.99519783,0.473186805,4.215725325,1.99491006,0.47320684,0.222221547,0.100682947,0.45307464,0.191088882,0.137310697,0.718569786,0.204924857,0.13057466,0.637183121,9.159991808,4.445879838,0.485358495,2.822736631,1.281896302,0.45413245,0.218551541,0.097605733,0.446602811,0.225695794,0.103535556,0.458739413,0.187388056,0.135657799,0.723940478,0.194592305,0.138978084,0.714201332,0.201668853,0.129092082,0.640119085,0.208007184,0.132091199,0.63503191,8.99564205,4.297038602,0.477680034,9.315575089,4.58317805,0.491990887,2.786954155,1.258804066,0.45167735,2.856610457,1.30441224,0.456629372,animal,2cm,Goniobranchus collingwoodi,60_GoniobranchusCollingwoodi_4_NB_D_RAW_AO,animals_only,NB,D,colour_defence_2024
0.391727198,0.652608614,1.665977284,2.924081024,16.74883967,1.205189839,2.008881826,1.666859247,2.710055306,14.37980247,0.202281905,0.412345625,2.03847015,4.376817115,33.40250168,0.1954228,0.424258413,2.170977044,5.170932009,45.84010509,0.613539387,1.244565397,2.028501223,4.033846141,28.36501224,0.593216746,1.277553857,2.153603833,4.554745484,35.23745102,0.34290092,5.501573255,0.550157326,8.669276604,0.192650591,1.82992852,0.794727859,2.409761832,0.7396226,0.371403958,0.767175229,0.059593347,5.500446908,5.502665028,0.550044691,0.550266503,8.574458193,8.740774625,0.190543515,0.194239436,1.829376667,1.830464665,0.568327816,0.575970315,2.403302341,2.411675677,1.043740945,1.047377439,0.370294103,0.372252969,0.806034381,0.811673877,0.061425157,0.057764435,249.2422094,15.27997457,16.31169007,0.483671081,0.067820731,0.036469747,0.537737448,0.196462677,0.061934682,0.315249097,5.484282821,1.802254397,0.32862171,16.64963892,11.22036439,0.673910374,4.176212486,1.818664423,0.435481774,0.068286897,0.036703953,0.537496275,0.068354262,0.036672953,0.536513036,0.19679687,0.061711505,0.313579708,0.196917667,0.061599779,0.312819973,5.488117236,1.796049001,0.327261413,5.491437158,1.793186862,0.326542362,16.6509643,11.21940395,0.673799051,16.64832078,11.22131933,0.67402109,4.175663558,1.818593532,0.435522045,4.176758416,1.818734741,0.435441689,0.208061576,0.076787345,0.369060673,0.208220245,0.209626047,1.006751514,0.222371148,0.198322702,0.891854467,8.510269583,3.341260537,0.392615123,2.704177781,1.005416419,0.371801154,0.205775806,0.075831155,0.368513463,0.210488357,0.077905949,0.370119993,0.202950927,0.207872061,1.0242479,0.213814627,0.211849798,0.990810595,0.217732421,0.195883935,0.899654421,0.227296039,0.201255531,0.885433516,8.412148217,3.293291926,0.39149238,8.614444064,3.396596542,0.394290858,2.680870272,0.988346439,0.368666268,2.728923131,1.02514436,0.375658936,animal,2cm,Goniobranchus collingwoodi,60_GoniobranchusCollingwoodi_3_NB_D_RAW_AO,animals_only,NB,D,colour_defence_2024
0.474417361,0.845680103,1.782565676,2.514160952,12.58444043,1.414857532,2.546997219,1.800179284,2.666430842,14.59019412,0.246876017,0.554156429,2.244675019,4.20732049,29.03355128,0.23406597,0.52627208,2.248392112,4.313167224,30.27151688,0.731533643,1.672547784,2.286357983,4.665899498,38.14743569,0.685488312,1.527029251,2.22765177,4.307191695,31.88528721,0.338861316,4.515617609,0.451561761,8.529950402,0.189554453,1.753611522,0.761583807,2.405896504,0.747433774,0.320558107,0.75450879,0.059525674,4.517367081,4.513851221,0.451736708,0.451385122,8.386354982,8.642439818,0.186363444,0.192054218,1.754447271,1.752768418,0.54504969,0.55152257,2.397856081,2.406983872,1.041375664,1.045339814,0.319050076,0.32171967,0.793212677,0.798431192,0.061145504,0.05790867,249.7946776,15.35443223,16.26857143,0.485546294,0.082918015,0.048067168,0.579695114,0.216046892,0.067027483,0.310245067,5.955254034,1.931565194,0.324346398,16.26615064,10.65746825,0.655193013,5.127149597,2.665197355,0.519820478,0.084105811,0.048426918,0.575785639,0.084059913,0.048433522,0.576178581,0.216453532,0.066952351,0.309315124,0.216496077,0.066861441,0.308834425,5.948485668,1.922354969,0.323167118,5.949807777,1.920034169,0.322705244,16.26687217,10.65728681,0.655152798,16.26543284,10.65764869,0.655233021,5.127482296,2.665167654,0.519780957,5.12681862,2.665226856,0.519859791,0.231862122,0.112518772,0.48528311,0.21694864,0.178399647,0.822312817,0.20865679,0.188629401,0.904017553,9.603772607,5.004123798,0.52105813,2.967100051,1.298552043,0.437650238,0.234398319,0.115646659,0.493376658,0.229188833,0.109153099,0.476258366,0.214566433,0.178951936,0.834016455,0.219459615,0.17793418,0.810783251,0.206548948,0.190466983,0.92213969,0.21087857,0.186808299,0.885857196,9.725499574,5.179925094,0.532612752,9.475465804,4.812577422,0.507898769,2.957606801,1.304273063,0.440989337,2.97710645,1.293539087,0.43449541,animal,2cm,Goniobranchus collingwoodi,60_GoniobranchusCollingwoodi_2_NB_D_RAW_AO,animals_only,NB,D,colour_defence_2024
0.117763107,0.194645855,1.652859366,2.225955847,9.449904278,0.585387386,0.936386222,1.599600955,2.162839166,9.674614966,0.060470594,0.134904972,2.230918593,3.97943631,24.51022321,0.059017257,0.125929157,2.133768383,3.660611265,20.32322072,0.303331819,0.646107364,2.130034911,3.879311706,24.84842951,0.28138637,0.599820614,2.131661933,3.734198634,22.27311094,0.511103252,1.0,1.0,,,0.0,,0.0,,,,0.0,1.0,1.0,1.0,1.0,,,,,0.0,0.0,,,0.0,0.0,,,,,,,0.0,0.0,,,,,0.05525422,,,0.110563477,,,3.18612399,,,,,,,,,0.05525422,,,0.05525422,,,0.110563477,,,0.110563477,,,3.18612399,,,3.18612399,,,,,,,,,,,,,,,0.0,0.0,,0.0,0.0,,0.0,0.0,,0.0,0.0,,0.0,0.0,,0.0,0.0,,0.0,0.0,,0.0,0.0,,0.0,0.0,,0.0,0.0,,0.0,0.0,,0.0,0.0,,0.0,0.0,,0.0,0.0,,0.0,0.0,,animal,2cm,Goniobranchus daphne,61_GoniobranchusDaphne_9_NF_D_RAW_AOB,animals_on_background,NF,D,colour_defence_2024
0.128203922,0.267267498,2.084706094,4.638515255,40.20289683,0.850188084,1.838876672,2.162905722,4.399495808,30.7518481,0.066217172,0.168734353,2.548196317,6.298311225,69.20832894,0.064528544,0.176109419,2.729170824,7.797295517,105.2784305,0.445079039,1.260579469,2.832259796,6.862777978,66.99831634,0.405339303,1.128011413,2.782881908,6.847822966,74.80508625,0.510966343,1.764350502,0.441087626,2.160465085,0.360077514,0.802711536,0.579033976,0.854613742,0.777902952,0.40058257,0.678468464,0.016151238,1.759898116,1.768781741,0.439974529,0.442195435,2.107289313,2.221514224,0.351214886,0.370252371,0.800963116,0.804437911,0.729068047,0.732230942,0.819943839,0.889248612,0.591464455,0.641457281,0.395594707,0.406223903,0.660266251,0.686844111,0.017622808,0.014684606,3740.383352,55.7446458,67.09852217,0.453787107,0.151227344,0.110960722,0.733734517,0.125315376,0.023764251,0.189635553,3.163393887,0.708794614,0.224061448,19.81424785,9.202356483,0.464431279,2.581719938,1.456692397,0.564233314,0.149773455,0.110145121,0.735411498,0.150339383,0.110519341,0.735132336,0.125632301,0.023594014,0.187802132,0.125518547,0.023675339,0.188620246,3.173310513,0.703410795,0.22166466,3.169797981,0.705817143,0.22266944,19.81227107,9.195040042,0.46410833,19.81621212,9.209620304,0.464751803,2.582513751,1.45616703,0.563856448,2.580931148,1.457213681,0.564607732,0.336572925,0.147683058,0.438784724,0.135154699,0.015076022,0.111546417,0.159320514,0.037481878,0.235260837,14.25035581,6.63403144,0.465534442,1.381723029,1.003929218,0.726577756,0.335489232,0.149057359,0.444298489,0.337869087,0.146006483,0.432139218,0.136028126,0.01282689,0.094295867,0.134110028,0.017301511,0.12900982,0.16031142,0.035470675,0.221261062,0.158135332,0.039705304,0.25108433,14.2052615,6.693524226,0.471200353,14.30429128,6.561555755,0.458712398,1.325448022,0.901947713,0.680485163,1.449031264,1.108091913,0.764712219,animal,2cm,Goniobranchus daphne,61_GoniobranchusDaphne_8_NF_D_RAW_AOB,animals_on_background,NF,D,colour_defence_2024
0.233790798,0.432451439,1.849736785,3.875830995,28.86234051,1.037633979,1.903264425,1.834234868,3.311151705,18.72721514,0.113639022,0.288753951,2.540975323,7.147019508,84.06487814,0.12304349,0.273602825,2.223626978,4.91306744,39.97683181,0.491353033,1.21875391,2.48040376,5.696522034,47.10118906,0.545910033,1.273924943,2.333580382,5.243126231,42.91999592,0.562509046,2.927700136,0.487950023,3.043807468,0.202920498,1.332289879,0.743565139,1.458830908,0.749690785,0.34543526,0.746627962,0.033514394,2.93447797,2.920939564,0.489079662,0.486823261,3.133703737,2.969773069,0.208913582,0.197984871,1.33379688,1.330780792,0.685436006,0.683886043,1.491241769,1.427310379,0.832277878,0.79659709,0.348996622,0.342404066,0.758856942,0.740241567,0.030605565,0.036398053,838.5320021,31.67379679,26.47399703,0.544711926,0.070138566,0.029798105,0.424846221,0.143547643,0.057670037,0.401748407,4.031195003,1.580528491,0.392074432,14.04063316,8.767881083,0.624464793,2.985343422,1.349419066,0.452014685,0.070091542,0.029521831,0.421189629,0.070105328,0.029417259,0.419615172,0.143967531,0.057970507,0.402663758,0.143990484,0.0579204,0.402251579,4.043652232,1.587699963,0.392640087,4.044649145,1.586223975,0.392178386,14.04576497,8.770353072,0.624412632,14.03551518,8.765411469,0.624516547,2.986176743,1.349643219,0.451963609,2.984512346,1.349194864,0.452065432,0.258616194,0.066647124,0.257706692,0.177363415,0.254426615,1.434493213,0.19145398,0.242026049,1.264147391,10.63592356,2.930888685,0.275565038,2.316412914,1.0478845,0.452373795,0.260444305,0.070316685,0.269987417,0.257092315,0.06337921,0.246523163,0.179775131,0.258612005,1.438530478,0.175353055,0.250863728,1.430620806,0.194191697,0.245915117,1.266352375,0.18917187,0.238707791,1.261856696,10.72130332,3.104682905,0.289580736,10.56475262,2.775378713,0.262701723,2.346704571,1.139184177,0.485439962,2.291162366,0.964353345,0.420901355,animal,2cm,Goniobranchus daphne,61_GoniobranchusDaphne_11_NF_D_RAW_AOB,animals_on_background,NF,D,colour_defence_2024
0.176103497,0.383081301,2.175319106,5.308390665,51.17260388,0.838798954,1.874212618,2.234400279,5.429363279,44.87416462,0.097678447,0.265313003,2.716187784,7.409612602,92.13133876,0.08145474,0.228374067,2.803692794,8.230007674,111.6827364,0.459153666,1.306816539,2.846142009,7.770986943,88.20859056,0.380471373,1.155766784,3.03772338,8.892643878,113.740873,0.190172533,2.225540309,0.247282257,2.233350507,0.062037514,1.020627181,0.464507448,1.298229108,0.458217914,0.154659885,0.461362681,0.033289373,2.222715418,2.228330372,0.24696838,0.247592264,2.191419793,2.282237565,0.060872772,0.063395488,1.017187496,1.023939309,0.366872839,0.36140565,1.288554282,1.281003712,0.586446326,0.583009914,0.153920576,0.155493876,0.476659583,0.472207782,0.037552133,0.029045914,856.7542044,25.62964582,33.42824986,0.433974925,0.150860869,0.042934107,0.284594058,0.14490902,0.029878293,0.206186563,3.508261811,0.759542894,0.216501201,15.99499586,10.02144106,0.626536021,4.034154523,1.961882733,0.486318192,0.151366685,0.04239881,0.280106618,0.151320913,0.042392306,0.280148364,0.144438525,0.027803713,0.192495135,0.144707318,0.028959685,0.20012592,3.493704407,0.703413919,0.20133756,3.500536716,0.732706065,0.209312493,15.99762521,10.02258793,0.626504734,15.99240134,10.0203085,0.626566848,4.033312313,1.960554873,0.486090518,4.034985574,1.963191722,0.486542439,0.23190897,0.092436345,0.398588917,0.104618086,0.123034853,1.176038081,0.084418766,0.122802832,1.454686405,9.551757808,4.076706419,0.426801695,1.367354066,1.508398849,1.103151617,0.228317595,0.091139816,0.399179992,0.236531072,0.094086251,0.397775437,0.104795687,0.126721732,1.209226596,0.104389512,0.118461422,1.134801947,0.085475252,0.127546808,1.492207447,0.083059068,0.116748965,1.405613712,9.397169014,4.027879726,0.428626932,9.750713674,4.139523401,0.424535428,1.378000056,1.549826673,1.12469275,1.35365267,1.457371195,1.076621224,animal,2cm,Goniobranchus daphne,61_GoniobranchusDaphne_10_NL_D_RAW_AOB,animals_on_background,NL,D,colour_defence_2024
0.357025438,0.648883368,1.817470968,2.991021359,16.45611003,1.571924707,2.765679886,1.75942262,2.99335508,17.74711427,0.188921558,0.434224397,2.298437516,4.4693633,31.34475177,0.17255684,0.396553541,2.298103865,5.139504971,43.81704779,0.822217487,1.821437452,2.215274524,4.487002786,34.02475772,0.749944844,1.716615078,2.288988438,5.106743935,45.46238498,0.272540516,4.59501532,0.574376915,4.843782157,0.17299222,1.656737826,0.796722482,1.908851721,0.673740904,0.373684567,0.735231693,0.068550248,4.580376676,4.609447506,0.572547084,0.576180938,5.029986143,4.629946514,0.179642362,0.165355233,1.654114863,1.659308907,0.583829971,0.58566324,1.935874431,1.87136693,0.930958814,0.899937263,0.376094723,0.370768085,0.757394392,0.742800252,0.072408446,0.064705008,185.1732604,12.81054366,14.45475425,0.469847925,0.12177211,0.06748012,0.554150864,0.154780853,0.05681216,0.367049019,4.079674595,1.158743893,0.284028509,19.6760967,11.52515562,0.585744002,3.678450881,1.83884689,0.49989709,0.122932944,0.068234621,0.555055616,0.122481107,0.068162666,0.556515752,0.156042636,0.057355604,0.367563672,0.155665838,0.057290759,0.368036812,4.105903875,1.16831971,0.284546289,4.09828837,1.167781299,0.284943663,19.69635454,11.53183441,0.585480648,19.65607319,11.51851026,0.586002613,3.681715509,1.83998685,0.499763451,3.675224017,1.837712908,0.500027454,0.226963883,0.08700321,0.383335046,0.170556944,0.095841905,0.561934934,0.133904045,0.108713149,0.811873525,9.329434493,3.846362881,0.412282533,2.070572627,0.826112701,0.398977892,0.226621723,0.089692579,0.39578103,0.227345492,0.083900395,0.369043582,0.169080875,0.092632681,0.547860192,0.172203198,0.099271367,0.576478072,0.133429634,0.106592397,0.798865991,0.134433153,0.111028103,0.825898227,9.319751115,3.956991002,0.424581188,9.340234328,3.71906845,0.39817721,2.084233156,0.823904643,0.395303491,2.055337089,0.828286079,0.402992815,animal,2cm,Goniobranchus geometricus,63_GoniobranchusGeometricus_21_NL_D_RAW_AOB,animals_on_background,NL,D,colour_defence_2024
0.312371814,0.536782889,1.718410128,1.862574517,7.414300973,1.724106819,2.834818958,1.644224665,1.654559777,6.383651774,0.160765352,0.348857737,2.169980858,3.390669869,19.0219091,0.155667597,0.33506914,2.152465548,3.421778124,19.19777464,0.888173602,1.869937746,2.105374154,3.086774177,15.79248364,0.83821517,1.756796325,2.095877512,3.327452437,19.01987306,0.279300653,2.287224726,0.571806182,1.989655755,0.331609293,0.954941687,0.688844818,0.731688402,0.527801614,0.451707737,0.608323216,0.055967994,2.287811741,2.286643955,0.571952935,0.571660989,1.988788733,1.989902017,0.331464789,0.331650336,0.954860786,0.955019773,0.68878646,0.688901146,0.73794451,0.723840617,0.532314443,0.522140634,0.451708862,0.451655663,0.610550451,0.60552089,0.059029543,0.052921503,285.2728055,15.94066986,17.89591078,0.471107587,0.115424057,0.046682147,0.404440356,0.126198355,0.025668494,0.20339801,3.193427312,0.47340776,0.148244414,14.91920446,6.75726484,0.452923938,2.397987128,1.133106804,0.472524139,0.11552834,0.046446504,0.402035587,0.115512166,0.046430526,0.401953558,0.126317636,0.025417585,0.201219607,0.126329385,0.025412018,0.201156824,3.195544126,0.466620588,0.146022264,3.195955693,0.467308846,0.146218812,14.92003018,6.758285609,0.452967288,14.9183881,6.756255357,0.452881056,2.398131481,1.133186463,0.472528914,2.397844412,1.133028018,0.472519406,0.279406095,0.022287712,0.079768168,0.150429294,0.081969406,0.544903213,0.102000003,0.069726226,0.683590423,11.48763303,1.021386646,0.088911845,1.722091242,0.978279032,0.56807619,0.279604836,0.024492681,0.087597488,0.279185505,0.01954815,0.070018498,0.149773349,0.082039415,0.547757097,0.151157348,0.081883427,0.541709868,0.101481134,0.069833979,0.688147408,0.102575913,0.069600392,0.678525691,11.49775567,1.131447211,0.098405919,11.4763976,0.883131554,0.076951983,1.71424637,0.978857761,0.571013466,1.730798509,0.977537996,0.564790177,animal,2cm,Goniobranchus geometricus,63_GoniobranchusGeometricus_20_NL_D_RAW_AOB,animals_on_background,NL,D,colour_defence_2024
0.343367391,0.563484493,1.641054184,2.270222534,11.83969719,2.073215512,3.231907686,1.558886506,1.920912174,8.679327751,0.169808519,0.348130823,2.050137558,3.999576939,29.01915173,0.178412665,0.353141695,1.979353286,3.99141802,30.19782192,1.013796377,2.024000563,1.996456695,3.767442517,24.50856706,1.060654033,1.993560094,1.87955736,3.501427645,22.72267977,0.293649598,5.892127554,0.736515944,7.309685982,0.261060214,1.853182991,0.891192637,2.233961239,0.702933732,0.498788079,0.797063184,0.097370508,5.893263613,5.890966884,0.736657952,0.736370861,7.394111426,7.221259826,0.264075408,0.257902137,1.853519511,1.85284212,0.599642205,0.590925064,2.241222964,2.224365029,1.077800419,1.069693466,0.50036668,0.497136499,0.838721312,0.830309265,0.09472618,0.100006885,86.00411308,9.556743621,8.999311532,0.515020221,0.088748496,0.060101347,0.677209752,0.106349321,0.055274088,0.519740866,2.788676254,1.362153905,0.488458961,17.67323993,10.81691487,0.612050474,3.275340636,2.120152509,0.647307485,0.09006278,0.061123245,0.678673747,0.090033509,0.061065564,0.678253737,0.106693812,0.056152488,0.526295641,0.106640861,0.055948943,0.524648269,2.789109879,1.383018714,0.495863833,2.788025905,1.377317367,0.494011682,17.67860872,10.81881245,0.611971939,17.66785586,10.8150085,0.612129088,3.276215953,2.120646771,0.647285405,3.274462831,2.119656312,0.647329477,0.239189205,0.084775972,0.354430596,0.19324938,0.177266457,0.917293794,0.163787805,0.191139636,1.166995527,9.851078481,3.786080228,0.384331547,1.49619108,1.018974882,0.681045954,0.241435861,0.086725189,0.359205914,0.237067577,0.083082658,0.350459809,0.192009053,0.1759568,0.916398461,0.194420682,0.17897884,0.920575108,0.161952165,0.18928104,1.168746581,0.165521289,0.193390882,1.168374676,9.951049911,3.874466704,0.389352555,9.756670579,3.709162442,0.380166822,1.507369594,1.021720248,0.677816676,1.485634663,1.019136708,0.685994164,animal,2cm,Goniobranchus geometricus,63_GoniobranchusGeometricus_18_NF_D_RAW_AOB,animals_on_background,NF,D,colour_defence_2024
0.272655005,0.456556372,1.674483737,2.176252889,14.06739196,2.076183038,3.390250431,1.632924636,1.649923621,7.685482489,0.138346928,0.281612909,2.035555927,4.294854069,43.11877811,0.139334067,0.280100698,2.010281514,3.818827261,31.94187084,1.048206109,2.095165766,1.998810871,3.35386446,22.27307514,1.0294119,2.070306467,2.011154588,3.3351664,21.64529446,0.244541133,4.515977956,0.451597796,5.628672355,0.125081608,1.715084613,0.744851784,2.089522985,0.620534426,0.288339702,0.682693105,0.080057403,4.514327488,4.517617929,0.451432749,0.451761793,5.592630694,5.662604208,0.124280682,0.125835649,1.715096863,1.715070254,0.520382814,0.514695376,2.075258888,2.099579432,0.901273484,0.911835762,0.287856715,0.288798721,0.710828149,0.713265569,0.0808268,0.079289513,132.0533146,11.37213404,11.61200828,0.494781745,0.089316548,0.05770558,0.646079376,0.051270749,0.033385841,0.651167407,1.33070948,0.927585074,0.697060543,17.92094888,11.42425305,0.637480366,3.327485843,2.523949849,0.758515578,0.090202083,0.057983827,0.642821377,0.090125971,0.057988171,0.64341244,0.050812285,0.032819278,0.645892582,0.050767664,0.032667309,0.643466852,1.31809089,0.91457437,0.693862902,1.316789059,0.910252717,0.69126692,17.9207068,11.4233828,0.637440416,17.92119007,11.42512007,0.637520166,3.327568903,2.523744195,0.758434842,3.327403084,2.524154738,0.75859602,0.275961545,0.087991007,0.318852423,0.214380192,0.160016163,0.746413003,0.172187396,0.182447847,1.059588857,11.44305954,3.952991694,0.345448844,1.234461465,0.929490617,0.752952315,0.274758064,0.086828181,0.316016861,0.277185956,0.089311948,0.322209499,0.214318407,0.160834999,0.750448838,0.214443052,0.159499038,0.743782729,0.172148995,0.183022791,1.063165027,0.172226466,0.18222499,1.058054518,11.38760669,3.901080434,0.34257246,11.49947679,4.011969972,0.348882827,1.223199864,0.902671255,0.737958924,1.245918919,0.95762099,0.768606187,animal,2cm,Goniobranchus geometricus,63_GoniobranchusGeometricus_17_NF_D_RAW_AOB,animals_on_background,NF,D,colour_defence_2024
0.329441997,0.507156127,1.539439813,2.278940708,12.33888244,2.111550448,2.986799397,1.414505346,1.773543038,8.927545282,0.174548245,0.335661229,1.923028375,4.117624445,31.08957563,0.159755945,0.286028621,1.790409868,3.790254304,28.5294636,1.101953888,1.970736817,1.788402255,3.642912772,25.90979788,1.010830009,1.666582651,1.648726923,3.14452411,21.9987189,0.274404733,6.417983446,0.641798345,8.138983769,0.180866306,1.94081912,0.842887034,2.326241925,0.705812217,0.411332325,0.774349626,0.111033076,6.417624754,6.418061565,0.641762475,0.641806157,8.306622229,7.941729262,0.184591605,0.176482872,1.941459602,1.940147949,0.589064229,0.595485102,2.337526605,2.308039962,1.015174906,1.00236902,0.41317704,0.409144514,0.802119567,0.798927061,0.114385667,0.107692012,64.15113069,7.742354032,8.285739766,0.483048959,0.127441113,0.08691613,0.682010129,0.096184383,0.033650601,0.349855141,2.385498143,0.74789735,0.313518312,17.10242718,10.83094879,0.633298928,3.32806825,2.410393889,0.724262157,0.12870311,0.088721308,0.689348593,0.128222934,0.088376259,0.689239092,0.096881801,0.033387861,0.344624699,0.096638299,0.033205492,0.343605927,2.397502463,0.744457208,0.310513636,2.392356593,0.738079786,0.308515791,17.11949076,10.83541872,0.632928799,17.08554982,10.82649644,0.633663918,3.328859337,2.410193982,0.724029987,3.327285796,2.410591313,0.724491811,0.212159307,0.07770922,0.366277687,0.143848131,0.102445369,0.712177264,0.11076315,0.086688387,0.782646455,8.687977685,3.415809537,0.393165091,1.149743902,0.893745561,0.777343163,0.215762288,0.081031352,0.375558456,0.208345539,0.073886506,0.354634451,0.146506884,0.103305575,0.705124377,0.141033833,0.101523212,0.719850054,0.112295157,0.086332302,0.768798092,0.109141516,0.087097658,0.798024996,8.847027474,3.575136608,0.404105969,8.519622922,3.2321754,0.3793801,1.170265244,0.891102178,0.761453168,1.128021988,0.896666971,0.794902032,animal,2cm,Goniobranchus geometricus,63_GoniobranchusGeometricus_16_NL_N_RAW_AOB,animals_on_background,NL,N,colour_defence_2024
0.338080212,0.492110437,1.455602604,2.10779314,9.501648928,2.158838499,3.035337435,1.406004866,1.935159423,8.542633327,0.173698509,0.328951431,1.893806874,3.809994612,24.11836095,0.168797772,0.292766397,1.734420983,3.790870056,26.20001831,1.117574957,2.046591721,1.831279153,3.510036808,20.70151631,1.043420978,1.789977704,1.715489474,3.706543829,25.29278782,0.264789315,3.730047803,0.746009561,4.386319943,0.438631994,1.453778238,0.903283206,1.585403249,0.762417802,0.592320777,0.832850504,0.086874618,3.730267556,3.729813991,0.746053511,0.745962798,4.435400299,4.330215633,0.44354003,0.433021563,1.453679181,1.453873084,0.699071915,0.747142968,1.596934355,1.571939225,0.992231103,0.976700756,0.594796771,0.589492181,0.845651509,0.861921862,0.089067931,0.084692572,110.5315578,10.22738552,10.8074109,0.486212717,0.099413865,0.067451787,0.678494764,0.080571818,0.015193762,0.188574154,2.088018442,0.180182844,0.086293703,18.42333986,10.10302475,0.548381826,2.151223082,1.223966167,0.56896292,0.099215865,0.067858573,0.683948815,0.099282132,0.06778969,0.682798495,0.080746184,0.015083825,0.186805425,0.080729325,0.01508404,0.186847091,2.088758796,0.179836485,0.086097296,2.088609035,0.179825871,0.086098388,18.42903287,10.1069388,0.548424807,18.41770318,10.09914397,0.548338948,2.151849566,1.224142253,0.568879104,2.150602796,1.223791402,0.56904576,0.257180681,0.07177807,0.279095886,0.126377056,0.067763318,0.536199531,0.054977586,0.037919325,0.689723356,10.59124632,3.242475265,0.306146715,1.372325744,0.688022483,0.50135508,0.257283822,0.072494516,0.281768652,0.257072769,0.071756547,0.279129319,0.126576031,0.067450919,0.532888559,0.126168876,0.068793516,0.545249496,0.055447073,0.037683383,0.679627994,0.054486381,0.03855298,0.707570939,10.59715874,3.276601467,0.309196224,10.58506039,3.239595799,0.306053596,1.362551269,0.689753104,0.506221761,1.382552377,0.69314616,0.501352551,animal,2cm,Goniobranchus geometricus,63_GoniobranchusGeometricus_15_NL_N_RAW_AOB,animals_on_background,NL,N,colour_defence_2024
0.340933338,0.538408831,1.579220253,2.610338184,13.60574848,2.085004609,3.139377647,1.505693385,2.28897803,10.29024695,0.169207175,0.338737693,2.001910935,4.242942109,29.87367208,0.176741537,0.344467086,1.94898772,4.467930957,35.35523687,1.021906081,2.007372365,1.964341344,4.072617962,26.18854099,1.065341337,1.970177356,1.849339069,3.882196714,25.27781256,0.280752472,4.442195229,0.634599318,4.590276549,0.218584598,1.62923606,0.837261711,1.792908285,0.679374512,0.426591958,0.758318111,0.077369347,4.44590236,4.438473085,0.635128909,0.634067584,4.55260273,4.621716868,0.216790606,0.220081756,1.630106095,1.628360485,0.617684988,0.617023536,1.781319767,1.800668618,0.915417275,0.925360618,0.425959757,0.42707467,0.766551132,0.771192077,0.075669175,0.079064191,142.2846215,12.21542093,11.64795076,0.511889983,0.09336125,0.064816665,0.69425661,0.1023447,0.051043722,0.498743194,2.702821581,1.249328215,0.462231108,18.40855599,11.32044588,0.61495567,3.457252843,2.206410367,0.638197571,0.094333047,0.065380886,0.693085698,0.094214351,0.065255592,0.692629006,0.102734221,0.051463368,0.500936959,0.102631344,0.05126023,0.499459797,2.705072162,1.260039679,0.465806309,2.702855968,1.25385055,0.463898397,18.41526915,11.32336674,0.614890103,18.40183919,11.31751802,0.615021026,3.457774612,2.206526491,0.638134852,3.456730791,2.20629403,0.6382603,0.286157079,0.080908102,0.282740174,0.19878338,0.152977442,0.769568574,0.167249587,0.169901655,1.015856944,11.87508805,3.73398093,0.314438168,1.746212949,0.952750485,0.545609564,0.287244374,0.081965856,0.285352345,0.285119734,0.07987103,0.28013154,0.197299653,0.151112123,0.765901617,0.200198947,0.154721829,0.772840376,0.164391953,0.167260665,1.017450442,0.169975945,0.172336048,1.013884922,11.92551719,3.782570731,0.317182951,11.82697557,3.686333988,0.311688645,1.750783072,0.942324585,0.538230349,1.741852773,0.962570393,0.552612946,animal,2cm,Goniobranchus geometricus,63_GoniobranchusGeometricus_14_NL_N_RAW_AOB,animals_on_background,NL,N,colour_defence_2024
0.272537753,0.470626283,1.726829692,2.933201326,18.77484212,1.778761443,2.799168425,1.573661514,2.090682318,9.324685493,0.136385915,0.300665811,2.204522449,5.127586059,48.70316043,0.139234747,0.291578238,2.094148511,4.475950791,37.56461235,0.873019262,1.757643316,2.013292711,3.942053214,26.45372836,0.907128334,1.802421924,1.986953616,3.67131202,22.68565046,0.314120383,2.436384746,0.406064124,2.149135704,0.143275714,1.03598196,0.578192541,0.875754245,0.48876775,0.274669919,0.533480146,0.050701787,2.437379618,2.435388645,0.406229936,0.405898107,2.16083562,2.137825323,0.144055708,0.142521688,1.036308425,1.035654474,0.578374744,0.578009767,0.885935424,0.865146215,0.494449975,0.482847296,0.275142822,0.274209898,0.536412359,0.530428532,0.049918716,0.051484484,350.6432056,19.03256637,18.42332762,0.508132749,0.201492715,0.097443829,0.483609685,0.064389102,0.02068163,0.321197675,1.516803079,0.516434472,0.340475622,21.7926257,12.21286112,0.560412558,3.901556989,2.353248944,0.603156368,0.20171995,0.097083374,0.481277998,0.201696961,0.097020594,0.481021597,0.064292468,0.020224463,0.314569714,0.064288378,0.020254974,0.315064322,1.514462112,0.504855272,0.333356159,1.514386499,0.505732072,0.333951783,21.79397051,12.21395392,0.56042812,21.79127932,12.21176676,0.560396963,3.901560022,2.35322917,0.603150831,3.901553953,2.353268741,0.603161912,0.341476882,0.07093117,0.207718806,0.094142051,0.102693315,1.09083362,0.095019722,0.102630153,1.080093172,14.30223001,3.19836939,0.223627322,1.586776239,1.193516852,0.75216456,0.341027426,0.071614512,0.209996341,0.341912461,0.070259294,0.205489129,0.094715463,0.104184479,1.099973286,0.093586344,0.101223514,1.0816056,0.095659429,0.104265075,1.089961292,0.094399766,0.101015827,1.070085565,14.28289901,3.226094935,0.225871158,14.32096418,3.171133664,0.221432972,1.591448978,1.19667402,0.751939922,1.582247771,1.19042817,0.752365206,animal,2cm,Goniobranchus geometricus,63_GoniobranchusGeometricus_13_NP_N_RAW_AOB,animals_on_background,NP,N,colour_defence_2024
0.570473704,1.124331184,1.970872937,2.925839063,16.62079384,1.030357732,1.823491776,1.769765702,2.423074951,14.6105141,0.319030082,0.779713971,2.444013951,4.705865014,35.42604773,0.25865263,0.645039882,2.493846208,5.427082817,48.7787452,0.564510182,1.2307963,2.180290701,4.081641019,31.04811631,0.466565911,1.03820511,2.225205669,4.89837066,49.57437813,0.177403679,7.149635677,0.44685223,10.90652465,0.090887705,2.202871274,0.794517866,2.788523326,0.750900555,0.268869968,0.77270921,0.065897945,7.159236573,7.139755591,0.447452286,0.446234724,10.70555677,10.96727371,0.089212973,0.091393948,2.203539781,2.202176589,0.593374719,0.605395032,2.778214633,2.785736876,1.002029118,1.004742194,0.268332629,0.268814336,0.797701919,0.805068613,0.072229793,0.059584165,202.7277137,12.84470247,15.78298246,0.448681146,0.112423574,0.057820997,0.514313809,0.285519001,0.118346215,0.41449506,8.024898635,3.959996059,0.493463686,13.44694719,9.196548354,0.683913473,7.368500328,4.355896529,0.591151026,0.112659347,0.058247834,0.517026203,0.112910445,0.058056338,0.514180396,0.285778886,0.118066617,0.413139747,0.285116563,0.117787519,0.413120578,8.036132911,3.965130568,0.493412766,8.010967517,3.953337056,0.493490586,13.45775054,9.199436421,0.683579057,13.43631952,9.193693154,0.684241926,7.373066381,4.356477454,0.590863723,7.364008529,4.355319993,0.591433317,0.169172999,0.067399266,0.398404392,0.184803115,0.159588424,0.863559167,0.199666483,0.159842216,0.800546058,6.87165048,2.8642632,0.416823179,3.816453565,2.530029889,0.662926942,0.169401606,0.066868275,0.394732235,0.168896665,0.068101769,0.403215592,0.18695575,0.162291128,0.868072408,0.182201071,0.156372889,0.858243521,0.202457169,0.161660702,0.798493344,0.196293179,0.157704156,0.803411289,6.880230999,2.83728574,0.412382337,6.861278589,2.899365245,0.422569235,3.799166434,2.523306678,0.664173766,3.837349763,2.540480121,0.662040282,animal,2cm,Goniobranchus sp,60_GoniobranchusCollingwoodi_6_NB_D_RAW_AO,animals_only,NB,D,colour_defence_2024
0.512570235,1.158497002,2.260172213,4.190814179,26.90605083,0.994382982,1.922584652,1.933444847,3.808165164,26.04663143,0.269740742,0.736765001,2.731381977,6.520962544,62.04826587,0.246665353,0.709982577,2.87832307,6.935373588,68.46695427,0.519198759,1.231900426,2.372695242,5.931545022,58.4023331,0.476212896,1.158071991,2.431836688,6.092944415,60.19099281,0.210560821,5.519882449,0.290520129,18.54983821,0.108478586,2.132927716,0.724391889,3.359535923,0.796191442,0.199499357,0.760291666,0.053455202,5.5008957,5.538751556,0.289520826,0.29151324,18.83455351,18.10123423,0.110143588,0.105855171,2.130482576,2.135326611,0.510370131,0.511530549,3.362955302,3.343637717,1.142137883,1.135577181,0.199832207,0.198684205,0.826254007,0.823553865,0.056223621,0.050691488,314.356629,16.78611874,18.72717773,0.472671377,0.0623889,0.040787738,0.653765946,0.195823147,0.159582928,0.814933935,5.381432971,4.530680786,0.841909731,16.3101231,10.79074755,0.661598167,7.44611706,5.107027506,0.68586452,0.062585381,0.041211215,0.658479893,0.062638619,0.04116595,0.657197586,0.193391418,0.159050057,0.822425624,0.194044162,0.15903704,0.819591984,5.303443094,4.512762451,0.850911827,5.322384704,4.512942435,0.847917369,16.31965053,10.79050707,0.66119719,16.3006673,10.79097745,0.661996055,7.447412305,5.109862057,0.686125845,7.444831553,5.104212364,0.685604816,0.190621005,0.101242211,0.531117812,0.372426471,0.297636257,0.799181263,0.381894367,0.291088393,0.762222274,7.820228089,4.353825675,0.556738963,4.261536635,2.707677918,0.635375957,0.190917567,0.1006351,0.527112836,0.190292638,0.101982217,0.535923082,0.365629124,0.295783408,0.808971136,0.379952819,0.299706478,0.788799195,0.376177459,0.288931485,0.768072297,0.388224402,0.293535872,0.756098459,7.832266451,4.336065511,0.553615679,7.806898636,4.376514116,0.56059574,4.249058363,2.675176195,0.629592716,4.275353177,2.745089403,0.642073132,animal,2cm,Goniobranchus sp,60_GoniobranchusCollingwoodi_1_NB_D_RAW_AO,animals_only,NB,D,colour_defence_2024
0.177599722,0.333630884,1.878555215,3.206655052,19.29792756,0.810701607,1.568724192,1.935020455,3.632553467,25.85158907,0.089384127,0.221192407,2.47462737,5.576450282,50.67313222,0.091172942,0.216651049,2.376264752,4.918532203,39.06564375,0.407906878,1.036103839,2.540049937,6.060375769,63.13543122,0.403713485,1.022704825,2.533244151,5.817388546,58.01606892,0.467261735,1.106336039,0.27658401,1.762725839,0.29378764,0.237815221,0.17154742,0.859443677,0.619957565,0.285185825,0.395752493,0.007243159,1.106283685,1.106388088,0.276570921,0.276597022,1.712662437,1.816120623,0.285443739,0.30268677,0.237713908,0.237914846,0.171474338,0.171619284,0.829862982,0.887859083,0.598619604,0.640454948,0.28100733,0.289641896,0.385046971,0.406037116,0.007420012,0.007067207,18794.59236,133.7706667,140.4986072,0.48773479,0.077561237,0.015924334,0.20531305,0.110508824,0.02481014,0.224508228,3.368220208,0.514165122,0.152651872,17.10695958,6.585884225,0.384982743,2.67207609,0.777909512,0.291125509,0.077412843,0.015399581,0.198927993,0.077393537,0.015380065,0.198725438,0.110271129,0.0240313,0.217929213,0.110249818,0.024040525,0.218055004,3.364658171,0.498430745,0.148137112,3.364104351,0.499706269,0.148540657,17.10583946,6.584776926,0.38494322,17.1080736,6.58698505,0.38502202,2.671930918,0.777752376,0.291082517,2.672220472,0.778065725,0.291168238,0.296816573,0.107971208,0.363764081,0.323051472,0.106145131,0.328570338,0.249536774,0.158064592,0.633432058,12.39815382,5.042021304,0.406675169,2.486689812,0.520653545,0.209376152,0.298114269,0.106068759,0.355799002,0.295461042,0.109901477,0.371966051,0.325366433,0.102318387,0.314471243,0.320633336,0.109930973,0.342855719,0.250136028,0.156811394,0.626904468,0.248910812,0.159359912,0.640228967,12.45122523,4.963897074,0.398667358,12.34271711,5.121572245,0.414946904,2.500026593,0.497302702,0.198918965,2.472758633,0.543510022,0.21979906,animal,2cm,Goniobranchus splendidus,67_GoniobranchusSplendidus_43_NF_N_RAW_AOB,animals_on_background,NF,N,colour_defence_2024
0.605559195,1.164661223,1.923282202,4.058258154,27.62522242,0.635140884,1.161934017,1.829411467,3.928762839,26.6036459,0.319480214,0.802439991,2.511704813,6.503667977,65.41261687,0.291442102,0.707976254,2.4292175,6.102768206,57.69863191,0.32382156,0.785620511,2.42609081,6.302498121,62.33537603,0.312485927,0.74343905,2.379112097,6.053158216,57.00245664,0.462546805,3.730106509,0.532872358,7.548425518,0.359448834,1.597396436,0.82089938,2.179120937,0.804682622,0.446160596,0.812791001,0.047049399,3.729015718,3.731178867,0.532716531,0.533025552,7.657693393,7.392155305,0.364652066,0.352007395,1.597361837,1.597426507,0.589856804,0.605301935,2.187312024,2.163941963,1.124056023,1.112046188,0.448684299,0.442516474,0.856956414,0.858674061,0.049483938,0.044617942,411.303832,19.2085776,21.41250854,0.472872083,0.048526531,0.011829185,0.243767372,0.348314415,0.222438335,0.638613635,10.44245245,6.796806956,0.650882251,7.005226141,5.312381649,0.75834549,9.756659093,5.631294245,0.57717444,0.048496904,0.011849978,0.244345042,0.048522137,0.011834809,0.243905351,0.345706438,0.222783563,0.644429893,0.346180238,0.222725451,0.643380027,10.36342766,6.812023797,0.657313779,10.37715826,6.809763688,0.656226254,7.007542965,5.31426583,0.758363646,7.002924034,5.310507606,0.758327176,9.758406158,5.632084295,0.577152068,9.754923126,5.630508477,0.577196602,0.096844354,0.07998261,0.825888202,0.283712851,0.231074283,0.814465338,0.288760953,0.237697048,0.823162014,3.920405716,3.299212569,0.84154876,5.466578505,2.712649075,0.496224297,0.096420724,0.07805158,0.809489669,0.097313591,0.082275927,0.845472111,0.283404053,0.228668888,0.80686527,0.284054892,0.234307713,0.824867727,0.288055127,0.23535206,0.817038261,0.289542765,0.240880456,0.831933949,3.901487093,3.218568636,0.824959447,3.941361032,3.394836409,0.861336067,5.546031299,2.791000297,0.503242796,5.37857218,2.626830708,0.488388111,animal,2cm,Goniobranchus splendidus,67_GoniobranchusSplendidus_42_NF_D_RAW_AOB,animals_on_background,NF,D,colour_defence_2024
0.3014492,0.523845977,1.737758723,3.175631001,19.5990446,1.0298664,1.853885493,1.80012232,3.682564824,24.40429039,0.162303569,0.373336973,2.300238835,4.856096916,35.91619616,0.142832275,0.312678629,2.189131474,5.554575589,61.01666993,0.553433708,1.343590408,2.427735044,5.969093451,54.50552199,0.476035643,1.072858409,2.253735458,5.371504917,50.22832129,0.462882784,2.962964437,0.370370555,3.082150583,0.110076807,1.348282222,0.648386692,1.43167079,0.516366087,0.240223681,0.582376389,0.052506024,2.9564321,2.969412738,0.369554012,0.371176592,3.186846653,2.956922138,0.113815952,0.105604362,1.347160579,1.349378056,0.485885471,0.511310626,1.445251527,1.392455862,0.69501907,0.669629722,0.241684982,0.238390477,0.590452271,0.590470174,0.056560004,0.048472302,327.4406903,16.68033827,19.63033873,0.459378333,0.052986304,0.035112591,0.662672961,0.120079931,0.02816149,0.234522869,3.508424684,0.789575115,0.22505118,14.99325373,8.591573606,0.573029294,4.009184367,2.288156454,0.570728668,0.052938921,0.035290854,0.666633432,0.053044162,0.035448852,0.668289418,0.120096521,0.027742718,0.231003507,0.12011937,0.027736382,0.230906822,3.510903678,0.778540783,0.2217494,3.510678944,0.778019459,0.221615098,14.99236718,8.589584181,0.572930484,14.99412836,8.59353571,0.573126727,4.009964259,2.289061374,0.570843336,4.008414968,2.28726306,0.570615338,0.190667677,0.080153289,0.420382155,0.116619711,0.163173546,1.399193536,0.127328054,0.192983294,1.515638448,7.801837064,3.622007172,0.464250553,2.05692229,0.797225443,0.387581702,0.194388833,0.088594215,0.455757738,0.186347336,0.069132244,0.370985952,0.114576859,0.159174241,1.389235506,0.118991505,0.16846806,1.415799057,0.124690432,0.19046508,1.52750357,0.130390389,0.196758031,1.508991831,7.977411499,4.026611248,0.504751604,7.597991439,3.0877615,0.406391811,2.049895076,0.739190238,0.36059906,2.065081034,0.863750816,0.418264853,animal,2cm,Goniobranchus splendidus,67_GoniobranchusSplendidus_41_NF_D_RAW_AOB,animals_on_background,NF,D,colour_defence_2024
0.245920499,0.497525685,2.023115957,5.149979486,51.95618183,0.857470629,1.984919728,2.314854482,6.202411406,58.66008591,0.1165591,0.281059406,2.411303843,6.921653253,88.12615198,0.133054669,0.350238229,2.632288156,7.719800304,104.750182,0.38548287,1.063873461,2.759846273,9.410121369,140.7312781,0.472499691,1.486102253,3.145192011,9.095002544,114.6201519,0.530964703,2.320602175,0.210963834,7.522335425,0.136769735,1.339010043,0.55841056,2.408784898,0.791186449,0.173866785,0.674798505,0.030118256,2.326863018,2.314335859,0.211533002,0.210394169,7.220697561,7.651779797,0.13128541,0.139123269,1.342143443,1.335844276,0.448018488,0.438769726,2.352668505,2.435682321,0.981138973,1.015758423,0.171409206,0.174758719,0.71457873,0.727264075,0.027469948,0.032761975,1045.221844,35.40341792,29.52319029,0.54528365,0.063088473,0.034935415,0.553752748,0.153480991,0.047927821,0.31227203,4.370582444,1.091036942,0.249631933,12.70049532,8.401503051,0.661509874,4.75646961,2.32713664,0.489257124,0.063080828,0.034824642,0.552063805,0.062915282,0.034608268,0.550077297,0.153379084,0.047378683,0.308899243,0.153396633,0.047342095,0.308625386,4.372201049,1.073607179,0.245553022,4.373724709,1.070673786,0.244796794,12.70615504,8.405856128,0.661557812,12.69481449,8.397127251,0.661461202,4.756054662,2.326893396,0.489248665,4.756886105,2.327380683,0.489265589,0.225434938,0.108502026,0.481300844,0.210313876,0.217547543,1.034394622,0.175018495,0.214559014,1.225921944,9.348907194,5.048241424,0.539981981,2.91054013,1.561723575,0.536575173,0.214302292,0.09342517,0.435950401,0.23475316,0.118907946,0.506523302,0.214043596,0.21718968,1.014698332,0.207192034,0.218021564,1.05226808,0.176995049,0.213094502,1.203957416,0.173364085,0.215982665,1.245832808,8.825872329,4.277204477,0.484621159,9.786696672,5.576713274,0.569825904,2.824555611,1.455851282,0.515426666,2.982510701,1.642829133,0.550820868,animal,2cm,Goniobranchus splendidus,67_GoniobranchusSplendidus_40_NF_D_RAW_AOB,animals_on_background,NF,D,colour_defence_2024
0.276399481,0.686481548,2.483657155,4.322869496,24.81381269,1.423647236,3.372397398,2.368843428,4.491111699,26.12752197,0.137154367,0.414361811,3.021134646,6.380622232,52.58326543,0.141816184,0.465324962,3.281183783,6.517926999,52.64332182,0.705309066,2.041345818,2.894257166,6.683389165,56.27958343,0.718733385,2.33396751,3.247334213,6.849431033,56.51586394,0.171641156,1.445453017,0.206493288,5.291246073,0.251964099,0.686402759,0.35274124,1.81767672,0.827260326,0.229228693,0.590000783,0.025369467,1.442160225,1.448743899,0.206022889,0.206963414,5.428174396,4.948608054,0.258484495,0.235648003,0.682692214,0.690052846,0.310706617,0.314056584,1.835800293,1.772668155,0.943414727,0.910971227,0.232253692,0.221305708,0.627060672,0.612513905,0.025972227,0.024767373,1476.693689,37.50266667,39.37569832,0.487818214,0.181093069,0.065606749,0.362281944,0.09819688,0.037978734,0.38676111,2.323541509,0.944165438,0.406347567,18.26142148,10.94672173,0.599445216,4.673627821,2.391597229,0.511721797,0.183020354,0.063966009,0.349502162,0.182836914,0.064057413,0.350352738,0.097304277,0.036009669,0.370072824,0.097516985,0.03674282,0.376783804,2.299937731,0.893456134,0.388469706,2.305827019,0.913278769,0.396074277,18.26751397,10.9483762,0.599335861,18.25534325,10.94506694,0.599554158,4.672892333,2.3901446,0.511491477,4.674361588,2.393045316,0.511951262,0.460110655,0.227119354,0.493618983,0.225091677,0.170932249,0.759389469,0.235062251,0.153674461,0.653760697,21.2862262,11.75060381,0.552028514,3.942232361,1.411335993,0.358004263,0.444411174,0.227499168,0.511911448,0.476555642,0.225405498,0.472988835,0.225647048,0.179907326,0.797295276,0.224509934,0.160993022,0.717086408,0.236771476,0.163199009,0.689268031,0.233271861,0.142994398,0.61299463,20.441796,11.67763921,0.571262878,22.17075503,11.75358745,0.53013925,3.86857225,1.41436838,0.365604747,4.019390298,1.403496475,0.349181436,animal,2cm,Goniobranchus splendidus,67_GoniobranchusSplendidus_39_NF_N_RAW_AOB,animals_on_background,NF,N,colour_defence_2024
0.148217611,0.238895386,1.611788126,2.592331269,13.24170101,0.702029771,1.250605203,1.781413346,4.67631877,51.28720289,0.07545241,0.159828512,2.118269149,4.24158615,29.22245287,0.075630648,0.155887986,2.061174792,4.009831116,26.34625518,0.355098605,0.868047487,2.444525195,8.303645848,141.0119656,0.348466502,0.771928502,2.215215805,4.75804464,40.62338474,0.550813179,1.198574469,0.299643617,1.396296845,0.232716141,0.351317429,0.253421957,0.552588845,0.502988043,0.266179879,0.378205,0.007373643,1.197658549,1.199488754,0.299414637,0.299872188,1.491509546,1.297338694,0.248584924,0.216223116,0.349582608,0.353036339,0.318203803,0.321347524,0.619848639,0.46764411,0.447126279,0.337333919,0.273999781,0.258047652,0.382665041,0.329340722,0.007761452,0.006986583,18170.3565,127.8418741,142.1314935,0.473535131,0.070193966,0.035704679,0.508657389,0.124434298,0.012054461,0.096874099,3.626887284,0.177678008,0.048989118,22.61241767,10.91975148,0.482909508,2.334601254,0.602543729,0.258092781,0.069827003,0.034644174,0.496142934,0.069966529,0.035175516,0.502747759,0.124306169,0.011790972,0.09485428,0.124329392,0.011856387,0.095362707,3.625789168,0.173836851,0.047944556,3.625831434,0.175077509,0.048286169,22.61430245,10.91954914,0.482860312,22.61053799,10.91995285,0.482958559,2.33478818,0.602386978,0.25800498,2.334414835,0.602699938,0.258180307,0.280825591,0.113814794,0.405286402,0.138931502,0.027714791,0.199485288,0.069154842,0.048129712,0.695970243,11.71797632,5.544441551,0.473156917,1.807877094,0.356630356,0.197264713,0.2883049,0.126588135,0.439077294,0.272532787,0.096710249,0.354857299,0.140613163,0.029245007,0.207982003,0.137066934,0.025720622,0.187650083,0.070400315,0.050001949,0.710251783,0.067773903,0.045905554,0.677333783,12.08739561,6.168309327,0.510309212,11.30837668,4.707464074,0.416281152,1.83168094,0.396770387,0.216615448,1.781484193,0.302765864,0.169951474,animal,2cm,Goniobranchus splendidus,67_GoniobranchusSplendidus_38_NF_D_RAW_AOB,animals_on_background,NF,D,colour_defence_2024
0.203081513,0.617894367,3.042592884,7.669687245,94.68416916,0.824722758,2.493725646,3.023713874,6.939045621,60.44375511,0.104304506,0.37808385,3.62480839,9.44029157,126.6453266,0.101026207,0.412478443,4.082885573,13.08701199,275.9210773,0.454369596,1.73604559,3.820778517,9.711050638,115.7069036,0.370643571,1.512917024,4.08186501,11.00917137,149.4053245,0.506888471,3.741880085,0.196941057,13.24668444,0.077465991,1.718582291,0.583670541,3.061132815,0.730640829,0.137203524,0.657155685,0.031573042,3.729704561,3.753971095,0.19630024,0.197577426,13.15747928,13.05685483,0.076944323,0.076355876,1.717783574,1.719140362,0.41621702,0.411830588,3.00298024,3.053131364,1.019881975,1.036914463,0.136622282,0.136966651,0.718049497,0.724372526,0.034364993,0.028787313,948.0035417,28.09938005,33.73752517,0.454411163,0.160343886,0.099947789,0.623333958,0.10548229,0.06865538,0.650871152,2.592197287,1.889381582,0.728872602,20.09053841,13.63270973,0.678563683,7.645637744,5.419453067,0.708829433,0.162980332,0.099848568,0.612641825,0.162300393,0.099903594,0.615547458,0.104787341,0.067581256,0.644937217,0.104242152,0.065036139,0.623894816,2.568746055,1.861714182,0.724756026,2.554140516,1.785070031,0.698892649,20.09192984,13.63548215,0.678654677,20.08915807,13.62995867,0.678473365,7.648282272,5.421120448,0.70880235,7.643014263,5.417797103,0.708856076,0.264111815,0.165823159,0.627852104,0.258757571,0.271285008,1.048413801,0.243799893,0.282366683,1.158190347,11.35653694,8.177704087,0.720087834,2.830623621,2.21426597,0.78225376,0.271513706,0.167387068,0.616495831,0.255295465,0.163618163,0.640897255,0.252167622,0.269263018,1.067793778,0.26660682,0.273652626,1.026427702,0.238537606,0.27984014,1.173148944,0.250067772,0.285414261,1.141347637,11.69231054,8.260462754,0.706486774,10.95659895,8.065468327,0.736128827,2.680500698,1.83509308,0.68460832,3.009434165,2.584110767,0.858669978,animal,2cm,Goniobranchus splendidus,67_GoniobranchusSplendidus_37_NF_N_RAW_AOB,animals_on_background,NF,N,colour_defence_2024
0.19217364,0.651142242,3.388301547,8.236218686,87.31715952,0.77799321,2.320576206,2.9827718,8.414041567,90.65730551,0.106855058,0.483039916,4.520515197,11.73423625,171.9964688,0.087582035,0.349674679,3.992538859,12.24563526,199.0676413,0.400792595,1.542463281,3.848532382,12.05654169,185.1163034,0.377670772,1.511024656,4.000904407,12.72586106,202.5093107,0.494519086,2.502190738,0.278021193,6.316974678,0.175471519,1.11790909,0.508782353,2.212049157,0.751263372,0.226746356,0.630022863,0.01472978,2.499387357,2.504986112,0.277709706,0.27833179,7.03196594,5.361921282,0.195332387,0.148942258,1.11549363,1.120277585,0.378847596,0.387589445,2.280374496,2.064298312,1.037843159,0.93950265,0.236521047,0.213637024,0.708345378,0.663546047,0.015536142,0.013924091,4487.454834,63.36604235,70.81797549,0.472232412,0.17223595,0.11513379,0.668465498,0.163345594,0.051161065,0.313207502,4.23069082,1.415292201,0.334529811,18.69595361,11.79221541,0.630736236,5.609975868,3.29546996,0.587430327,0.172302889,0.115333235,0.66936333,0.172371075,0.115305862,0.66893974,0.162596566,0.048339804,0.297299048,0.163063907,0.050167267,0.307654026,4.212936953,1.34638203,0.319582763,4.225148068,1.391915374,0.32943588,18.69615062,11.79198743,0.630717396,18.69575708,11.79244282,0.63075503,5.606983799,3.292089788,0.587140949,5.612960554,3.298835298,0.587717527,0.324742908,0.185238147,0.570414757,0.163139637,0.195712562,1.199662852,0.17726289,0.186801609,1.053811146,14.23897715,9.376798057,0.658530312,3.647337905,3.416292276,0.936653627,0.321775945,0.180959915,0.56237863,0.328050607,0.190130057,0.579575386,0.194278748,0.214206469,1.102572833,0.128424405,0.165902279,1.291828293,0.207238437,0.206239952,0.995181952,0.14384485,0.155614618,1.081822662,14.06272413,9.129276984,0.649182683,14.43547166,9.656164485,0.668919223,4.177164914,3.668685682,0.878271688,3.056663763,3.001110768,0.981825611,animal,2cm,Goniobranchus splendidus,67_GoniobranchusSplendidus_36_NF_D_RAW_AOB,animals_on_background,NF,D,colour_defence_2024
0.173420704,0.516070982,2.97583259,5.701124119,46.60095643,1.181152516,3.469604575,2.937473804,5.531329128,39.68067883,0.094813608,0.36260875,3.82443785,8.754415788,105.0298141,0.080492169,0.294456476,3.658200304,8.627820473,103.5162915,0.615345878,2.276219653,3.699089786,8.187453768,83.26670378,0.566052559,2.267296996,4.005453133,8.928932038,96.0289241,0.192549412,1.872255545,0.17020505,10.91980209,0.198541856,1.094117787,0.456282557,2.681785054,0.823114055,0.184373453,0.639698306,0.027064942,1.863882635,1.880611346,0.169443876,0.170964668,10.13501059,11.46910376,0.18427292,0.208529159,1.088544911,1.099573328,0.338175491,0.337489487,2.618837872,2.726977088,1.092140221,1.137237776,0.176858398,0.189746914,0.715157856,0.737363632,0.029562835,0.024570921,1303.153595,32.82625483,39.69851577,0.452621285,0.192122997,0.082937037,0.431687193,0.061376105,0.043882457,0.71497624,1.611644147,1.110110758,0.688806372,24.71830335,13.16875709,0.532753276,4.20780001,3.262348652,0.775309816,0.194760768,0.08151042,0.418515601,0.194389102,0.081568892,0.419616587,0.060188158,0.042390381,0.704297696,0.06042345,0.042701785,0.706708819,1.582911778,1.072133458,0.677317254,1.588582524,1.080264766,0.680018035,24.73709123,13.16902046,0.532359296,24.69964059,13.16846628,0.533144044,4.206936531,3.262447496,0.775492445,4.208657738,3.262250215,0.775128418,0.385392214,0.213449928,0.553851167,0.356240634,0.19204278,0.539081626,0.344910733,0.202353561,0.586683862,17.46183888,11.15816797,0.639003031,2.481033222,1.745223544,0.703426108,0.373441104,0.208721668,0.558914552,0.399749067,0.21828824,0.546063163,0.353565666,0.193760035,0.54801711,0.359454068,0.190097408,0.528850345,0.34158573,0.204764353,0.599452306,0.348905056,0.199544736,0.571917009,16.80404222,10.8176175,0.643750912,18.25204915,11.51216715,0.630732859,2.527896518,1.830213284,0.72400641,2.424736407,1.637424349,0.67529994,animal,2cm,Goniobranchus splendidus,67_GoniobranchusSplendidus_35_NF_N_RAW_AOB,animals_on_background,NF,N,colour_defence_2024
0.155579937,0.357465115,2.297629904,6.36422842,75.81368669,0.736426766,1.572517279,2.135334227,5.458611103,48.14386762,0.071518057,0.191929134,2.683645819,7.407139258,93.61509144,0.086597042,0.258739171,2.98785229,9.582165155,161.1507634,0.341272493,0.872133663,2.555534596,7.315540632,87.18948982,0.395865303,1.139553004,2.878638252,8.375225126,103.9568114,0.567635547,3.715622587,0.412846954,5.241849221,0.145606923,1.581713078,0.719868644,1.959206698,0.706634447,0.279226938,0.713251546,0.02722063,3.722852185,3.708336338,0.413650243,0.412037371,5.062572974,5.282843438,0.140627027,0.146745651,1.583080317,1.580316148,0.59986583,0.569978567,1.924041478,1.962339619,0.875669014,0.893099249,0.277138635,0.279391511,0.737767422,0.731538908,0.024197132,0.030238278,1293.320574,40.32721202,32.07066667,0.557022012,0.089929493,0.052794918,0.587070116,0.143285184,0.056930569,0.397323491,3.779091907,1.402372915,0.371087274,23.99800637,15.80397633,0.658553718,3.531791928,1.944628317,0.550606705,0.090622076,0.052732958,0.581899695,0.090576525,0.052746481,0.582341629,0.143742362,0.056765434,0.394910962,0.143578556,0.056663353,0.394650529,3.786587635,1.39740359,0.369040341,3.781898099,1.395098482,0.368888438,23.99388329,15.80013665,0.658506856,24.00214712,15.80783028,0.658600675,3.532123327,1.945309435,0.55074788,3.53145911,1.943943978,0.550464813,0.230167538,0.082380711,0.357916289,0.187650977,0.297222065,1.583908967,0.178966703,0.296428736,1.656334566,9.455764602,3.637507764,0.384686793,1.858938054,1.200387385,0.645738239,0.225781327,0.076002079,0.336618092,0.233670658,0.087223298,0.373274501,0.214219244,0.323197604,1.508723487,0.166431788,0.27419478,1.647490445,0.205947748,0.323009894,1.568407024,0.157417841,0.272759531,1.732710402,9.255988531,3.33217884,0.360002481,9.615319091,3.86708732,0.402179822,1.814832527,1.092712175,0.602100832,1.894163669,1.282275317,0.676961204,animal,2cm,Goniobranchus splendidus,67_GoniobranchusSplendidus_34_NF_N_RAW_AOB,animals_on_background,NF,N,colour_defence_2024
0.233297936,0.681043869,2.919202297,5.482594674,43.23543639,1.008547997,2.738208231,2.715000416,5.917941314,45.51736111,0.131745629,0.480319079,3.645806549,8.157542641,91.77025193,0.103732676,0.377771094,3.641775269,8.474951869,103.4482462,0.580198369,1.944048175,3.350661223,8.353322138,87.65558339,0.428219743,1.545226019,3.608488498,9.51154243,115.0889422,0.165579073,2.002332786,0.14302377,5.983921569,0.06575738,1.123899781,0.425871681,2.472075218,0.665686615,0.104390575,0.545779148,0.031144158,1.990712533,2.013873543,0.142193752,0.14384811,5.5199571,6.55846555,0.060658869,0.07207105,1.118751495,1.128870095,0.303276783,0.312626906,2.381078332,2.528963161,0.902245777,0.958282767,0.101426311,0.10795958,0.60276128,0.635454837,0.035029736,0.027271309,982.5684239,27.54717477,35.66857335,0.435764435,0.251424903,0.091605517,0.36434544,0.151838944,0.095226746,0.627156272,3.714581338,2.665973605,0.717705001,19.09076588,13.67731278,0.716436044,7.644623967,4.525665245,0.59200626,0.254811603,0.089904792,0.352828485,0.253771821,0.090447121,0.356411206,0.149690473,0.091676295,0.612439074,0.15000007,0.092107868,0.614052168,3.653027736,2.569990502,0.703523402,3.662498664,2.583571358,0.705412232,19.10853426,13.68270718,0.716052157,19.07319696,13.67195239,0.716814932,7.643430064,4.523782003,0.591852344,7.645804468,4.527526244,0.592158257,0.32901994,0.152595128,0.46378687,0.150178949,0.168328145,1.12085047,0.163145055,0.172591307,1.05790094,14.12181397,7.322940519,0.518555232,3.366158478,2.683943783,0.79733138,0.339135433,0.148516785,0.437927655,0.31606925,0.156957159,0.496591043,0.148062545,0.170384753,1.15076202,0.152888544,0.165911854,1.085181726,0.162491005,0.174387258,1.073211763,0.163982423,0.170562665,1.040127725,14.571298,7.179507104,0.492715687,13.54634737,7.475045905,0.551812655,3.377752453,2.86365451,0.84779881,3.351314912,2.439138985,0.727815514,animal,2cm,Goniobranchus splendidus,67_GoniobranchusSplendidus_33_NF_D_RAW_AOB,animals_on_background,NF,D,colour_defence_2024
0.185657613,0.490685563,2.642959554,6.807474953,73.9928694,0.80805286,2.08046508,2.574664582,6.457038294,55.30943411,0.099322857,0.313296663,3.154325921,9.801685508,160.8578361,0.089036084,0.289595005,3.25255775,9.73974045,140.1964608,0.43612753,1.372387631,3.146757628,9.269977162,112.9725317,0.372346314,1.274637645,3.423258395,10.31502071,136.4679608,0.193129983,2.309729044,0.19247742,3.820682843,0.057889134,1.109071003,0.446323005,2.101691196,0.577770836,0.125183277,0.51204692,0.027437118,2.303041266,2.316354381,0.191920106,0.193029532,3.640453796,4.05485914,0.055158391,0.06143726,1.105323642,1.112749061,0.306106001,0.312978938,2.064133283,2.130815559,0.83066834,0.857503263,0.123539248,0.127233396,0.568387171,0.5852411,0.030517982,0.024364745,1272.065765,31.76756636,40.04290889,0.442380673,0.143569685,0.043850235,0.305428229,0.148779333,0.05651112,0.379831785,3.656023071,1.526019186,0.417398675,12.80359813,9.919236941,0.774722609,6.542009718,4.686028559,0.716298013,0.144563592,0.043363645,0.299962423,0.144331053,0.043405286,0.300734216,0.14810676,0.053429896,0.360752583,0.148309936,0.054211215,0.36552652,3.63306717,1.441137106,0.396672299,3.639524157,1.463546871,0.402125885,12.81028744,9.923153826,0.774623823,12.79696933,9.915349104,0.774820104,6.541817683,4.685967765,0.716309746,6.542200015,4.686088794,0.716286384,0.27403679,0.148691612,0.542597263,0.1661207,0.201439986,1.212612193,0.146486145,0.202683967,1.383639168,11.64538715,7.109872767,0.610531249,2.285201411,2.342421137,1.025039249,0.271764699,0.14492336,0.533267789,0.276874846,0.153460213,0.554258415,0.159995233,0.197665553,1.235446514,0.173771986,0.206120142,1.186152882,0.14108138,0.198683926,1.408293041,0.153237206,0.207696571,1.355392571,11.52087543,6.899803531,0.598895767,11.80091406,7.372312715,0.624723871,2.210259616,2.299474749,1.040364096,2.378810791,2.395382953,1.006966574,animal,2cm,Goniobranchus splendidus,67_GoniobranchusSplendidus_30_NL_N_RAW_AOB,animals_on_background,NL,N,colour_defence_2024
0.156851205,0.424026205,2.703365944,7.353673633,92.37576739,1.030468765,2.879158693,2.794028107,6.027228438,45.43203814,0.078359092,0.268330221,3.424366133,11.4772159,218.7360533,0.081065141,0.255815816,3.155682113,9.263170275,135.1425977,0.495937038,1.797522694,3.624497779,9.200875779,103.3276035,0.534839946,1.855750573,3.469730683,8.981824074,100.2064262,0.231176915,3.904038519,0.300310655,9.13390766,0.11710138,1.663350651,0.648492589,2.52995951,0.729992008,0.208706018,0.689242299,0.032152698,3.903914327,3.904149419,0.300301102,0.300319186,9.084591213,9.102391082,0.116469118,0.116697322,1.662907539,1.663772826,0.484249777,0.484501755,2.52768205,2.518071721,0.985470549,0.981723757,0.20838511,0.208508254,0.734860163,0.733112756,0.031383533,0.032921166,906.6437595,30.86384365,29.37559462,0.51235278,0.123058388,0.083023911,0.674670882,0.087528426,0.055972728,0.63948058,2.189558756,1.418136558,0.647681435,26.35624867,19.06236982,0.723258081,5.325746502,4.791669183,0.899717848,0.124399374,0.083221664,0.668987806,0.124527086,0.083111335,0.66741572,0.087262445,0.053733675,0.615770902,0.087564,0.054475492,0.622122012,2.178638107,1.355823601,0.622326212,2.186717671,1.378142741,0.630233504,26.36685746,19.06152507,0.722935037,26.34563262,19.06320871,0.723581361,5.325329921,4.791992653,0.899848972,5.326163367,4.791345432,0.899586645,0.335291647,0.170257525,0.507789343,0.359991583,0.302954447,0.841559807,0.335552829,0.315877651,0.941364887,14.67692823,8.913195034,0.607292949,1.685795335,1.569878765,0.931239239,0.334160817,0.170560094,0.510413207,0.336368684,0.170134967,0.505799068,0.351152391,0.303070568,0.863074197,0.368410296,0.302904115,0.822192319,0.325697465,0.31609477,0.970516518,0.344939374,0.315696526,0.915223223,14.62038305,8.89437674,0.608354563,14.73078357,8.939778678,0.606877335,1.743515188,1.721255113,0.987232646,1.630821204,1.410187686,0.864710173,animal,2cm,Goniobranchus splendidus,67_GoniobranchusSplendidus_29_NL_N_RAW_AOB,animals_on_background,NL,N,colour_defence_2024
0.205899106,0.50090252,2.432757141,4.756969305,33.95296366,1.059504163,2.846680096,2.686804069,4.993748209,30.77166684,0.1161905,0.35292278,3.03744952,6.498597787,56.72348192,0.092997166,0.277789551,2.987075451,6.858201549,63.25627306,0.574870612,1.964575956,3.417422834,7.270136695,62.94131744,0.483851863,1.732730854,3.581118492,7.795808538,72.82799982,0.271275905,3.137984168,0.261498681,8.119612439,0.123024431,1.400554512,0.563624598,2.424201438,0.705943643,0.192261556,0.634784121,0.035804052,3.130757564,3.145133867,0.260896464,0.262094489,8.139802895,7.998278922,0.123330347,0.121186044,1.398133649,1.402905612,0.407145853,0.412474036,2.416665891,2.414237125,0.972537898,0.971560491,0.192113405,0.191640267,0.689841876,0.692017264,0.039369814,0.03224941,732.2081091,24.40017089,30.00831889,0.448462565,0.104938981,0.04194569,0.399715047,0.149235713,0.062624851,0.419637164,3.803210191,1.627547598,0.427940481,11.68662711,9.142390703,0.782295064,7.472602325,5.738170812,0.767894578,0.105829565,0.041775617,0.394744298,0.105748204,0.041746524,0.394772889,0.148866756,0.059713388,0.401119694,0.149156125,0.060394155,0.404905631,3.786998866,1.54705529,0.408517495,3.794633915,1.56283815,0.411854789,11.6908739,9.142803378,0.782046189,11.68242472,9.141980206,0.782541332,7.473685876,5.739616505,0.767976685,7.4715301,5.736739653,0.767813229,0.297330429,0.171504826,0.576815587,0.282773649,0.242523067,0.857657948,0.256946909,0.254636978,0.991010085,12.81270138,8.274070289,0.645770946,2.449030869,1.632082472,0.666419723,0.29443065,0.173502036,0.589279804,0.300859414,0.16906702,0.561946915,0.287403576,0.243003655,0.845513679,0.2771391,0.241947823,0.873019444,0.262910124,0.254366631,0.96750413,0.24968977,0.254912765,1.020917939,12.68981292,8.345957683,0.657689576,12.96225473,8.187710711,0.631657909,2.503605514,1.725323512,0.689135529,2.382614376,1.508954905,0.63331898,animal,2cm,Goniobranchus splendidus,67_GoniobranchusSplendidus_28_NL_N_RAW_AOB,animals_on_background,NL,N,colour_defence_2024
0.471089543,1.184003909,2.513330909,4.305284386,24.73308511,0.828311648,1.249128329,1.508041486,1.844164767,7.154836217,0.281922238,0.941318517,3.338929642,5.930829596,43.60802887,0.191294915,0.621307432,3.247903541,7.559534485,72.34583068,0.497460841,0.940279409,1.890157638,3.053603736,14.95805313,0.327567846,0.660323672,2.01583788,3.892715682,24.07760192,0.173112299,2.346655213,0.391109202,5.125692172,0.341712811,1.146638303,0.639951022,1.787099909,0.776127629,0.366411007,0.708039325,0.03615942,2.318550949,2.374207116,0.386425158,0.395701186,4.770871052,5.410203174,0.31805807,0.360680212,1.134782128,1.157895145,0.492829616,0.502867472,1.71462902,1.855359796,0.956952676,1.035496018,0.352241614,0.378190699,0.724891146,0.769181745,0.044819558,0.027569284,751.711226,21.31168831,35.27225131,0.376638468,0.113027422,0.026792572,0.237044881,0.107169931,0.081694886,0.762292984,2.661008139,2.014150995,0.756912753,9.527863149,5.578393253,0.585482093,5.353091156,2.987965052,0.558175634,0.113858294,0.026628182,0.233871257,0.113608578,0.026630206,0.234403125,0.103966898,0.079822147,0.767765017,0.105351332,0.080912486,0.768025279,2.576894569,1.963200964,0.761847608,2.614276429,1.99340011,0.762505483,9.540355316,5.583198109,0.585219095,9.515691769,5.573675483,0.585735186,5.347175353,2.98596878,0.558419835,5.358855046,2.98989527,0.557935463,0.16911727,0.094919213,0.561262688,0.48543945,0.160788045,0.331221628,0.474150698,0.177705139,0.374786201,6.905113027,4.041704847,0.585320592,5.185491633,2.353606017,0.453882907,0.163303882,0.09333712,0.571554812,0.178491738,0.096600954,0.541206868,0.493608809,0.159772489,0.323682411,0.472265824,0.161447689,0.341857659,0.484977813,0.174779402,0.360386388,0.456691266,0.180813099,0.395919765,6.662850907,3.975770865,0.596707163,7.295776549,4.112552083,0.563689424,5.350746513,2.374021359,0.443680401,4.919007323,2.292594047,0.466068436,animal,2cm,Hypselodoris bennetti,73_HypselodorisBennetti_24_NF_D_RAW_AOB,animals_on_background,NF,D,colour_defence_2024
0.334492681,1.095453499,3.27497001,8.10018962,95.43692331,0.883722783,1.862582165,2.107654347,3.559146029,21.28760667,0.181145966,0.7560292,4.173591144,10.87873053,170.4798571,0.156256734,0.665916158,4.261679749,12.48920785,214.9446022,0.481214287,1.270069776,2.639301889,4.932783734,35.56267106,0.401496604,1.189421097,2.962468639,6.846344527,67.61576117,0.148339132,1.996750506,0.285250072,4.087196158,0.194628388,1.02881608,0.528706878,1.942267121,0.685535074,0.23993923,0.607120976,0.031709976,1.98925341,2.004150457,0.284179059,0.286307208,4.029283999,4.05631017,0.191870667,0.193157627,1.022668977,1.03474385,0.360957278,0.373204955,1.870905662,1.97366216,0.961455318,1.014261712,0.238024863,0.239732418,0.661206298,0.693733334,0.034765946,0.028679996,940.2900221,27.76377953,33.86750789,0.450481901,0.08642857,0.019643933,0.227285183,0.110901088,0.065212908,0.588027662,2.724106838,1.77042133,0.649908919,9.206027803,5.785281022,0.628423153,6.348813393,5.226287106,0.823191167,0.087085911,0.019261206,0.221174771,0.086943581,0.019366284,0.222745409,0.110014474,0.063879241,0.580643971,0.109959635,0.063583216,0.578241425,2.693455102,1.725403783,0.640591255,2.695678024,1.722013616,0.638805377,9.213371574,5.78311204,0.627686835,9.19879211,5.787406655,0.629148543,6.350729353,5.231536279,0.823769364,6.34692563,5.22110922,0.822620198,0.210552936,0.083045448,0.394416006,0.253141736,0.163316817,0.645159585,0.265379568,0.182584489,0.688012611,8.600390134,3.434250586,0.399313349,3.734425999,3.091417746,0.827816041,0.217606671,0.079077345,0.363395778,0.202075103,0.086944655,0.430259115,0.245356727,0.163490343,0.666337315,0.262498482,0.162903256,0.620587421,0.260029041,0.18634145,0.716617843,0.271810327,0.178085966,0.655184694,8.893335761,3.281216222,0.368952248,8.248300911,3.583029939,0.434396123,3.748887476,3.057576041,0.815595576,3.717044855,3.137648292,0.844124409,animal,2cm,Hypselodoris bennetti,73_HypselodorisBennetti_23_NF_D_RAW_AOB,animals_on_background,NF,D,colour_defence_2024
0.347661718,1.041214267,2.994906294,5.783601163,43.48610884,0.763730984,1.24503122,1.630196033,1.857264298,7.778876937,0.193251255,0.743263704,3.846100264,7.711692747,72.99240977,0.156810121,0.603040118,3.845670892,10.19374965,134.5047249,0.422822303,0.909798836,2.151728585,3.491854767,19.52310554,0.339811974,0.691226953,2.034145368,3.426920823,20.38367884,0.14445284,2.203339955,0.275417494,4.22383794,0.150851355,1.043338305,0.501739666,1.934653597,0.733085097,0.213134425,0.617412381,0.027206626,2.195310637,2.211283281,0.27441383,0.27641041,4.21669819,4.007467591,0.150596364,0.143123843,1.03737199,1.049054101,0.404441509,0.397510918,1.833852166,1.975458517,0.881896475,0.949994735,0.212505097,0.209767126,0.643168992,0.673752827,0.029539531,0.024884704,1287.353282,32.85294118,39.18532819,0.456048451,0.09064998,0.030234121,0.333525955,0.139881139,0.039926004,0.285428073,3.411682832,1.110685552,0.325553578,8.799124392,5.558954497,0.631762236,6.721893983,4.052481679,0.602877952,0.090995213,0.030102752,0.330816878,0.090703355,0.03016928,0.332614817,0.139368789,0.038448692,0.275877351,0.139199632,0.037851881,0.271925151,3.391586007,1.066791782,0.314540684,3.390042198,1.052636737,0.310508447,8.799348513,5.557692908,0.631602771,8.798902391,5.56020386,0.631920166,6.726918041,4.055047208,0.60280907,6.716917448,4.049931793,0.602945,0.211119585,0.082049675,0.388640756,0.15665221,0.125802002,0.803065604,0.164197972,0.13210485,0.804546176,8.626338071,3.412368632,0.395575574,3.989376974,3.552769729,0.890557536,0.213734951,0.074936663,0.350605562,0.208029614,0.089842649,0.431874324,0.140005769,0.117919553,0.842247812,0.176319434,0.131999885,0.748640589,0.154395369,0.120486083,0.780373688,0.175779426,0.144061908,0.819560689,8.728165935,3.123180378,0.357827796,8.506031791,3.730502495,0.438571426,4.159733826,3.506455554,0.842951905,3.788105944,3.607471095,0.95231526,animal,2cm,Hypselodoris bennetti,73_HypselodorisBennetti_22_NF_D_RAW_AOB,animals_on_background,NF,D,colour_defence_2024
0.322747613,1.049042157,3.250348307,7.216132683,67.47318219,0.887151155,1.870878962,2.108861553,3.985368707,25.88732475,0.180507549,0.797658637,4.418976603,10.09437901,126.1702888,0.146355916,0.582755974,3.981772577,11.07648109,159.1147893,0.454476238,1.245193804,2.739843584,6.165208538,55.24680913,0.433705564,1.203591265,2.77513448,6.471848745,63.88359683,0.460139079,4.325729184,0.393248108,7.491444868,0.136208089,1.720758735,0.717612131,2.512533542,0.738720298,0.264728098,0.728166214,0.039280501,4.325259862,4.326167895,0.393205442,0.39328799,7.782251373,7.129070774,0.14149548,0.129619469,1.720202612,1.72127777,0.505763829,0.511175096,2.548980023,2.444743278,1.063007235,1.019537136,0.267350461,0.26145373,0.784385532,0.765356116,0.041006588,0.037560215,599.2492407,23.3863255,25.62391602,0.477172215,0.087805269,0.043182737,0.4918012,0.074847379,0.078542988,1.049375268,2.018735939,2.160375456,1.070162479,13.24446603,9.156413888,0.691338848,6.40437435,5.711048933,0.891741897,0.088616313,0.043333302,0.488999152,0.088682504,0.043274166,0.487967339,0.073310919,0.07593875,1.035845011,0.073678655,0.077451107,1.051201429,1.975756393,2.089329332,1.057483271,1.986509033,2.130796113,1.072633488,13.25135638,9.158065342,0.691103996,13.23762342,9.154767936,0.691571867,6.402858272,5.710982508,0.891942671,6.405879923,5.711114459,0.89154254,0.201421094,0.104996491,0.521278526,0.314362493,0.23725773,0.754726583,0.312961238,0.25587217,0.81758422,8.294969269,4.643314951,0.559774823,2.888412927,3.356735272,1.162138294,0.202080273,0.104354301,0.516400237,0.20070385,0.105748876,0.526890121,0.330488921,0.246637566,0.746280892,0.296815527,0.22539237,0.759368529,0.331344909,0.264252744,0.79751563,0.292958193,0.244958513,0.836155187,8.319952716,4.604628735,0.553444099,8.267785089,4.68767729,0.566981028,3.102217751,3.6548756,1.178149277,2.655774543,2.982653585,1.123082376,animal,2cm,Hypselodoris bennetti,73_HypselodorisBennetti_21_NF_D_RAW_AOB,animals_on_background,NF,D,colour_defence_2024
0.242648637,0.573598985,2.363907715,4.759650912,31.8663418,0.726164116,1.194772139,1.645319718,2.901693486,13.78543125,0.156353931,0.473857322,3.030670985,6.074823259,49.42692722,0.08963996,0.239490759,2.671696406,8.141094752,97.11972385,0.426560044,0.918055789,2.15223109,4.415103302,27.89060083,0.299568041,0.659346288,2.200990087,5.014310838,34.40797243,0.211911257,2.073179058,0.414635812,3.510199757,0.351019976,0.995135169,0.618312245,1.482522727,0.712942729,0.382827894,0.665627487,0.02897877,2.046925091,2.099108302,0.409385018,0.41982166,3.691676636,3.125802708,0.369167664,0.312580271,0.980336137,1.009238722,0.471442028,0.485341233,1.483435784,1.402706245,0.921710476,0.871550393,0.389276341,0.366200966,0.696576252,0.678445813,0.037371535,0.020666255,1220.637438,25.75833333,47.3880597,0.35214769,0.137649282,0.030146915,0.219012509,0.076674071,0.035650432,0.464960729,1.954743664,0.898397953,0.459598856,6.925712881,4.195507783,0.605787138,4.168506393,2.409615615,0.578052518,0.1384549,0.029905376,0.21599363,0.13803386,0.030071993,0.217859542,0.076404914,0.033866726,0.443253243,0.076904356,0.035221987,0.457997301,1.947732702,0.85384063,0.438376698,1.960685583,0.887903981,0.452853833,6.931905133,4.196734899,0.605423014,6.919684456,4.19430181,0.606140618,4.171489254,2.41232295,0.578288185,4.165602448,2.406972543,0.577820993,0.16615805,0.085957656,0.517324658,0.347962508,0.112367825,0.32293084,0.349965983,0.10734589,0.306732354,6.754684041,3.549029909,0.525417605,3.144093177,1.973853286,0.627797325,0.167443617,0.085932837,0.513204617,0.16385554,0.085947179,0.524530199,0.348923527,0.108201178,0.310099979,0.346241281,0.119445725,0.34497829,0.35066628,0.103031672,0.29381688,0.348711722,0.114655644,0.328797791,6.808304209,3.55162043,0.521660067,6.65864792,3.542067546,0.531949968,3.292669114,2.097192422,0.636927778,2.877987021,1.694303709,0.588711379,animal,2cm,Hypselodoris bennetti,73_HypselodorisBennetti_20_NP_D_RAW_AOB,animals_on_background,NP,D,colour_defence_2024
0.423985349,1.639679735,3.867302816,8.019864374,81.95866561,0.990702354,2.321705276,2.343494255,3.928714926,23.6196552,0.262705115,1.32978241,5.06188244,10.2494118,127.5750022,0.165745301,0.804167156,4.851824776,14.22986125,262.9077901,0.563957279,1.714462229,3.040056921,5.863324552,46.61116716,0.426660432,1.323627624,3.102297578,6.881211532,66.15114092,0.198782074,3.148115717,0.157405786,9.176845359,0.048299186,1.631028277,0.544450615,2.972992609,0.738567171,0.102852486,0.641508893,0.045312096,3.120146001,3.175830309,0.1560073,0.158791515,9.937088293,8.1406608,0.052300465,0.042845583,1.619007832,1.642632431,0.407780553,0.409906627,2.998646026,2.879088122,1.000972634,0.961063226,0.104153882,0.100818549,0.704376594,0.685484927,0.052169764,0.038492481,453.8250503,18.16819086,24.97909968,0.421073737,0.084752699,0.028375505,0.334803559,0.102579994,0.141193811,1.376426389,2.662077599,4.240131645,1.592790401,9.2022173,7.1803471,0.780284454,13.41959931,10.07666938,0.750891971,0.085423646,0.028106809,0.329028439,0.085266328,0.028238463,0.33117954,0.097163025,0.13307203,1.369574793,0.099352405,0.137024414,1.379175608,2.504722104,3.984942772,1.590972015,2.56972371,4.108493651,1.598807543,9.186382716,7.168529673,0.780343025,9.217740023,7.191877315,0.780221323,13.42296684,10.08220693,0.751116131,13.41629811,10.07123679,0.75067181,0.213299981,0.119495682,0.560223594,0.453680872,0.226520687,0.499295211,0.468982814,0.227084051,0.484205485,8.826417508,5.236999347,0.593332385,4.372071796,4.710193012,1.077336611,0.212324338,0.122907259,0.578865616,0.214614956,0.114834069,0.53507021,0.465891095,0.236796408,0.508265579,0.4372239,0.210966781,0.482514294,0.481606261,0.237120981,0.49235444,0.451968896,0.211818083,0.468656326,8.79368312,5.3828129,0.612122682,8.870537007,5.038273769,0.56797844,4.769863668,5.23589726,1.097703755,3.835926802,3.830366382,0.998550437,animal,2cm,Hypselodoris bennetti,73_HypselodorisBennetti_19_NL_D_RAW_AOB,animals_on_background,NL,D,colour_defence_2024
0.228795745,0.368547365,1.610813894,1.670170249,8.181712743,0.709373261,0.901941307,1.271462228,0.017486658,1.710670247,0.127955549,0.240667393,1.88086718,2.896646357,18.40082533,0.102575048,0.187362547,1.826589909,3.012287957,20.31366185,0.414709696,0.595456164,1.435838537,0.575657518,3.627697646,0.292370056,0.432452238,1.479126296,0.989489106,5.673753156,0.396348522,2.294183017,0.764727672,1.754879141,0.584959714,0.935670811,0.851684276,0.621583211,0.896755016,0.674843693,0.874219646,0.033396303,2.291115011,2.297100479,0.763705004,0.76570016,1.8307493,1.628799408,0.610249767,0.542933136,0.935266934,0.936043765,1.349304967,1.350425698,0.646182791,0.574419078,0.588180924,0.522858777,0.686977385,0.654316648,0.968742946,0.936642238,0.040244731,0.026650596,870.9902893,23.84797297,36.52261307,0.395026362,0.042575361,0.010716916,0.251716394,0.118668467,0.033991845,0.286443783,3.46371365,1.015788396,0.293265697,8.207356256,3.395882781,0.41376086,2.291614251,0.722536445,0.315295842,0.042712633,0.010706974,0.250674646,0.042673433,0.010696881,0.250668397,0.118837539,0.033962668,0.285790737,0.118871296,0.0338224,0.284529578,3.466200882,1.013960175,0.292527817,3.468433233,1.009912151,0.291172435,8.214147088,3.396362677,0.413477217,8.200760701,3.395397118,0.41403441,2.292284119,0.722856912,0.315343506,2.290963646,0.722224166,0.315249073,0.15841323,0.044282715,0.279539244,0.180938379,0.261060864,1.442816421,0.170050828,0.324383297,1.907566704,6.396511085,1.81054231,0.28305154,1.929170216,0.582378493,0.301880305,0.156060793,0.045482014,0.291437796,0.161912332,0.04195091,0.25909645,0.194806752,0.268131118,1.376395406,0.160310046,0.247314128,1.542723828,0.187283087,0.333168498,1.778956678,0.144418925,0.307302178,2.127852549,6.300329394,1.859576826,0.295155493,6.539575309,1.715204204,0.262280672,1.96010799,0.598150921,0.305162228,1.883152221,0.551712067,0.292972634,animal,2cm,Hypselodoris bennetti,73_HypselodorisBennetti_18_NL_D_RAW_AOB,animals_on_background,NL,D,colour_defence_2024
0.421348058,1.545574864,3.66816658,6.54942476,51.17350995,0.936338096,2.163954112,2.311081993,4.365300301,27.99171502,0.277921952,1.330817419,4.788457361,8.052583524,74.1277685,0.147843885,0.670244205,4.533459092,12.2884218,186.7987224,0.542354492,1.585801906,2.923921403,6.151754943,51.56213506,0.393815784,1.265495648,3.213420329,7.701558133,79.85470834,0.243130349,3.923931215,0.230819483,10.06368217,0.073997663,1.776680167,0.627090145,2.886509725,0.767443804,0.152408573,0.697266975,0.046326778,3.884787441,3.962588938,0.228516908,0.233093467,10.71424818,8.960789092,0.078781237,0.065888155,1.764581154,1.788302308,0.469153754,0.47845382,2.909065901,2.776204638,1.026772624,0.979878428,0.153649072,0.149490811,0.747963189,0.729166124,0.054663468,0.038039667,437.3304513,17.29375323,25.28834808,0.406127286,0.084686184,0.031515881,0.37214903,0.104732849,0.14288216,1.36425354,2.720175132,3.912845448,1.438453503,10.13237351,6.927477261,0.683697384,9.208215273,6.161854035,0.669169199,0.085660688,0.031561138,0.368443665,0.085428049,0.03152564,0.369031482,0.099438391,0.137604121,1.383812821,0.102527379,0.14153014,1.380413127,2.578642556,3.765107714,1.4601123,2.663227916,3.874992413,1.454998421,10.14182353,6.932560861,0.683561575,10.12314203,6.922494383,0.683828634,9.21072321,6.165009132,0.66932954,9.205765334,6.158769293,0.669012197,0.20403822,0.106023608,0.519626216,0.344429404,0.254033139,0.737547769,0.338951329,0.255816278,0.754728647,8.40302597,4.65071902,0.553457652,3.932683797,4.706972198,1.196885496,0.203804107,0.104234633,0.511445204,0.204372642,0.108557839,0.531175982,0.373402129,0.271306434,0.726579772,0.303042849,0.220492044,0.727593621,0.368531548,0.27448734,0.744813684,0.296696991,0.219585963,0.740101753,8.38829702,4.566353303,0.544371914,8.424065775,4.769915846,0.566224905,4.5251117,5.203998138,1.150026449,3.086420635,3.725630022,1.207103783,animal,2cm,Hypselodoris bennetti,73_HypselodorisBennetti_16_NL_D_RAW_AOB,animals_on_background,NL,D,colour_defence_2024
0.33079918,1.07979722,3.264207672,6.746671262,66.4063419,0.885073418,2.005626466,2.266056606,3.305666631,20.01802095,0.184057494,0.790284024,4.293680241,10.56703354,152.274156,0.149891908,0.58902947,3.929694934,10.20450233,148.9095652,0.478111509,1.32399975,2.769227939,5.441621283,47.70005047,0.406578794,1.17047795,2.878846527,5.604168937,47.66004934,0.296202367,2.02411234,0.106532228,18.8259894,0.110093505,1.329003208,0.451360418,3.315185541,0.839023299,0.108312867,0.645191859,0.035285638,2.017907407,2.030290133,0.106205653,0.106857375,18.76474074,18.1749578,0.109735326,0.106286303,1.324215325,1.333671984,0.336794011,0.339199168,3.28008059,3.310184115,1.113991702,1.12421556,0.107970489,0.106571839,0.725392856,0.731707364,0.038296716,0.03227827,752.8696926,25.11189956,29.98059508,0.455813441,0.081800671,0.027915795,0.341266082,0.074927326,0.113152538,1.510163839,2.013399262,3.133082508,1.556115852,13.04641145,9.375132694,0.718598576,9.054048125,6.818626204,0.753102492,0.082892958,0.027407203,0.330633673,0.082835869,0.027437538,0.331227739,0.070714586,0.107407896,1.518893088,0.071180043,0.108590138,1.525569999,1.8989089,2.969901085,1.564003984,1.91301498,3.006368388,1.571534159,13.0449008,9.374017605,0.718596312,13.04791086,9.376239098,0.718600794,9.05380065,6.81947056,0.753216337,9.054293759,6.81778802,0.752989488,0.241770246,0.139365884,0.57643935,0.45289915,0.28919816,0.638548692,0.441528311,0.273676742,0.619839623,10.12278714,6.231651157,0.615606262,4.055584438,3.469518931,0.855491726,0.241543768,0.139889563,0.579147885,0.242038621,0.138801091,0.573466709,0.477344857,0.289422902,0.606318257,0.423931144,0.286310198,0.675369579,0.465731213,0.275217809,0.590937007,0.412848029,0.269095704,0.651803291,10.11734851,6.268646167,0.619593776,10.12923189,6.190156247,0.611118031,4.205201903,3.716627104,0.883816566,3.87828871,3.143930591,0.810648929,animal,2cm,Hypselodoris bennetti,73_HypselodorisBennetti_13_NL_N_RAW_AOB,animals_on_background,NL,N,colour_defence_2024
0.298498003,1.017370567,3.408299413,7.250558776,70.30097143,0.732339573,1.641351337,2.241243539,4.208500237,29.32439563,0.172010878,0.794933682,4.621415188,9.801128351,118.8206412,0.130137653,0.510009021,3.918996603,11.52934997,181.8940849,0.383970155,1.142733748,2.976100441,6.776575358,65.47583997,0.348057905,0.96474445,2.771792959,7.104835337,78.55553231,0.310823623,2.863917972,0.220301382,11.42700696,0.146500089,1.521489751,0.593185104,2.837296899,0.791762775,0.183400736,0.692473939,0.033307226,2.857894725,2.869884255,0.219838056,0.220760327,13.02969088,9.388357121,0.167047319,0.120363553,1.517620695,1.52526177,0.426855731,0.429004909,2.901583763,2.698870901,1.131244075,1.052212159,0.193442687,0.17056194,0.779049903,0.740608534,0.034297565,0.032319644,843.0346109,28.15658915,29.94093519,0.484643528,0.067472284,0.026109344,0.386963988,0.069937318,0.098962486,1.415016891,1.935453653,2.765819402,1.429029002,10.81364728,7.130298876,0.659379642,9.021291791,6.996601471,0.775565366,0.068181267,0.026066345,0.382309488,0.068115536,0.026087181,0.382984301,0.066323766,0.093357678,1.40760521,0.067412401,0.095480939,1.416370556,1.835451307,2.606807626,1.420254308,1.867157993,2.666488286,1.428099977,10.81351807,7.130856137,0.659439055,10.81377588,7.129744257,0.659320513,9.021162987,7.001256909,0.776092497,9.021419973,6.991965403,0.775040451,0.194784342,0.106576658,0.547152079,0.405784854,0.239762273,0.590860578,0.40746171,0.243245382,0.596977276,8.027209522,4.743589113,0.590938744,3.675366154,3.372853261,0.917691767,0.198805407,0.111474067,0.560719492,0.190529073,0.101051217,0.530371642,0.440384604,0.256021128,0.581358035,0.369169859,0.215332355,0.583288018,0.44524548,0.258423828,0.580407526,0.367477245,0.219109034,0.596251979,8.206323175,4.949515577,0.603134372,7.83766349,4.511675517,0.575640371,4.183029477,3.673008446,0.878073766,3.138134255,2.929057393,0.933375425,animal,2cm,Hypselodoris bennetti,73_HypselodorisBennetti_12_NL_N_RAW_AOB,animals_on_background,NL,N,colour_defence_2024
0.311126041,1.087826175,3.496416342,6.519979623,51.15368636,0.555629217,1.140902616,2.053352453,4.608197216,36.29194452,0.219129787,0.971450353,4.433219079,7.710753994,68.36013295,0.094527786,0.427068584,4.51791588,13.35996254,227.3390396,0.31762576,0.799473622,2.517030173,6.725123979,72.6818394,0.237595378,0.701706461,2.953367478,7.958532021,93.05905115,0.41614597,2.32096668,0.331566669,2.814897437,0.134042735,1.019188807,0.523759438,1.478339944,0.64203488,0.232804702,0.582897159,0.028391396,2.298140337,2.343291458,0.328305762,0.334755923,3.038477913,2.332478119,0.144689424,0.111070387,1.007895495,1.029897036,0.437723452,0.4472786,1.503435257,1.351856953,0.772612886,0.694717047,0.236497593,0.222913155,0.605168169,0.570997823,0.038627441,0.018231672,1340.226787,24.88833124,53.84960422,0.316090727,0.15596157,0.02987709,0.191567,0.137431923,0.125235736,0.911256523,3.457930062,3.338417537,0.965438131,8.371331558,7.281053587,0.869760508,4.831419259,4.0006325,0.828044988,0.155945511,0.029710581,0.190518989,0.155894235,0.029696049,0.190488436,0.133964066,0.120610297,0.90031828,0.137239544,0.125143257,0.911860049,3.366174093,3.214995148,0.955088792,3.453011063,3.336273136,0.966192426,8.372980127,7.282526023,0.869765115,8.369729273,7.279621787,0.869755944,4.813652262,3.993805704,0.829683053,4.848687432,4.007168414,0.826443954,0.143368497,0.090800463,0.633336223,0.319657606,0.232792949,0.728257186,0.311974332,0.248945193,0.797966909,5.824564285,3.776016407,0.648291653,3.682587571,4.407090376,1.196737427,0.134885163,0.089362372,0.66250705,0.161208121,0.090927431,0.56403753,0.344411056,0.242391119,0.703784373,0.267603518,0.20039723,0.748858728,0.339332562,0.258980014,0.763204134,0.254442645,0.214076702,0.841355433,5.473093623,3.696518059,0.675398287,6.563672774,3.822554074,0.582380354,4.15381915,4.613384993,1.110636941,2.691633566,3.728170059,1.385095693,animal,2cm,Hypselodoris bennetti,73_HypselodorisBennetti_3_NB_D_RAW_AO,animals_only,NB,D,colour_defence_2024
0.313031286,0.998489855,3.189744599,6.305948843,53.96904915,0.917239426,2.345504763,2.557134699,5.314495558,44.48256996,0.195485519,0.829925109,4.245455687,8.046459076,80.76335543,0.121228339,0.470833416,3.883856048,11.84177704,206.7539985,0.528390877,1.757365519,3.325881643,7.36478305,78.78593971,0.38878124,1.228582142,3.16008597,8.063117385,98.91158466,0.345102591,3.145646597,0.209709773,6.146312043,0.058536305,1.490576143,0.550424118,2.646353779,0.712616783,0.134123039,0.63152045,0.044788744,3.122932357,3.167969509,0.20819549,0.211197967,6.474357879,5.546026505,0.061660551,0.0528193,1.48276903,1.498053316,0.399283763,0.408906267,2.652121556,2.562715183,0.979347264,0.946332229,0.134928021,0.132008634,0.689315514,0.677619248,0.053412217,0.036211756,471.6852768,17.72230829,26.61534091,0.399712403,0.107293573,0.027416941,0.255532,0.095826602,0.092923486,0.96970449,2.667527606,2.556863444,0.958514333,14.8593535,14.9894429,1.008754715,4.727214179,3.931905734,0.831759592,0.107610111,0.026944716,0.250392052,0.107636681,0.027032808,0.251148662,0.093157065,0.089347258,0.959103395,0.094796866,0.091688428,0.967209491,2.593260202,2.456478848,0.94725506,2.638046973,2.520360597,0.955388825,14.85567097,14.98805146,1.008911108,14.86295081,14.99080109,1.008601944,4.72117778,3.932994052,0.83305358,4.733110888,3.93083272,0.830496647,0.200170639,0.125154601,0.625239556,0.292670075,0.205719031,0.702904221,0.270970194,0.220386866,0.813325122,8.347732826,5.879073006,0.704271822,2.708110599,2.897764138,1.070031682,0.198743199,0.128685418,0.647495958,0.202264759,0.119831829,0.592450361,0.31542404,0.219412254,0.695610437,0.259288975,0.178606375,0.68883135,0.296225945,0.233841422,0.78940223,0.23391886,0.193096191,0.825483637,8.303539709,6.061056079,0.729936424,8.412566137,5.604353373,0.666188328,2.995858734,3.127163053,1.043828608,2.285971005,2.463744063,1.077766978,animal,2cm,Hypselodoris bennetti,73_HypselodorisBennetti_2_NB_D_RAW_AO,animals_only,NB,D,colour_defence_2024
0.311411623,1.052329985,3.379225138,5.908864005,43.85963043,0.49797762,1.074146436,2.157017489,4.028319381,28.26085375,0.218756206,0.929215649,4.247722457,7.120033323,60.3129822,0.095144013,0.403495302,4.240890084,12.96267132,217.953445,0.275331591,0.697973543,2.535028909,6.020109571,58.91103816,0.220723126,0.707208601,3.204053036,7.564241148,80.64622496,0.218343228,1.319851068,0.188550153,3.979794186,0.189514009,0.553426194,0.284404804,1.536139614,0.789419601,0.189032081,0.536912203,0.018031088,1.305983216,1.333628535,0.186569031,0.190518362,3.464553289,3.982948847,0.164978728,0.189664231,0.539999752,0.566303953,0.277504977,0.316060254,1.417763018,1.564484096,0.728586065,0.803985784,0.175773879,0.190091296,0.503045521,0.560023019,0.023760024,0.012337662,3289.1625,41.0875,80.05263158,0.339173315,0.094984693,0.008368461,0.08810326,0.09854515,0.129962412,1.318810839,2.756715931,3.316931709,1.203218537,9.145498145,8.021494957,0.877097653,4.989942567,3.844599866,0.770469763,0.095019939,0.007847279,0.082585603,0.095081079,0.007841412,0.082470798,0.09373743,0.124155439,1.324502281,0.097449151,0.129096402,1.324756558,2.635023476,3.169175493,1.202712432,2.72976724,3.295351217,1.207191283,9.143534934,8.019404298,0.877057326,9.147426624,8.023547552,0.877137132,4.976191704,3.843632636,0.772404454,5.003450154,3.845493895,0.768568443,0.120090948,0.127327843,1.060261784,0.511318048,0.338799012,0.662599361,0.477583478,0.337880645,0.707479761,4.918158666,5.293572592,1.076332211,6.090307483,3.748174453,0.615432712,0.09733379,0.118528162,1.217749382,0.16364532,0.132169161,0.807656227,0.575750892,0.31601776,0.548879323,0.388001599,0.345900701,0.891492977,0.54273495,0.315248598,0.580851846,0.352891665,0.343682107,0.973902592,3.983162168,4.948908451,1.242457184,6.707625646,5.470060865,0.81549883,6.908265839,3.625532392,0.524810781,4.524836945,3.428264904,0.757654904,animal,2cm,Hypselodoris bennetti,73_HypselodorisBennetti_1_NB_D_RAW_AO,animals_only,NB,D,colour_defence_2024
0.610235904,1.060130366,1.737246791,2.288061493,10.03162682,2.562432537,4.813845189,1.878623191,2.507601125,10.47865664,0.352600716,0.816449458,2.315507087,3.754816171,20.95848139,0.263267434,0.536792817,2.03896399,4.244861308,30.40490518,1.571779173,3.847301863,2.447736889,3.770960254,19.50090034,0.993704059,2.351405791,2.3663039,5.045417919,37.6259811,0.216403969,5.0270878,0.50270878,9.408306624,0.209073481,1.750811032,0.76036757,2.458905014,0.78421609,0.35589113,0.77229183,0.095088117,5.021766321,5.031992445,0.502176632,0.503199245,9.931355197,8.500466694,0.220696782,0.18889926,1.751066208,1.750519569,0.566496978,0.558291436,2.480602938,2.385817004,1.077312168,1.03614716,0.361436707,0.346049252,0.821904573,0.797219298,0.111029516,0.079276316,92.98967923,8.006614039,11.61410788,0.408069289,0.067438284,0.036604795,0.542789536,0.188159799,0.101329341,0.538528111,5.076982151,2.452534959,0.483069447,20.24354112,13.32782755,0.658374317,4.091311544,2.312646319,0.565257936,0.068333036,0.036923155,0.540341204,0.067971913,0.0367568,0.54076453,0.190335517,0.102434244,0.538177244,0.189654994,0.102185845,0.538798602,5.122611862,2.478166236,0.483770058,5.107989396,2.472242389,0.483995208,20.25215127,13.34215425,0.658801827,20.23529549,13.31408714,0.657963564,4.094231768,2.312968154,0.564933371,4.088514951,2.312334226,0.565568245,0.28979502,0.151153969,0.521589257,0.283031357,0.153751523,0.543231408,0.257432582,0.16409102,0.637413564,12.32958584,7.15491153,0.580304288,2.559340233,1.432047445,0.559537738,0.306866021,0.160252872,0.522224231,0.266080799,0.134067034,0.503858354,0.29956957,0.161462725,0.538982397,0.260057259,0.139243487,0.535433955,0.271981302,0.171038707,0.628862006,0.237222193,0.151792392,0.63987433,13.15327572,7.654144165,0.581919236,11.18535511,6.223871037,0.556430348,2.692850109,1.518128482,0.563762713,2.373874677,1.281696407,0.539917469,animal,2cm,Hypselodoris jacksoni,77_HypselodorisJacksoni_16_NB_D_RAW_AO,animals_only,NB,D,colour_defence_2024
0.788624501,1.565312738,1.984864454,2.225609747,10.74758204,1.166361997,2.008596678,1.722104014,1.360178707,5.957488546,0.419967432,1.027609075,2.446878013,3.977049221,27.61727659,0.373214326,0.883890369,2.368318439,3.918739792,27.43496548,0.648213173,1.356917423,2.093319727,2.758457822,15.8639734,0.518143915,1.07210493,2.069125776,2.951951826,18.44058628,0.326170323,1.93054978,0.160879148,8.477333002,0.128444439,1.15423764,0.464499397,2.518107427,0.720177887,0.144661794,0.592338642,0.050069909,1.920584222,1.940395317,0.160048685,0.16169961,8.046972914,8.983068774,0.121923832,0.136107103,1.149017323,1.159333694,0.337827298,0.337605712,2.483957958,2.55093969,0.999618218,1.02657365,0.140986259,0.148903356,0.668722758,0.682089681,0.055634244,0.044541863,364.1173109,16.974541,21.45078979,0.441753933,0.052912395,0.027077911,0.511749877,0.155683962,0.089501278,0.574890803,3.876031885,2.476049807,0.638810485,15.48854028,8.142915003,0.525738053,10.38453634,6.053521194,0.582936108,0.051969678,0.026564761,0.511158856,0.052161813,0.026700258,0.511873645,0.154154976,0.086699679,0.562418945,0.154197212,0.086932617,0.56377554,3.823594792,2.401422365,0.628053572,3.826555735,2.406840927,0.628983633,15.50835224,8.13948131,0.524845012,15.46908603,8.146234142,0.526613798,10.39263994,6.054273032,0.58255391,10.37657905,6.052771323,0.583310867,0.207241794,0.107681685,0.519594445,0.314257675,0.137927018,0.438897851,0.307334507,0.131233073,0.427004031,8.506369236,4.500025193,0.529018324,5.419014714,2.907244361,0.536489475,0.210265781,0.107251824,0.510077406,0.203489368,0.108406963,0.532740181,0.313244835,0.135723172,0.433281437,0.315514495,0.140999263,0.446886801,0.304286401,0.129984186,0.42717711,0.311116862,0.133046983,0.427643112,8.632971573,4.485007873,0.519520751,8.349270043,4.526700122,0.542167171,5.349866366,2.918822115,0.545587855,5.50482,2.899075504,0.526643106,animal,2cm,Hypselodoris obscura,80_HypselodorisObscura_42_NP_D_RAW_AOB,animals_on_background,NP,D,colour_defence_2024
0.606312275,1.193531817,1.968510065,3.473776547,19.63216054,0.871902066,1.30985946,1.502301132,1.991988874,9.298496165,0.311179065,0.777692187,2.499179008,5.408685539,44.34879521,0.300155202,0.727057038,2.422270325,5.284698778,42.09686236,0.453393173,0.883094141,1.947744683,3.787973514,25.78309295,0.420031948,0.777410745,1.850837178,3.421122708,21.52748531,0.275291629,3.040534503,0.337837167,3.486222577,0.096839516,1.269044419,0.577567005,1.627503053,0.543273866,0.217338342,0.560420436,0.058559551,3.03721613,3.043830571,0.337468459,0.338203397,3.522612556,3.445740671,0.097850349,0.095715019,1.26780819,1.270260262,0.430577166,0.424023292,1.639881285,1.607435473,0.746342136,0.731575411,0.217659404,0.216959208,0.588459651,0.577799352,0.05941289,0.057708804,258.5005112,15.83136433,16.32837864,0.492272726,0.072748151,0.022352056,0.307252567,0.218871025,0.114059358,0.521125892,5.917127479,2.92669831,0.494614713,11.40838825,6.899745044,0.604795778,9.170472626,5.801182669,0.632593641,0.072260228,0.022186546,0.307036763,0.0723531,0.022261999,0.307685483,0.216273881,0.111870894,0.517264929,0.216605281,0.112142162,0.517725891,5.854391156,2.861258274,0.48873712,5.862232339,2.869688976,0.489521535,11.41354194,6.901078606,0.604639527,11.40325949,6.898413379,0.604951013,9.17270622,5.801950546,0.632523315,9.168249839,5.800417447,0.632663545,0.156053171,0.063648395,0.407863516,0.239715912,0.087717684,0.365923492,0.206921849,0.099413635,0.480440494,6.317018931,2.616148157,0.414142839,3.684531223,2.555241032,0.693505056,0.155160086,0.064216597,0.413873172,0.156969838,0.063138937,0.402236112,0.239414948,0.087322761,0.364733954,0.240024823,0.088242999,0.367641136,0.207592133,0.099724477,0.480386594,0.206233867,0.099231185,0.481158534,6.280410024,2.637274231,0.419920709,6.354594434,2.597529141,0.408763953,3.721156286,2.606381727,0.700422537,3.646939137,2.504934318,0.68685937,animal,2cm,Hypselodoris obscura,80_HypselodorisObscura_41_NP_D_RAW_AOB,animals_on_background,NP,D,colour_defence_2024
0.391747391,0.640106087,1.633976645,1.988279893,8.598618814,0.957882712,1.598259708,1.668533829,2.095334186,9.002924172,0.196930624,0.423548963,2.150752157,3.555975259,20.80774079,0.198879186,0.414534229,2.084351998,3.391946503,19.46258666,0.488638805,1.062733521,2.174885643,3.643807713,21.22149933,0.470098131,1.012505096,2.153816467,3.494120803,19.70103469,0.369731655,2.753334415,0.688333604,2.075872274,0.345978712,1.063108311,0.766870544,0.835773654,0.602883253,0.517156158,0.684876898,0.047459016,2.753315451,2.753350028,0.688328863,0.688337507,2.129771284,2.01869322,0.354961881,0.33644887,1.063195191,1.063021261,0.766933215,0.766807751,0.861747127,0.805476121,0.621619153,0.581028203,0.521645372,0.512393189,0.694276184,0.673917977,0.047894737,0.047026144,402.8457567,19.87912088,20.2647672,0.495196699,0.043239231,0.015602849,0.360849359,0.119575037,0.017747329,0.148420014,3.227043296,0.153898901,0.047690374,13.87802696,8.41124422,0.606083577,3.716331808,2.057553404,0.553651695,0.043173654,0.015573193,0.360710557,0.0431818,0.015557103,0.360269908,0.119677246,0.017710501,0.147985532,0.119650528,0.017688355,0.147833489,3.226876071,0.150775395,0.046724879,3.226754581,0.14979959,0.046424228,13.87979324,8.412631005,0.606106364,13.87627383,8.40986704,0.606060903,3.716768868,2.057894063,0.553678245,3.715897999,2.057215103,0.553625289,0.188959858,0.045499111,0.240787176,0.090686363,0.065282314,0.719869136,0.020603393,0.031003182,1.504761003,7.665502514,1.933588436,0.25224549,2.202977287,0.544293069,0.247071575,0.191108269,0.04857569,0.254178901,0.186786067,0.04200945,0.224906762,0.08899898,0.065170994,0.732266756,0.092393681,0.065335643,0.707144069,0.02080788,0.030316454,1.456969874,0.02039649,0.031681086,1.553261649,7.757182712,2.070079019,0.266859644,7.572739227,1.778491715,0.234854478,2.230118675,0.580428647,0.260268054,2.175515258,0.503123219,0.231266233,animal,2cm,Hypselodoris obscura,80_HypselodorisObscura_40_NP_D_RAW_AOB,animals_on_background,NP,D,colour_defence_2024
0.479534232,0.889935883,1.855833897,2.286305775,12.30217753,1.040070822,1.834061497,1.763400585,1.769733304,7.481510932,0.253291293,0.590729954,2.332215793,3.794056574,26.41007602,0.230427439,0.533981717,2.317353,4.327789943,35.6969368,0.57499954,1.279848885,2.225825927,3.260962845,18.39910469,0.466131728,1.020067862,2.188368224,3.361635244,20.22379565,0.373999918,1.744348993,0.348869799,1.607367406,0.160736741,0.739394685,0.459411748,0.809448397,0.502938567,0.25480327,0.481175158,0.031582804,1.744430968,1.744267907,0.348886194,0.348853581,1.561998946,1.661969292,0.156199895,0.166196929,0.739473725,0.739315833,0.459460859,0.459362755,0.776302373,0.846061002,0.482343784,0.525687257,0.252543044,0.257525255,0.470902321,0.492525006,0.034090364,0.029091371,945.6251809,28.33380216,33.37445415,0.459157394,0.041802007,0.014522298,0.347406707,0.138083464,0.060868093,0.440806531,3.940967049,1.646584463,0.417812289,11.09388078,6.865088699,0.618817602,5.135825778,2.10287909,0.409452964,0.041574405,0.014377219,0.345819004,0.041575,0.014379805,0.345876239,0.137067904,0.059732485,0.435787543,0.137078565,0.059781613,0.436112038,3.912985897,1.618621176,0.413653721,3.913149524,1.619582663,0.413882131,11.09373388,6.865037905,0.618821218,11.09402599,6.865138901,0.618814027,5.135685649,2.102850595,0.409458588,5.135964289,2.102907243,0.409447404,0.25552282,0.087933597,0.344132069,0.291659866,0.075975877,0.260494794,0.290991007,0.069805877,0.239890153,10.50510366,3.634805847,0.346003806,3.866221754,1.194397202,0.308931375,0.258364505,0.08409942,0.325506863,0.252214242,0.092059007,0.365003205,0.290795612,0.075584421,0.259922839,0.292666118,0.07641373,0.261095238,0.290487058,0.069132244,0.237987347,0.291577755,0.070576422,0.242050089,10.62258416,3.476295301,0.327255143,10.36832096,3.805354446,0.367017424,3.852907295,1.189601604,0.308754276,3.881723795,1.199723882,0.309069873,animal,2cm,Hypselodoris obscura,80_HypselodorisObscura_39_NP_D_RAW_AOB,animals_on_background,NP,D,colour_defence_2024
0.389571756,0.622959464,1.599087858,2.3131926,13.34725731,1.026478048,1.663313426,1.62040818,2.346039878,11.89306161,0.189927008,0.389271242,2.049583389,3.792953321,26.00925784,0.203167916,0.410283762,2.01943186,3.673750012,25.3502386,0.497928328,1.027390313,2.063329711,3.741055602,23.43045714,0.52904966,1.099967379,2.079138239,4.068685861,29.9788125,0.383539993,3.101629466,0.516938244,2.735572434,0.182371496,1.273222158,0.710598817,1.192462253,0.542712959,0.34965487,0.626655888,0.05914442,3.101079309,3.102169079,0.516846551,0.51702818,2.747421508,2.721182038,0.183161434,0.181412136,1.273264873,1.273173402,0.579487817,0.579446186,1.190371235,1.192432621,0.664358836,0.665509317,0.350003993,0.349220158,0.621923326,0.622477752,0.056847879,0.061436414,253.4576026,16.5908059,15.27699161,0.520613509,0.040875023,0.015714917,0.384462591,0.109264779,0.043779113,0.400669945,2.930237721,1.261866699,0.430636289,11.93608446,7.043292895,0.590084036,4.370222003,2.820967401,0.645497506,0.04078318,0.015715354,0.385339108,0.040832816,0.015742584,0.385537545,0.10906617,0.043832013,0.401884587,0.109201242,0.043823213,0.401306912,2.923602302,1.26348693,0.432167853,2.927774815,1.26318923,0.431450269,11.9398435,7.044853915,0.590028999,11.93231452,7.041724584,0.590139036,4.370339926,2.821849861,0.645682008,4.370103737,2.820082101,0.645312393,0.186379746,0.036317846,0.194859402,0.213451353,0.244124776,1.14370217,0.248345491,0.243108855,0.97891391,7.555642448,1.564372291,0.207046893,2.460414146,0.636615663,0.258743295,0.186695321,0.035660558,0.19100938,0.186088319,0.03691175,0.198356081,0.209108768,0.24178757,1.156276573,0.217461644,0.246186914,1.132093503,0.243511212,0.240846746,0.989058137,0.252809851,0.245084075,0.969440368,7.568265546,1.535721563,0.20291592,7.543985268,1.590272208,0.210800015,2.463753816,0.653758444,0.265350556,2.457330028,0.620346097,0.252447205,animal,2cm,Hypselodoris obscura,80_HypselodorisObscura_38_NP_D_RAW_AOB,animals_on_background,NP,D,colour_defence_2024
0.810960769,1.752630751,2.16117822,2.670320227,12.90750403,1.207739736,2.157337229,1.78626004,1.826553487,7.972295938,0.41870507,1.135525071,2.711992644,4.405673477,29.74891447,0.399216737,1.084480867,2.716521545,4.519264276,31.82504775,0.622581992,1.401973098,2.251869016,3.430371419,20.70974308,0.586625597,1.326157251,2.260653572,3.517352885,21.63115541,0.369662654,4.329478441,0.196794475,10.05395707,0.043523624,1.875547067,0.606768459,3.018374602,0.715338095,0.120159049,0.661053277,0.074350143,4.327374082,4.331563173,0.196698822,0.196889235,9.94172283,10.15863965,0.043037761,0.043976795,1.875155779,1.875929739,0.449205035,0.444584978,3.009709665,3.020835005,0.973687586,0.977286806,0.119868292,0.120433015,0.71144631,0.710935892,0.076006264,0.072695669,155.0720019,12.15681038,12.75597768,0.487974704,0.036384497,0.017655791,0.485255857,0.112252918,0.121699955,1.0841585,2.966018756,3.459397328,1.166343713,14.28049228,9.268589497,0.649038515,9.03392892,7.353111941,0.813943967,0.035922276,0.017449981,0.485770468,0.035917059,0.017409639,0.484717836,0.109179192,0.119312422,1.092812836,0.109227081,0.119116478,1.090539788,2.878353169,3.38789245,1.177024587,2.879779266,3.38115536,1.174102265,14.28446754,9.270047211,0.648959941,14.27653515,9.267136429,0.649116633,9.034541979,7.353778475,0.813962511,9.033318657,7.352448334,0.813925492,0.180323474,0.089557104,0.496646956,0.437188669,0.281919778,0.644846947,0.424106038,0.289233963,0.681985014,7.353832264,3.733775294,0.507731909,4.661926414,2.944112229,0.631522673,0.182224436,0.089490493,0.491100396,0.178337918,0.08961508,0.502501549,0.441297832,0.282396774,0.639923322,0.432896647,0.281457617,0.650172781,0.428043613,0.290013357,0.677532261,0.419993239,0.288464289,0.686830791,7.433179549,3.734900494,0.502463376,7.270953982,3.73211622,0.513291135,4.663018672,2.970723279,0.637081575,4.66078555,2.917145824,0.62589145,animal,2cm,Hypselodoris obscura,80_HypselodorisObscura_37_NP_D_RAW_AOB,animals_on_background,NP,D,colour_defence_2024
0.65003845,1.2107665,1.862607511,2.51524762,13.10091255,1.098219146,1.906377934,1.735881167,1.959798682,8.873865876,0.346385542,0.836831933,2.415897409,4.228072646,29.93155722,0.310014018,0.726591191,2.34373657,4.330101478,31.7192937,0.601627145,1.343125315,2.232487889,3.527545744,21.84007751,0.498204251,1.103511541,2.214978169,3.631935723,22.87997261,0.385859151,3.138836603,0.348759623,4.08910396,0.113586221,1.39125996,0.633189695,1.803446542,0.575171382,0.231172922,0.604180538,0.057785005,3.137508005,3.140135953,0.348612001,0.348903995,4.118640431,4.034850055,0.114406679,0.112079168,1.390856361,1.39164749,0.443584413,0.443836727,1.804907965,1.797617356,0.821449015,0.818130916,0.23150934,0.230491581,0.632516714,0.630983822,0.062993043,0.052602613,267.9014691,14.87476895,18.01046256,0.45232368,0.047648865,0.022054444,0.462853499,0.123031865,0.061369293,0.498808114,3.475807833,1.691538621,0.48666057,12.09195561,7.688989242,0.635876403,6.431388786,3.597372574,0.559346153,0.047567853,0.022148939,0.465628325,0.047582287,0.022099747,0.464453229,0.122141323,0.060000917,0.491241747,0.12229225,0.060219028,0.492419008,3.450173718,1.654567492,0.479560633,3.455406303,1.66123109,0.480762881,12.09759373,7.691134545,0.635757384,12.08640679,7.686872788,0.635993221,6.4326012,3.598114424,0.559356054,6.430195573,3.596641875,0.559336312,0.212265447,0.067158056,0.316387131,0.20345606,0.152599025,0.750034311,0.234137368,0.111914664,0.477987195,8.663064671,2.839494471,0.327770204,3.574804633,1.842007375,0.515274977,0.214083556,0.06832622,0.319156787,0.210098934,0.065670257,0.312568252,0.205796152,0.152107993,0.739119717,0.200667536,0.153133288,0.763119395,0.234168334,0.11269402,0.481252173,0.234100468,0.110978802,0.474064843,8.741278953,2.89325895,0.330988059,8.56986219,2.771054634,0.323348798,3.607222818,1.855796043,0.514466707,3.536174154,1.824654269,0.515996721,animal,2cm,Hypselodoris obscura,80_HypselodorisObscura_36_NP_D_RAW_AOB,animals_on_background,NP,D,colour_defence_2024
0.406070428,0.72358224,1.781913161,1.769037996,8.067295664,1.229811005,2.128082092,1.730413927,1.711920029,8.02997992,0.209014851,0.467551182,2.236928038,3.322611261,20.25645129,0.201021223,0.437392187,2.175850795,3.363511474,21.99542322,0.643045615,1.386975852,2.156885641,3.309534437,21.06697888,0.587755593,1.244420499,2.11724144,3.095126221,18.93401053,0.376656287,3.466799789,0.693359958,3.177221794,0.317722179,1.348014369,0.83756842,1.303663085,0.626929422,0.505541069,0.732248921,0.056127486,3.464129467,3.469438441,0.692825893,0.693887688,3.235749024,3.114992932,0.323574902,0.311499293,1.347516662,1.348505731,0.648018535,0.648494177,1.324777084,1.279799205,0.823130283,0.795183955,0.508200398,0.502693491,0.735574409,0.721839066,0.05811021,0.054155728,283.0889243,16.20867978,17.46526726,0.481341845,0.04426666,0.0248565,0.561517405,0.092368696,0.048105178,0.520795244,2.364660519,1.215665879,0.514097423,17.07986363,9.345527438,0.547166397,3.344371261,1.451075364,0.433885849,0.044043069,0.024779287,0.562614899,0.044055449,0.024810739,0.56317071,0.092203162,0.048277229,0.523596242,0.092133898,0.048334015,0.524606213,2.358092164,1.219374494,0.517102136,2.356600326,1.220990643,0.518115282,17.07774928,9.343719987,0.547128303,17.0819575,9.347316442,0.547204057,3.344709568,1.451429693,0.4339479,3.344036233,1.450724285,0.433824332,0.236595634,0.049038284,0.207266227,0.342874288,0.301299977,0.878747657,0.297588473,0.335278486,1.126651451,9.677474733,2.22497516,0.229912784,2.419284432,0.463528099,0.19159719,0.236985514,0.050516232,0.213161689,0.236179599,0.047406361,0.20072166,0.34400871,0.30176061,0.877188864,0.341663763,0.300802273,0.880404379,0.299504005,0.335371463,1.119756188,0.295544438,0.335165443,1.134061076,9.695865882,2.290530761,0.236237876,9.657849813,2.152623241,0.222888457,2.423471242,0.478275142,0.197351276,2.414816751,0.447206402,0.185192687,animal,2cm,Hypselodoris obscura,80_HypselodorisObscura_35_NP_D_RAW_AOB,animals_on_background,NP,D,colour_defence_2024
0.139195124,0.253392102,1.820409328,4.514962082,43.71742378,0.613725369,1.041493973,1.697003295,3.678466548,32.07770452,0.066706616,0.153178447,2.296300676,8.127292544,131.2845107,0.075294566,0.171296842,2.275022633,6.776531029,88.06757928,0.292469076,0.628377381,2.14852589,6.873602612,103.1660672,0.321500079,0.699553767,2.175905428,5.889575928,68.00002229,0.483541966,2.382242377,0.595560594,1.501209963,0.25020166,0.988633659,0.713148438,0.615853422,0.444244339,0.422881127,0.578696389,0.022656848,2.384150672,2.380334038,0.596037668,0.59508351,1.47312843,1.524521878,0.245521405,0.25408698,0.98909809,0.988167909,0.713483455,0.712812471,0.617448746,0.608625176,0.445395122,0.439030262,0.420779536,0.424585245,0.579439288,0.575921366,0.02138154,0.023928286,1867.001043,45.76931567,40.79154376,0.528753018,0.073909867,0.021061077,0.284956225,0.069085909,0.013143256,0.190245111,1.991153943,0.434666005,0.218298543,12.73184861,7.193614632,0.565009439,1.670757013,0.577829367,0.345848835,0.073880983,0.021013971,0.284430036,0.073891703,0.020997231,0.284162228,0.06906934,0.013147013,0.190345139,0.069042471,0.01312901,0.190158459,1.990840362,0.434672353,0.218336116,1.989926301,0.433970899,0.218083905,12.73199961,7.193155038,0.56496664,12.73169767,7.194073993,0.565052217,1.670990257,0.577934236,0.345863319,1.67052387,0.5777244,0.345834268,0.193431469,0.029414312,0.152065803,0.12437865,0.046417978,0.37319892,0.124474394,0.068395491,0.549474387,7.843206294,1.272471238,0.162238655,1.376974307,0.19443731,0.1412062,0.194602407,0.031960804,0.164236428,0.192388333,0.026886602,0.139751727,0.122909128,0.045074135,0.36672732,0.125687782,0.047532201,0.378176779,0.123223268,0.068905411,0.559191556,0.125588966,0.067912124,0.54074913,7.89315903,1.381582368,0.175035415,7.798705626,1.164301834,0.149294241,1.386274639,0.21091206,0.152143056,1.368689056,0.177939428,0.130007197,animal,2cm,Hypselodoris obscura,80_HypselodorisObscura_34_NP_D_RAW_AOB,animals_on_background,NP,D,colour_defence_2024
0.371409209,0.59114238,1.591620148,1.914268758,8.259524947,1.388632512,2.151241822,1.549180078,1.937862729,8.890072704,0.184367748,0.358688074,1.945503363,3.083749873,16.63972586,0.190339653,0.39021651,2.05010624,3.700623575,23.94718154,0.705898082,1.352209911,1.915588023,3.349509324,21.23767981,0.684116594,1.369270244,2.001515906,3.663799033,23.99553315,0.404475703,2.962634162,0.740658541,3.044348327,0.507391388,1.200794639,0.866190235,1.221982634,0.7592605,0.624024964,0.812725367,0.048788123,2.960567422,2.964673922,0.740141855,0.741168481,3.008084045,3.077334424,0.501347341,0.512889071,1.200528181,1.201055642,0.745930099,0.86637851,1.215535853,1.225277949,0.876823773,0.88385121,0.620744598,0.627028776,0.811376936,0.87511486,0.048661582,0.048913851,380.134083,19.55009219,19.44410693,0.501358988,0.086545939,0.042264138,0.488343399,0.097250869,0.031339116,0.322250241,2.473888644,0.60154393,0.243157238,15.01489463,7.54311474,0.502375469,3.076467901,1.622077294,0.527253118,0.08700784,0.042271501,0.485835535,0.08694665,0.042234391,0.485750638,0.097497293,0.031131786,0.319309237,0.097429174,0.031139702,0.319613732,2.478648162,0.59778033,0.241171918,2.47734276,0.597839319,0.241322811,15.01671017,7.544219327,0.502388289,15.01309027,7.542016215,0.502362677,3.076882459,1.622589779,0.52734864,3.076055895,1.621567663,0.527158062,0.254820813,0.064710312,0.253944376,0.238591296,0.08633838,0.361867265,0.174007971,0.067983225,0.390690289,10.47451955,2.943761627,0.281040253,2.265221389,0.777526061,0.343245064,0.253298718,0.061848614,0.244172631,0.256325337,0.069587166,0.271479857,0.238503015,0.086683381,0.363447735,0.238678558,0.088816173,0.372116263,0.174154368,0.068457029,0.393082469,0.173863264,0.0697253,0.401035265,10.40483762,2.813813865,0.270433232,10.54339713,3.165371067,0.300223071,2.241037689,0.750273105,0.334788258,2.289125934,0.828985751,0.362140736,animal,2cm,Hypselodoris obscura,80_HypselodorisObscura_33_NP_D_RAW_AOB,animals_on_background,NP,D,colour_defence_2024
0.927475143,1.766366338,1.90448914,2.960236995,15.29552387,1.468430628,2.384974717,1.62416574,2.273877468,10.54533313,0.485196841,1.180888543,2.433833951,5.001822428,38.70339405,0.451094951,1.065119514,2.361186956,4.595419799,32.27070076,0.801872396,1.639771794,2.044928596,3.995784483,26.51279652,0.667743781,1.365086805,2.044327248,4.030828845,26.92425871,0.426095687,4.27730168,0.237627871,11.89525706,0.077746778,1.857715239,0.642725364,3.042135477,0.740021605,0.157687325,0.691373485,0.080989515,4.2671732,4.28721349,0.237065178,0.238178527,11.42624819,12.4082232,0.074681361,0.081099498,1.856725108,1.858667441,0.459238576,0.459718989,3.016166158,3.057505301,1.043521876,1.057824237,0.155873269,0.159639013,0.751380226,0.758771613,0.086311965,0.075700227,129.2535845,10.58587916,12.21,0.464376876,0.041143618,0.027137807,0.659587272,0.132109281,0.126863425,0.960291544,3.39792733,3.48785904,1.026466637,17.51707646,10.68851164,0.610176685,10.3404795,6.692077378,0.64717283,0.040551182,0.027188865,0.670482686,0.040547371,0.027114926,0.668722169,0.128071308,0.124699146,0.973669656,0.128456251,0.124806157,0.971584924,3.286099436,3.42194499,1.041339453,3.296379169,3.425489934,1.03916745,17.52636043,10.69227725,0.610068319,17.50795626,10.68480286,0.610282702,10.33961031,6.691834376,0.647203732,10.34133335,6.692315968,0.647142466,0.206522068,0.105115512,0.508979561,0.424533127,0.243131069,0.572702231,0.442579361,0.245781723,0.555339323,8.496352922,4.536024397,0.533879,4.966619141,2.73228157,0.55012907,0.208571279,0.107731365,0.516520614,0.204200155,0.102155119,0.500269544,0.428989998,0.243751302,0.568198101,0.41948315,0.24263003,0.578402327,0.446922528,0.246578265,0.551724852,0.43765822,0.245089288,0.560001565,8.591440186,4.673905045,0.544018808,8.388611737,4.377876771,0.521883347,4.978610112,2.786777349,0.559750068,4.953032449,2.672613908,0.539591439,animal,2cm,Hypselodoris obscura,80_HypselodorisObscura_32_NP_D_RAW_AOB,animals_on_background,NP,D,colour_defence_2024
0.67210524,1.472247125,2.190500886,3.229132842,17.96717401,1.282654717,2.238132587,1.744922119,2.025083343,9.26849463,0.346592486,0.969153566,2.796233632,5.064920037,38.81635377,0.332573,0.93323314,2.806100136,5.311562907,43.01315789,0.67180966,1.499145165,2.231502841,3.621130277,22.60356046,0.613410863,1.375726214,2.242748373,3.727440753,23.46746557,0.37833443,2.388954486,0.159263632,9.60054623,0.091433774,1.388123493,0.512591492,2.697150808,0.708534265,0.125348703,0.610562878,0.050608503,2.390144972,2.387769114,0.159342998,0.159184608,9.280645797,9.91760299,0.088387103,0.094453362,1.388831524,1.387410226,0.369252228,0.368874344,2.666877373,2.723468376,0.984796136,1.00569346,0.12386505,0.126818985,0.677024182,0.687283902,0.05200004,0.049220656,352.1575279,18.23075428,19.31667349,0.485539366,0.036376772,0.01986117,0.545984946,0.107693234,0.100188857,0.930317106,3.125430976,2.812395849,0.899842572,14.87402899,8.923011876,0.599905505,8.769520404,5.700003051,0.64997888,0.036097052,0.019712935,0.546109285,0.036031504,0.019642285,0.54514196,0.105121985,0.096871957,0.92151948,0.104953292,0.096640345,0.920793847,3.052008002,2.720593856,0.891411115,3.047823034,2.715434574,0.890942336,14.8704131,8.922899161,0.600043798,14.87762475,8.923122405,0.599767944,8.76872067,5.699623199,0.649994841,8.770315687,5.700380644,0.649962994,0.239044166,0.120030623,0.502127388,0.507960807,0.2431319,0.47864303,0.504145674,0.249896716,0.495683547,9.902901448,5.138167671,0.518854772,4.585200417,2.885313483,0.629266601,0.24187346,0.119924283,0.495814146,0.236063034,0.120199053,0.509182024,0.508907185,0.24317647,0.477840511,0.50696364,0.243344947,0.480004733,0.505999431,0.249047361,0.492189013,0.502192433,0.251043804,0.499895633,10.02418927,5.137997353,0.51255989,9.77510453,5.140758205,0.525903144,4.534140552,2.837135901,0.625727383,4.639000488,2.937318386,0.63317915,animal,2cm,Hypselodoris obscura,80_HypselodorisObscura_31_NF_D_RAW_AOB,animals_on_background,NF,D,colour_defence_2024
0.22447346,0.58688906,2.614514249,7.41427598,79.87457582,0.939152499,1.706982218,1.817577252,3.223770533,18.7061804,0.114334101,0.403379975,3.528081038,11.31666668,179.0316327,0.113073034,0.353707905,3.128136681,9.903398268,145.9090823,0.4799562,1.14335477,2.382206481,4.987488558,39.26948884,0.459799698,1.099315921,2.390858292,5.077145959,41.81973069,0.550255432,1.212046445,0.134671827,7.788586347,0.216349621,0.468555579,0.213248834,2.377687589,0.839219395,0.175510724,0.526234115,0.01091376,1.210450048,1.213637796,0.13449445,0.134848644,8.470840361,6.984961981,0.235301121,0.194026722,0.465789536,0.47129719,0.164403269,0.166347229,2.426024181,2.303823907,1.104131187,1.048515446,0.184897785,0.164437683,0.634267228,0.607431338,0.011322142,0.010507047,8223.528998,87.32251082,94.17421603,0.481124439,0.084943945,0.02049497,0.241276414,0.138892588,0.038306223,0.275797464,3.720321991,1.001357459,0.269158815,15.09665463,8.918041998,0.590729683,4.036417972,2.124512292,0.52633605,0.085144626,0.019858979,0.233238191,0.085080657,0.019906413,0.23397108,0.138725653,0.036640217,0.264119985,0.138776535,0.037081361,0.267201953,3.716148158,0.957308214,0.257607655,3.717502232,0.968553717,0.260538839,15.09725671,8.917583517,0.590675756,15.0960555,8.918498159,0.590783345,4.035373621,2.123130602,0.526129871,4.037457195,2.125885736,0.526540749,0.292397427,0.135615841,0.463806549,0.352984265,0.21495626,0.608968393,0.33622816,0.230108867,0.684383089,12.31165693,6.136248101,0.498409608,3.641780485,2.457527985,0.674814969,0.289025549,0.143937602,0.49800996,0.296016027,0.125968964,0.425547785,0.359813684,0.21143398,0.58762073,0.345655132,0.218420917,0.631904165,0.343914893,0.22549758,0.655678439,0.327978984,0.234659488,0.715471109,12.19584332,6.513447026,0.534071065,12.43594471,5.700986931,0.458428134,3.752249967,2.45084523,0.653166834,3.523227871,2.458820295,0.697888523,animal,2cm,Hypselodoris obscura,80_HypselodorisObscura_30_NF_D_RAW_AOB,animals_on_background,NF,D,colour_defence_2024
0.570616051,1.301244052,2.280419644,3.141275624,19.09123968,1.367848669,2.38752559,1.74546033,1.409559684,6.085691758,0.287823465,0.822847792,2.858862783,5.501127659,50.30624613,0.288030474,0.825117602,2.864688552,5.192293398,44.3988628,0.701876085,1.491311628,2.124750592,2.758572857,15.33358572,0.66803192,1.471202402,2.20229357,3.056059489,18.39815462,0.419291134,4.678864774,0.334204627,8.013190431,0.088057038,1.828925054,0.6930221,2.479669605,0.686714477,0.211130832,0.689868289,0.067178192,4.682125722,4.675585819,0.334437552,0.333970416,7.893663839,8.114293386,0.086743559,0.089168059,1.829313951,1.828519068,0.514524575,0.510257961,2.472758924,2.477387022,0.936985679,0.938739373,0.210590555,0.211569237,0.725755127,0.724498667,0.067147839,0.067208511,192.8151184,13.89251208,13.8790679,0.500242049,0.032923717,0.021940033,0.666389936,0.112833868,0.124092593,1.099781435,3.226233965,3.463612594,1.073577624,19.17571608,14.46083473,0.75412228,5.906093312,4.147362025,0.702217491,0.032731478,0.022036056,0.673237411,0.032688153,0.021994797,0.672867545,0.110847019,0.122997815,1.10961771,0.110864474,0.123456325,1.113578777,3.169576577,3.432320051,1.082895449,3.170084291,3.445571753,1.086902251,19.17655058,14.4664365,0.754381579,19.17488245,14.45523658,0.753863113,5.904393555,4.145015034,0.702022146,5.907791297,4.149704496,0.702412168,0.226667491,0.083131203,0.366753974,0.516239688,0.295134924,0.571701346,0.513391028,0.299631419,0.583631973,9.304943802,3.612856363,0.388272776,3.272674847,2.489013622,0.760544123,0.226163572,0.082551757,0.365009078,0.227170397,0.083799176,0.368882464,0.521426547,0.295209939,0.566158246,0.511063248,0.295314474,0.577843301,0.517326306,0.300432834,0.58074146,0.509463656,0.299130974,0.5871488,9.280980166,3.572949382,0.384975436,9.328859298,3.656265821,0.391930643,3.272226673,2.543942541,0.777434694,3.27312212,2.436004829,0.744245017,animal,2cm,Hypselodoris obscura,80_HypselodorisObscura_29_NF_D_RAW_AOB,animals_on_background,NF,D,colour_defence_2024
0.309371749,0.758669936,2.452292227,3.452156664,24.87917594,1.099095021,2.3628635,2.149826408,2.096865057,11.25384267,0.159246241,0.509519859,3.199572288,6.398110122,68.72645834,0.153466166,0.432638378,2.819112446,4.988422078,48.08190844,0.541475976,1.448216387,2.674571822,4.040693467,30.92382984,0.558451377,1.501652483,2.688958331,4.241148105,33.64531644,0.515042614,4.787186351,0.368245104,5.421471194,0.069506041,1.786281673,0.69641986,2.116385135,0.649577172,0.218875572,0.672998516,0.05117173,4.792999606,4.781375399,0.368692277,0.367798108,5.395945721,5.426441548,0.069178791,0.069569763,1.787239181,1.785310981,0.55523707,0.554638041,2.11423738,2.109270095,0.82428036,0.822343759,0.218935534,0.218683936,0.689758715,0.6884909,0.050375005,0.051965098,343.9138101,18.8511148,18.24368552,0.508187526,0.065641446,0.056489752,0.860580557,0.097353141,0.054758117,0.562468924,2.760804733,1.399335599,0.506857867,16.29711807,12.06991194,0.74061634,5.053355457,3.411260176,0.675048531,0.065612321,0.057044699,0.869420526,0.065284028,0.056645672,0.867680419,0.096831946,0.054390056,0.561695378,0.096715535,0.054449447,0.562985535,2.746651776,1.387712917,0.505238024,2.745092065,1.392070041,0.507112333,16.30498909,12.07183142,0.740376541,16.28926708,12.06799149,0.740855401,5.052262997,3.410831568,0.675109663,5.054445137,3.411687262,0.674987495,0.218730493,0.067288061,0.307629998,0.227032844,0.264939379,1.166964986,0.20209983,0.273765865,1.3546071,8.942252408,2.928057662,0.327440731,2.108240998,1.450139331,0.687843246,0.218189058,0.066780563,0.306067426,0.219253149,0.067875206,0.3095746,0.236833442,0.271265332,1.145384407,0.217572181,0.258746556,1.189244667,0.211881393,0.280662773,1.324622088,0.192657543,0.267027166,1.386019781,8.918248349,2.903233527,0.325538538,8.965423883,2.956200521,0.329733492,2.17978785,1.544672279,0.708634228,2.039175762,1.351341004,0.662689813,animal,2cm,Hypselodoris obscura,80_HypselodorisObscura_28_NP_D_RAW_AOB,animals_on_background,NP,D,colour_defence_2024
0.76180668,1.708491234,2.242683451,3.122738264,16.54351323,1.857113707,3.206538272,1.726624632,1.800013113,7.89032294,0.434662342,1.229711587,2.829119221,4.785904716,33.97276768,0.334774378,0.933087094,2.787211789,5.359604922,43.55012537,1.067021366,2.340519218,2.193507359,3.348449354,19.69941824,0.791754837,1.648543295,2.082138585,3.200946845,19.10986247,0.430020725,5.192048594,0.346136573,9.956350772,0.094822388,2.006015316,0.740760018,2.921561849,0.746816122,0.220479481,0.74378807,0.087953108,5.141938879,5.240766375,0.342795925,0.349384425,10.97328476,8.692568486,0.104507474,0.082786367,1.999474066,2.012251548,0.513763204,0.531752302,2.976386062,2.826328355,1.099088215,1.0436765,0.2236517,0.216085396,0.806425709,0.787714401,0.099947396,0.076038793,109.4245913,9.005263158,12.15118197,0.425651054,0.031649206,0.022275568,0.703827063,0.100583246,0.129313718,1.285638748,2.634742991,3.3724196,1.279980481,16.71087024,10.90759579,0.652724582,7.557123111,5.251148316,0.694860761,0.031144036,0.022206201,0.713016156,0.031453759,0.022356346,0.710768659,0.09801497,0.128358156,1.309577063,0.099138645,0.12857325,1.296903436,2.568045065,3.345819059,1.302866178,2.596305091,3.350924314,1.290651213,16.74756891,10.91760844,0.651892134,16.67535955,10.89777246,0.653525486,7.55754736,5.251497558,0.694867966,7.556712595,5.250810322,0.694853781,0.231406797,0.110437558,0.477244225,0.521783846,0.22537733,0.431936198,0.507439306,0.214552072,0.422813268,9.567455389,4.834570937,0.505314187,3.668491197,3.316252519,0.903982684,0.235370054,0.113613296,0.482700728,0.226232121,0.106101543,0.468994159,0.516351448,0.225094729,0.435933181,0.528876723,0.225920556,0.427170541,0.502421101,0.214124661,0.426185645,0.513991388,0.215286731,0.418852799,9.748570168,4.999936305,0.512889195,9.330980621,4.606688894,0.49369826,3.772414744,3.33167033,0.883166501,3.532802123,3.296483956,0.933107443,animal,2cm,Hypselodoris obscura,80_HypselodorisObscura_25_NL_D_RAW_AOB,animals_on_background,NL,D,colour_defence_2024
0.5104378,1.102995205,2.160880726,2.933412577,16.71650383,1.296356089,2.175283666,1.677998572,1.67257032,7.481251073,0.269669642,0.728391067,2.701049556,4.607040655,34.38242776,0.243498674,0.660504865,2.71256042,5.066800453,43.52832601,0.695127392,1.470405502,2.11530364,3.183907161,18.76649668,0.601809069,1.256658945,2.088135608,3.426077966,22.37208607,0.40582422,2.672239194,0.334029899,4.844804263,0.173028724,1.216475359,0.585000989,1.899562093,0.685122203,0.253529311,0.635061596,0.049784659,2.666540027,2.677865326,0.333317503,0.334733166,4.754692141,4.944158854,0.169810434,0.176577102,1.214971404,1.217946639,0.438208305,0.439281394,1.882614896,1.916162552,0.905346392,0.921479404,0.251563968,0.255655134,0.671777348,0.680380399,0.053572288,0.046013005,366.2765453,17.66636718,20.73298611,0.460069393,0.028861428,0.015148084,0.524855659,0.090226945,0.102868428,1.140107625,2.706113861,3.018039799,1.115267115,16.78683163,9.440050004,0.562348525,8.18666069,5.629998207,0.687703866,0.028666203,0.015129873,0.527794795,0.028698756,0.015143299,0.527663932,0.088561083,0.101762997,1.149071282,0.088702789,0.101740554,1.146982584,2.660810026,2.995741232,1.125875656,2.664331899,2.993999714,1.123733764,16.79484067,9.441630283,0.562174448,16.77891957,9.438480973,0.562520187,8.187455832,5.630346819,0.687679657,8.185875176,5.629653669,0.687727769,0.240698978,0.093675993,0.389183176,0.549676266,0.222680855,0.405112733,0.554916971,0.22552922,0.406419756,9.916171411,4.067841077,0.410222949,3.594391814,1.789704305,0.497915752,0.242098391,0.092410073,0.381704615,0.239076534,0.095095089,0.39776003,0.548499918,0.221126466,0.403147674,0.551040095,0.224461269,0.407341083,0.553376258,0.224529083,0.405743976,0.556703235,0.226669248,0.407163518,9.973985557,4.01738828,0.402786655,9.849143136,4.124480606,0.418765424,3.561505846,1.754446103,0.492613568,3.632518984,1.828942152,0.503491423,animal,2cm,Hypselodoris obscura,80_HypselodorisObscura_24_NL_D_RAW_AOB,animals_on_background,NL,D,colour_defence_2024
0.748604333,1.429491372,1.909541941,2.53685893,11.8834079,2.125673406,3.650264605,1.717227394,2.00986442,8.543732556,0.426297033,1.042671401,2.445880036,3.982229235,24.2249482,0.329286952,0.783348993,2.378925091,4.656158035,34.84848915,1.264133259,2.785827106,2.203744808,3.378105376,18.50062621,0.862261855,1.817043477,2.107298921,3.683099697,23.70515819,0.179152437,6.401458081,0.492419852,11.4329692,0.146576528,2.066003658,0.805475419,2.913974216,0.795393799,0.31949819,0.800434609,0.088061689,6.384510611,6.417392663,0.491116201,0.493645589,11.7422098,10.92398779,0.150541151,0.140051126,2.064349381,2.067523392,0.563481546,0.572575573,2.93241493,2.862453022,1.14326426,1.115988124,0.320828676,0.316848358,0.853372903,0.844281848,0.103338456,0.072895709,110.3553029,8.676939655,12.71822869,0.405556036,0.046246816,0.029565923,0.639307223,0.124112968,0.109274821,0.880446438,3.39205439,2.864375382,0.844436749,15.79061684,10.57272328,0.669557332,5.102226579,3.144249251,0.616250416,0.045854342,0.029633979,0.646263299,0.04616535,0.029695117,0.643233877,0.12273457,0.109282148,0.890394187,0.123266002,0.109258345,0.886362367,3.354474635,2.86471014,0.853996662,3.368568843,2.86302575,0.849923479,15.80830647,10.58165812,0.669373291,15.77363214,10.56410718,0.669732062,5.102637022,3.145192024,0.616385608,5.101832493,3.143343727,0.616120528,0.263416466,0.118122921,0.448426488,0.434355783,0.194560401,0.447928652,0.421736248,0.204876541,0.485793057,10.9722664,5.235776799,0.4771828,3.482541576,2.072673257,0.595161095,0.271654,0.122880928,0.452343524,0.251823455,0.110093261,0.437184299,0.436212431,0.196544798,0.450571291,0.431742848,0.191838122,0.44433422,0.423112127,0.20713212,0.489544277,0.419799919,0.20178669,0.480673485,11.35449872,5.505298652,0.48485616,10.43433556,4.781598719,0.458256177,3.496679646,2.085893699,0.596535545,3.462644505,2.055216522,0.593539567,animal,2cm,Hypselodoris obscura,80_HypselodorisObscura_5_NB_D_RAW_AO,animals_only,NB,D,colour_defence_2024
0.288832109,0.591439312,2.047692393,4.327486462,30.38676377,1.224597595,2.75482574,2.249576311,5.283859095,41.70510568,0.175092616,0.46205279,2.638905061,6.469127226,59.1579905,0.116884826,0.29725694,2.543161068,7.481293721,86.71421218,0.732913662,2.144591441,2.926117431,7.58684715,77.69841532,0.492709014,1.441551905,2.925767265,9.298220092,123.1372658,0.257919931,6.040644853,0.604064485,9.74824578,0.216627684,1.920626417,0.834117455,2.638720279,0.761373732,0.410346085,0.797745593,0.0557564,6.023518649,6.056986436,0.602351865,0.605698644,9.838832745,9.392911622,0.218640728,0.208731369,1.918756904,1.922387316,0.558754821,0.55468373,2.64971784,2.597808941,1.150757837,1.128214088,0.410496296,0.407215006,0.854756329,0.841448909,0.067019989,0.044520001,298.7682355,13.92092148,21.46181457,0.393438242,0.159964998,0.075350776,0.471045399,0.138760045,0.054357239,0.391735521,3.486081298,1.246767917,0.357641664,14.08377783,9.698561213,0.6886335,3.735810957,2.035243363,0.544792921,0.16104077,0.075900038,0.471309457,0.160452244,0.075545856,0.470830782,0.138842681,0.054238505,0.390647203,0.138901283,0.054279767,0.390779447,3.486051679,1.243357175,0.356666306,3.488064761,1.244751076,0.356860082,14.08797521,9.702451252,0.688704453,14.07968918,9.694768507,0.6885641,3.733670859,2.034140381,0.544809775,3.737895615,2.036314794,0.544775725,0.231270613,0.109806354,0.474795968,0.190755688,0.151554331,0.794494426,0.179111263,0.126294952,0.705120103,9.591929576,5.033431713,0.52475695,2.37286073,1.277611336,0.5384266,0.234101634,0.114672565,0.489840942,0.227019108,0.102011964,0.449354085,0.193638436,0.150909487,0.779336429,0.186426503,0.152528621,0.818170264,0.181032954,0.124605042,0.688300327,0.17622535,0.128829728,0.731051052,9.733888589,5.297756236,0.544258976,9.3787417,4.604363408,0.490936157,2.442173193,1.325113128,0.542595886,2.268770285,1.196133186,0.527216525,animal,2cm,Hypselodoris tryoni,81_HypselodorisTryoni_3_NF_D_RAW_AOB,animals_on_background,NF,D,colour_defence_2024
0.268760805,0.46524493,1.731074331,4.146804432,31.26024319,1.330846131,2.648910218,1.99039555,5.498835493,45.19228281,0.145581595,0.333268557,2.289221774,6.862104035,72.1345601,0.12666322,0.264038336,2.084569898,6.765503006,76.27783368,0.71333211,1.917626853,2.688266555,8.367826679,93.5332041,0.618322373,1.549712901,2.50631866,9.152403616,118.3432102,0.336534078,4.69630739,0.426937035,5.426210295,0.098658369,1.791057405,0.746928953,2.199318223,0.64045615,0.262797702,0.693692551,0.054172082,4.693430916,4.699073426,0.426675538,0.427188493,5.433070076,5.397339496,0.098783092,0.098133445,1.791015548,1.79106071,0.531885417,0.531898829,2.203804847,2.179458488,0.919058006,0.908904785,0.262729315,0.262660969,0.725471712,0.720401807,0.057999087,0.050356704,306.2903969,16.24165071,18.85832926,0.462725356,0.158268241,0.088600204,0.559810381,0.134807819,0.037339997,0.276986882,3.393710873,0.810099036,0.238705967,18.55690611,11.7765247,0.634616818,3.49223468,1.812182781,0.518917812,0.15919575,0.089314591,0.561036277,0.158482408,0.089046363,0.561869068,0.134905522,0.03696525,0.274008431,0.134796215,0.037008478,0.274551314,3.395623622,0.801684844,0.236093553,3.393965193,0.802292825,0.236388053,18.56331308,11.78442269,0.634823247,18.55057001,11.76870509,0.634412047,3.492892575,1.812712511,0.518971732,3.491584062,1.811658499,0.518864351,0.248768814,0.121378038,0.487915007,0.187946805,0.166784082,0.887400464,0.158904574,0.152951259,0.962535285,10.41271304,5.773667886,0.55448257,1.805439865,1.374029847,0.76104991,0.252412375,0.125283207,0.496343364,0.244585038,0.116899805,0.47795158,0.188815661,0.162966951,0.863100816,0.186949127,0.171458502,0.917139896,0.158778436,0.149198144,0.939662512,0.159049413,0.157518192,0.990372673,10.58790397,5.975918264,0.564409942,10.2115473,5.540139248,0.542536707,1.845444128,1.402464595,0.759960474,1.759504339,1.342594594,0.763052733,animal,2cm,Hypselodoris tryoni,81_HypselodorisTryoni_2_NF_D_RAW_AOB,animals_on_background,NF,D,colour_defence_2024
0.082086393,0.127998486,1.5593143,2.608197253,14.56148805,0.389869769,0.631412562,1.619547379,2.720833909,17.25462819,0.04220962,0.081038255,1.919900125,4.226968998,33.49278037,0.041594536,0.082308097,1.978819936,4.403156421,34.7282845,0.19545794,0.397008104,2.031168975,4.397846322,39.83487492,0.19517976,0.406403773,2.082202443,4.586841777,40.7265313,0.338003901,1.903973582,0.951986791,1.0,1.0,0.667713442,0.963306871,0.0,,0.975993395,,0.007461271,1.90393674,1.904010383,0.95196837,0.952005191,1.0,1.0,1.0,1.0,0.667703102,0.667723769,,,0.0,0.0,0.0,0.0,0.975984185,0.976002596,,,0.007842958,0.007079652,17742.0198,126.5029191,140.2498845,0.474232763,0.164245071,0.057050613,0.347350533,0.257856874,0.046817063,0.181562206,6.444898687,1.04790013,0.162593732,9.729748794,0.0,0.0,1.740767403,0.0,0.0,0.164154668,0.057021293,0.347363213,0.164158411,0.057022513,0.347362724,0.257782687,0.046793002,0.181521121,0.257785758,0.046794003,0.181522841,6.443238175,1.047361584,0.162552051,6.443306924,1.047383991,0.162553795,9.729748794,0.0,0.0,9.729748794,0.0,0.0,1.740767403,0.0,0.0,1.740767403,0.0,0.0,0.238557229,,,0.127935534,,,0.114911276,,,9.729748794,,,1.740767403,,,0.238557229,,,0.238557229,,,0.127935534,,,0.127935534,,,0.114911276,,,0.114911276,,,9.729748794,,,9.729748794,,,1.740767403,,,1.740767403,,,animal,2cm,Discodoris sp,84_JorunnaPantheris_5_NL_N_RAW_AOB,animals_on_background,NL,N,colour_defence_2024
0.156007869,0.259041754,1.660440307,2.477962286,11.36152708,0.49075146,0.823671431,1.678388144,2.435762602,10.98859534,0.079705976,0.167447601,2.100816155,4.011001412,25.0970523,0.078235673,0.165703895,2.118009469,4.307556338,29.60310348,0.249629967,0.533029972,2.135280383,3.962853146,24.53930311,0.242203862,0.524826313,2.166878384,4.259239438,28.77070698,0.40869115,1.0,1.0,,,0.0,,0.0,,,,0.0,1.0,1.0,1.0,1.0,,,,,0.0,0.0,,,0.0,0.0,,,,,,,0.0,0.0,,,,,0.04932485,,,0.10142039,,,3.110370766,,,,,,,,,0.04932485,,,0.04932485,,,0.10142039,,,0.10142039,,,3.110370766,,,3.110370766,,,,,,,,,,,,,,,0.0,0.0,,0.0,0.0,,0.0,0.0,,0.0,0.0,,0.0,0.0,,0.0,0.0,,0.0,0.0,,0.0,0.0,,0.0,0.0,,0.0,0.0,,0.0,0.0,,0.0,0.0,,0.0,0.0,,0.0,0.0,,0.0,0.0,,animal,2cm,Discodoris sp,84_JorunnaPantheris_3_NL_N_RAW_AOB,animals_on_background,NL,N,colour_defence_2024
0.132592123,0.201172978,1.517231748,2.273303349,12.00060171,0.379063258,0.607439399,1.602475012,2.426122579,13.14443938,0.067744117,0.127432435,1.881084887,3.800931668,27.59654637,0.067113885,0.129683172,1.932285292,3.948580388,29.70724231,0.190184583,0.377346295,1.984105591,3.871042585,28.30872227,0.189767738,0.394007437,2.076261435,4.27694486,34.31796273,0.380107828,1.68043598,0.84021799,1.0,1.0,0.594794111,0.858106514,0.0,,0.920108995,,0.014502801,1.680109832,1.680762038,0.840054916,0.840381019,1.0,1.0,1.0,1.0,0.594670295,0.594917834,,,0.0,0.0,0.0,0.0,0.920027458,0.920190509,,,0.014248345,0.014757112,4618.968877,69.1835901,66.76393738,0.508899216,0.057449974,0.012384344,0.215567448,0.161269058,0.005534866,0.034320691,4.706322501,0.071493439,0.015190935,6.347172581,0.0,0.0,1.942764784,0.0,0.0,0.057379829,0.012336728,0.215001135,0.057384964,0.012340247,0.215043218,0.161300407,0.005513585,0.034182089,0.161298113,0.005515158,0.034192325,4.705917566,0.071218559,0.01513383,4.705947208,0.071238873,0.015138052,6.347172581,0.0,0.0,6.347172581,0.0,0.0,1.942764784,0.0,0.0,1.942764784,0.0,0.0,0.157360791,,,0.027181194,,,0.011831783,,,6.347172581,,,1.942764784,,,0.157360791,,,0.157360791,,,0.027181194,,,0.027181194,,,0.011831783,,,0.011831783,,,6.347172581,,,6.347172581,,,1.942764784,,,1.942764784,,,animal,2cm,Discodoris sp,84_JorunnaPantheris_2_NF_N_RAW_AOB,animals_on_background,NF,N,colour_defence_2024
0.102002575,0.156424652,1.533536308,2.952139622,22.57822342,0.374339043,0.59165782,1.580539968,2.625254298,16.38929608,0.053303838,0.101845401,1.91065793,4.807726838,49.92046974,0.050748604,0.096359877,1.898769016,4.826085986,54.78423422,0.191704732,0.380174172,1.983123563,4.435710058,40.46807717,0.183201557,0.363409191,1.98365777,4.277136077,36.7914834,0.312979767,1.005885009,0.502942505,1.0,1.0,0.020038385,0.028909278,0.0,,0.751471252,,0.00018719,1.0058991,1.005870924,0.50294955,0.502935462,1.0,1.0,1.0,1.0,0.0200792,0.01999757,,,0.0,0.0,0.0,0.0,0.751474775,0.751467731,,,0.000173048,0.000201325,28692815.11,5777.754098,4966.084507,0.537773724,0.067927395,0.003045481,0.044834351,0.183947321,0.007983407,0.043400508,5.460187321,0.235037083,0.043045608,16.87251769,0.0,0.0,4.197130479,0.0,0.0,0.06793332,0.002969539,0.043712551,0.067933864,0.00296248,0.043608298,0.183962854,0.007784333,0.042314703,0.183964278,0.00776583,0.042213795,5.460644646,0.229176213,0.04196871,5.460686559,0.228631467,0.04186863,16.87251769,0.0,0.0,16.87251769,0.0,0.0,4.197130479,0.0,0.0,4.197130479,0.0,0.0,0.398456638,,,0.380889993,,,0.376609576,,,16.87251769,,,4.197130479,,,0.398456638,,,0.398456638,,,0.380889993,,,0.380889993,,,0.376609576,,,0.376609576,,,16.87251769,,,16.87251769,,,4.197130479,,,4.197130479,,,animal,2cm,Discodoris sp,84_JorunnaPantheris_1_NF_N_RAW_AOB,animals_on_background,NF,N,colour_defence_2024
0.423542748,0.945686666,2.232800986,2.106395786,11.26991325,0.698207046,1.443213524,2.067028014,1.386584304,6.124968861,0.22499943,0.621186465,2.76083573,4.130107024,32.08614637,0.202996228,0.555649094,2.73723851,4.069487794,30.95630832,0.359429032,0.906229266,2.521302362,2.938618702,17.36175189,0.328942494,0.83765024,2.546494461,3.248832658,21.7186352,0.393201366,1.965593176,0.196559318,3.436521913,0.076367154,0.972264829,0.42224925,1.533284452,0.511822924,0.136463236,0.467036087,0.022829334,1.964753591,1.966426511,0.196475359,0.196642651,3.492128103,3.363424216,0.077602847,0.07474276,0.9716648,0.972842474,0.329999979,0.343370709,1.560788873,1.489778217,0.677841995,0.647002459,0.137039103,0.135692706,0.503920987,0.495186584,0.023894121,0.021765667,1836.017362,40.85129819,44.94391717,0.476148909,0.040751191,0.00997718,0.244831621,0.251706615,0.108673402,0.431746308,7.454863602,3.254091034,0.436505778,21.84295636,17.75755265,0.812964709,5.064728138,2.055328983,0.405812302,0.040765664,0.009744754,0.239043177,0.040730378,0.009729525,0.238876368,0.25410338,0.107970407,0.424907402,0.253953502,0.108119753,0.425746256,7.526284961,3.233297668,0.429600751,7.521869907,3.237728555,0.430441977,21.84726567,17.76253397,0.81303236,21.83866095,17.75258486,0.812897132,5.064965014,2.054718908,0.405672873,5.064492027,2.055936881,0.405951252,0.197469751,0.074281972,0.376168866,0.439664255,0.243264372,0.553295769,0.44537675,0.248571117,0.558114263,8.05664488,3.214438063,0.398979738,5.795620399,2.192835313,0.378360756,0.197291251,0.076886766,0.389711992,0.197665501,0.071775528,0.36311611,0.439800218,0.247496377,0.562747282,0.439515153,0.240044089,0.546156571,0.445435189,0.252937472,0.56784349,0.445312664,0.245232819,0.550698057,8.05249757,3.319422586,0.412222737,8.061192965,3.115113199,0.386433275,5.793196004,2.235958914,0.385962932,5.798279075,2.158128141,0.372201495,animal,2cm,Kaloplocamus acutus,137_KaloplocamusAcutus_1_NF_N_RAW_AOB,animals_on_background,NF,N,colour_defence_2024
0.266933156,0.499878874,1.87267435,1.58933956,6.649264662,0.887846406,1.680896127,1.893228507,1.769219134,8.072624828,0.137177486,0.316267833,2.305537469,3.087562329,17.58701226,0.133964223,0.31533175,2.353850468,3.306993475,19.63800038,0.451709379,1.069466029,2.367597569,3.487959487,22.72613806,0.436052281,1.039050486,2.38285759,3.465768924,21.75568852,0.381870755,3.857576576,0.551082368,4.27284007,0.203468575,1.475181137,0.758093141,1.70040997,0.662940952,0.377275471,0.710517047,0.05144056,3.854196621,3.860924684,0.550599517,0.551560669,4.271338903,4.265493995,0.203397091,0.203118762,1.474511661,1.475841344,0.574869697,0.593922248,1.702162705,1.692649916,0.874738593,0.869849986,0.376998304,0.377339715,0.724804145,0.731886117,0.052798949,0.050084538,340.2500324,17.93977087,18.96624182,0.486093446,0.040846806,0.016112477,0.394461121,0.111534827,0.042680358,0.382663956,3.152177095,1.340089626,0.425131452,12.33867041,7.10227706,0.575611215,2.771095865,1.386779954,0.500444597,0.040674299,0.016172793,0.397617003,0.040713884,0.016183424,0.39749154,0.111048616,0.043021172,0.387408445,0.111159394,0.043013079,0.386949565,3.136427891,1.350745736,0.43066373,3.139912431,1.350445321,0.430090122,12.34078057,7.102968616,0.575568829,12.33656994,7.101587888,0.575653356,2.771712804,1.386715496,0.500309951,2.770481762,1.386843796,0.500578569,0.166164965,0.055758807,0.335562957,0.213676029,0.182558982,0.854372778,0.238293071,0.211620205,0.888066966,6.733694124,2.350979908,0.349136724,2.015659111,0.806748935,0.40024076,0.164639716,0.054231597,0.329395593,0.167770075,0.05747447,0.342578793,0.208264124,0.181224817,0.870168198,0.219371299,0.184407609,0.840618666,0.232178466,0.20979392,0.903589054,0.244727835,0.214064872,0.874705861,6.668791307,2.277837584,0.341566782,6.801995228,2.431997854,0.357541835,2.00064072,0.810572404,0.405156406,2.031463858,0.805177431,0.396353313,animal,2cm,Kaloplocamus ramosus,86_KaloplocamusRamosus_2_NF_N_RAW_AOB,animals_on_background,NF,N,colour_defence_2024
0.239374009,0.438292994,1.830996589,2.855646506,16.18687042,0.607672246,1.043675984,1.717498191,2.376346101,12.50429688,0.130541725,0.308804506,2.365561714,4.551697737,33.21690427,0.113575544,0.257108325,2.26376486,4.863931518,40.94435932,0.32316604,0.700323598,2.167070518,3.968407396,28.28652692,0.285008579,0.636588728,2.233577426,4.362967782,31.90820178,0.305885484,1.403688742,0.467896247,1.181203671,0.393734557,0.491929088,0.447773152,0.287739237,0.415119971,0.430815402,0.431446562,0.017286896,1.403244296,1.404127984,0.467748099,0.468042661,1.162913559,1.202724952,0.387637853,0.400908317,0.491829523,0.492026546,0.709560014,0.709844258,0.268363385,0.309218238,0.24427488,0.28146257,0.427692976,0.434475489,0.476917447,0.495653414,0.018658915,0.015926791,3249.621012,52.59368421,61.78728606,0.459811489,0.078112616,0.01022426,0.130891277,0.322882795,0.033192528,0.102800546,9.158164083,0.483638559,0.052809554,7.308957961,2.523247601,0.345226722,3.131956849,1.396822207,0.445990246,0.078222743,0.010103123,0.129158377,0.078216236,0.010106673,0.129214513,0.323205011,0.032825754,0.101563259,0.323166862,0.03286458,0.10169539,9.162209263,0.477549088,0.052121609,9.161548165,0.477728447,0.052144947,7.309636326,2.523053169,0.345168084,7.308287355,2.523439525,0.345284661,3.132162808,1.396915975,0.445990857,3.131753245,1.39672946,0.445989626,0.156295365,0.034018073,0.217652477,0.112448346,0.039350194,0.349940181,0.057077282,0.001072916,0.018797608,6.307953616,1.41412532,0.224181312,2.241926193,0.937832816,0.418315651,0.155607402,0.032508244,0.208911938,0.157094344,0.03565817,0.226985704,0.113244142,0.037603709,0.332058752,0.111524132,0.041247366,0.369851489,0.057055584,0.001025297,0.017970142,0.057102481,0.001124644,0.019695193,6.279355122,1.351361977,0.215207127,6.341167026,1.482303859,0.233758842,2.222959977,0.896208836,0.403160131,2.263952972,0.983048095,0.434217542,animal,2cm,Kaloplocamus ramosus,86_KaloplocamusRamosus_1_NF_N_RAW_AOB,animals_on_background,NF,N,colour_defence_2024
0.455682754,0.920735964,2.020563549,2.900383326,15.2168886,0.756724997,1.36595251,1.805084431,2.618506114,14.75513474,0.231857867,0.601360286,2.593659179,4.911707698,38.42246725,0.227456554,0.591111631,2.598789176,4.71742308,33.76840074,0.382143709,0.873474092,2.285721504,4.381453177,34.141836,0.374450569,0.869051354,2.320870697,4.567714536,38.02306775,0.455424934,1.279225854,0.213204309,1.859314767,0.123954318,0.459465592,0.256432629,0.899237624,0.501874074,0.168579313,0.379153352,0.010333034,1.278514821,1.279935781,0.213085803,0.21332263,1.84647238,1.873040711,0.123098159,0.124869381,0.458821772,0.460106624,0.256073307,0.256790396,0.890315818,0.908013381,0.496894719,0.506771917,0.168091981,0.169096005,0.376484013,0.381781157,0.010660404,0.010006101,9182.043927,92.8050728,98.93903049,0.484004834,0.031689356,0.008190996,0.25847782,0.156277451,0.066668477,0.426603304,4.655728117,2.191508499,0.470712302,8.847914762,3.559516917,0.402300091,5.578072288,5.956499263,1.067841891,0.03155144,0.008008579,0.253826103,0.031565132,0.008028038,0.254332457,0.155551997,0.065078092,0.418368731,0.155575415,0.065086706,0.418361127,4.633319668,2.138372086,0.461520517,4.633915718,2.138567757,0.461503378,8.847605734,3.557540395,0.402090747,8.848223174,3.561488369,0.402508877,5.578028513,5.95671406,1.067888779,5.578115976,5.956284886,1.067795096,0.253165695,0.092148064,0.363983214,0.181000395,0.15407849,0.851260516,0.175240749,0.165872452,0.946540421,10.41966722,3.858894811,0.370347222,3.07754661,3.302383787,1.073057278,0.25346702,0.091223554,0.359903052,0.252845095,0.09312035,0.368290118,0.180510311,0.153251444,0.848989973,0.181521829,0.154951551,0.853624888,0.174645128,0.165016092,0.944865129,0.175874469,0.166775961,0.948267032,10.43073272,3.81543017,0.365787359,10.40789387,3.904567269,0.375154408,3.057388882,3.281763084,1.073387525,3.098993787,3.324022047,1.07261333,animal,2cm,Mariona sp,87_MarionaSp_4_NF_N_RAW_AOB,animals_on_background,NF,N,colour_defence_2024
0.415182489,0.872210631,2.100788577,3.179305745,19.7976335,0.797506557,1.451692103,1.82028861,2.659992528,23.46541944,0.216505304,0.575832802,2.659670655,5.489022699,49.60680917,0.203935626,0.539359364,2.644753023,5.443636505,49.80041916,0.412626236,0.93344205,2.262197525,4.625047822,51.68744381,0.38474878,0.877108887,2.279692446,4.64584678,53.01473614,0.326134484,4.83797605,0.537552894,6.820963953,0.189471221,1.708343888,0.77750081,2.145007246,0.704546375,0.363512058,0.741023592,0.041425871,4.830220467,4.845693106,0.536691163,0.538410345,6.967220705,6.650574028,0.193533908,0.184738167,1.707025462,1.709649743,0.569819098,0.570695104,2.166231527,2.117408876,0.985894455,0.963674309,0.365112536,0.361574256,0.777856776,0.767184707,0.04294674,0.03990739,536.1245521,22.28465425,24.05801527,0.480866866,0.049281248,0.024541211,0.497982738,0.214635426,0.102154294,0.475943304,6.340080988,3.033994525,0.478541919,15.44330393,11.42660766,0.739906934,5.237895865,2.690700565,0.513698751,0.049226322,0.024545081,0.498616989,0.049311494,0.024614603,0.49916563,0.214166736,0.102080949,0.476642409,0.214245546,0.102012399,0.476147116,6.325913312,3.030404789,0.479046209,6.328280928,3.028617973,0.478584628,15.44627998,11.43071135,0.740030051,15.44034196,11.42252106,0.739784202,5.238379703,2.690640842,0.513639903,5.237414317,2.690759907,0.513757313,0.170227241,0.099514827,0.58459989,0.257202284,0.168064825,0.65343442,0.252165049,0.168033508,0.666363195,6.957873556,4.226857052,0.607492651,3.924806404,2.063936995,0.525869758,0.169248285,0.099261257,0.586483089,0.1712791,0.100032983,0.584034964,0.255546872,0.169072973,0.661612375,0.258980975,0.167394787,0.646359398,0.250658371,0.169179913,0.674942202,0.253783929,0.167216511,0.658893223,6.917924899,4.226623226,0.610966914,7.000797185,4.237639682,0.605308163,3.923978448,2.074380329,0.528642131,3.925696018,2.058044139,0.524249491,animal,2cm,Mariona sp,87_MarionaSp_3_NF_N_RAW_AOB,animals_on_background,NF,N,colour_defence_2024
0.369810209,0.721238357,1.95029326,2.594070827,14.53095338,0.661637131,1.241569375,1.876511031,2.535654796,16.09334843,0.190511511,0.460260561,2.415919956,4.238702409,31.26419152,0.18324358,0.449665129,2.453920234,4.574962044,37.42617975,0.336041054,0.786919774,2.341737016,4.258235294,35.65775077,0.324956452,0.771418037,2.373912047,4.463386401,38.83136534,0.403246543,4.937589295,0.493758929,7.151787267,0.158928606,1.768858412,0.768205448,2.290813603,0.730606866,0.326343768,0.749406157,0.044907743,4.931297392,4.943832912,0.493129739,0.494383291,7.475833499,6.789295846,0.166129633,0.150873241,1.768036851,1.769669845,0.571987243,0.564399015,2.312514602,2.258769431,1.004312331,0.9809711,0.329629686,0.322628266,0.788149787,0.772685057,0.046570498,0.043246129,452.9295848,20.47282163,22.12345679,0.480624655,0.062197322,0.018040286,0.290049247,0.317602411,0.090149334,0.283843355,9.534017487,2.705654007,0.283789495,9.032943631,6.54153671,0.724186597,5.417219513,2.837196399,0.52373665,0.062153446,0.018062804,0.29061629,0.062192689,0.018062259,0.290424148,0.318272071,0.090101921,0.283097164,0.318125584,0.090072384,0.283134675,9.554489116,2.702403561,0.282841241,9.550313859,2.701891242,0.282911251,9.031663226,6.541241327,0.724256559,9.034218711,6.541830574,0.724116914,5.417874636,2.836986734,0.523634622,5.416567115,2.837405009,0.523838245,0.127661047,0.062252194,0.487636563,0.139106145,0.150724165,1.083519102,0.138709449,0.152100021,1.09653684,5.160028732,2.606501687,0.505133173,2.996212738,1.720126113,0.574100127,0.12630221,0.061851808,0.489712792,0.129123335,0.062713646,0.485687934,0.139584526,0.14337212,1.027134767,0.138591343,0.158397489,1.142910414,0.139103903,0.144831907,1.041177886,0.138284964,0.159696992,1.154839879,5.102521228,2.568156788,0.503311338,5.221914379,2.648455921,0.507181032,3.029840191,1.706760796,0.563317102,2.960025171,1.735499299,0.586312345,animal,2cm,Mariona sp,87_MarionaSp_2_NF_N_RAW_AOB,animals_on_background,NF,N,colour_defence_2024
0.306314014,0.58205399,1.90018727,2.66751954,16.42968613,0.661732924,1.209931875,1.828429311,2.288938395,13.81242152,0.154791227,0.375817096,2.427896607,4.910714296,44.98811706,0.155879465,0.369919567,2.37311288,4.506725229,37.65448377,0.332563027,0.778702744,2.341519294,4.439716536,39.0482911,0.32731859,0.752606386,2.299308408,4.088947712,34.31903426,0.404901171,5.187352567,0.576372507,7.662174799,0.212838189,1.824196927,0.8302278,2.45672887,0.783522054,0.394605348,0.806874927,0.040555926,5.185115629,5.189570551,0.576123959,0.57661895,7.817956974,7.490584749,0.217165472,0.208071799,1.823631487,1.824758594,0.581608946,0.581968413,2.478209699,2.429940654,1.12788184,1.105913651,0.396644715,0.392345374,0.854745393,0.843941032,0.040527369,0.040584466,559.6688012,23.67468354,23.63996968,0.500366841,0.052566428,0.012201398,0.232113892,0.262303627,0.096761695,0.368891944,7.819957539,2.968665419,0.379626795,7.284664685,4.793308818,0.657999925,4.379863064,2.298880041,0.524874867,0.05252109,0.012148609,0.231309147,0.052529787,0.012173426,0.231743298,0.262797204,0.096938792,0.368872996,0.262651095,0.097003169,0.369323298,7.834845187,2.974505419,0.379650822,7.830565609,2.976403402,0.380100691,7.282249057,4.791538396,0.657975079,7.287078972,4.795076235,0.658024464,4.379623528,2.298593448,0.524838136,4.380102468,2.299166411,0.524911558,0.135115463,0.064765273,0.479332797,0.19245995,0.11639113,0.60475507,0.194232201,0.119207716,0.613738176,5.464950528,2.686852829,0.491651812,3.185389943,1.268627887,0.398264548,0.136721333,0.067070079,0.490560451,0.13351284,0.062337181,0.466900272,0.194062046,0.117143598,0.603639921,0.190861091,0.115612164,0.605739825,0.195746269,0.120235117,0.614239637,0.192721192,0.118153267,0.613078745,5.533330116,2.78961328,0.504147272,5.396709152,2.578333664,0.477760352,3.200092688,1.297949012,0.405597318,3.170716915,1.23849234,0.390603253,animal,2cm,Mariona sp,87_MarionaSp_1_NL_N_RAW_AOB,animals_on_background,NL,N,colour_defence_2024
0.474094864,1.097360375,2.314643037,2.480497932,14.47203773,1.835771022,4.546340429,2.47652914,2.579717113,12.05732272,0.28119611,0.793917878,2.823360097,3.953531527,28.86219483,0.197871915,0.576551161,2.913759446,5.321261608,54.0828482,1.120424378,3.492651923,3.117258059,4.0274536,23.48077699,0.717438775,2.324159684,3.239523378,5.775395764,50.01561375,0.424738393,7.320249884,0.281548072,14.49981031,0.044614801,2.299734056,0.70585203,3.279430733,0.72879321,0.163081437,0.71732262,0.070290693,7.317398728,7.322253804,0.281438413,0.281625146,14.61808285,13.90980635,0.044978716,0.042799404,2.301610774,2.297792942,0.515373517,0.513205291,3.230070844,3.297844347,0.991398139,1.012199703,0.163208565,0.162212275,0.753385828,0.762702497,0.083235954,0.057359636,181.0032022,11.01403903,16.43386243,0.401270714,0.058494146,0.04333208,0.740793438,0.134061112,0.10931624,0.815420958,3.579374263,2.801044929,0.782551564,18.59643086,13.34088292,0.717389429,7.60155316,4.78105643,0.628957837,0.058220542,0.043415965,0.745715585,0.058284057,0.043163424,0.740570004,0.133375669,0.109443344,0.820564536,0.133317796,0.109046624,0.817944995,3.564437147,2.807756202,0.787713764,3.561120175,2.794869029,0.784828619,18.61547307,13.35421542,0.7173718,18.5779317,13.32789076,0.717404444,7.604494542,4.783176881,0.628993401,7.59869566,4.778993746,0.628922905,0.273709602,0.141778249,0.517987852,0.401902963,0.251449604,0.62564755,0.393605989,0.267219211,0.678900266,11.56842529,6.621201907,0.572351184,3.156952628,2.164543958,0.685643471,0.284549243,0.147517139,0.518423937,0.257997195,0.131488635,0.509651414,0.40977365,0.249635473,0.609203331,0.39049415,0.253719505,0.64973958,0.399690704,0.266700386,0.667266924,0.384786002,0.267830116,0.696049531,12.07422096,6.89472127,0.57102825,10.83525831,6.131827995,0.565914334,3.209018642,2.122422148,0.661392901,3.081481276,2.222848968,0.721357285,animal,2cm,Nembrotha purpureolineata,140_NembrothaPurpureolineata_3_NL_D_RAW_AOB,animals_on_background,NL,D,colour_defence_2024
0.301924326,0.767606455,2.542380286,4.149552464,42.63920965,1.729818366,4.830210814,2.79232254,3.529008863,18.35444476,0.164075152,0.505696569,3.082103302,6.706518884,103.0124589,0.140567796,0.455080864,3.237447526,7.58070789,122.1470164,1.045174572,3.692127438,3.532546178,5.195627566,34.75270322,0.685642504,2.515622716,3.669000538,6.826660041,60.69274561,0.302432909,4.438189204,0.233588905,9.373203304,0.054814054,1.857653315,0.630902297,2.84063468,0.678011639,0.14420148,0.654456968,0.058247215,4.423756012,4.452149064,0.232829264,0.234323635,9.351438633,9.070724803,0.054686776,0.053045174,1.856661452,1.858490935,0.444774606,0.452091452,2.791327515,2.862024071,0.947999784,0.972009979,0.14375802,0.143684405,0.696387195,0.712050716,0.0665898,0.049931818,266.7117988,14.0173149,19.0273102,0.424193492,0.036181585,0.033920607,0.937510249,0.068878728,0.095094724,1.380610932,1.841671472,2.455309253,1.333196116,22.58924061,13.79791803,0.610818144,6.994639366,5.350507697,0.76494404,0.035595103,0.033929945,0.953219473,0.035761487,0.033877427,0.947315948,0.067632795,0.095295516,1.409013422,0.067603751,0.094527186,1.398253556,1.807889333,2.461919693,1.3617646,1.807268217,2.439406362,1.3497755,22.61894318,13.80140012,0.610169981,22.56015394,13.79444186,0.611451584,6.998350804,5.35352306,0.764969235,6.991004886,5.347550576,0.76491873,0.320871361,0.165388004,0.515433986,0.554144853,0.285959381,0.516037241,0.542240823,0.294289429,0.542728279,13.86078229,8.051283633,0.58086791,2.440407661,1.987636347,0.814468983,0.336609956,0.171427365,0.50927598,0.299950544,0.15462831,0.515512684,0.555414535,0.291424896,0.524698,0.552457106,0.278742936,0.504551272,0.542498143,0.30021532,0.553394189,0.541898776,0.286452295,0.528608492,14.63911876,8.418800066,0.575089266,12.82616429,7.413778406,0.578019916,2.350479804,1.887046796,0.80283472,2.55994591,2.109524046,0.824050242,animal,2cm,Nembrotha purpureolineata,140_NembrothaPurpureolineata_1_NL_D_RAW_AOB,animals_on_background,NL,D,colour_defence_2024
0.517757193,0.956876346,1.848117917,2.956108687,14.94609405,0.368293524,0.679928454,1.846159135,3.565624162,25.85341747,0.268728926,0.660002468,2.456015728,4.851197295,34.98556069,0.253418097,0.616974672,2.43461173,4.643185691,31.89334086,0.194235495,0.471529984,2.427620056,6.152487955,68.50965745,0.173437929,0.40965931,2.361993788,5.017767709,44.33122873,0.460870707,3.965894281,0.793178856,4.102934378,0.410293438,1.474765302,0.916323203,1.694827369,0.736054174,0.601736147,0.826188688,0.053310898,3.96115775,3.970588936,0.79223155,0.794117787,4.17163287,4.027849602,0.417163287,0.40278496,1.473924496,1.475595707,0.640117275,0.640843073,1.712614397,1.672285091,1.064107155,1.039049148,0.604697419,0.598451374,0.852112215,0.83994611,0.053950775,0.052672569,315.3781929,17.53541508,17.98521401,0.493668483,0.077257482,0.010321629,0.133600383,0.533301905,0.10431635,0.195604683,14.84008259,3.168164229,0.213486967,3.281933907,2.885632651,0.879247642,4.845206971,2.655612839,0.548090691,0.0772762,0.010404818,0.134644533,0.077244536,0.010414845,0.134829535,0.534411966,0.10427256,0.19511644,0.533998446,0.104489357,0.195673522,14.87640396,3.167241536,0.212903706,14.86415893,3.172889385,0.213459059,3.281281575,2.885333394,0.879331239,3.282583784,2.885930567,0.879164328,4.845805725,2.655869884,0.548076014,4.844610471,2.655356569,0.548105278,0.061195397,0.049870487,0.814938533,0.113618237,0.070795165,0.623096846,0.126927673,0.074766356,0.589046927,2.457495691,2.010420082,0.818076748,3.748746452,1.542344027,0.411429273,0.061480458,0.050633316,0.823567638,0.060904125,0.049076891,0.805805703,0.11542044,0.072814066,0.630859369,0.111776764,0.068616687,0.613872549,0.128793226,0.076749542,0.595912877,0.125021471,0.07262911,0.580933099,2.469165497,2.041277936,0.826707622,2.445571601,1.978313748,0.808937161,3.770649532,1.571553158,0.416785794,3.726366107,1.51155145,0.405636861,animal,2cm,Onchidoris sp,98_OnchidorisSp_1_NF_N_RAW_AOB,animals_on_background,NF,N,colour_defence_2024
0.351733715,0.869684616,2.472565409,0.630188667,2.54834403,1.650670545,4.016195394,2.433069038,0.650466067,2.868318108,0.181572598,0.536533854,2.954927451,1.954857322,9.593920163,0.169928208,0.470887728,2.771098065,1.808586677,9.491235679,0.860727994,2.51105538,2.917362277,2.052040617,10.76557885,0.770424318,2.102897343,2.729531368,1.810265857,10.26749285,0.439991901,3.036822898,0.337424766,4.741697118,0.131713809,1.36526245,0.621357719,1.806263049,0.704210024,0.234569288,0.662783871,0.059667733,3.044497823,3.0292307,0.338277536,0.336581189,4.722803999,4.730084746,0.131189,0.131391243,1.364778232,1.36566328,0.56915673,0.532432844,1.776007722,1.816158064,0.808295948,0.826569156,0.234733268,0.233986216,0.688726339,0.679501,0.062716127,0.056665118,248.7952052,14.94486216,16.64754098,0.473052401,0.064080749,0.023457987,0.36606917,0.196519229,0.06145113,0.312697799,5.398338267,1.457561529,0.270001889,18.0507912,13.71292204,0.759685373,2.716048318,1.493396425,0.549841627,0.06456767,0.023389552,0.362248668,0.064645837,0.023406454,0.362072097,0.196894884,0.061543889,0.312572313,0.197145098,0.061381986,0.311354359,5.400402982,1.463433819,0.27098604,5.403407984,1.457789801,0.269790807,18.03948618,13.70543572,0.759746457,18.061855,13.72023454,0.759624885,2.717209677,1.493863705,0.54977859,2.714911738,1.49293799,0.549902956,0.251218339,0.110169837,0.438542175,0.217529905,0.155851203,0.716458746,0.169432538,0.182398303,1.076524644,10.43474876,4.990166574,0.478225848,2.255082683,0.919591376,0.407786101,0.255263524,0.112483323,0.440655685,0.246808425,0.108371768,0.439092659,0.226469453,0.16093072,0.71060674,0.207784331,0.150883825,0.726155933,0.177651602,0.189057987,1.064206482,0.160472411,0.176056659,1.09711481,10.61516207,5.109122136,0.481304204,10.23806867,4.893147308,0.477936559,2.324460251,0.950207379,0.408786245,2.179449759,0.88672046,0.406855196,animal,2cm,Caloria indica,99_PhidianaIndica_1_NL_D_RAW_AOB,animals_on_background,NL,D,colour_defence_2024
0.249374918,0.504110037,2.021494552,1.493515324,7.79934655,0.928973025,2.008819719,2.162409097,2.062175077,11.64050464,0.124744911,0.305310515,2.447478722,3.382753862,25.06390723,0.127828553,0.311395101,2.436037134,3.381685427,25.00554175,0.447627143,1.166503766,2.605971924,3.904915585,30.48192982,0.476671618,1.314408135,2.757470943,4.58829169,38.13221869,0.283714463,1.940306155,0.485076539,1.004106064,0.167351011,0.683817667,0.493270178,0.016500076,0.011902289,0.326213775,0.252586233,0.022620417,1.94183085,1.938773538,0.485457712,0.484693384,1.0,1.007881705,0.166666667,0.167980284,0.684822234,0.682798588,,0.492535069,0.0,0.029046523,0.0,0.020952638,0.32606219,0.326336834,,0.256743853,0.021641341,0.023597273,1870.600667,45.20785714,41.37777778,0.522117291,0.130918688,0.038561358,0.294544334,0.066203835,0.022021833,0.332636819,1.663160083,0.498589568,0.299784473,24.39522637,16.50758601,0.676672795,2.127593517,0.969468039,0.455664125,0.131014247,0.038509231,0.293931627,0.131148799,0.03844717,0.293156859,0.066251618,0.022010431,0.332224804,0.066322021,0.021993628,0.331618777,1.664263509,0.49829381,0.299408001,1.66587698,0.497876497,0.298867505,24.3899096,16.50470641,0.676702238,24.40054172,16.51046205,0.676643258,2.126612081,0.969938468,0.456095626,2.128574689,0.968996183,0.455232409,0.269911464,0.008077133,0.02992512,0.307800885,0.011314791,0.036760098,0.275739197,0.011924877,0.043246942,11.0716794,0.388884283,0.035124236,2.425925772,0.040904212,0.016861279,0.26968548,,,0.270118247,0.011172178,0.041360323,0.308211886,,,0.307424805,0.015645332,0.050891572,0.276152666,,,0.275360859,0.016490099,0.059885416,11.06098409,,,11.08146595,0.537908001,0.048541231,2.427027882,,,2.424917304,0.0565801,0.023332796,animal,2cm,Phyllodesmium poindimiei,109_PhyllodesmiumPoindimiei_2_NF_N_RAW_AOB,animals_on_background,NF,N,colour_defence_2024
0.341765704,0.633862824,1.854670661,2.24904734,11.156829,1.043345075,2.20993613,2.118125809,3.084474009,16.73058982,0.177966556,0.414301324,2.327972929,4.043472824,27.32038527,0.169747592,0.397620918,2.342424493,4.365532414,32.23148511,0.534817715,1.451939472,2.71483055,5.342495329,42.68481067,0.50792373,1.409412302,2.774850276,5.484644645,43.75117245,0.303138865,6.835149045,0.683514905,11.93047504,0.265121668,2.016058734,0.875563183,2.751230816,0.844428882,0.474318286,0.859996033,0.054298275,6.83058309,6.839491528,0.683058309,0.683949153,12.19283509,11.50451346,0.270951891,0.255655855,2.015815292,2.016283978,0.626248231,0.618853356,2.756365288,2.728852361,1.197074235,1.185125522,0.4770051,0.469802504,0.911661233,0.901989439,0.056268716,0.052330165,303.729032,16.77186469,18.10943731,0.480826796,0.071722439,0.029546816,0.411960556,0.098304696,0.051880096,0.527747891,2.430764652,1.24341187,0.511531163,11.92961427,7.676023054,0.643442687,3.154703,1.550056914,0.491347969,0.071829348,0.029666109,0.413008187,0.071736053,0.029638766,0.413164159,0.097937173,0.052087946,0.531850619,0.098144358,0.05204839,0.530324836,2.422009552,1.249835749,0.516032543,2.427314244,1.248503238,0.514355832,11.93473859,7.677495163,0.643289763,11.92451728,7.674554746,0.643594585,3.153545994,1.549267251,0.491277836,3.155853836,1.550841015,0.49141725,0.19417307,0.091375488,0.470587855,0.342814931,0.234937075,0.685317511,0.331163131,0.249741171,0.754133377,7.951350869,3.937688549,0.495222587,2.318570133,0.841276281,0.362842714,0.194331079,0.090609862,0.466265416,0.194003368,0.092266856,0.47559409,0.334683973,0.232455443,0.694552062,0.351547515,0.237446519,0.675432223,0.321975571,0.247078683,0.767383321,0.341030498,0.252389907,0.740080164,7.955286957,3.896765683,0.489833453,7.947123541,3.984442162,0.501369098,2.361797471,0.860324372,0.364266785,2.272144317,0.818461029,0.360215248,animal,2cm,Phyllodesmium poindimiei,109_PhyllodesmiumPoindimiei_1_NF_D_RAW_AOB,animals_on_background,NF,D,colour_defence_2024
0.251279246,0.444460051,1.768789337,2.573102353,12.36343385,0.686399724,1.411591268,2.056514912,3.941728552,29.8307588,0.130512281,0.301332071,2.308840732,4.216682134,27.77261754,0.125085678,0.290106228,2.319260147,4.346234196,29.2668706,0.350290807,0.942974848,2.691977151,6.063511152,64.17131883,0.337959091,0.924236494,2.734758491,6.110831977,62.64362141,0.252724624,2.095299617,0.419059923,1.340789704,0.13407897,0.80615833,0.500894333,0.511794877,0.317996036,0.276569447,0.409445185,0.027887807,2.095154698,2.095444018,0.41903094,0.419088804,1.337967474,1.343669635,0.133796747,0.134366964,0.80611044,0.806205945,0.500864578,0.500923918,0.50858541,0.514942703,0.316001883,0.319951891,0.276413843,0.276727884,0.40843323,0.410437905,0.028187909,0.027587965,1215.206538,34.47620381,35.24768982,0.494467564,0.053645295,0.014131047,0.263416336,0.171269451,0.018980429,0.110822037,4.844969733,0.469039195,0.09680952,16.18436647,11.20278509,0.692197938,4.050793222,1.753528289,0.432885164,0.053535497,0.013951717,0.260606847,0.053538743,0.013927012,0.260129612,0.171418154,0.018780786,0.109561244,0.171412133,0.018784933,0.109589285,4.848671697,0.463594794,0.095612742,4.84854316,0.463676461,0.09563212,16.18518791,11.2030515,0.692179267,16.18354624,11.20251899,0.692216578,4.051001185,1.753614861,0.432884312,4.050585568,1.75344181,0.432886006,0.178111299,0.045075846,0.25307685,0.094031526,0.065655989,0.698233787,0.079589671,0.060184639,0.756186543,7.218806778,1.953252992,0.270578373,2.409465554,0.318345474,0.132122857,0.178062678,0.044982533,0.252621902,0.178160934,0.045170841,0.253539538,0.09397816,0.065766244,0.699803482,0.094086006,0.065543186,0.696630551,0.079584627,0.060254979,0.757118317,0.079594821,0.060112745,0.755234379,7.21666468,1.947898323,0.269916701,7.220993566,1.958701257,0.271250935,2.410913535,0.321183183,0.133220532,2.407987364,0.315413657,0.130986425,animal,2cm,Pleurobranchus peroni,110_PleurobranchusPeroni_7_NF_N_RAW_AOB,animals_on_background,NF,N,colour_defence_2024
0.160533205,0.413338803,2.574786967,4.424951871,30.13194867,0.395846739,1.004229476,2.536914862,7.820226665,97.50404629,0.083072121,0.279966504,3.370161996,6.749530732,66.73875083,0.078561336,0.260125966,3.311119415,6.649688539,64.09589783,0.20159483,0.664360269,3.295522355,11.26207128,198.6551254,0.195104444,0.67089146,3.438627256,11.68441549,205.659284,0.206316089,1.334766391,0.222461065,1.193328396,0.079555226,0.466006866,0.260083384,0.441807664,0.212464575,0.151008146,0.23627398,0.013624219,1.333586564,1.335944791,0.222264427,0.222657465,1.190964428,1.195867058,0.079397629,0.079724471,0.46494343,0.467065855,0.223590527,0.224611197,0.436064132,0.447673705,0.243372026,0.249851452,0.150831028,0.151190968,0.233481276,0.237231325,0.014122922,0.013125978,5248.416153,69.80687661,75.18480138,0.481454367,0.025410208,0.005356817,0.210813596,0.03843522,0.052187959,1.35781604,1.08177768,1.604259694,1.48298465,15.94973199,10.14957251,0.636347527,4.604945319,3.223631229,0.70003681,0.025334574,0.00521851,0.205983718,0.025342985,0.005217232,0.205864932,0.037553689,0.051113917,1.361089108,0.037685963,0.051321568,1.361821878,1.054537166,1.57148842,1.490216248,1.058602091,1.577739565,1.490399064,15.95214592,10.14972693,0.636260913,15.94732273,10.14941771,0.636433957,4.604983566,3.224252327,0.700165871,4.604907146,3.223011213,0.69990797,0.167010942,0.071596706,0.4286947,0.71961537,0.141773112,0.197012346,0.75308918,0.149916999,0.199069383,6.806734222,3.317975823,0.487454881,3.701985451,0.501125699,0.135366739,0.166068186,0.069481649,0.418392293,0.168024365,0.073787381,0.439146914,0.719474072,0.142328583,0.197823089,0.719767258,0.141173387,0.19613755,0.752917131,0.150553948,0.199960848,0.753274124,0.149229021,0.198107191,6.764056677,3.219860018,0.476024991,6.852610741,3.419629782,0.499025833,3.704342594,0.502566168,0.135669462,3.699451625,0.49955845,0.135035811,animal,2cm,Pleurobranchus peroni,110_PleurobranchusPeroni_6_NP_N_RAW_AOB,animals_on_background,NP,N,colour_defence_2024
0.053804054,0.271029051,5.037335106,9.832580093,133.4350855,0.511961092,0.972670193,1.89989085,2.848328377,20.07255901,0.027237192,0.184085213,6.75859735,15.5466015,333.4442313,0.026882163,0.171301121,6.372296822,13.28918672,231.8099577,0.262438893,0.653062799,2.488437562,4.933267369,49.07892915,0.250889096,0.624815562,2.490405409,4.99962015,48.73882686,0.195507369,1.92218373,0.480545933,1.542541974,0.257090329,0.766795013,0.553125681,0.669796762,0.416168127,0.368818131,0.484646904,0.020697331,1.922079081,1.922288238,0.48051977,0.48057206,1.539811509,1.544860167,0.256635252,0.257476694,0.766661466,0.766927655,0.476353552,0.476518944,0.677932682,0.659881297,0.489025059,0.476003737,0.368577511,0.369024377,0.482689305,0.476261341,0.020901921,0.020492834,2238.956169,46.84249292,47.79754513,0.494954291,0.016399281,0.004598438,0.280404864,0.009237677,0.031781328,3.440402478,0.257042222,0.957158851,3.723741746,11.52946121,4.795069444,0.415897097,3.728586606,3.24435053,0.870128784,0.016347661,0.00454456,0.277994487,0.016348675,0.004546871,0.278118612,0.008909677,0.030838493,3.461235902,0.008930039,0.030968531,3.467905293,0.247334468,0.928547866,3.754219438,0.247966473,0.932645521,3.761175903,11.52952516,4.795007944,0.415889456,11.52939732,4.795130889,0.415904731,3.728423191,3.244266118,0.870144281,3.728749877,3.244434856,0.870113299,0.191153676,0.034634074,0.181184451,0.835588786,0.117117269,0.14016137,0.848617232,0.116700008,0.137517839,7.747385331,1.411946799,0.18224817,1.02276854,1.643823912,1.60722964,0.191026508,0.035627129,0.186503586,0.191283324,0.033590833,0.175607742,0.834717122,0.120735318,0.144642197,0.836477444,0.113301194,0.135450388,0.847687249,0.120333893,0.141955531,0.849565344,0.112865053,0.13285035,7.742441769,1.452260234,0.187571347,7.752425266,1.369603549,0.176667753,1.030659032,1.684985594,1.634862298,1.014724226,1.600720553,1.577493187,animal,2cm,Pleurobranchus peroni,110_PleurobranchusPeroni_5_NP_N_RAW_AOB,animals_on_background,NP,N,colour_defence_2024
0.137733685,0.332999807,2.41770782,3.686484658,20.08374228,0.42249695,0.776092987,1.836919738,3.430681727,27.04887251,0.066971214,0.211725581,3.161441597,5.904267505,48.01260355,0.071607915,0.226601339,3.164473332,5.65125152,43.20253974,0.20998476,0.51614628,2.458017809,5.636161501,60.98551752,0.213195848,0.509302622,2.388895588,5.093627776,51.55722882,0.294110082,1.008404112,0.504202056,1.0,1.0,0.027091847,0.039085273,0.0,,0.752101028,,0.000836209,1.008346564,1.00846161,0.504173282,0.504230805,1.0,1.0,1.0,1.0,0.026935596,0.02724776,,,0.0,0.0,0.0,0.0,0.752086641,0.752115403,,,0.000897379,0.000775088,1435312.271,1113.355932,1289.176471,0.46340933,0.023380711,0.002066314,0.088376868,0.031653291,0.007664334,0.242133879,0.796148438,0.253976207,0.319006098,13.14401007,0.0,0.0,2.724915626,0.0,0.0,0.023371519,0.001968596,0.084230553,0.023372754,0.001982004,0.084799753,0.031619199,0.00730188,0.230931863,0.031623777,0.007351612,0.232471034,0.795018699,0.241965428,0.30435187,0.795170413,0.243613407,0.306366287,13.14401007,0.0,0.0,13.14401007,0.0,0.0,2.724915626,0.0,0.0,2.724915626,0.0,0.0,0.317262481,,,0.56191408,,,0.629107772,,,13.14401007,,,2.724915626,,,0.317262481,,,0.317262481,,,0.56191408,,,0.56191408,,,0.629107772,,,0.629107772,,,13.14401007,,,13.14401007,,,2.724915626,,,2.724915626,,,animal,2cm,Pleurobranchus peroni,110_PleurobranchusPeroni_4_NP_N_RAW_AOB,animals_on_background,NP,N,colour_defence_2024
0.235464601,0.475688811,2.020213696,3.475834816,19.94758762,0.489761489,0.877302048,1.791284262,3.080731729,18.56136023,0.122461564,0.319970675,2.612825314,5.534485552,46.09712162,0.116170128,0.300701325,2.588456525,5.619914161,47.20485275,0.255749403,0.594497155,2.324529982,4.882909776,40.20748617,0.235078725,0.546519323,2.324835321,5.1922994,45.84215912,0.269624693,3.204974038,0.801243509,3.184011886,0.530668648,1.248656568,0.900715319,1.273697672,0.710864206,0.665956079,0.805789762,0.03080653,3.203195624,3.206739254,0.800798906,0.801684814,3.14215933,3.217680143,0.523693222,0.536280024,1.248386053,1.248924728,0.696737522,0.697038162,1.267704307,1.278108411,0.914455359,0.921960333,0.662246064,0.668982419,0.805596441,0.809499248,0.032024635,0.02958907,991.2985831,30.22596076,32.79626381,0.479607963,0.034737598,0.011545206,0.332354765,0.127963587,0.097430845,0.761395079,3.737111941,2.806670951,0.751026727,9.166687688,4.746835403,0.517835402,3.779467604,1.782157856,0.471536746,0.034656247,0.011559345,0.333542901,0.034669294,0.01155304,0.333235524,0.127016696,0.097782974,0.769843471,0.127190814,0.097737197,0.768429679,3.709151692,2.816523691,0.759344434,3.714211344,2.815188688,0.757950592,9.169181179,4.747789244,0.517798607,9.164201772,4.74588253,0.517871894,3.780565402,1.781982917,0.471353548,3.77837314,1.782331349,0.471719251,0.144309535,0.041262339,0.285929402,0.32549934,0.341129475,1.048018944,0.314138788,0.345911184,1.101141271,5.82328409,1.71237328,0.294056284,2.721280935,1.415026232,0.519985355,0.143549517,0.041636283,0.290048231,0.145131678,0.040834867,0.281364259,0.316971021,0.337935271,1.066139326,0.334724765,0.344266099,1.028505015,0.305430641,0.342680501,1.12195849,0.323558738,0.349078917,1.078873402,5.792468339,1.728977623,0.298487194,5.856618722,1.693471001,0.289155071,2.687008691,1.407001171,0.523631046,2.758354593,1.422541135,0.515720908,animal,2cm,Pleurobranchus peroni,110_PleurobranchusPeroni_3_NL_N_RAW_AOB,animals_on_background,NL,N,colour_defence_2024
0.238417681,0.413085773,1.732613835,2.343605643,10.50514001,0.846385179,1.601852986,1.892581564,3.045137546,16.94725368,0.124557186,0.281114764,2.256913263,4.018043377,24.96719373,0.117609701,0.263469196,2.240199513,4.179459418,27.37390378,0.438405012,1.080114791,2.463737326,4.970118254,38.97675065,0.40958777,1.012887381,2.472943421,5.189880254,43.10195301,0.338848321,2.061904191,0.687301397,1.212657524,0.404219175,0.786019393,0.715465684,0.325382534,0.296175946,0.545760286,0.505820815,0.025979613,2.061511321,2.062295891,0.68717044,0.687431964,1.223295013,1.201141267,0.407765004,0.400380422,0.785769335,0.786268454,0.715238072,0.715692389,0.335604819,0.313979477,0.305480671,0.285796437,0.547467722,0.543906193,0.510359371,0.500744413,0.027109082,0.024850864,1408.247191,35.88800706,39.24004999,0.477691138,0.064545941,0.023626541,0.366042248,0.133222926,0.026030497,0.195390523,3.928373582,0.705331857,0.17954806,12.14563438,4.96668839,0.40892787,2.984228078,1.068818541,0.358155782,0.064439233,0.023572974,0.365817111,0.064452317,0.023586194,0.365947965,0.133258014,0.025933888,0.194614094,0.133264621,0.025955382,0.19476574,3.92961479,0.703340243,0.178984527,3.929740899,0.703753383,0.179083914,12.14594965,4.966557211,0.408906455,12.14532003,4.966819149,0.40894922,2.984242901,1.068842991,0.358162196,2.984213299,1.068794162,0.358149386,0.258668082,0.034522633,0.133463057,0.156859279,0.054695614,0.348692244,0.148661046,0.041846791,0.281491301,10.5957132,1.458093288,0.137611623,2.373291141,0.128482672,0.05413692,0.258269702,0.035235231,0.136428046,0.259102386,0.033720586,0.130143864,0.157525529,0.055797846,0.354214625,0.156132951,0.053453917,0.342361534,0.149168266,0.04269116,0.286194652,0.148108088,0.040895679,0.276120501,10.57898862,1.488285382,0.140683144,10.6139459,1.424114083,0.134173859,2.374586008,0.131534192,0.055392473,2.37187951,0.125048274,0.052721175,animal,2cm,Pleurobranchus peroni,110_PleurobranchusPeroni_2_NL_N_RAW_AOB,animals_on_background,NL,N,colour_defence_2024
0.295929025,0.777446598,2.627138713,4.332541088,27.25116677,1.424645558,2.710070722,1.902277171,3.285599033,18.10946316,0.154924854,0.527631389,3.405724624,6.624324075,60.78318042,0.143240516,0.474714807,3.314109861,6.607449375,61.07170967,0.740289658,1.87085615,2.527194766,5.201511978,40.42237076,0.687505869,1.687026807,2.453836225,5.117976822,39.71282124,0.184792697,2.490499508,0.226409046,10.54870117,0.191794567,1.497259714,0.624405799,2.64912173,0.771441934,0.209101806,0.697923867,0.041037668,2.486393,2.494597804,0.226035727,0.226781619,10.67376319,10.39823041,0.194068422,0.189058735,1.495591052,1.498917707,0.435526099,0.445139893,2.662752908,2.631040748,1.110454213,1.097229215,0.210052074,0.207920177,0.772990156,0.771184554,0.042819606,0.03925614,547.0804007,22.35378803,24.4737223,0.477364435,0.025084443,0.020443952,0.815005239,0.092700624,0.128180618,1.382737377,2.764820424,3.887791681,1.406164266,24.66907627,13.82423667,0.560387285,5.605027598,3.47938585,0.620761591,0.024746678,0.020226894,0.817357945,0.024793778,0.020281885,0.818023182,0.090172619,0.127114797,1.409682872,0.090395255,0.127223987,1.407418859,2.6891952,3.856200922,1.433960957,2.695689791,3.858933282,1.43151979,24.67032481,13.81660759,0.560049683,24.66783264,13.83183141,0.560723417,5.605506031,3.47988722,0.620798051,5.60455105,3.478886311,0.620725243,0.316678515,0.154739624,0.48863316,0.587639409,0.369116122,0.628133709,0.596421668,0.358484061,0.601058078,13.49182521,7.010298625,0.519596016,3.16648851,2.474611037,0.781500084,0.320104478,0.155340921,0.485281936,0.31294242,0.154168776,0.492642627,0.59175687,0.367941483,0.621778136,0.583149218,0.370765342,0.635798404,0.600624643,0.357214557,0.59473843,0.591838221,0.360219841,0.608645789,13.65204431,7.051091512,0.516486128,13.31710237,6.969213669,0.523328084,3.214256729,2.519323563,0.783796621,3.1143961,2.426593515,0.779153787,animal,2cm,Pleurobranchus peronii,110_PleurobranchusPeronii_2_NB_D_RAW_AO,animals_only,NB,D,colour_defence_2024
0.335109055,0.647121051,1.931075993,2.072223068,10.19454744,0.742887217,1.654023487,2.226479942,3.172093762,18.93761181,0.176865568,0.429542716,2.428639565,3.889501835,27.32199578,0.163049379,0.395664414,2.426653916,3.947458123,27.99093339,0.388879237,1.10502647,2.841567167,5.443882643,47.28153234,0.354704952,1.012857621,2.855493319,5.570858496,50.14917029,0.371619099,3.174135822,0.352681758,3.418406457,0.094955735,1.273057427,0.579393404,1.409226486,0.549416885,0.223818746,0.564405145,0.036693809,3.174115825,3.174153252,0.352679536,0.352683695,3.408098583,3.423417287,0.094669405,0.095094925,1.273083564,1.27302827,0.512326515,0.530894024,1.413768248,1.401031469,0.643433658,0.637636901,0.223674471,0.22388931,0.577880087,0.584265462,0.038471032,0.034918794,690.769522,24.9935841,27.63787375,0.47487919,0.040336045,0.013826898,0.3427926,0.180280616,0.065941978,0.365774088,4.684616002,1.555460477,0.332035854,12.78390639,9.823385206,0.768418111,3.257836487,1.364337333,0.418786314,0.04029671,0.01378105,0.341989455,0.040277143,0.013774053,0.341981871,0.180308521,0.065946901,0.365744782,0.180326054,0.06598454,0.365917947,4.685057023,1.556001886,0.33212016,4.685062098,1.557069894,0.33234776,12.78622462,9.824677316,0.768379847,12.78159957,9.822098672,0.768456141,3.257605381,1.364558822,0.418884015,3.258066456,1.364116854,0.418689082,0.184122663,0.071263558,0.387043923,0.274070831,0.174277141,0.635883581,0.249458702,0.200811552,0.804989163,7.487668172,2.97474006,0.397285242,3.166249898,0.906689121,0.286360569,0.184586066,0.072920057,0.395046377,0.183612753,0.0702174,0.382421147,0.276978338,0.174994714,0.631799277,0.270871526,0.175430556,0.647652261,0.252210763,0.202237405,0.801858741,0.246430445,0.20149854,0.817669017,7.509258952,3.053564292,0.406639898,7.463910543,2.91984078,0.391194504,3.172338418,0.915837572,0.288694789,3.159550335,0.906927442,0.287043201,animal,2cm,Plocamopherus imperialis,111_PlocamopherusImperialis_9_NF_N_RAW_AOB,animals_on_background,NF,N,colour_defence_2024
0.348602457,0.679805113,1.950086982,2.035313139,10.43263793,0.822066104,1.767926433,2.150589137,2.686464147,14.9268951,0.188748991,0.465099844,2.464118304,3.923611151,28.02676251,0.164996438,0.390878581,2.369012242,3.752277443,27.36556402,0.438530656,1.205324289,2.748551947,4.761921113,37.2554776,0.38333488,1.028080416,2.681938091,4.83948088,41.22049894,0.28628311,3.065892707,0.255491059,3.225082464,0.048864886,1.347222204,0.542162098,1.658400181,0.536518086,0.152177972,0.539340092,0.038862673,3.062338183,3.069429582,0.255194849,0.255785799,3.334197669,3.106290218,0.050518147,0.047065003,1.345860681,1.348571424,0.435406728,0.442950069,1.692756825,1.614045229,0.68121546,0.649539583,0.152856498,0.151425401,0.558311094,0.546244826,0.041175616,0.036552198,613.7813164,23.2862186,26.35813598,0.469060758,0.045564443,0.019598114,0.430118582,0.173113577,0.050326214,0.290712113,4.972369651,1.60653793,0.323093021,15.72361816,10.27881172,0.653717968,4.584863792,1.975374833,0.430847005,0.045431033,0.019437128,0.427838128,0.045459558,0.019461086,0.428096688,0.173277611,0.050156841,0.289459443,0.173296562,0.050224262,0.289816841,4.977360864,1.601712432,0.321799539,4.9780723,1.603505606,0.322113764,15.7231398,10.27858106,0.653723187,15.72409371,10.27904099,0.653712779,4.584701811,1.975154119,0.430814086,4.585024823,1.975594214,0.43087972,0.217343607,0.070444964,0.32411795,0.181908356,0.14823277,0.814876088,0.199755939,0.182354481,0.912886408,8.881385451,2.988068371,0.336441695,3.266247984,0.897831616,0.274881644,0.2183922,0.071578516,0.327752164,0.216163639,0.069205763,0.320154504,0.183353484,0.14866459,0.810808642,0.180282173,0.147895408,0.820355145,0.200721498,0.182410521,0.90877421,0.198669408,0.182492018,0.918571308,8.927648787,3.042229021,0.340764864,8.829325945,2.928329031,0.33165941,3.282953369,0.926151451,0.282109231,3.24744964,0.865432962,0.266496192,animal,2cm,Plocamopherus imperialis,111_PlocamopherusImperialis_8_NF_N_RAW_AOB,animals_on_background,NF,N,colour_defence_2024
0.226761446,0.561975255,2.478266322,2.302273923,10.22228777,0.78959091,1.898147594,2.403963331,2.658779619,13.72259563,0.12214275,0.385377002,3.155136109,4.194068235,26.55171159,0.106283402,0.32756019,3.08195056,4.269218923,28.49053916,0.430426957,1.338992771,3.110847844,4.832547277,34.83773386,0.356948712,1.072797055,3.005465543,5.01918478,40.63592698,0.397672645,1.808628434,0.452157108,1.082217628,0.180369605,0.664547947,0.479370014,0.187366691,0.135156498,0.316263356,0.307263256,0.023376396,1.807891354,1.809358524,0.451972838,0.452339631,1.089352637,1.073152993,0.181558773,0.178858832,0.664009097,0.665079403,0.478981316,0.479753378,0.202314989,0.165206273,0.145939416,0.119171135,0.316765806,0.315599232,0.312460366,0.299462257,0.026297335,0.020465218,1772.221928,37.02666667,47.86339381,0.436171991,0.025563637,0.007132543,0.279011272,0.059484579,0.060278715,1.013350286,1.648197143,1.742296246,1.057092141,12.66280369,5.873570628,0.463844404,2.563147484,0.929425025,0.362610826,0.025518947,0.007089169,0.277800202,0.025525966,0.007098979,0.27810815,0.059088092,0.060124712,1.017543637,0.059145121,0.060146169,1.016925278,1.636781398,1.73790585,1.061782503,1.638420949,1.738513778,1.061091033,12.66236696,5.873488736,0.463853935,12.66323636,5.873651715,0.463834959,2.563408732,0.929175279,0.362476443,2.562888658,0.929672293,0.362743926,0.222871494,0.019602953,0.087956306,0.688739906,0.136749717,0.198550594,0.711206403,0.141240844,0.198593325,9.070604471,0.857670478,0.094554942,3.158754292,0.33348256,0.105574074,0.223437358,0.02265441,0.101390432,0.222146801,0.014761068,0.066447359,0.686492038,0.14333756,0.208797119,0.691618711,0.127740862,0.18469839,0.708949254,0.147673685,0.208299372,0.714097094,0.132472385,0.185510327,9.095741261,0.995680842,0.109466707,9.03841221,0.636838004,0.070459057,3.1505403,0.371817741,0.118017135,3.16927381,0.27626254,0.087169035,animal,2cm,Plocamopherus imperialis,111_PlocamopherusImperialis_7_NF_N_RAW_AOB,animals_on_background,NF,N,colour_defence_2024
0.272155977,0.584350916,2.1471177,2.48723413,11.32169969,0.735283558,1.68291115,2.288792033,3.207557187,17.61621703,0.15009638,0.413149576,2.752561895,4.223777312,26.49506552,0.124542963,0.337589817,2.710629396,4.573067236,32.10384784,0.407272083,1.208296525,2.966804197,5.209772875,39.3750752,0.328404716,0.956942485,2.913912131,5.67232582,48.82987169,0.355634424,1.530433432,0.255072239,1.720683918,0.114712261,0.624236381,0.348392957,0.84714366,0.435345723,0.18489225,0.39186934,0.017074408,1.529142549,1.53171344,0.254857091,0.255285573,1.639310588,1.833558715,0.109287373,0.122237248,0.623874534,0.624589792,0.320608089,0.320975659,0.791563319,0.912965736,0.4417799,0.509535879,0.182072232,0.188761411,0.381193995,0.415255769,0.01941831,0.014739035,3375.628004,50.49778761,66.84704744,0.430336688,0.035528472,0.012429686,0.349851397,0.107656448,0.032210849,0.299200368,3.095719664,0.992104345,0.320476158,11.08545634,6.89923488,0.622368143,3.136826523,0.983697972,0.313596549,0.035310396,0.012233447,0.346454545,0.035338882,0.012256058,0.346815115,0.107083715,0.031760417,0.296594276,0.107140775,0.03178742,0.296688349,3.07820233,0.978261128,0.317802738,3.07990406,0.978914664,0.317839337,11.08448388,6.897669578,0.622281529,11.08642066,6.900786568,0.622453971,3.137529118,0.983251435,0.313384003,3.136129809,0.984139977,0.313807156,0.26285827,0.07898999,0.300504109,0.222922252,0.113131986,0.507495257,0.239535082,0.112982608,0.471674577,10.82567973,3.353994963,0.309818418,2.341265972,0.623698017,0.266393492,0.266656765,0.075181696,0.281941827,0.257872055,0.083420813,0.323496908,0.22730921,0.109899306,0.483479335,0.217163574,0.116949185,0.538530393,0.243838075,0.10984174,0.45047001,0.233886621,0.116696987,0.498946824,10.98437706,3.196148947,0.290972253,10.61736067,3.537977233,0.33322568,2.335323796,0.584532865,0.250300565,2.349066156,0.671558609,0.285883225,animal,2cm,Plocamopherus imperialis,111_PlocamopherusImperialis_6_NP_N_RAW_AOB,animals_on_background,NP,N,colour_defence_2024
0.263269426,0.578725356,2.198224703,2.8203558,14.66184144,0.617580026,1.410383337,2.283725635,3.707679242,25.16971084,0.139196563,0.390003567,2.801818939,4.850983235,36.6804378,0.127002991,0.353849357,2.786149801,4.863319464,37.31155614,0.315921058,0.915079574,2.896545039,5.970589037,56.52932146,0.301983789,0.895122155,2.96413976,6.471147332,68.51580623,0.415303692,2.662908482,0.380415497,2.851620791,0.135791466,1.063714554,0.546641146,1.15647713,0.502251636,0.258103482,0.524446391,0.026729722,2.659533539,2.666256324,0.379933363,0.380893761,2.769595817,2.939612242,0.131885515,0.139981535,1.062912596,1.064506524,0.511152911,0.46230931,1.128672034,1.18311467,0.580022687,0.608000668,0.255909439,0.260437648,0.545587799,0.535154989,0.028715163,0.024746806,1333.010459,33.82480677,39.40925571,0.461872599,0.032619374,0.010421561,0.319489917,0.105100133,0.081058787,0.771252945,3.097803279,2.456880731,0.793104181,9.639267617,6.304151737,0.654007336,3.67252142,1.585876351,0.43182222,0.032556848,0.010432244,0.320431638,0.032569898,0.010427488,0.320157228,0.104144137,0.08107326,0.778471669,0.104382575,0.081065073,0.776614992,3.067724634,2.456158225,0.800644947,3.075385121,2.456413836,0.798733732,9.639767187,6.303105751,0.653864936,9.638770714,6.305191924,0.654148969,3.674361069,1.58535297,0.431463577,3.670691588,1.5863943,0.432178586,0.188466507,0.073161338,0.38819278,0.478591007,0.34962867,0.730537483,0.499681228,0.357125554,0.714706765,7.675227984,3.097179759,0.40352935,3.628682143,1.545617431,0.425944563,0.185045965,0.071140799,0.384449337,0.192430514,0.076294623,0.396478822,0.475033862,0.355959602,0.749335217,0.48271332,0.348004487,0.720934087,0.496620934,0.363559551,0.732066505,0.50322775,0.355519208,0.70647775,7.528792997,3.002551182,0.398809103,7.844928925,3.239142442,0.41289634,3.61699119,1.576737294,0.435925113,3.642230583,1.534919664,0.42142298,animal,2cm,Plocamopherus imperialis,111_PlocamopherusImperialis_5_NP_N_RAW_AOB,animals_on_background,NP,N,colour_defence_2024
0.257904574,0.589195041,2.28454669,2.656561025,13.98241238,0.834077902,1.756861635,2.106351973,2.446942031,13.06645816,0.134056427,0.385817307,2.878021713,4.632563722,34.70485623,0.126881352,0.359049496,2.829805097,4.636268806,35.80589429,0.432315504,1.156610219,2.675384546,4.495556043,34.28987064,0.402739995,1.068397219,2.652821255,4.525967534,35.80575065,0.34161922,2.591983216,0.323997902,2.943068088,0.105109575,1.055034977,0.507364576,1.276736633,0.554479674,0.214553738,0.530922125,0.029202088,2.590947609,2.593010188,0.323868451,0.324126274,2.878833686,3.01317677,0.102815489,0.107613456,1.054933454,1.055132565,0.458151778,0.480211525,1.24806693,1.303854887,0.600193324,0.62702166,0.21334197,0.215869865,0.529172551,0.553616592,0.030299811,0.028106733,1106.638479,32.00350614,34.57866379,0.480661807,0.0307367,0.012970095,0.421974225,0.088977328,0.081295623,0.91366672,2.567127198,2.311073756,0.900256815,15.12859806,11.17797365,0.738863813,4.350766393,1.56151662,0.358906105,0.030744357,0.012959431,0.42152225,0.030728751,0.012956381,0.421637074,0.089076257,0.081625933,0.916360164,0.088934021,0.081525124,0.916692203,2.569225113,2.321228471,0.903474148,2.565438639,2.318905835,0.90390228,15.1272452,11.17645944,0.738829793,15.12994495,11.17948079,0.738897651,4.350961107,1.561735368,0.358940319,4.350572537,1.561298779,0.358872026,0.229671803,0.083165744,0.362106896,0.608394975,0.220861949,0.363023954,0.603620694,0.235968257,0.390921417,9.430935887,3.641161387,0.386086962,2.785692932,1.075550479,0.386098003,0.229523792,0.081644089,0.355710791,0.22983102,0.085299958,0.371142058,0.607774565,0.22041133,0.362653099,0.609062349,0.2227226,0.365681117,0.603403947,0.235355501,0.390046341,0.603853848,0.238099696,0.394300205,9.422183263,3.57696202,0.379631973,9.440351088,3.73206363,0.395331021,2.752636179,1.040471009,0.377990748,2.821252096,1.117752299,0.396190153,animal,2cm,Plocamopherus imperialis,111_PlocamopherusImperialis_4_NF_N_RAW_AOB,animals_on_background,NF,N,colour_defence_2024
0.28871152,0.646050322,2.23770192,1.223443313,5.48274611,0.612315348,1.51408615,2.472722846,2.046088711,10.85086665,0.151802439,0.413889317,2.726499787,2.891488305,17.46959978,0.140607664,0.373525645,2.656509852,2.902492595,19.0874642,0.326823474,1.021391636,3.125208914,4.32328163,33.16385759,0.285032788,0.835429533,2.930994498,3.921659708,30.67048535,0.304119045,2.653245793,0.530649159,2.690311625,0.269031163,1.049530752,0.652110121,1.129538002,0.630407162,0.399840161,0.641258642,0.026963253,2.652735836,2.653744955,0.530547167,0.530748991,2.69941687,2.664508251,0.269941687,0.266450825,1.049585946,1.04946296,0.652144415,0.652068,1.124810214,1.128662336,0.698883881,0.701277338,0.400244427,0.398599908,0.675514148,0.676672669,0.029545585,0.024384633,1314.150024,32.8460039,40.00943396,0.450838055,0.038092523,0.008656178,0.227240878,0.178880765,0.036393864,0.203453198,5.060623769,1.044574094,0.206412123,7.878069384,5.976288062,0.758598049,2.63086573,1.475571357,0.560869124,0.038078298,0.00865872,0.227392515,0.038094219,0.008656884,0.227249272,0.17879461,0.036232114,0.202646568,0.178803352,0.036270119,0.202849213,5.057302232,1.040885361,0.205818303,5.058367626,1.04186541,0.205968701,7.876857572,5.97517688,0.758573686,7.879273052,5.977391268,0.758622176,2.630440932,1.475558227,0.560954709,2.631287673,1.475584248,0.560784084,0.165738374,0.065008348,0.39223474,0.134695228,0.083274502,0.618243894,0.104531059,0.116620172,1.115650924,6.713666919,2.661738418,0.396465665,2.234594963,0.843665473,0.37754738,0.166696851,0.064895444,0.389302162,0.164578708,0.068043336,0.413439481,0.136539369,0.085670274,0.62744009,0.132463992,0.084095785,0.634857696,0.105740909,0.118953637,1.124953801,0.103067255,0.11909067,1.155465628,6.752383878,2.659531941,0.393865632,6.666823051,2.783238421,0.41747597,2.238531092,0.850321787,0.379857037,2.229832618,0.873851584,0.391891112,animal,2cm,Plocamopherus imperialis,111_PlocamopherusImperialis_3_NF_N_RAW_AOB,animals_on_background,NF,N,colour_defence_2024
0.314950957,0.628382582,1.995175973,1.968779446,8.228422834,1.350099369,2.830979936,2.096867832,2.491922221,12.15883971,0.169907098,0.429661969,2.528805295,3.511333979,19.67281016,0.148106371,0.379346727,2.561312686,3.927393562,24.66188413,0.726535217,2.005109965,2.759824878,4.413597154,29.78963756,0.622026321,1.652069646,2.655948132,4.388961807,30.53345059,0.376805801,2.024906798,0.5062267,1.832881751,0.305480292,0.893217629,0.644320322,0.882691406,0.548447007,0.405853496,0.596383664,0.034980737,2.020776749,2.028945902,0.505194187,0.507236476,1.744077125,1.943386506,0.290679521,0.323897751,0.892644913,0.893760007,0.554631468,0.555324315,0.838454956,0.919574674,0.604817403,0.663332911,0.397936854,0.415567113,0.579724436,0.609328613,0.039323447,0.030657485,772.4428248,24.43012048,31.61846154,0.435874015,0.039925678,0.018921502,0.473918109,0.100729532,0.048714042,0.483612315,2.895364485,1.413389534,0.488155996,12.08014919,6.305881882,0.522003643,3.556531798,1.759660656,0.494768712,0.039615388,0.018883977,0.476682865,0.039675645,0.018858809,0.475324581,0.099914021,0.048542161,0.485839323,0.100021629,0.048377398,0.483669366,2.869734429,1.406788616,0.490215611,2.873668494,1.402851958,0.488174597,12.08841258,6.30921917,0.521922885,12.07199637,6.302573361,0.522082112,3.558954714,1.760000992,0.494527504,3.554141302,1.759320449,0.495005769,0.277579226,0.068637318,0.247271092,0.281822669,0.089972205,0.319251129,0.28856656,0.113069461,0.391831475,11.45336798,3.013486541,0.263109205,2.298810335,0.830723656,0.361371116,0.283449888,0.069273749,0.244395047,0.270082842,0.066886092,0.247650282,0.284112692,0.081287247,0.286109172,0.278898486,0.099875972,0.358108694,0.292344748,0.103255799,0.353198748,0.283742105,0.124272519,0.437977011,11.7116768,3.066150517,0.261802863,11.12352748,2.903405637,0.26101483,2.287588952,0.719052363,0.314327608,2.313139179,0.954272226,0.412544232,animal,2cm,Plocamopherus imperialis,111_PlocamopherusImperialis_2_NL_N_RAW_AOB,animals_on_background,NL,N,colour_defence_2024
0.271104612,0.508778054,1.87668535,2.101452263,9.760148051,0.710237124,1.508478025,2.123907601,2.919563343,15.50250837,0.146338792,0.352440887,2.408390017,3.832232264,24.29487504,0.129175286,0.3007505,2.328235597,3.952857007,27.13664539,0.384556049,1.056310416,2.746830845,4.919913704,36.0965536,0.325910787,0.881998969,2.706258901,5.153796554,41.71035434,0.271838779,2.895645313,0.723911328,2.299480452,0.383246742,1.087765681,0.784657076,0.953254812,0.687627995,0.553579035,0.736142536,0.02834029,2.895939014,2.89533828,0.723984754,0.72383457,2.249967324,2.354121121,0.374994554,0.39235352,1.087909354,1.087620571,0.784760715,0.784552402,0.937352076,0.970692277,0.676156596,0.700206467,0.549489654,0.558094045,0.730458655,0.742379434,0.031595859,0.025095513,1190.672907,30.64971751,38.84776119,0.441019129,0.039460655,0.013431378,0.340373914,0.146069865,0.056426524,0.386298184,3.835718254,1.32039663,0.344237127,13.38334591,8.637037618,0.645357124,4.156363266,2.36371981,0.568699043,0.039539764,0.013438615,0.339875967,0.039517054,0.013419305,0.339582619,0.145784992,0.056274838,0.386012557,0.14593085,0.05632032,0.385938406,3.831665967,1.316710409,0.343639143,3.834479902,1.317254634,0.343528893,13.38409553,8.634557604,0.645135683,13.38260375,8.639492144,0.645576325,4.155778254,2.362901554,0.568582203,4.156942452,2.364529448,0.568814574,0.195917173,0.089182447,0.455204847,0.298743228,0.087880525,0.294167422,0.259579324,0.135033524,0.520201386,7.989574151,3.719663204,0.465564639,2.818231865,0.436420123,0.154856003,0.198018129,0.087757511,0.443179173,0.193280787,0.090847341,0.47002779,0.296543682,0.086804059,0.292719299,0.30150333,0.089110602,0.295554288,0.255051691,0.133931762,0.52511615,0.265260828,0.136119698,0.513154162,8.075518627,3.659368154,0.453143423,7.881726663,3.790294809,0.480896505,2.803852339,0.416080421,0.148395982,2.836276024,0.459827211,0.162123576,animal,2cm,Plocamopherus imperialis,111_PlocamopherusImperialis_12_NF_N_RAW_AOB,animals_on_background,NF,N,colour_defence_2024
0.338347404,0.653437881,1.931263173,2.067101808,10.96172784,0.959772412,2.049865817,2.135783225,2.697568588,14.89718518,0.185285263,0.453487356,2.44750904,3.931867216,29.09859388,0.15803231,0.375833707,2.378208011,3.815732235,27.85564026,0.519783525,1.420114231,2.732126283,4.782859499,37.90090129,0.440505966,1.185852615,2.69202396,4.706064043,37.17396025,0.410509956,2.623618631,0.262361863,2.868407621,0.063742392,1.159395694,0.503519152,1.357858185,0.501415441,0.163052127,0.502467296,0.034093127,2.623430431,2.623804107,0.262343043,0.262380411,2.883775965,2.84496859,0.06408391,0.063221524,1.159424802,1.159361412,0.42814007,0.452001677,1.364417473,1.343397456,0.592558979,0.583430102,0.163213477,0.162800967,0.510349525,0.51771589,0.037033746,0.031160846,808.4550337,26.00239923,31.0915553,0.455431743,0.046719768,0.017568627,0.376042684,0.149282045,0.04954686,0.331901001,4.314712807,1.542020216,0.357386525,11.8307559,9.76884544,0.825716085,3.680554566,1.809819582,0.491724698,0.046606643,0.017471224,0.374865523,0.046582947,0.017437039,0.374322355,0.14916157,0.049416629,0.331295981,0.149128358,0.049435512,0.331496388,4.310203609,1.53797594,0.356822109,4.309321761,1.539003881,0.357133667,11.83096366,9.769388798,0.825747511,11.83054998,9.768306873,0.825684934,3.680498536,1.809715807,0.491703988,3.680610097,1.809922427,0.491745221,0.241607191,0.071688395,0.296714658,0.213395213,0.10451729,0.489782729,0.220840455,0.126297175,0.571893291,9.914645019,3.112958366,0.313975776,2.945628374,0.866020741,0.294002037,0.243921939,0.07193591,0.294913654,0.238863981,0.071684724,0.300106881,0.215520161,0.10416032,0.483297338,0.210876934,0.105460105,0.500102608,0.223790682,0.126257087,0.564174905,0.217344139,0.126948508,0.584089864,10.01598073,3.143629273,0.313861354,9.794551973,3.088597096,0.315338272,2.954486644,0.873320586,0.295591313,2.935130431,0.86191108,0.293653417,animal,2cm,Plocamopherus imperialis,111_PlocamopherusImperialis_11_NF_N_RAW_AOB,animals_on_background,NF,N,colour_defence_2024
0.331309084,0.66186513,1.997727085,1.702131523,7.176529994,1.108372614,2.578107109,2.32602924,2.767702773,14.25465384,0.184202995,0.469105998,2.546679535,3.378570099,19.31258484,0.151597785,0.368499147,2.430768672,3.490384962,21.93555595,0.61810072,1.866887912,3.020361976,4.765870895,34.06492996,0.487887649,1.435768891,2.942826884,5.170798323,41.24655526,0.428420484,4.40734132,0.629620189,6.936154116,0.330293053,1.561096827,0.802245072,2.083119064,0.812148224,0.479956621,0.807196648,0.061848728,4.401438976,4.413034151,0.628776997,0.63043345,7.055110082,6.763723791,0.335957623,0.322082085,1.560835199,1.561320841,0.608524763,0.6087141,2.08928304,2.068601752,1.073679091,1.063051011,0.48236731,0.476257768,0.841101927,0.835882556,0.06806175,0.055659346,232.3135914,13.69254032,16.96643471,0.446607896,0.045199133,0.022343959,0.494344856,0.126986951,0.041293554,0.325179504,3.778788179,1.393038006,0.368646757,13.3166871,9.451421306,0.709742689,3.041865125,1.187573803,0.39040975,0.045082953,0.022457125,0.498128964,0.045088247,0.022390162,0.496585324,0.126721347,0.041644276,0.328628733,0.126853058,0.041534843,0.32742485,3.771376132,1.405627245,0.372709376,3.775732351,1.401940549,0.371302947,13.32445922,9.454282037,0.709543396,13.30904624,9.448600772,0.709938233,3.042731987,1.187490758,0.390271231,3.041012903,1.18765472,0.390545768,0.190232862,0.097095858,0.510405286,0.187395174,0.153033552,0.816635504,0.208236039,0.183989083,0.883560235,7.794094626,4.183492661,0.536751587,2.312353879,0.946331271,0.409250193,0.193590453,0.09979045,0.515471958,0.186142731,0.093532504,0.502477336,0.186734978,0.151629343,0.812002894,0.188199408,0.154722785,0.82212153,0.20766642,0.182213791,0.877435023,0.208929933,0.186126273,0.890854984,7.94045565,4.308260969,0.542571001,7.615801376,4.018487983,0.527651364,2.325733072,0.952479075,0.409539292,2.296055689,0.938508659,0.408748212,animal,2cm,Plocamopherus imperialis,111_PlocamopherusImperialis_10_NF_N_RAW_AOB,animals_on_background,NF,N,colour_defence_2024
0.206403067,0.404146357,1.958044338,1.808585061,8.573744274,0.827140403,1.56036735,1.886460078,1.644434108,8.128839103,0.099557044,0.242010336,2.430871048,3.577044999,24.1321593,0.109033277,0.264285035,2.423893347,3.502082229,23.13937168,0.399722543,0.93347555,2.335308744,3.302522357,22.14698635,0.427027347,1.01443057,2.375563479,3.451154909,24.28603375,0.586027295,2.632523226,0.526504645,2.162452774,0.216245277,1.095226777,0.680502658,0.997925586,0.512832305,0.371374961,0.596667481,0.034961115,2.633393818,2.631649522,0.526678764,0.526329904,2.193766856,2.134127804,0.219376686,0.21341278,1.09564221,1.094809806,0.563048716,0.680243579,1.015106729,0.978244175,0.630721273,0.60781728,0.373027725,0.369871342,0.596884994,0.64403043,0.033131091,0.036786429,764.1292367,29.18312906,26.18393782,0.527084614,0.043842536,0.013633431,0.310963562,0.121419074,0.046028708,0.379089601,3.540643608,1.331572608,0.376082079,15.64081598,8.415941958,0.538075633,2.993270387,1.259530281,0.420787339,0.043943408,0.013571499,0.308840381,0.043966043,0.013566835,0.308575299,0.121842645,0.045533892,0.373710637,0.121900353,0.045462993,0.372952103,3.553009108,1.317231665,0.370736923,3.554781523,1.31521916,0.369985934,15.63824036,8.414667121,0.538082733,15.64339471,8.417217159,0.538068451,2.992967323,1.2597595,0.420906533,2.993573818,1.259300651,0.42066798,0.19997445,0.031233939,0.156189649,0.252195415,0.326590256,1.294988873,0.243705139,0.324132729,1.330020081,8.117871026,1.358468541,0.167342957,1.90422434,0.90111871,0.473220876,0.199565183,0.030406274,0.152362617,0.2003421,0.03307549,0.165095057,0.256267573,0.328723561,1.282735687,0.24853733,0.336004421,1.351927379,0.247740077,0.326272031,1.316993341,0.24008049,0.33345546,1.388931936,8.100207353,1.319849943,0.162940266,8.133738587,1.440881977,0.177148793,1.88931385,0.903042215,0.477973638,1.917618673,0.930699726,0.485341397,animal,2cm,Plocamopherus imperialis,111_PlocamopherusImperialis_1_NL_N_RAW_AOB,animals_on_background,NL,N,colour_defence_2024
0.149616896,0.289521206,1.935083625,2.434395736,13.80731889,0.659970651,1.328737155,2.013327643,3.177449926,24.06520046,0.07608145,0.186105332,2.446132817,4.350127075,34.57997936,0.075773099,0.180561422,2.382922505,4.145214955,32.46070349,0.338834045,0.885835021,2.614362503,5.703429736,60.57181076,0.322042498,0.80153388,2.488907165,5.131730303,56.66646704,0.45267542,1.381111511,0.276222302,2.715521155,0.271552116,0.581450224,0.361275337,1.20284297,0.671319444,0.273887209,0.51629739,0.011088056,1.379270259,1.382946702,0.275854052,0.27658934,2.774601468,2.642478082,0.277460147,0.264247808,0.579860393,0.583029389,0.323626247,0.325394898,1.206585073,1.194082399,0.749693458,0.741925109,0.276657099,0.270418574,0.536659852,0.533660004,0.01189935,0.010279318,7995.143839,83.03820497,96.28271519,0.463070371,0.063615754,0.016796147,0.264024961,0.093009561,0.022782166,0.244944343,2.67642825,0.651424532,0.243393236,20.38005454,8.24725889,0.404673053,2.604909083,0.528529753,0.202897581,0.063868572,0.016489899,0.258184879,0.063820656,0.016539791,0.259160469,0.093043689,0.022329088,0.239984983,0.093032685,0.022405143,0.240830872,2.680024718,0.639449533,0.238598371,2.679247971,0.641586701,0.239465219,20.38086849,8.242440581,0.404420478,20.37924448,8.252051264,0.404924298,2.604899082,0.528114248,0.202738851,2.604919036,0.528942946,0.203055427,0.272634584,0.080593526,0.29561006,0.357295425,0.265582509,0.743313489,0.33754142,0.304957796,0.903467775,11.27519983,3.6877592,0.32706819,2.530654197,0.725836702,0.286817813,0.273767263,0.082430918,0.301098522,0.271327525,0.078395373,0.288932622,0.359886171,0.26175783,0.727335062,0.354305824,0.269891585,0.761747526,0.342116523,0.301528976,0.881363381,0.332261962,0.308766111,0.929285161,11.32910722,3.779660094,0.333623826,11.2129932,3.57756691,0.319055479,2.525977321,0.717724197,0.284137229,2.536051096,0.735042524,0.289837427,animal,2cm,Plocamopherus tilesii,112_PlocamopherusTilesii_5_NP_D_RAW_AOB,animals_on_background,NP,D,colour_defence_2024
0.160664596,0.308065856,1.917447057,2.927935699,16.76819464,0.710963484,1.826615639,2.569211612,13.34681901,326.0967535,0.082571087,0.205421736,2.487816782,5.096734258,43.41526659,0.080530618,0.194540467,2.415732944,4.649765797,35.28957585,0.351184819,1.002268367,2.853962679,14.37419474,503.19061,0.361116796,1.384166206,3.833015308,22.07249946,719.7886938,0.498077586,2.771860882,0.395980126,2.791919131,0.13294853,1.197711445,0.615501926,1.199244607,0.467550988,0.264464328,0.541526457,0.026730344,2.77235037,2.77136762,0.396050053,0.39590966,2.696102712,2.892295492,0.128385843,0.137728357,1.19951034,1.195803346,0.482718472,0.481226667,1.128924165,1.258878961,0.580152257,0.646935812,0.262217948,0.266819008,0.531435364,0.564081239,0.027050897,0.026410402,1325.895689,35.96735101,36.86386824,0.493845241,0.103747945,0.040448174,0.389869641,0.11968348,0.025930617,0.216659948,3.270450802,0.534252636,0.163357491,34.9495998,25.64492823,0.733768867,2.262615062,0.987757881,0.436555868,0.103987076,0.040285804,0.387411644,0.104012309,0.040186855,0.386366336,0.119831399,0.02595658,0.216609171,0.119857382,0.02584498,0.215631107,3.271719932,0.53614398,0.163872211,3.27304507,0.531662739,0.16243673,34.95529499,25.64805623,0.733738801,34.94391921,25.6418064,0.733798812,2.262397342,0.987840373,0.436634341,2.262832223,0.987675539,0.436477583,0.212588333,0.089935869,0.423051763,0.097292228,0.109956703,1.130169446,0.060323212,0.110774567,1.836350593,8.866468866,5.515910311,0.622109026,1.623377196,0.52298435,0.322158246,0.206031407,0.065888661,0.319799113,0.219291477,0.109254696,0.498216791,0.088915778,0.076587996,0.861354387,0.105855472,0.135892534,1.283755411,0.051558745,0.072777614,1.41154741,0.069283126,0.139288361,2.010422569,8.463711566,3.774757001,0.445993105,9.278207635,6.857616452,0.739110044,1.633708575,0.531736833,0.325478388,1.612815427,0.517399861,0.320805377,animal,2cm,Plocamopherus tilesii,112_PlocamopherusTilesii_4_NP_D_RAW_AOB,animals_on_background,NP,D,colour_defence_2024
0.213945986,0.444573371,2.077970147,2.580950628,13.66472353,0.643926466,1.970426662,3.060018131,14.52371013,328.2527644,0.109657175,0.293107072,2.672940195,4.548765473,33.95174289,0.10644574,0.275813616,2.591119355,4.527860982,35.21056118,0.298896152,0.856699425,2.866210956,12.25255773,449.3810088,0.346273568,1.668100415,4.817290637,21.34962506,577.6422295,0.434460791,3.334505478,0.476357925,2.045554493,0.097407357,1.286359782,0.66105816,0.998320578,0.416332018,0.286882641,0.538695089,0.022980517,3.342696393,3.326321609,0.477528056,0.475188801,1.784738205,2.322592756,0.084987534,0.110599655,1.291778407,1.280454736,0.561012234,0.533991101,0.762247814,1.163643786,0.391717888,0.597994613,0.281257795,0.292894228,0.476365061,0.565992857,0.021848608,0.024110928,1812.044419,44.76950699,40.47496926,0.525189537,0.089654346,0.042181471,0.470489973,0.088247941,0.049256673,0.558162289,2.320849335,1.158219689,0.499049926,35.64500321,24.48626481,0.686948032,2.930297719,1.674290838,0.571372262,0.089695652,0.042333785,0.471971424,0.089848172,0.042117025,0.468757727,0.088196624,0.049284307,0.558800378,0.088410093,0.04921935,0.556716419,2.319181443,1.159677044,0.500037221,2.324595884,1.157409305,0.497896995,35.65791248,24.49565262,0.68696261,35.63208114,24.47685612,0.686933105,2.928296901,1.674225272,0.571740274,2.932300522,1.674353673,0.571003436,0.227562474,0.101564806,0.446316142,0.404897979,0.159020734,0.392742721,0.346752506,0.158082173,0.455893381,9.588793904,6.398419994,0.667281001,2.69454697,0.771254097,0.286227743,0.214299966,0.046227939,0.215716035,0.23956466,0.131918149,0.550657801,0.401928631,0.132175828,0.328853975,0.407585153,0.18028662,0.442328723,0.340427427,0.127388423,0.374201408,0.352476519,0.181632783,0.515304631,8.76811429,2.831503379,0.322931851,10.33148517,8.3383997,0.807086258,2.8187394,0.624697725,0.221623086,2.582156421,0.868481385,0.336339572,animal,2cm,Plocamopherus tilesii,112_PlocamopherusTilesii_3_NP_D_RAW_AOB,animals_on_background,NP,D,colour_defence_2024
0.139261754,0.394169582,2.830422352,3.570769553,19.64386221,0.988210378,1.986929249,2.010633862,2.126393645,10.15296493,0.072696322,0.258825424,3.560364784,5.751515199,46.60612697,0.067541376,0.238319942,3.528502916,5.767358207,47.00823705,0.505726792,1.276216351,2.523529249,3.872762436,26.06594139,0.484163943,1.227386987,2.535064838,3.915844869,26.44188702,0.232251669,3.146077335,0.786519334,2.58505192,0.430841987,1.233344522,0.889670013,1.071098013,0.665510614,0.60868066,0.777590313,0.043799939,3.145922384,3.146223505,0.786480596,0.786555876,2.563690258,2.601510693,0.42728171,0.433585115,1.233308596,1.233378669,0.766297716,0.766341255,1.06971066,1.071439532,0.771633132,0.772880249,0.606881153,0.610070496,0.768965424,0.769610752,0.04432389,0.043276536,476.6579008,21.56119658,22.10721,0.493748187,0.02050128,0.010362177,0.505440459,0.027717737,0.044925948,1.62083752,0.819977651,1.314864244,1.603536684,14.29587328,7.397739877,0.5174738,1.993968636,1.418091462,0.711190455,0.020446247,0.010364234,0.50690154,0.020462536,0.010364184,0.506495566,0.027483675,0.0448696,1.632590963,0.027552223,0.044887943,1.629194924,0.812928722,1.313046222,1.615204613,0.814989689,1.313625965,1.611831392,14.29837885,7.400085446,0.517547166,14.29337308,7.395397458,0.517400436,1.993932119,1.418559372,0.711438147,1.994005074,1.417624399,0.710943225,0.228524503,0.033577003,0.146929553,0.812855811,0.219833233,0.270445546,0.813645548,0.231672629,0.284734095,9.317819525,1.502464139,0.161246323,1.291243241,1.002863621,0.776665147,0.22887862,0.034171763,0.149300809,0.228162196,0.032952457,0.144425579,0.812778573,0.220037695,0.270722804,0.812934834,0.219623811,0.270161643,0.813510346,0.231862324,0.285014598,0.813783879,0.231478283,0.284446877,9.33325443,1.52991969,0.163921353,9.302027616,1.473635172,0.158420855,1.319231766,0.994867826,0.754126645,1.262607348,1.009975986,0.799912964,animal,2cm,Plocamopherus tilesii,112_PlocamopherusTilesii_2_NL_D_RAW_AOB,animals_on_background,NL,D,colour_defence_2024
0.410858456,1.350424757,3.286836955,4.421714867,33.35107748,1.469138589,4.122511457,2.806073906,2.360260727,10.92177621,0.23856083,0.975558184,4.089347714,7.047782759,72.14512861,0.175179627,0.717367701,4.095040696,9.090897273,125.6072134,0.888907288,3.020032018,3.397465695,4.011287172,24.7157495,0.578778701,2.043547489,3.530792485,5.23999296,41.87767138,0.376862989,3.590839814,0.326439983,9.314344582,0.16935172,1.566392622,0.653236461,2.56077725,0.768493423,0.247895851,0.710864942,0.044411547,3.584292242,3.597157793,0.325844749,0.327014345,8.083063089,10.37213565,0.146964783,0.188584285,1.563330829,1.569269404,0.479829499,0.470940304,2.481223977,2.607269659,1.034750769,1.087315901,0.236404766,0.257799315,0.757290134,0.779128102,0.050945171,0.037933939,472.4602028,18.6289458,25.36161776,0.423475952,0.052370899,0.025703656,0.490800361,0.134891068,0.219608484,1.628043192,3.749895958,6.2685992,1.671672833,13.59068364,9.64820218,0.70991294,8.653462548,6.512060347,0.75253811,0.052385331,0.025809914,0.492693533,0.05245848,0.025775799,0.491356188,0.130887872,0.217793576,1.663970636,0.13160333,0.217620994,1.653613124,3.643509952,6.224216451,1.708302305,3.66018081,6.210967454,1.696901814,13.59584935,9.648041426,0.709631387,13.58563148,9.648356455,0.710188295,8.659202431,6.518989692,0.752839507,8.647848838,6.505270794,0.752241501,0.299581122,0.201169805,0.671503611,0.518439744,0.252943042,0.487892846,0.525732863,0.248927531,0.473486725,13.03891863,9.377697161,0.719208197,3.905396667,4.291194742,1.098785887,0.315472918,0.211520165,0.670485967,0.278421466,0.184766236,0.663620655,0.527513927,0.247855658,0.469856141,0.506357624,0.259500352,0.512484339,0.53869743,0.242549046,0.45025098,0.508470762,0.256556066,0.504564048,13.8339711,9.879499481,0.714147761,11.98031983,8.567962416,0.715169756,3.971693926,4.374350157,1.101381486,3.817122997,4.184894213,1.096347751,animal,2cm,Polycera capensis,113_PolyceraCapensis_9_NF_D_RAW_AOB,animals_on_background,NF,D,colour_defence_2024
0.357125948,1.201645644,3.364767109,6.104761556,55.32352946,1.335427451,3.852309015,2.884701084,3.474365624,18.47236207,0.192107592,0.749494076,3.901428716,8.638424327,104.615534,0.167166245,0.797543864,4.77096237,11.31271472,166.9914315,0.79270057,2.872614492,3.623833008,5.272574086,36.72237664,0.541594047,2.052210789,3.789204847,6.963358988,64.50190077,0.331767028,3.175255431,0.264604619,7.863341933,0.119141544,1.58999781,0.639862189,2.492905939,0.719300607,0.191873082,0.679581398,0.047058259,3.172277135,3.178065635,0.264356428,0.264838803,7.123129996,8.73823669,0.107926212,0.132397526,1.589911968,1.589959675,0.46299298,0.458765388,2.387507664,2.582497049,0.960803765,1.039273266,0.18614132,0.198618164,0.711898372,0.749019327,0.054286263,0.039838918,419.8617498,17.42086649,24.10108303,0.419558009,0.061113925,0.027797195,0.454842251,0.128911725,0.190512929,1.477855711,3.595315931,5.301120146,1.474451828,13.81616791,10.33759864,0.74822474,8.25113059,6.148298057,0.745146134,0.061753504,0.027693261,0.448448419,0.06154862,0.027732344,0.450576206,0.127090965,0.18940586,1.49031727,0.125229108,0.186915784,1.492590561,3.548124904,5.273429832,1.486258228,3.494534728,5.200875224,1.488288322,13.815403,10.34525875,0.748820628,13.81692041,10.33005722,0.747638179,8.257072875,6.149075461,0.744704032,8.245284732,6.147527058,0.74558093,0.278949641,0.19554773,0.701014455,0.483563626,0.279922715,0.57887463,0.482436887,0.281394757,0.583277865,12.05634358,8.993976803,0.745995396,3.322918372,3.914904795,1.178152563,0.291563736,0.198240156,0.679920483,0.261781721,0.190587982,0.728041597,0.469428818,0.274892594,0.585589516,0.502801252,0.285655951,0.568128957,0.46886162,0.277823318,0.592548647,0.500912972,0.285305566,0.569571126,12.63815285,9.136239668,0.722909414,11.26449486,8.739371855,0.775833445,3.088916972,3.63831585,1.177861329,3.641396811,4.243458092,1.165338004,animal,2cm,Polycera capensis,113_PolyceraCapensis_8_NP_D_RAW_AOB,animals_on_background,NP,D,colour_defence_2024
0.276370447,1.100115684,3.980583663,8.361721823,94.43205454,1.283415755,3.819864226,2.976326426,3.763608154,21.69210488,0.135608673,0.585354124,4.316494756,12.6750834,229.239633,0.141429987,0.821330657,5.807330375,13.24975543,210.0191559,0.833981897,3.124698893,3.746722686,5.553337985,40.20611872,0.448657262,1.670579312,3.723508909,7.54730197,80.55045709,0.3157691,5.192587485,0.370899106,9.584359088,0.105322627,1.824883324,0.691490595,2.573230447,0.735943052,0.238110867,0.713716824,0.044707823,5.206224522,5.17870713,0.37187318,0.369907652,8.623690823,9.361629695,0.094765833,0.102875052,1.827745549,1.821932181,0.54279328,0.525698505,2.448839009,2.598109881,0.927921869,0.984484063,0.233319507,0.236391352,0.735357574,0.755091284,0.052690517,0.036730928,471.4928857,17.9787472,26.22501336,0.406724382,0.063238986,0.035368464,0.55928259,0.106936811,0.172099267,1.609354765,2.999156341,4.904963879,1.63544788,16.10576795,10.62772442,0.659870703,8.115054205,6.038541486,0.744115977,0.063860197,0.035536136,0.556467694,0.063902463,0.035677929,0.558318527,0.105824654,0.171227083,1.618026386,0.104060036,0.169370735,1.627625176,2.96938761,4.87962055,1.643308719,2.920632655,4.826707401,1.652623925,16.09187719,10.625679,0.660313205,16.11941864,10.62971506,0.659435386,8.119160184,6.039902833,0.743907337,8.111019186,6.037200438,0.744320818,0.297603304,0.166850479,0.560647268,0.444930683,0.246669234,0.554399244,0.443622734,0.255003964,0.574821678,12.81507084,8.127994141,0.634252767,2.692059316,4.082798196,1.516607815,0.32765956,0.178188412,0.543821802,0.254518922,0.138551749,0.544367183,0.418711188,0.230712349,0.551005935,0.48251523,0.263986861,0.547105758,0.426129335,0.236550526,0.55511439,0.468698788,0.278118995,0.593385352,14.29246578,8.859615226,0.619880108,10.69728718,6.39701251,0.598003251,2.252443678,3.509681054,1.558165955,3.322229888,4.72328718,1.421721958,animal,2cm,Polycera capensis,113_PolyceraCapensis_7_NP_D_RAW_AOB,animals_on_background,NP,D,colour_defence_2024
0.3106292,1.092615042,3.51742541,6.190424659,59.68008054,0.997517107,3.091857059,3.099552916,3.671549444,21.25546665,0.193915022,0.848976096,4.378083183,9.079445536,115.2017798,0.118712125,0.52714851,4.440561639,11.70842907,198.6797784,0.650953399,2.507412054,3.851907154,5.384938348,38.71317471,0.345227627,1.335211647,3.867626877,7.978950306,91.3137989,0.30476331,3.431370464,0.285947539,7.071240119,0.107140002,1.520421257,0.611862525,2.390211202,0.70983107,0.19654377,0.660846798,0.034956089,3.416521166,3.445776325,0.284710097,0.287148027,6.429168757,7.826951103,0.097411648,0.118590168,1.517482856,1.523221288,0.455399076,0.45235743,2.290353352,2.504615131,0.921705993,1.007931276,0.191060872,0.202869098,0.688552535,0.730144353,0.04508681,0.02486463,830.6102572,21.17943548,39.2177713,0.350669122,0.071986868,0.034750611,0.482735415,0.111763302,0.177770307,1.590596413,3.052148394,4.903625298,1.606614314,13.77034573,9.861475202,0.716138534,7.814076216,5.062907487,0.647921437,0.072385612,0.034791296,0.480638282,0.072269508,0.0347656,0.481054878,0.109103666,0.176293115,1.61583127,0.109268274,0.175862571,1.609456837,2.984310744,4.86408212,1.629884599,2.986633112,4.85176768,1.624494037,13.77724833,9.86739189,0.716209192,13.76361247,9.855695163,0.716068923,7.811972211,5.062217883,0.648007666,7.816128603,5.063579165,0.647837238,0.26628546,0.19175443,0.720108526,0.519807421,0.210584806,0.405120816,0.493102067,0.221387938,0.448969802,11.43044085,8.645246917,0.756335388,4.121489566,3.945261196,0.957241583,0.274911623,0.197944281,0.720028782,0.250704336,0.179199214,0.714783066,0.525000995,0.208181847,0.3965361,0.510426457,0.214759891,0.420746001,0.495614531,0.218886657,0.441646972,0.488563896,0.226006662,0.462593867,11.84702897,8.937239863,0.754386597,10.67797288,8.046112957,0.753524386,4.185786813,4.137725164,0.988517894,4.005351786,3.573912711,0.892284349,animal,2cm,Polycera capensis,113_PolyceraCapensis_6_NP_N_RAW_AOB,animals_on_background,NP,N,colour_defence_2024
0.369112025,1.281977617,3.473139673,6.371320325,56.00207229,1.400073621,3.739300812,2.670788705,3.245231445,15.86358295,0.204375538,0.854478117,4.180921681,9.48924783,120.8801883,0.165512513,0.763806762,4.614797681,10.49681414,141.851989,0.899556575,3.001700222,3.336866524,4.636723504,28.10470677,0.498576695,1.74990487,3.509800775,7.01181359,65.76282914,0.329291488,3.540292018,0.321844729,4.369662577,0.07944841,1.437194653,0.599356723,2.105767852,0.625358732,0.20064657,0.612357728,0.038277672,3.551018229,3.529765602,0.322819839,0.320887782,3.74446016,5.481104335,0.068081094,0.099656442,1.440287147,1.434114726,0.42772813,0.43512916,1.967906239,2.253703599,0.820680645,0.939867401,0.195450466,0.210272112,0.624204387,0.68749828,0.046758244,0.029822448,663.2126342,20.38660287,32.53178758,0.385246087,0.038469844,0.020910298,0.543550355,0.11417382,0.181780477,1.592138002,3.076233075,5.147208668,1.673218037,15.42970404,10.95224247,0.70981546,9.537290327,6.089964927,0.63854247,0.038371386,0.021012131,0.547598945,0.038282453,0.020972837,0.547844647,0.111715254,0.180167971,1.612742797,0.110660005,0.178772591,1.615512229,3.007472688,5.101016363,1.696113944,2.976528795,5.061019644,1.700309318,15.43096533,10.95872394,0.710177471,15.42846847,10.94588931,0.709460523,9.535932927,6.089438723,0.638578183,9.538620046,6.090480033,0.638507457,0.347472882,0.195663821,0.5631053,0.625696747,0.240093169,0.383721299,0.635045948,0.235581408,0.3709675,15.17342628,9.051676509,0.596547961,4.273421856,4.264381792,0.997884584,0.375449241,0.192492796,0.512699919,0.303740203,0.192505618,0.633783795,0.647349805,0.231609549,0.357781137,0.591848661,0.249236634,0.421115482,0.658647953,0.225343526,0.342130459,0.598151267,0.246422619,0.411973748,16.48223905,8.963773622,0.543844413,13.1274886,8.803672429,0.670628838,3.927192854,4.039690506,1.028645818,4.814647445,4.545199783,0.944035848,animal,2cm,Polycera capensis,113_PolyceraCapensis_5_NP_N_RAW_AOB,animals_on_background,NP,N,colour_defence_2024
0.26252842,0.911845908,3.473322655,6.722445325,71.26349393,1.142044755,3.251948423,2.84747897,3.576129505,20.20873392,0.147021341,0.592215559,4.028092494,9.911962286,154.1818137,0.116221875,0.518571674,4.461911084,11.21011803,184.28503,0.764237999,2.710819053,3.547087499,5.102616668,34.93062468,0.376659098,1.26905719,3.369246087,7.540059649,87.47778663,0.375579894,3.877297973,0.258486532,8.592717094,0.081835401,1.653069472,0.610427928,2.536375477,0.707789053,0.170160966,0.659108491,0.042725697,3.864407151,3.889546791,0.257627143,0.259303119,7.869372326,9.087108843,0.074946403,0.086543894,1.652463905,1.653484939,0.464782597,0.468892765,2.411064135,2.653245675,0.890332142,0.979762367,0.166286773,0.172923507,0.677557369,0.724327566,0.054511747,0.031000053,542.1598448,17.34466972,31.25800915,0.356866537,0.042730047,0.022592283,0.528721232,0.113710241,0.181711364,1.598021094,3.251668618,5.15651248,1.585805039,16.54335037,11.73588448,0.709401918,7.015063125,5.308668513,0.756752779,0.042910962,0.022795898,0.531237169,0.042797143,0.022709821,0.530638707,0.112117987,0.181374689,1.617712669,0.110555364,0.179032226,1.619389769,3.206633943,5.148573533,1.605600647,3.162499796,5.082395717,1.607081753,16.56115116,11.74761051,0.70934746,16.52607053,11.7244627,0.709452539,7.023662235,5.312146164,0.756321415,7.006715666,5.30527617,0.757170181,0.271807464,0.154500718,0.568419701,0.51461046,0.30382027,0.590388835,0.511370953,0.306532901,0.599433542,11.51490027,7.081432202,0.614979899,2.880899441,3.398649386,1.17971816,0.295700781,0.157840186,0.53378346,0.230007829,0.138886024,0.603831725,0.529194501,0.310256874,0.586281364,0.489096731,0.290894191,0.594757994,0.52600618,0.313053487,0.595151728,0.485767678,0.293461479,0.604118989,12.60120663,7.307731043,0.579923118,9.614485581,6.225216627,0.647483069,2.647982279,3.167096369,1.196041376,3.288371226,3.738974356,1.137029277,animal,2cm,Polycera capensis,113_PolyceraCapensis_4_NP_D_RAW_AOB,animals_on_background,NP,D,colour_defence_2024
0.291217841,0.886183948,3.043027668,4.565449194,39.38688205,1.295468524,3.955861998,3.053614908,3.526454459,20.53459314,0.181973849,0.650940392,3.577109545,6.546819871,73.10416696,0.111762743,0.415655619,3.719089288,9.238199673,146.3371351,0.887974789,3.292507765,3.707884283,4.959388972,34.52364195,0.407541055,1.518934004,3.727069911,8.355324616,107.2090958,0.255821639,5.431282867,0.301737937,11.42276041,0.074658565,1.939202922,0.670918167,2.857758452,0.746415806,0.188198251,0.708666986,0.047777522,5.433115171,5.428829506,0.301839732,0.301601639,11.33348984,10.0486779,0.074075097,0.065677633,1.938011838,1.940272313,0.512133911,0.506778283,2.830451423,2.802664357,0.979268987,0.969655322,0.187957414,0.183639636,0.745701449,0.738216802,0.062400877,0.033239687,437.0069969,15.0254159,29.08451919,0.340635638,0.111644078,0.059762479,0.535294659,0.14414712,0.142590425,0.989200648,4.094978034,4.12116072,1.006393853,16.63348734,12.12575488,0.72899655,7.566508331,5.176695003,0.68415903,0.112087798,0.06047053,0.539492534,0.112263266,0.060145676,0.535755618,0.142574259,0.141744622,0.994181014,0.142483246,0.140949442,0.989235197,4.047657946,4.099746399,1.012868788,4.045075918,4.075445306,1.007507743,16.65645496,12.13143925,0.728332606,16.61134277,12.12022805,0.72963566,7.572777304,5.179038191,0.683902085,7.56046401,5.174427166,0.684406031,0.280926987,0.180661783,0.643091591,0.192646378,0.158833373,0.824481493,0.212396111,0.145869683,0.686781328,12.16807857,8.8215092,0.72497142,2.689668532,2.582911856,0.960308613,0.298768618,0.192308158,0.643669203,0.247628765,0.151198081,0.610583676,0.185770948,0.160497445,0.863953414,0.205478142,0.155004389,0.754359501,0.205460248,0.147790265,0.719313184,0.225340664,0.141433649,0.627643703,13.07082436,9.481791727,0.725416505,10.48326454,7.139812555,0.68106767,2.663387945,2.55238314,0.958321954,2.738716562,2.640554629,0.964157688,animal,2cm,Polycera capensis,113_PolyceraCapensis_3_NP_D_RAW_AOB,animals_on_background,NP,D,colour_defence_2024
0.250395879,0.815129501,3.255363084,6.194504745,62.26875369,1.240303255,3.845726907,3.100634375,4.031541441,22.61544354,0.1336426,0.521195456,3.899920065,9.640727696,147.69391,0.117957492,0.49432412,4.190697119,9.791922131,142.3975116,0.732786994,2.932153859,4.001372683,6.109140724,45.7063454,0.505157429,2.057211737,4.072417066,7.368909809,68.02917203,0.304727512,3.873506704,0.25823378,6.396304018,0.060917181,1.641375929,0.60610986,2.385116642,0.708318117,0.159575481,0.657213989,0.038899536,3.880841968,3.866063781,0.258722798,0.257737585,5.310495173,7.98919011,0.050576145,0.076087525,1.643479172,1.639204283,0.493210776,0.486801388,2.227070921,2.537897238,0.822389083,0.937167722,0.154649471,0.166912555,0.657799929,0.711984555,0.044858574,0.032932586,625.2491849,21.29228243,29.36506159,0.420319755,0.080469984,0.045962661,0.571177715,0.130319748,0.204052348,1.565782247,3.609197848,5.882330801,1.629816665,16.64145447,11.01616449,0.661971254,8.577877471,5.909234774,0.68889242,0.081077562,0.046080015,0.568344853,0.081040711,0.046146416,0.569422645,0.128412108,0.202652264,1.578139846,0.126277693,0.200072586,1.584385822,3.554817286,5.844460791,1.644095975,3.493099404,5.770530338,1.651979995,16.64075225,11.02132191,0.662309116,16.64214894,11.01106148,0.661636999,8.581793489,5.910062698,0.688674542,8.574004612,5.908413126,0.689107762,0.322881331,0.201877789,0.625238345,0.417126195,0.296193134,0.710080396,0.412898424,0.293894669,0.71178443,14.17392153,9.663081006,0.681750706,2.611714009,3.226479122,1.235387608,0.33153779,0.19989362,0.602928614,0.311074424,0.204110825,0.656147883,0.397179542,0.280988104,0.707458654,0.444332268,0.313861604,0.706366895,0.392700359,0.279587678,0.711961861,0.440447408,0.310384579,0.704702931,14.53860146,9.491550122,0.652851662,13.67651934,9.8777088,0.722238499,2.481735905,3.166741021,1.276018538,2.788996573,3.300319916,1.183335952,animal,2cm,Polycera capensis,113_PolyceraCapensis_2_NP_D_RAW_AOB,animals_on_background,NP,D,colour_defence_2024
0.18472637,0.620389831,3.35842592,9.171538914,119.8601396,0.753740676,1.749960271,2.321700721,4.45936708,36.08533104,0.094682711,0.407359525,4.302364391,13.48560296,242.980567,0.09253502,0.386593658,4.177809219,15.27662284,324.3685243,0.399833733,1.181853724,2.95586297,7.701688389,92.30757609,0.352466147,1.008283144,2.860652444,6.828916826,75.19555626,0.526057084,2.450575755,0.272286195,3.0883223,0.085786731,1.097532052,0.499508363,1.669850924,0.58938411,0.179036463,0.544446236,0.027516617,2.44739349,2.453716439,0.27193261,0.27263516,2.981328764,3.197946128,0.082814688,0.088831837,1.096075171,1.098949993,0.395325553,0.396362426,1.617598367,1.686000585,0.736200743,0.767331934,0.177373649,0.180733498,0.565763148,0.58184718,0.028699024,0.026346444,1250.74609,33.84439083,36.95578674,0.47802692,0.096175894,0.026867424,0.279357148,0.194910566,0.061225354,0.314120243,5.072737174,1.68156217,0.331490103,11.76852005,7.822621318,0.664707311,4.788940373,4.707499903,0.982994052,0.096555554,0.026652383,0.276031592,0.096489339,0.026729912,0.277024511,0.194671274,0.05895686,0.302853415,0.194498619,0.059020944,0.303451737,5.060990364,1.621591959,0.320410007,5.057356186,1.623499713,0.321017475,11.76788764,7.822361023,0.664720913,11.76914439,7.822878233,0.664693879,4.787948219,4.706036078,0.982892016,4.789919889,4.708944406,0.983094606,0.219293422,0.086979631,0.396635842,0.110410435,0.146426077,1.326197815,0.124003601,0.132083068,1.065155102,9.003847271,3.822497404,0.424540454,2.446269086,2.743389783,1.121458714,0.22199841,0.092043109,0.414611568,0.216377381,0.08143967,0.376377927,0.109877683,0.147380837,1.341317299,0.110984753,0.145987116,1.315379916,0.123964281,0.133554928,1.077366217,0.124045989,0.131021428,1.05623268,9.13295015,4.085220173,0.447305647,8.864671345,3.528611041,0.398053228,2.485695354,2.885698491,1.160922028,2.403766647,2.592341523,1.078449743,animal,2cm,Polycera capensis,113_PolyceraCapensis_13_NP_D_RAW_AOB,animals_on_background,NP,D,colour_defence_2024
0.292884545,0.82554384,2.818666446,3.595906851,24.82563984,0.992988436,2.639728773,2.65836809,2.922918463,15.11733221,0.17086276,0.561153474,3.284235096,4.685463847,36.75495228,0.123248713,0.513491221,4.166300887,8.387300485,100.5373623,0.637342784,2.127648754,3.338311515,4.498059479,28.96520911,0.352247867,1.216229749,3.452766824,6.855713225,67.93312267,0.385097462,4.086367664,0.454040852,6.090732999,0.169187028,1.601916588,0.729063658,2.142690415,0.772812209,0.31161394,0.750937933,0.050306143,4.097387314,4.074987057,0.455265257,0.45277634,5.960952245,6.118848926,0.165582007,0.169968026,1.605949837,1.597749239,0.579223966,0.58999986,2.128045982,2.10512686,0.968515464,0.958084523,0.310423632,0.311372183,0.773869715,0.774042191,0.062239361,0.038364893,377.6619167,15.06700288,25.06549708,0.375431456,0.083565979,0.026486691,0.316955426,0.120818923,0.078165929,0.646967603,3.170334578,1.930647613,0.608972828,14.1593883,9.559150726,0.67511043,4.253570985,2.372138118,0.557681564,0.084104932,0.026435783,0.314319064,0.083928548,0.026445688,0.315097651,0.121395091,0.078514742,0.646770321,0.119563522,0.076689505,0.641412225,3.183834878,1.940802986,0.609580289,3.138063788,1.893745707,0.603475848,14.16882921,9.568223997,0.675300962,14.15017559,9.550278329,0.674922956,4.257457454,2.377484608,0.558428272,4.249778453,2.366902292,0.556947219,0.190838238,0.097137489,0.509004326,0.225645767,0.177503286,0.786645762,0.183646881,0.173961384,0.94726021,7.825623924,4.226582231,0.54009524,2.469003084,1.950117718,0.78984013,0.20078782,0.105094114,0.523408809,0.174686167,0.080014218,0.458045529,0.21398236,0.16554809,0.773652978,0.244580046,0.194203504,0.794028403,0.170210556,0.160223835,0.941327248,0.205459302,0.192509643,0.936972145,8.261205324,4.591635051,0.555806916,7.118504646,3.439300891,0.48314935,2.378201194,1.794269166,0.754464833,2.616410129,2.175749554,0.831578173,animal,2cm,Polycera capensis,113_PolyceraCapensis_12_NP_D_RAW_AOB,animals_on_background,NP,D,colour_defence_2024
0.351866189,1.221311581,3.47095464,3.421187318,21.94500707,1.321236553,4.342984461,3.287060482,2.433202708,11.51839911,0.204446158,0.825923972,4.039811651,5.487168758,48.96762846,0.148207356,0.663215181,4.474914058,7.29980775,79.10233418,0.864031998,3.371080227,3.901568731,3.84809236,22.92719461,0.454366636,1.924343469,4.235221775,6.409271574,60.7410757,0.44274759,2.863256439,0.286325644,4.743422243,0.105409383,1.310441645,0.569117575,1.821324418,0.618564158,0.195867514,0.593840867,0.036987482,2.849974995,2.875902198,0.2849975,0.28759022,4.350454768,5.438519047,0.096676773,0.120855979,1.308003451,1.312539013,0.452538137,0.463268682,1.740250014,1.921705006,0.755780978,0.83458588,0.190837136,0.204223099,0.604159558,0.648927281,0.047468785,0.026528023,736.359106,20.06647537,36.69598634,0.353516651,0.05548204,0.025791358,0.46485958,0.13044867,0.178219852,1.366206741,3.737030147,4.868061421,1.302655111,14.69510597,9.666092416,0.657776299,7.305879374,4.580568687,0.626970205,0.055856492,0.025865239,0.463065932,0.055569277,0.025879344,0.465713172,0.129865467,0.177894894,1.36983986,0.127567666,0.175469748,1.375503315,3.722296986,4.859605736,1.305539497,3.65905759,4.794106201,1.310202445,14.71643837,9.674653851,0.657404571,14.67427596,9.657674766,0.658136373,7.306151299,4.57989373,0.626854488,7.305613853,4.581227636,0.627083189,0.329803046,0.185487631,0.5624194,0.556543922,0.333493634,0.599222489,0.555869837,0.322330169,0.57986627,14.28343304,8.661838353,0.606425523,4.244177446,4.470513802,1.053328674,0.342669478,0.179260863,0.523130524,0.306828059,0.194981086,0.635473452,0.548640652,0.340011319,0.619734098,0.570656422,0.323064828,0.566128438,0.549208178,0.328728891,0.598550612,0.567765251,0.312181573,0.549842691,14.84652945,8.421554182,0.567240594,13.27793808,9.034201659,0.68039191,3.928274574,4.273407535,1.087858665,4.808270447,4.77374586,0.992819749,animal,2cm,Polycera capensis,113_PolyceraCapensis_11_NP_D_RAW_AOB,animals_on_background,NP,D,colour_defence_2024
0.47226903,1.72698789,3.656788353,7.228100893,70.62392628,1.227576713,3.328931912,2.711791351,4.14225236,24.84263448,0.276699074,1.311731905,4.740644358,10.31539208,133.1531106,0.196528688,0.885633489,4.506382755,12.66920651,220.4116893,0.770464464,2.705918426,3.512061301,5.886967228,43.95877032,0.452216318,1.549851786,3.427235425,8.243686616,92.1655154,0.371832757,5.901947151,0.310628797,13.08941428,0.076546282,2.032890151,0.690416804,2.982992255,0.754950205,0.19358754,0.722683505,0.05733841,5.887590933,5.915577031,0.309873207,0.31134616,13.20201947,11.71102788,0.077204792,0.068485543,2.032372036,2.033276772,0.516902891,0.51975072,2.944158807,2.957321782,0.999904847,1.004375299,0.193539,0.189915851,0.758403869,0.76206301,0.0661155,0.048593288,276.5539136,14.12504638,19.57897384,0.419090847,0.063999448,0.035711524,0.557997371,0.158236404,0.2548979,1.61086762,4.713132026,7.998397269,1.697045028,14.13672756,9.970455134,0.705287351,12.05716564,8.829134839,0.732272833,0.064022748,0.036152245,0.564678125,0.064311076,0.035999448,0.559770573,0.150311145,0.247935806,1.649483852,0.152416803,0.249944803,1.639876952,4.472784929,7.791615769,1.74200546,4.540433641,7.860208472,1.731158099,14.17170718,9.976710252,0.703987891,14.10251721,9.964208406,0.706555309,12.05619991,8.829653559,0.732374515,12.05811013,8.828627389,0.732173392,0.227898334,0.182149329,0.799256959,0.412170269,0.29118605,0.706470292,0.407693038,0.299636724,0.734956687,9.776482936,8.455424304,0.864873836,3.775982603,4.947753794,1.31032219,0.246723823,0.196666624,0.797112422,0.202377866,0.156871822,0.775143176,0.40146684,0.280711366,0.699214326,0.426680198,0.304386078,0.713382246,0.397620474,0.289159338,0.727224468,0.421347746,0.31294597,0.742726105,10.69407881,9.2129141,0.861496746,8.53255895,7.11993461,0.834443061,3.933939521,5.198242252,1.321383368,3.561850865,4.580861172,1.28609011,animal,2cm,Polycera capensis,113_PolyceraCapensis_10_NP_D_RAW_AOB,animals_on_background,NP,D,colour_defence_2024
0.511295209,1.720386717,3.364762049,5.339043741,47.72495022,1.464776457,4.538574794,3.098476067,3.416797166,18.61881146,0.310783035,1.232691142,3.966404225,7.843842491,91.72289702,0.201590464,0.946458138,4.694954919,11.31918186,194.9792429,0.990600305,3.681045228,3.715974252,4.798272609,31.96029725,0.472056527,2.045532191,4.333235694,8.278044796,91.72752101,0.36524177,5.619065304,0.244307187,24.0454011,0.095041111,2.155584721,0.687478456,3.560660607,0.801472004,0.169674149,0.74447523,0.05426363,5.589645902,5.646891972,0.243028083,0.245517042,22.30375154,23.14706449,0.088157121,0.091490373,2.154758794,2.15600487,0.490336495,0.490620051,3.473996827,3.566267626,1.107958295,1.137386128,0.165592602,0.168503708,0.799147395,0.81400309,0.069429983,0.039149483,328.951441,13.40299929,24.54312158,0.353211316,0.10879846,0.055321488,0.508476759,0.20044402,0.239811938,1.196403555,5.877884719,8.515852197,1.448795375,15.5766849,11.92697676,0.765694167,12.41685231,10.08614909,0.812295165,0.110068075,0.055595492,0.505100976,0.109548813,0.055571817,0.507279039,0.195191027,0.23447154,1.201241384,0.192928805,0.231405838,1.199436432,5.705309595,8.361234823,1.465518161,5.619482101,8.22307499,1.463315452,15.58641088,11.94164348,0.766157365,15.56729784,11.91279614,0.765244956,12.43154268,10.09113418,0.811736278,12.40267387,10.08131416,0.812833931,0.263396814,0.192504101,0.730852049,0.309376627,0.248956529,0.804703742,0.301130338,0.244349163,0.811439872,11.43157185,9.195592483,0.804403157,4.214409088,4.430797219,1.051344833,0.280289792,0.195923148,0.699002081,0.233540946,0.1826413,0.782052582,0.319525569,0.244038183,0.763751657,0.291439856,0.256623302,0.880536058,0.30543079,0.242995332,0.795582304,0.293529918,0.246735067,0.84057894,12.21849627,9.432139887,0.771955868,10.04079797,8.593163646,0.855824773,4.066622836,4.395282337,1.080818781,4.475599683,4.484390209,1.0019641,animal,2cm,Polycera capensis,113_PolyceraCapensis_1_NB_D_RAW_AOB,animals_on_background,NB,D,colour_defence_2024
0.342744344,0.937146688,2.734244069,4.422277731,33.35303682,2.119026003,5.815022084,2.744195718,3.467654399,17.63888329,0.193324669,0.628064425,3.248754695,6.419943929,66.52538558,0.151482379,0.542725994,3.582766506,8.237561656,101.5614674,1.317587113,4.480602674,3.400612096,5.032321703,32.91819962,0.799673224,2.842113572,3.554093706,6.774510358,61.1413829,0.467384401,3.619991683,0.329090153,10.90985764,0.198361048,1.589298509,0.662788958,2.765402386,0.790904163,0.263725601,0.72684656,0.056737183,3.591721977,3.647447993,0.32652018,0.331586181,10.02486302,11.76344584,0.182270237,0.213880833,1.582900459,1.595292062,0.452709005,0.460303989,2.708299419,2.792175482,1.129448583,1.164427619,0.254395208,0.272733507,0.791078794,0.812365804,0.068198496,0.045324809,287.785076,13.66308003,21.06297229,0.393453304,0.12426909,0.076356312,0.614443316,0.185222665,0.176354223,0.952120103,4.822594747,4.889655901,1.013905617,22.07504203,16.07797843,0.728332857,6.652768076,5.218502611,0.784410722,0.125707791,0.076970458,0.612296642,0.125326053,0.076831559,0.613053372,0.185429493,0.176827282,0.953609264,0.184486354,0.175923673,0.953586373,4.821995271,4.904968798,1.017207302,4.797028345,4.878408881,1.016964781,22.10053752,16.08996435,0.728034978,22.05026365,16.06627842,0.728620695,6.657473936,5.218582792,0.783868302,6.648194579,5.218420211,0.784937948,0.366940939,0.198760024,0.541667619,0.374683633,0.273027088,0.72868699,0.355146997,0.281624975,0.792981435,16.49224763,10.69202462,0.648306093,2.717313698,3.06216672,1.126909536,0.385593471,0.20721493,0.537392215,0.338995028,0.181802714,0.536299056,0.381390939,0.278159843,0.729329972,0.364634499,0.26495287,0.726625896,0.359470664,0.284996693,0.792823229,0.348669119,0.276500933,0.793018131,17.53973106,11.32582362,0.645723904,14.92286942,9.447944106,0.63311846,2.614453357,2.89334727,1.106673891,2.871422844,3.294383381,1.147299983,animal,2cm,Polycera capensis,113_PolyceraCapensis_2_NB_D_RAW_AO,animals_only,NB,D,colour_defence_2024
0.379798587,1.022656388,2.692628207,3.307110839,21.2998036,2.083139045,5.593729903,2.685240775,2.87256879,14.13207102,0.21348245,0.641567851,3.005248685,4.316073709,34.29905279,0.168906138,0.634692319,3.757662847,7.206903082,76.19989975,1.338135099,4.476147549,3.345064002,4.447308509,27.71091249,0.745559765,2.457630436,3.296356043,5.727636794,49.59398282,0.408408416,2.574298778,0.286033198,5.891069622,0.163640823,1.288844989,0.586578633,2.184969543,0.729360752,0.22483701,0.657969692,0.040114709,2.577117853,2.57145633,0.286346428,0.28571737,4.736058945,7.886893826,0.131557193,0.219080384,1.290578038,1.28704297,0.446509358,0.429625498,2.017195889,2.369331095,0.918065413,1.078329052,0.208951811,0.252398877,0.682287385,0.753977275,0.048440367,0.03179682,598.1517772,19.64393939,30.44968554,0.392144498,0.136710058,0.077250137,0.565065498,0.187943013,0.150402089,0.800253689,4.813212058,4.067233312,0.845014361,21.98121848,14.76527323,0.671722236,6.019037738,4.004185241,0.665253387,0.138230291,0.077048482,0.557392167,0.137741509,0.077392358,0.561866637,0.187721576,0.149094894,0.794234193,0.185573454,0.147499425,0.794830415,4.799522046,4.032442444,0.840175835,4.742232502,3.985030197,0.840327883,21.9651585,14.77582575,0.672693792,21.99698767,14.75488531,0.670768449,6.023753646,4.00530532,0.664918514,6.014407222,4.003079058,0.665581646,0.44896111,0.249297898,0.555277267,0.477170826,0.209641903,0.439343505,0.453822711,0.217350731,0.47893313,21.34294147,13.68623677,0.64125354,3.851710478,2.839982319,0.737330164,0.482196727,0.251051761,0.520641779,0.398376083,0.238561434,0.598834731,0.483054516,0.204910553,0.424197572,0.468215776,0.217183886,0.463854269,0.453619586,0.213898612,0.471537425,0.454131869,0.223414993,0.491960615,23.20422287,13.88921012,0.598563899,18.51004776,12.90400239,0.697135013,3.635990781,2.552727826,0.702072139,4.18003857,3.208300488,0.76752892,animal,2cm,Polycera capensis,113_PolyceraCapensis_1_NB_D_RAW_AO,animals_only,NB,D,colour_defence_2024
0.387185051,0.815178729,2.105398253,2.008795629,8.968211682,1.829455028,3.871947059,2.116448341,1.861122408,7.457503412,0.217509652,0.580198,2.667458641,3.550513627,20.54887876,0.173331742,0.471878598,2.722401516,4.21898351,28.33472702,1.033569069,2.774603362,2.684487611,3.297527182,17.14036914,0.791085299,2.278441509,2.880146443,4.221785761,26.34945412,0.351143315,2.298586877,0.28732336,2.745152314,0.098041154,1.017593406,0.489358987,1.18848437,0.450344279,0.192682257,0.469851633,0.05824278,2.292316578,2.304765213,0.286539572,0.288095652,2.751565758,2.735539782,0.098270206,0.097697849,1.016507468,1.01864242,0.385178244,0.385987227,1.186866499,1.186948943,0.570762137,0.570801785,0.192404889,0.19289675,0.477970191,0.478394506,0.065460948,0.051004686,265.625126,14.27628362,18.60604154,0.434162838,0.083474859,0.028549364,0.34201153,0.186074645,0.038662966,0.207782024,4.605395024,0.997603466,0.216616264,15.04770482,9.874198155,0.656192972,3.343853295,2.093960067,0.626211703,0.084322699,0.02843698,0.337239914,0.084130405,0.028396918,0.337534544,0.186956045,0.038269664,0.204698726,0.186793784,0.038256164,0.204804265,4.630430508,0.986049886,0.212949937,4.625709723,0.986076559,0.21317303,15.0572209,9.878604964,0.656070933,15.03830784,9.869834276,0.656312823,3.343629573,2.092335665,0.625767783,3.344074218,2.095562878,0.626649632,0.276062841,0.089576413,0.324478342,0.154838466,0.058747698,0.379412814,0.158890977,0.065108855,0.409770628,11.44640758,3.997162115,0.349206691,2.401165195,0.880666857,0.366766459,0.274780568,0.088875582,0.323442019,0.277713092,0.090441567,0.325665479,0.154509769,0.059763313,0.386793101,0.15526149,0.057411214,0.369771117,0.158390665,0.066256817,0.418312635,0.159534864,0.063594737,0.398625955,11.38888488,3.964972072,0.348144012,11.52043774,4.036913421,0.350413197,2.397105099,0.889820819,0.371206427,2.406390429,0.868713949,0.36100291,animal,2cm,Pteraeolidia ianthina,116_PteraeolidiaIanthina_9_NF_D_RAW_AOB,animals_on_background,NF,D,colour_defence_2024
0.35890811,0.906169212,2.524794471,1.377964964,6.048636898,1.37115322,3.223905846,2.351236754,0.932508855,3.99268979,0.200699319,0.622074235,3.099533363,3.034355825,17.93289589,0.160161039,0.483415331,3.018307918,3.383150278,23.04718147,0.763350015,2.160908631,2.830822806,2.37299133,12.88245788,0.600760934,1.686295783,2.806933154,2.645051549,16.13235968,0.234231727,2.314407366,0.21040067,1.651199104,0.030021802,1.109401997,0.462656568,1.031707606,0.372109862,0.120211236,0.417383215,0.046259526,2.31569053,2.313125047,0.210517321,0.210284095,1.603496054,1.711177468,0.029154474,0.031112318,1.111225815,1.107583951,0.400789993,0.408996831,0.99299454,1.060396231,0.414110888,0.442219576,0.119835897,0.120698206,0.40745044,0.425608204,0.051225982,0.041312576,429.8008248,18.5213436,23.20570441,0.443869013,0.141151516,0.040387404,0.28612802,0.134167869,0.072599322,0.541108111,3.362660002,1.911691498,0.568505736,18.72855995,10.99798613,0.587230741,5.124929443,3.01760564,0.588809207,0.142103914,0.040066047,0.281948936,0.142078708,0.039997965,0.281519766,0.134207697,0.071124078,0.529955283,0.13380596,0.070591908,0.52756924,3.365315646,1.873140376,0.55660169,3.354547208,1.859999503,0.554471107,18.73242071,10.99901594,0.587164687,18.72475412,10.99696942,0.587295799,5.124760922,3.016994755,0.588709366,5.125095566,3.018207703,0.588907595,0.241156732,0.065031053,0.269663021,0.309736146,0.084978003,0.274356106,0.332269181,0.095018631,0.285968838,9.899951568,2.979583325,0.300969485,2.401252168,0.902145411,0.375697906,0.244057582,0.066322051,0.271747553,0.23757392,0.063345489,0.266634861,0.309143049,0.08291845,0.268220327,0.310468676,0.087643877,0.282295392,0.333205634,0.091853002,0.275664614,0.331112576,0.098995719,0.298979037,10.0262957,3.038409591,0.303044083,9.743905093,2.90364302,0.297995823,2.396506642,0.881083259,0.367653168,2.407113323,0.929531321,0.386160183,animal,2cm,Pteraeolidia ianthina,116_PteraeolidiaIanthina_8_NF_D_RAW_AOB,animals_on_background,NF,D,colour_defence_2024
0.35151879,0.861298172,2.450219435,1.444670438,5.954606435,1.286844697,2.890927687,2.246524148,0.912312556,3.613847863,0.212004511,0.640882203,3.02296494,2.81136977,14.31376743,0.141179541,0.417685157,2.958538849,3.921754954,29.14527022,0.764708741,2.101366106,2.747930021,2.233847031,10.55142639,0.513979184,1.390464572,2.705293552,2.739653628,16.16422537,0.249693473,2.97859335,0.297859335,2.766908213,0.061486849,1.328764426,0.577075058,1.421232909,0.524817785,0.179673092,0.550946422,0.058461397,2.984056142,2.973283255,0.298405614,0.297328326,2.647145819,2.930372668,0.058825463,0.065119393,1.332204372,1.32535772,0.504803119,0.502208764,1.315174571,1.541978485,0.571173059,0.669672747,0.178615538,0.181223859,0.537988089,0.585940756,0.068769891,0.048233571,267.2019594,13.54124749,19.73244782,0.406965543,0.114438494,0.033302222,0.291005417,0.120309299,0.072321811,0.601132348,2.965558091,1.80585943,0.60894421,19.36420225,14.39910997,0.743594277,5.430921863,3.53110438,0.650185083,0.115170494,0.033210388,0.288358479,0.115273404,0.033080688,0.286975895,0.120059302,0.0709338,0.590823027,0.119693534,0.070836122,0.591812439,2.96003865,1.769034773,0.597639079,2.951502442,1.767304249,0.598781226,19.36141469,14.39544954,0.743512278,19.36690831,14.40266192,0.74367378,5.428137056,3.52900419,0.65013174,5.433625259,3.533139647,0.650236164,0.187219927,0.081369672,0.434620788,0.265315043,0.188514167,0.710529506,0.256745419,0.144805557,0.564004444,7.627930563,3.409083334,0.446921128,2.04380483,1.289184846,0.630776886,0.187138964,0.079384413,0.424200343,0.187334458,0.084583935,0.451512955,0.272074788,0.191742388,0.704741475,0.255752634,0.184588856,0.721747623,0.261797636,0.146282567,0.558761987,0.249598497,0.143269694,0.574000629,7.621429523,3.324411801,0.436192684,7.637127006,3.545718885,0.464273919,2.051767351,1.276686307,0.622237363,2.03254096,1.314423941,0.646690014,animal,2cm,Pteraeolidia ianthina,116_PteraeolidiaIanthina_7_NF_D_RAW_AOB,animals_on_background,NF,D,colour_defence_2024
0.229971302,0.352396885,1.532351569,2.340679665,11.8508465,0.374834398,0.598831251,1.597588839,2.508413849,13.66920699,0.124222377,0.229470544,1.84725611,3.45990105,22.6427049,0.111375892,0.229788913,2.063183603,4.615107366,35.79447398,0.196094793,0.366265995,1.867800715,3.161347836,18.68074768,0.179836655,0.398608333,2.216502158,5.158185166,45.06059997,0.187921255,1.317996919,0.658998459,1.0,1.0,0.405559436,0.585098587,0.0,,0.82949923,,0.007560474,1.313248478,1.322727207,0.656624239,0.661363603,1.0,1.0,1.0,1.0,0.402097157,0.408972139,,,0.0,0.0,0.0,0.0,0.828312119,0.830681802,,,0.00982831,0.005295316,18924.91542,100.746888,187.8461538,0.349096733,0.047101615,0.008665202,0.183968254,0.323294689,0.004270095,0.013208059,9.581313758,0.196482214,0.020506813,6.58494412,0.0,0.0,3.226764229,0.0,0.0,0.046979826,0.008488462,0.180683122,0.047045746,0.008585006,0.182482089,0.323234673,0.004183,0.012941062,0.323267157,0.004230576,0.013086934,9.578552219,0.192474656,0.020094337,9.580046949,0.194663786,0.020319711,6.58494412,0.0,0.0,6.58494412,0.0,0.0,3.226764229,0.0,0.0,3.226764229,0.0,0.0,0.163152398,,,0.013122842,,,0.020270268,,,6.58494412,,,3.226764229,,,0.163152398,,,0.163152398,,,0.013122842,,,0.013122842,,,0.020270268,,,0.020270268,,,6.58494412,,,6.58494412,,,3.226764229,,,3.226764229,,,animal,2cm,Rostanga sp,120_RostangaSp_2_NP_N_RAW_AOB,animals_on_background,NP,N,colour_defence_2024
0.443340587,0.83069424,1.873715748,3.585345556,22.45069046,0.784954775,2.127461723,2.710298467,9.946006163,136.6561274,0.236914784,0.567566264,2.39565575,5.260321545,42.55274106,0.211045484,0.518151944,2.455167172,6.384976038,63.94770667,0.412963586,1.375500733,3.330803924,13.78656694,269.2446717,0.372091843,1.462407434,3.930232441,15.81499962,314.2976336,0.182597261,2.695920574,0.449320096,2.449804911,0.163320327,1.174074918,0.655263688,1.175703847,0.565394037,0.306320212,0.610328862,0.042432964,2.695498096,2.696334002,0.449249683,0.449389,2.496424614,2.390963748,0.166428308,0.159397583,1.174015989,1.174129367,0.564582349,0.564636872,1.181031466,1.160278706,0.659146212,0.647563875,0.307838995,0.304393292,0.61186428,0.606100374,0.044631875,0.040239756,510.5438318,21.40551181,23.8510453,0.472981446,0.053318712,0.042005502,0.787819135,0.347203465,0.085700122,0.246829686,10.38637267,2.764527556,0.266168724,13.72117601,15.26839739,1.112761573,6.059609929,3.087062702,0.50944908,0.053258204,0.04205782,0.789696548,0.053211008,0.04174925,0.784597999,0.34781543,0.085526783,0.245897034,0.347642862,0.085510972,0.245973618,10.40543391,2.761751779,0.265414379,10.40017127,2.760067662,0.265386751,13.72330237,15.27446792,1.113031507,13.71906486,15.26236758,1.112493288,6.060570175,3.087942534,0.509513535,6.058656558,3.086188565,0.509384966,0.153757188,0.1388281,0.90290478,0.170566727,0.085123966,0.499065483,0.180762587,0.089908827,0.497386263,6.517470865,7.133545194,1.094526595,3.904919821,1.063098257,0.272245861,0.152070378,0.130370369,0.857302853,0.155623257,0.147595504,0.948415465,0.17107139,0.081760272,0.477930719,0.170008433,0.088692808,0.521696522,0.180413908,0.084286605,0.467184632,0.18114832,0.095742978,0.528533623,6.398081954,6.611503697,1.033357144,6.649547447,7.667303775,1.15305648,3.887244501,0.981219642,0.252420356,3.924473528,1.146525299,0.292147543,animal,2cm,Rostanga sp,120_RostangaSp_1_NF_N_RAW_AOB,animals_on_background,NF,N,colour_defence_2024
0.174167056,0.300543198,1.725603027,2.961484796,15.08991154,0.899041602,1.619974898,1.801890919,3.139821947,16.53037632,0.090181644,0.204707297,2.269944158,4.684985699,33.16432273,0.086626565,0.196985017,2.273956241,4.699006421,33.61610522,0.458657033,1.099059767,2.396256217,5.000476651,38.01066367,0.442840492,1.063080701,2.40059507,4.860738301,34.80051745,0.17831617,3.723319119,0.744663824,3.543782862,0.354378286,1.354585159,0.841651081,1.406267386,0.722678478,0.549521055,0.78216478,0.055060138,3.721087831,3.725533467,0.744217566,0.745106693,3.585767391,3.497774234,0.358576739,0.349777423,1.354315884,1.35485154,0.695980688,0.69625596,1.411571146,1.400210824,0.877058466,0.869999901,0.551397153,0.547442058,0.786519577,0.783127931,0.056423292,0.053697766,294.7083502,16.72317715,17.62274882,0.486904245,0.088551436,0.030600226,0.345564426,0.091749074,0.023134721,0.252152094,2.526788274,0.49376335,0.195411446,12.34670161,7.441717172,0.602729167,2.071077224,1.220874626,0.589487737,0.088619336,0.030861368,0.348246435,0.0885743,0.03084304,0.348216582,0.09211002,0.023327958,0.25326189,0.092102177,0.023327389,0.253277283,2.533472843,0.49858519,0.196799106,2.533433323,0.49850821,0.19677179,12.34697269,7.440649769,0.602629483,12.34643147,7.442780726,0.602828497,2.071090799,1.221102296,0.589593801,2.071063697,1.220647699,0.589382017,0.159434437,0.051632852,0.323850062,0.084885591,0.096241723,1.13378163,0.055951399,0.075817073,1.355052317,6.451895747,2.17410096,0.336970876,1.239836962,0.534739925,0.431298583,0.159783428,0.051859538,0.324561433,0.159067942,0.051390744,0.323074174,0.085967152,0.097081263,1.129283225,0.083749783,0.095336711,1.138351732,0.056918624,0.076418547,1.342593015,0.054935664,0.075164623,1.368229995,6.466431938,2.18405193,0.337752249,6.436630501,2.16347898,0.336119804,1.247106862,0.535328824,0.429256578,1.232202445,0.533996504,0.433367509,animal,2cm,Discodoris sp,123_SebadorisFragilis_2_NF_N_RAW_AOB,animals_on_background,NF,N,colour_defence_2024
0.261275911,0.468027425,1.791314874,2.557299633,11.97436274,1.072123159,1.926328592,1.796741891,2.954353138,17.00096679,0.131577201,0.302069619,2.295759576,4.299628262,29.01701566,0.133096597,0.306763737,2.304820282,4.17357261,27.01044241,0.53320982,1.241494124,2.3283407,4.867904187,40.55193529,0.541113574,1.263840421,2.33562875,4.692870356,36.42557057,0.40572589,4.072066551,0.81441331,3.807323548,0.380732355,1.486239188,0.923452329,1.485669852,0.676157489,0.597572832,0.799804909,0.049813931,4.071892374,4.072240228,0.814378475,0.814448046,3.782679135,3.831935606,0.378267913,0.383193561,1.486249774,1.486228492,0.676421423,0.676411736,1.477933319,1.492937596,0.918291602,0.927614283,0.596323194,0.598820803,0.797356512,0.80201301,0.049847841,0.049780023,363.8445478,19.06104936,19.08837971,0.499641799,0.04463732,0.02297085,0.514610871,0.114622337,0.066612325,0.581146113,3.308857162,1.885125137,0.569720917,15.57715569,8.662844463,0.55612492,3.120254535,1.276974284,0.409253242,0.044435299,0.022923666,0.515888636,0.044425621,0.022919613,0.515909789,0.114119389,0.066804274,0.585389343,0.114089318,0.066815412,0.585641258,3.294205264,1.89068834,0.573943695,3.29342156,1.891112088,0.574208935,15.57664734,8.662552239,0.556124309,15.57766397,8.663136602,0.556125528,3.120195318,1.276940268,0.409250107,3.120313745,1.277008292,0.409256375,0.213644076,0.054702502,0.256045022,0.280264893,0.31901683,1.138268967,0.272565346,0.318439572,1.168305424,8.711807602,2.402054449,0.275724001,2.01539206,0.575758643,0.285680714,0.213237229,0.053947092,0.252990962,0.214051455,0.055445226,0.259027558,0.281249352,0.320401354,1.139207436,0.279279145,0.317621007,1.137288672,0.273710068,0.319726069,1.168119504,0.271419125,0.317141504,1.168456734,8.693794492,2.368429011,0.272427536,8.729844298,2.435108562,0.278940664,2.012088899,0.570016143,0.283295705,2.018699546,0.581430686,0.288022399,animal,2cm,Discodoris sp,123_SebadorisFragilis_1_NL_D_RAW_AOB,animals_on_background,NL,D,colour_defence_2024
0.084129239,0.152331229,1.810681162,5.165943797,51.17315922,0.434460149,0.673520226,1.550246269,3.189558897,23.52726848,0.043310763,0.094127123,2.173296374,7.797516265,118.7716087,0.042135698,0.093618782,2.221840089,7.875430539,113.2607709,0.221085135,0.416511437,1.883941386,4.645738522,44.69123823,0.214047136,0.41140439,1.922027068,5.378395868,61.68141034,0.170347307,1.039902674,0.519951337,1.0,1.0,0.096355823,0.139012067,0.0,,0.759975669,,0.001688486,1.040100209,1.039705303,0.520050104,0.519852652,1.0,1.0,1.0,1.0,0.096727597,0.095983817,,,0.0,0.0,0.0,0.0,0.760025052,0.759926326,,,0.001512127,0.00186467,353461.5227,660.3203125,535.2879747,0.55228817,0.084734737,0.010205072,0.120435517,0.198816066,0.008448745,0.042495282,5.337688368,0.173148443,0.032438845,18.14336443,0.0,0.0,3.293100014,0.0,0.0,0.084768071,0.010043394,0.118480866,0.084777791,0.009995716,0.117904893,0.198843663,0.008314893,0.041816231,0.19885171,0.00827542,0.041616037,5.338253941,0.170405278,0.031921538,5.338418857,0.169596328,0.031769019,18.14336443,0.0,0.0,18.14336443,0.0,0.0,3.293100014,0.0,0.0,3.293100014,0.0,0.0,0.424840688,,,0.118616618,,,0.088171738,,,18.14336443,,,3.293100014,,,0.424840688,,,0.424840688,,,0.118616618,,,0.118616618,,,0.088171738,,,0.088171738,,,18.14336443,,,18.14336443,,,3.293100014,,,3.293100014,,,animal,2cm,Discodoris sp,123_SebadorisFragilis_4_NB_D_RAW_AO,animals_only,NB,D,colour_defence_2024
0.263982447,0.558563116,2.115910064,4.737693492,34.06194424,0.496353892,0.776390822,1.564188043,2.838803094,18.95175266,0.137404749,0.362703324,2.639670953,6.998228161,72.09493207,0.128913922,0.343359791,2.663481075,7.356158709,81.75273038,0.256424953,0.50442563,1.967147208,4.68730573,46.31760014,0.240911457,0.480787295,1.995701249,4.604225514,42.78929805,0.144284836,3.040415947,0.608083189,3.14217209,0.314217209,1.27839968,0.794314382,1.284281351,0.659990057,0.461150199,0.72715222,0.030223298,3.036677351,3.044148904,0.60733547,0.608829781,3.225609204,3.052280006,0.32256092,0.305228001,1.277211476,1.279581465,0.65635686,0.657574794,1.300586422,1.265064742,0.808099779,0.786028919,0.464948195,0.457028891,0.73222832,0.721801856,0.031103612,0.029343429,1030.436508,31.15060647,33.07917965,0.484986925,0.046542578,0.018356769,0.39440809,0.259715567,0.103945871,0.400229653,7.71987597,3.095600789,0.400991,12.51424815,6.838722518,0.546474901,4.99827981,2.764151298,0.55302052,0.046588312,0.018212409,0.390922287,0.046611694,0.018284674,0.392276542,0.260555304,0.103519645,0.397303924,0.260440013,0.103609913,0.397826402,7.746026223,3.082940785,0.398002885,7.741749032,3.085408071,0.398541474,12.51084316,6.834569293,0.546291661,12.51764525,6.842861492,0.546657247,4.998223921,2.764608986,0.553118273,4.998335569,2.763694595,0.552922979,0.170817749,0.047858684,0.280173953,0.277023271,0.308767073,1.114588935,0.274646977,0.319209135,1.162252497,6.916616871,2.000347679,0.289208976,3.340732301,1.721839643,0.515407847,0.171123164,0.04917455,0.287363493,0.170494177,0.046421361,0.272275345,0.281645065,0.310544829,1.102610583,0.272126713,0.306783786,1.127356377,0.280168146,0.320205858,1.142906011,0.268797577,0.318027778,1.18314972,6.930217335,2.056723501,0.296776191,6.902207865,1.938711402,0.28088279,3.357136395,1.72184002,0.512889504,3.32335299,1.721640321,0.518043171,animal,2cm,Discodoris sp,123_SebadorisFragilis_3_NB_D_RAW_AO,animals_only,NB,D,colour_defence_2024
0.331998291,0.647308637,1.949734846,2.921971956,14.44074465,1.459373604,2.754072406,1.887160627,3.122014019,17.86952147,0.17633289,0.440913455,2.500460661,4.710143056,32.786457,0.159132247,0.392229597,2.464802732,4.812397027,35.1149069,0.766306012,1.860275935,2.427588857,4.890786728,37.72159534,0.696376199,1.701388609,2.443203274,5.266076438,45.16669192,0.170337269,5.772141832,0.82459169,6.393359064,0.30444567,1.82055586,0.935580639,2.086831948,0.721994305,0.56451868,0.828787472,0.076742367,5.772511181,5.771766905,0.824644454,0.824538129,6.479823027,6.29508943,0.308563001,0.299766163,1.820672048,1.820439273,0.629909299,0.642535189,2.101234193,2.069973598,1.079820769,1.063756001,0.566603728,0.562152146,0.854865034,0.853145595,0.080043845,0.073442017,144.9997299,11.49315301,12.61618372,0.476709631,0.041097667,0.023077536,0.561529102,0.128499287,0.07848005,0.610743075,3.745259674,2.313129915,0.617615363,18.53110411,11.55422426,0.623504362,3.200206053,1.873293115,0.585366406,0.04105623,0.023242475,0.56611323,0.041097349,0.023253266,0.565809394,0.12781444,0.078752755,0.616149123,0.127911468,0.078707267,0.615326121,3.723362541,2.31945893,0.622947377,3.726052404,2.318052065,0.622120092,18.5312551,11.55314239,0.623440902,18.53095425,11.55529795,0.623567345,3.200312083,1.873454549,0.585397455,3.200100814,1.873132866,0.58533558,0.209112221,0.082130232,0.392756732,0.304645135,0.304258928,0.998732271,0.31865296,0.295162007,0.92628045,8.568774077,3.634054219,0.424104333,1.936754353,1.331772504,0.687631088,0.210398006,0.08353627,0.397039266,0.207711333,0.080685383,0.388449595,0.305799007,0.305235173,0.998156194,0.30338797,0.303712329,1.00106912,0.319847458,0.296114653,0.925799612,0.317351532,0.294624896,0.928386557,8.625849439,3.699578489,0.428894396,8.50658938,3.566365136,0.41924736,1.956590068,1.340599285,0.685171262,1.915142962,1.324022428,0.691343912,animal,2cm,Discodoris sp,123_SebadorisFragilis_2_NB_D_RAW_AO,animals_only,NB,D,colour_defence_2024
0.189876375,0.293888584,1.547789102,2.68231414,14.9446181,0.556422774,0.908402235,1.632575583,3.580753675,34.19231582,0.095551379,0.18462788,1.932236687,4.442954634,35.97543066,0.097410388,0.19015485,1.952100325,4.323401272,33.96041346,0.273824148,0.560521821,2.047013842,5.78598994,81.39108865,0.283626306,0.596785058,2.104124499,5.725682876,76.10596683,0.360196424,1.74254447,0.435636118,1.055219911,0.175869985,0.642081731,0.463164065,0.13835114,0.099799252,0.305753051,0.281481658,0.018298472,1.7428222,1.742266836,0.43570555,0.435566709,1.051383707,1.059053289,0.175230618,0.176508882,0.642251407,0.64191202,0.584602424,0.463041644,0.129777357,0.146496863,0.093614575,0.105675149,0.305468084,0.306037795,0.339108499,0.284358396,0.018256179,0.018340745,2878.273707,53.7759756,53.52341218,0.50117691,0.063845105,0.015001592,0.23496856,0.18646091,0.016420877,0.088066055,5.657053148,0.34751599,0.061430568,15.75923265,6.939086081,0.440318779,3.848477513,1.246554155,0.32390839,0.063930015,0.014935756,0.233626658,0.063935133,0.014927948,0.233485834,0.1863868,0.016339085,0.087662245,0.186385509,0.01632298,0.087576441,5.656335308,0.344545975,0.060913287,5.656397575,0.343688747,0.060761066,15.75937637,6.939768725,0.44035808,15.75908898,6.938403645,0.440279489,3.848535877,1.246533088,0.323898004,3.848419174,1.24657521,0.323918771,0.231754839,0.017714296,0.076435496,0.077283975,0.060640884,0.784650171,0.041503434,0.078558661,1.892823127,9.445105212,0.797044427,0.084387035,2.998704641,0.277985406,0.09270183,0.231617673,0.017838606,0.077017463,0.231891305,0.018561422,0.080043629,0.076752657,0.062164445,0.809932168,0.077812582,0.062590828,0.804379273,0.040763964,0.080481342,1.97432569,0.042239131,0.081128384,1.920692543,9.438964921,0.802092192,0.084976711,9.451214169,0.835624275,0.088414489,2.996155877,0.283244801,0.09453607,3.001240398,0.28842801,0.096102935,animal,2cm,Discodoris sp,127_TayuvaLilacina_8_NP_N_RAW_AOB,animals_on_background,NP,N,colour_defence_2024
0.163705948,0.319961636,1.954489983,2.953295083,15.53444537,1.118425103,1.863114487,1.665837509,3.556109343,30.61467649,0.080081357,0.193889343,2.421154555,4.97599434,40.38852608,0.08557494,0.195940756,2.289697862,4.489091239,34.62602199,0.565157681,1.230965715,2.178092517,6.293674606,82.80223958,0.555265878,1.114846275,2.007770186,5.357850537,64.91824206,0.326124939,4.476240722,0.447624072,4.952291871,0.11005093,1.622903237,0.704817921,1.788676987,0.597075047,0.278837501,0.650946484,0.045400169,4.473074538,4.479393219,0.447307454,0.447939322,5.080823961,4.817202827,0.112907199,0.107048952,1.622016152,1.623784271,0.541442293,0.551474927,1.817979493,1.756431996,0.789538462,0.762808724,0.280107326,0.277494137,0.665490378,0.657141825,0.045385826,0.045414511,442.1074352,21.0333107,21.01939355,0.500165473,0.023528354,0.014306394,0.608049087,0.052593672,0.054280084,1.032064926,1.397244201,1.503092867,1.075755309,31.83125624,18.68595794,0.587031746,2.598726944,2.278911925,0.876933966,0.023641604,0.014344465,0.606746681,0.023607352,0.014358518,0.608222322,0.053091441,0.054423171,1.025083705,0.052982314,0.054427494,1.027276651,1.411467894,1.507941234,1.068349652,1.408698648,1.508084653,1.070551644,31.82805877,18.68419041,0.587035186,31.83445354,18.68772459,0.587028283,2.599465556,2.278541368,0.876542242,2.597988371,2.279282137,0.877325766,0.255835467,0.089647102,0.350409202,0.613308245,0.264964499,0.432025007,0.631392494,0.235960428,0.373714338,10.5781374,4.048341481,0.382708347,1.215277102,1.088098269,0.895349931,0.259258976,0.092236892,0.355771257,0.252414403,0.086960898,0.344516386,0.617412087,0.264312536,0.428097444,0.609207334,0.265916277,0.436495529,0.634764398,0.236174896,0.372067017,0.628022998,0.236022327,0.375817968,10.73400533,4.18429033,0.389816308,10.42238081,3.90663996,0.374831819,1.178672387,1.090855065,0.925494715,1.25185567,1.085542098,0.867146368,animal,2cm,Discodoris sp,127_TayuvaLilacina_7_NP_N_RAW_AOB,animals_on_background,NP,N,colour_defence_2024
0.119956781,0.222260336,1.852836777,2.808223441,17.70070075,0.494580897,0.911112531,1.842191109,2.653131749,16.1359358,0.065019366,0.151763968,2.334134867,4.591827824,37.82980605,0.056498359,0.127542592,2.25745658,5.137854271,53.45583297,0.266184756,0.618942731,2.325237331,4.515811062,37.69766021,0.229165236,0.517772944,2.25938695,4.57854171,41.00913312,0.393277151,1.0,1.0,,,0.0,,0.0,,,,0.0,1.0,1.0,1.0,1.0,,,,,0.0,0.0,,,0.0,0.0,,,,,,,0.0,0.0,,,,,0.061782581,,,0.094518313,,,2.681982056,,,,,,,,,0.061782581,,,0.061782581,,,0.094518313,,,0.094518313,,,2.681982056,,,2.681982056,,,,,,,,,,,,,,,0.0,0.0,,0.0,0.0,,0.0,0.0,,0.0,0.0,,0.0,0.0,,0.0,0.0,,0.0,0.0,,0.0,0.0,,0.0,0.0,,0.0,0.0,,0.0,0.0,,0.0,0.0,,0.0,0.0,,0.0,0.0,,0.0,0.0,,animal,2cm,Discodoris sp,127_TayuvaLilacina_6_NF_N_RAW_AOB,animals_on_background,NF,N,colour_defence_2024
0.137539736,0.240299672,1.747129078,4.105290588,38.825695,0.352368043,0.612819354,1.739145664,3.33921402,27.04789944,0.070159437,0.15266793,2.176014201,6.071300265,77.88241778,0.070007353,0.157346969,2.247577742,6.654058172,91.21661668,0.177376137,0.392335929,2.211886764,5.234333974,55.90195259,0.175779616,0.397847164,2.263329354,5.732726052,72.52394184,0.321990417,1.62617567,0.542058557,1.314601421,0.438200474,0.633671924,0.576793042,0.415482973,0.3781889,0.490129515,0.477490971,0.010460868,1.62623878,1.626112591,0.542079593,0.54203753,1.303975339,1.325544418,0.434658446,0.441848139,0.633745315,0.63359854,0.576859846,0.576726245,0.403837914,0.426911879,0.36758911,0.388591939,0.48836902,0.491942835,0.472224478,0.482659092,0.010576406,0.010345358,8949.160988,93.55008078,95.66171311,0.494419924,0.05064877,0.010602631,0.209336394,0.190185936,0.027684913,0.145567615,5.587003676,0.800032396,0.143195251,10.67613364,4.28261489,0.401139123,3.586831231,1.403481023,0.391287165,0.050712196,0.010552163,0.208079389,0.050713206,0.01055046,0.208041673,0.190215779,0.027381153,0.143947851,0.190223111,0.027352687,0.143792661,5.58802242,0.79116955,0.141583102,5.588235832,0.79033032,0.141427517,10.67616014,4.282636736,0.401140174,10.67610716,4.282593055,0.401138073,3.586858807,1.403480818,0.391284099,3.586803668,1.403481227,0.391290229,0.198319083,0.017079304,0.086120327,0.125447993,0.262486441,2.092392515,0.120058459,0.260766401,2.171995246,8.04112276,0.720764498,0.089634808,2.745177205,1.000298488,0.364383941,0.19826358,0.015792286,0.079652987,0.198375811,0.018301195,0.092255173,0.122942909,0.259272731,2.108887225,0.128008401,0.265694357,2.075600948,0.117567693,0.257567511,2.190801779,0.122604232,0.263959457,2.152939203,8.038492386,0.663371714,0.082524394,8.043811225,0.775031505,0.09635128,2.735641972,0.988084866,0.361189394,2.754923021,1.012490442,0.367520411,animal,2cm,Discodoris sp,127_TayuvaLilacina_5_NF_N_RAW_AOB,animals_on_background,NF,N,colour_defence_2024
0.112229539,0.194208867,1.730461234,2.72715366,14.89673669,0.412473188,0.712087596,1.726385171,2.594451385,13.82680595,0.056589554,0.123423726,2.181033741,4.446432521,33.68957026,0.056994531,0.127247967,2.232634705,4.657691469,36.64712783,0.207356784,0.45490326,2.193819036,4.347472407,33.24657402,0.205910593,0.46020582,2.234978854,4.416793527,33.08230242,0.352981302,1.994811967,0.997405983,1.0,1.0,0.691846235,0.998123132,0.0,,0.998702992,,0.014711872,1.994780181,1.994843648,0.997390091,0.997421824,1.0,1.0,1.0,1.0,0.69183824,0.691854203,,,0.0,0.0,0.0,0.0,0.998695045,0.998710912,,,0.014618659,0.014805042,4485.484221,67.4057259,66.54455777,0.503214507,0.054597268,0.014311017,0.262119654,0.107275971,0.015584075,0.145270883,2.918759259,0.274353826,0.09399673,7.439004906,0.0,0.0,1.92705805,0.0,0.0,0.054590625,0.014310539,0.262142792,0.054593794,0.014310768,0.262131768,0.107283205,0.015583554,0.145256235,0.107279754,0.015583804,0.14526323,2.918886607,0.27434466,0.093989489,2.918825858,0.274349047,0.093992948,7.439004906,0.0,0.0,7.439004906,0.0,0.0,1.92705805,0.0,0.0,1.92705805,0.0,0.0,0.183860285,,,0.103390255,,,0.066775046,,,7.439004906,,,1.92705805,,,0.183860285,,,0.183860285,,,0.103390255,,,0.103390255,,,0.066775046,,,0.066775046,,,7.439004906,,,7.439004906,,,1.92705805,,,1.92705805,,,animal,2cm,Discodoris sp,127_TayuvaLilacina_4_NF_N_RAW_AOB,animals_on_background,NF,N,colour_defence_2024
0.112471719,0.188822046,1.67884022,2.923286591,18.29785048,0.488393941,0.797274913,1.632442266,2.38286951,12.30387452,0.057433661,0.118436715,2.062148116,4.59887536,39.17080844,0.056953193,0.118867789,2.087113706,4.848889308,44.5393683,0.245458459,0.497379895,2.026330222,3.93201144,27.80523004,0.243611181,0.507077369,2.081502855,4.235681666,32.16773846,0.369436151,1.96134616,0.98067308,1.0,1.0,0.683260651,0.985736752,0.0,,0.99033654,,0.018953413,1.961396919,1.961295357,0.980698459,0.980647678,1.0,1.0,1.0,1.0,0.683273933,0.683247356,,,0.0,0.0,0.0,0.0,0.99034923,0.990323839,,,0.018591612,0.019315045,2680.195699,52.78769841,50.77311154,0.509726589,0.068481203,0.017154411,0.250498094,0.162957829,0.022324746,0.136997077,4.594448802,0.305040797,0.066393339,7.413152826,0.0,0.0,1.464799397,0.0,0.0,0.068535791,0.017143649,0.250141554,0.068538094,0.017143188,0.250126414,0.16302887,0.022310741,0.136851475,0.163031867,0.022310141,0.136845274,4.595419498,0.304849438,0.066337673,4.595460442,0.304841228,0.066335296,7.413152826,0.0,0.0,7.413152826,0.0,0.0,1.464799397,0.0,0.0,1.464799397,0.0,0.0,0.183235756,,,0.099093877,,,0.047693344,,,7.413152826,,,1.464799397,,,0.183235756,,,0.183235756,,,0.099093877,,,0.099093877,,,0.047693344,,,0.047693344,,,7.413152826,,,7.413152826,,,1.464799397,,,1.464799397,,,animal,2cm,Discodoris sp,127_TayuvaLilacina_3_NP_D_RAW_AOB,animals_on_background,NP,D,colour_defence_2024
0.265236678,0.600809761,2.265183549,3.404448853,18.21909565,0.665838414,1.170771614,1.758341949,2.999895592,20.61760934,0.127025955,0.361073459,2.842517171,5.571347213,45.64318346,0.140057919,0.405489698,2.895157241,5.441072255,42.5383282,0.323046789,0.715048137,2.213450689,4.981127282,49.03266703,0.343793132,0.780197963,2.269382053,5.180139522,52.03397465,0.393471041,3.167088152,0.791772038,2.310425338,0.38507089,1.219665745,0.879802861,0.965848625,0.696712511,0.588421464,0.788257686,0.031805082,3.166204881,3.167970201,0.79155122,0.79199255,2.353210671,2.262749519,0.392201779,0.37712492,1.219472942,1.219858265,0.879663783,0.879941735,0.973044589,0.956829488,0.701903302,0.690206579,0.591876499,0.584558735,0.790783542,0.785074157,0.030847956,0.032762217,927.5247415,31.41705891,29.52296535,0.515540637,0.02906471,0.01173485,0.403749077,0.087873909,0.103980072,1.183287194,2.633367993,3.153309694,1.197443617,13.50658863,7.058618803,0.522605596,3.645227219,2.895987736,0.794460143,0.029111058,0.01176254,0.404057467,0.029101464,0.01176603,0.404310582,0.088408553,0.104186756,1.1784692,0.088346489,0.104191817,1.179354352,2.64972629,3.15948781,1.192382708,2.647878025,3.159606909,1.193259992,13.50709455,7.058803577,0.522599701,13.50608171,7.058433609,0.522611499,3.645651662,2.89571917,0.79429398,3.644801932,2.896256728,0.794626644,0.211750632,0.045862287,0.216586305,0.808126207,0.091230859,0.112891846,0.816024372,0.083079554,0.101810138,8.615940928,1.945066914,0.225752118,3.234822188,2.63306034,0.813973748,0.209986824,0.045481223,0.216590842,0.213411396,0.046136107,0.216183895,0.811368779,0.09110843,0.11228979,0.805073068,0.091205594,0.113288591,0.818945181,0.082915959,0.101247264,0.813274197,0.083108284,0.102189747,8.541630028,1.925814535,0.225462181,8.685910539,1.959590499,0.225605651,3.124755492,2.643669398,0.846040404,3.338458718,2.617396823,0.784013535,animal,2cm,Discodoris sp,127_TayuvaLilacina_2_NP_D_RAW_AOB,animals_on_background,NP,D,colour_defence_2024
0.09816627,0.491955398,5.011450456,9.036119059,104.4507,0.850689999,1.821167797,2.140812517,7.513706311,120.9599442,0.046496173,0.291808293,6.275963633,13.54012582,238.0487458,0.051931757,0.328234362,6.320494056,13.30437477,227.5508276,0.403323992,1.053049807,2.610927762,10.91216034,246.7899129,0.448718801,1.237429828,2.757695523,12.4463217,300.004897,0.316638372,3.050745429,0.338971714,3.557670253,0.098824174,1.317989902,0.599843055,1.669427077,0.540085457,0.218897944,0.569964256,0.035737562,3.052530141,3.048955897,0.339170016,0.338772877,3.526729036,3.58521881,0.097964695,0.099589411,1.318873831,1.31709985,0.426676065,0.426102155,1.644805887,1.688684663,0.748583419,0.768553511,0.218567356,0.219181144,0.587629742,0.597327833,0.034147543,0.037327371,729.4617848,28.28468343,25.7899929,0.523067087,0.017367402,0.007464151,0.429779386,0.018187165,0.061910495,3.404076166,0.559946571,1.941631129,3.467529281,28.71482302,18.27579686,0.636458628,2.098686852,3.556037576,1.694410756,0.017374984,0.007408011,0.426360708,0.017371893,0.007396092,0.425750503,0.017887741,0.061581139,3.442644857,0.017808204,0.061419949,3.448969341,0.550867176,1.932029244,3.507250621,0.548391428,1.926990538,3.513896171,28.71774,18.27904495,0.636507084,28.7118968,18.27253736,0.636409969,2.099579924,3.556538989,1.693928842,2.097790949,3.555534248,1.694894455,0.236089296,0.087589907,0.371003294,0.857761665,0.181534088,0.21163698,0.85946805,0.179313409,0.208633013,9.764100626,4.347781511,0.445282333,1.175398181,2.167925047,1.844417562,0.234365975,0.081591643,0.348137751,0.237665603,0.092707968,0.390077348,0.857721741,0.182509667,0.212784237,0.857798183,0.180637114,0.2105823,0.859366052,0.180495519,0.210033337,0.859561348,0.178225223,0.20734439,9.66241504,3.934975704,0.407245568,9.857111543,4.691664742,0.4759675,1.161431852,2.141846332,1.844142924,1.18817306,2.191425631,1.844365695,animal,2cm,Discodoris sp,127_TayuvaLilacina_1_NP_D_RAW_AOB,animals_on_background,NP,D,colour_defence_2024
0.436720085,0.816457385,1.869521036,1.411466305,5.671223388,0.970509397,1.773542521,1.827434672,1.42690927,6.269560666,0.221130432,0.514263562,2.32561189,2.866742953,15.16207791,0.222048474,0.520800045,2.345434023,3.06578391,17.2087669,0.556142304,1.254676164,2.256034389,2.907397671,16.35946289,0.401616298,0.95074867,2.367305995,3.381443317,22.41949537,0.253759141,1.672228028,0.167222803,2.662744274,0.059172095,0.812228889,0.352746525,1.299543624,0.522974827,0.113197449,0.437860676,0.023117338,1.666967064,1.677373173,0.166696706,0.167737317,2.726890639,2.407928322,0.06059757,0.053509518,0.812467921,0.81176755,0.326961144,0.390377673,1.323802938,1.168206825,0.574920311,0.507345778,0.113647138,0.110623418,0.450940728,0.448861725,0.027497145,0.01876582,1849.304406,35.36741214,52.28837209,0.403480642,0.082825403,0.01705263,0.205886467,0.170056533,0.036271981,0.213293664,5.254835844,1.247682318,0.23743507,24.21409747,17.95089276,0.741340568,5.519709346,2.1295991,0.385817254,0.083436945,0.016400331,0.196559586,0.083370029,0.016314978,0.195693559,0.171079396,0.035458164,0.207261454,0.170734578,0.035674612,0.208947787,5.29234946,1.221986332,0.230896758,5.284523083,1.225797886,0.231959983,24.22929362,17.94760354,0.740739859,24.19913381,17.9541171,0.741932221,5.524051576,2.130201574,0.385623042,5.51543355,2.128996062,0.386007019,0.197884211,0.118903592,0.60087458,0.251376053,0.073255745,0.29141895,0.271809125,0.097393192,0.358314651,8.150626202,5.090296047,0.624528217,3.762274789,0.880166356,0.233945261,0.217623236,0.125573126,0.577020766,0.169147864,0.103597739,0.612468504,0.243107656,0.075217798,0.309401191,0.2634133,0.069987948,0.265696335,0.26045855,0.101205169,0.388565354,0.288333452,0.09086306,0.315131869,9.004276894,5.428898009,0.602924374,6.907869614,4.328417162,0.626592192,3.744414251,0.933452918,0.249292107,3.78827641,0.814179227,0.214920755,animal,2cm,Tenelia sibogae,130_TrinchesiaSibogae_2_NF_D_RAW_AOB,animals_on_background,NF,D,colour_defence_2024
0.260027208,0.473528044,1.821071138,1.587153526,6.986630711,0.65028772,1.15031227,1.768928176,1.28046039,5.216048958,0.137149415,0.319744674,2.331360103,3.287195633,19.92212296,0.128216998,0.285915054,2.229930972,3.04118042,17.78223777,0.350091334,0.760373255,2.171928237,2.555579805,13.15116381,0.300254627,0.692263851,2.305589285,2.921125588,15.94850582,0.377594626,1.0,1.0,,,0.0,,0.0,,,,0.0,1.0,1.0,1.0,1.0,,,,,0.0,0.0,,,0.0,0.0,,,,,,,0.0,0.0,,,,,0.067087027,,,0.175223844,,,5.325138876,,,,,,,,,0.067087027,,,0.067087027,,,0.175223844,,,0.175223844,,,5.325138876,,,5.325138876,,,,,,,,,,,,,,,0.0,0.0,,0.0,0.0,,0.0,0.0,,0.0,0.0,,0.0,0.0,,0.0,0.0,,0.0,0.0,,0.0,0.0,,0.0,0.0,,0.0,0.0,,0.0,0.0,,0.0,0.0,,0.0,0.0,,0.0,0.0,,0.0,0.0,,animal,2cm,Theracera pennigera,139_TheraceraPennigera_1_NF_N_RAW_AOB,animals_on_background,NF,N,colour_defence_2024
