species,d04_n_records,d04_n_individuals,d04_databases,d04_sites,d04_daytimes,d04_mean_col_mean,d04_mean_col_sd,d04_mean_col_cov,d04_mean_col_skew,d04_mean_col_kurtosis,d04_mean_lum_mean,d04_mean_lum_sd,d04_mean_lum_cov,d04_mean_lum_skew,d04_mean_lum_kurtosis,d04_mean_col_mean_hrz,d04_mean_col_sd_hrz,d04_mean_col_cov_hrz,d04_mean_col_skew_hrz,d04_mean_col_kurtosis_hrz,d04_mean_col_mean_vrt,d04_mean_col_sd_vrt,d04_mean_col_cov_vrt,d04_mean_col_skew_vrt,d04_mean_col_kurtosis_vrt,d04_mean_lum_mean_hrz,d04_mean_lum_sd_hrz,d04_mean_lum_cov_hrz,d04_mean_lum_skew_hrz,d04_mean_lum_kurtosis_hrz,d04_mean_lum_mean_vrt,d04_mean_lum_sd_vrt,d04_mean_lum_cov_vrt,d04_mean_lum_skew_vrt,d04_mean_lum_kurtosis_vrt,d04_mean_gabrat,d04_mean_caa_sc,d04_mean_caa_jc,d04_mean_caa_st,d04_mean_caa_jt,d04_mean_caa_hc,d04_mean_caa_qc,d04_mean_caa_ht,d04_mean_caa_qt,d04_mean_caa_scpl,d04_mean_caa_qcpl,d04_mean_caa_c,d04_mean_caa_sc_hrz,d04_mean_caa_sc_vrt,d04_mean_caa_jc_hrz,d04_mean_caa_jc_vrt,d04_mean_caa_st_hrz,d04_mean_caa_st_vrt,d04_mean_caa_jt_hrz,d04_mean_caa_jt_vrt,d04_mean_caa_hc_hrz,d04_mean_caa_hc_vrt,d04_mean_caa_qc_hrz,d04_mean_caa_qc_vrt,d04_mean_caa_ht_hrz,d04_mean_caa_ht_vrt,d04_mean_caa_qt_hrz,d04_mean_caa_qt_vrt,d04_mean_caa_scpl_hrz,d04_mean_caa_scpl_vrt,d04_mean_caa_qcpl_hrz,d04_mean_caa_qcpl_vrt,d04_mean_caa_c_hrz,d04_mean_caa_c_vrt,d04_mean_caa_pt,d04_mean_caa_pt_hrz,d04_mean_caa_pt_vrt,d04_mean_caa_asp,d04_mean_vca_ml,d04_mean_vca_sl,d04_mean_vca_cvl,d04_mean_vca_mdmax,d04_mean_vca_sdmax,d04_mean_vca_cvdmax,d04_mean_vca_mssat,d04_mean_vca_sssat,d04_mean_vca_cvssat,d04_mean_vca_msl,d04_mean_vca_ssl,d04_mean_vca_cvsl,d04_mean_vca_ms,d04_mean_vca_ss,d04_mean_vca_cvs,d04_mean_vca_ml_hrz,d04_mean_vca_sl_hrz,d04_mean_vca_cvl_hrz,d04_mean_vca_ml_vrt,d04_mean_vca_sl_vrt,d04_mean_vca_cvl_vrt,d04_mean_vca_mdmax_hrz,d04_mean_vca_sdmax_hrz,d04_mean_vca_cvdmax_hrz,d04_mean_vca_mdmax_vrt,d04_mean_vca_sdmax_vrt,d04_mean_vca_cvdmax_vrt,d04_mean_vca_mssat_hrz,d04_mean_vca_sssat_hrz,d04_mean_vca_cvssat_hrz,d04_mean_vca_mssat_vrt,d04_mean_vca_sssat_vrt,d04_mean_vca_cvssat_vrt,d04_mean_vca_msl_hrz,d04_mean_vca_ssl_hrz,d04_mean_vca_cvsl_hrz,d04_mean_vca_msl_vrt,d04_mean_vca_ssl_vrt,d04_mean_vca_cvsl_vrt,d04_mean_vca_ms_hrz,d04_mean_vca_ss_hrz,d04_mean_vca_cvs_hrz,d04_mean_vca_ms_vrt,d04_mean_vca_ss_vrt,d04_mean_vca_cvs_vrt,d04_mean_bsa_bml,d04_mean_bsa_bsl,d04_mean_bsa_bcvl,d04_mean_bsa_bmdmax,d04_mean_bsa_bsdmax,d04_mean_bsa_bcvdmax,d04_mean_bsa_bmssat,d04_mean_bsa_bsssat,d04_mean_bsa_bcvssat,d04_mean_bsa_bmsl,d04_mean_bsa_bssl,d04_mean_bsa_bcvsl,d04_mean_bsa_bms,d04_mean_bsa_bss,d04_mean_bsa_bcvs,d04_mean_bsa_bml_hrz,d04_mean_bsa_bsl_hrz,d04_mean_bsa_bcvl_hrz,d04_mean_bsa_bml_vrt,d04_mean_bsa_bsl_vrt,d04_mean_bsa_bcvl_vrt,d04_mean_bsa_bmdmax_hrz,d04_mean_bsa_bsdmax_hrz,d04_mean_bsa_bcvdmax_hrz,d04_mean_bsa_bmdmax_vrt,d04_mean_bsa_bsdmax_vrt,d04_mean_bsa_bcvdmax_vrt,d04_mean_bsa_bmssat_hrz,d04_mean_bsa_bsssat_hrz,d04_mean_bsa_bcvssat_hrz,d04_mean_bsa_bmssat_vrt,d04_mean_bsa_bsssat_vrt,d04_mean_bsa_bcvssat_vrt,d04_mean_bsa_bmsl_hrz,d04_mean_bsa_bssl_hrz,d04_mean_bsa_bcvsl_hrz,d04_mean_bsa_bmsl_vrt,d04_mean_bsa_bssl_vrt,d04_mean_bsa_bcvsl_vrt,d04_mean_bsa_bms_hrz,d04_mean_bsa_bss_hrz,d04_mean_bsa_bcvs_hrz,d04_mean_bsa_bms_vrt,d04_mean_bsa_bss_vrt,d04_mean_bsa_bcvs_vrt,source_dataset
Aphelodoris varia,31,31,animals_on_background; animals_only,NB; NF; NL; NP,D; N,0.2059608071935484,0.4094126176129032,1.9940793755806452,4.075810157967742,29.68527081612903,0.871378862451613,1.7023103901935484,1.9771548587741934,4.146632705,32.4878238232258,0.11325444948387096,0.2853209874516129,2.518829279258065,6.04776353067742,60.57194370451613,0.09565218616129031,0.23854823148387097,2.508701863322581,6.624084500258065,73.01470509161291,0.4781172827419355,1.1950401599032259,2.517678119516129,6.130394832,64.56667943225806,0.39450057587096776,0.9958222983870968,2.568154542451613,7.070798225838709,86.93980635580645,0.3284710307096774,3.0469543758709676,0.47679984825806454,4.309791176096774,0.3158999850322581,1.181467757451613,0.6388390763548387,1.648541562967742,0.6831077531612904,0.39634991661290325,0.6609734146774193,0.03245212696774194,3.0453445392580645,3.0485397723548386,0.4765454432580645,0.4770508779354839,4.249658677580645,4.375607542387097,0.314346667,0.31740713551612904,1.1809526529032257,1.1819724032903227,0.4735604758387097,0.47543579290322585,1.6366425572258063,1.6563462891290324,0.9030764208064517,0.9118526892580645,0.39544605516129033,0.39722900667741934,0.6883184483548387,0.693644241032258,0.03536500693548387,0.029543155,12103.413019758063,60.38934082258064,64.76871658290322,0.4601041559677419,0.09725814780645162,0.03651723558064516,0.3982103455483871,0.18669561458064518,0.048011943645161294,0.2612934564516129,4.89474782448387,1.2351531516129033,0.25289784203225807,16.827126882258067,9.243145679903227,0.5466082498064516,3.426702060483871,1.5520930340645163,0.46149233503225806,0.097699263,0.03635262061290322,0.3942425403870968,0.09765994225806451,0.036371887903225805,0.39463935151612906,0.18713745796774192,0.047604932161290324,0.25837033551612903,0.18711850206451613,0.04760221851612903,0.2584232198709678,4.903213279032258,1.2252771133225808,0.25033030874193546,4.9031126175806445,1.2253434031290322,0.25037049129032257,16.82857464903226,9.243273344612904,0.5465607869354838,16.825691181935483,9.243017195741935,0.5466552193870968,3.426892019580645,1.5521279525806453,0.4614850064516129,3.4265145156451613,1.5520583678709678,0.4614994466774193,0.2513430603548387,0.08380289958064516,0.33764593309677415,0.19320713758064514,0.1566029117096774,0.825568084548387,0.18373418993548388,0.14815464348387095,0.8301236018387097,10.400712438129032,3.742250228935484,0.3636211498709677,2.3224909831612903,1.0995748435483872,0.4806542417096774,0.2522296389032258,0.08416961874193549,0.33815604038709673,0.25025934483870965,0.08318422803225807,0.33622657106451614,0.19227922967741937,0.15647106241935485,0.8259990028709677,0.194425386,0.15686346725806452,0.8251717485161291,0.18275155248387095,0.14807765835483871,0.8330854291612904,0.1850304982580645,0.14836818058064516,0.8268410356774193,10.442087029516129,3.7688330437741935,0.36487902577419357,10.350160744677419,3.700977759419355,0.3610734080967742,2.321097857935484,1.0951216041935485,0.47918101429032256,2.3242948918387096,1.103801162096774,0.4815388854193548,colour_defence_2024_species_metrics_summary
Atagema intecta,1,1,animals_on_background,NP,N,0.193528611,0.342021111,1.767289649,2.93140111,15.7670262,0.556676148,1.119726828,2.011451059,3.994020936,27.63030231,0.105487225,0.244019163,2.313257958,4.864773874,36.99895225,0.090857212,0.198862541,2.188736982,4.684556803,36.22466689,0.301707112,0.797408595,2.642989052,6.431545476,64.37802186,0.255990487,0.645982708,2.523463727,6.140084579,62.45963755,0.136151661,1.805137608,0.902568804,1.0,1.0,0.638157184,0.920666204,0.0,,0.951284402,,0.022364984,1.803471688,1.806789494,0.901735844,0.903394747,1.0,1.0,1.0,1.0,0.637625655,0.63868307,,,0.0,0.0,0.0,0.0,0.950867922,0.951697373,,,0.024532642,0.020199817,1928.672561,39.7620178,48.50539957,0.450472201,0.038563196,0.010172924,0.263798789,0.135521532,0.007142234,0.052701837,3.925855675,0.275970885,0.070295729,7.490318884,0.0,0.0,1.970730669,0.0,0.0,0.038453868,0.010120173,0.263176975,0.038477361,0.010131731,0.26331667,0.13559829,0.007105198,0.052398874,0.135581795,0.007113312,0.052465099,3.928821522,0.274539838,0.069878419,3.928184192,0.274853383,0.069969576,7.490318884,0.0,0.0,7.490318884,0.0,0.0,1.970730669,0.0,0.0,1.970730669,0.0,0.0,0.185099475,,,0.03976724,,,0.053266308,,,7.490318884,,,1.970730669,,,0.185099475,,,0.185099475,,,0.03976724,,,0.03976724,,,0.053266308,,,0.053266308,,,7.490318884,,,7.490318884,,,1.970730669,,,1.970730669,,,colour_defence_2024_species_metrics_summary
Atagema spongiosa,1,1,animals_on_background,NL,D,0.203645281,0.380936796,1.87058985,3.673652552,25.826665,0.803656119,1.562463292,1.94419386,4.051395644,31.48096313,0.104451664,0.252013186,2.412725438,6.076207435,65.31791822,0.102934243,0.244041967,2.370853079,5.648331912,53.64379506,0.408035915,1.031729594,2.528526423,6.413418364,72.80424804,0.397406178,1.004610582,2.527918886,6.430806011,71.40621723,0.244623908,1.673660239,0.23909432,2.840594987,0.135266428,0.810694349,0.416614482,1.403940446,0.638960833,0.187180374,0.527787658,0.018343261,1.673773847,1.67354662,0.23911055,0.239078089,2.826039516,2.853391188,0.13457331,0.135875771,0.81070561,0.810682726,0.368968024,0.368957609,1.399476542,1.406060698,0.719188675,0.722572262,0.18684193,0.18747693,0.544078349,0.545764935,0.018355058,0.018331465,2863.956191,53.48089691,53.55101273,0.499672454,0.071103515,0.023237319,0.326809713,0.140479454,0.044668992,0.317975269,3.822270917,1.173228348,0.306945367,17.90803975,8.217714241,0.458884074,3.533552018,1.527714273,0.432345205,0.071438314,0.023045192,0.322588688,0.071445144,0.023046207,0.322572055,0.140830922,0.044567317,0.316459743,0.140847041,0.044543978,0.31625782,3.829919957,1.171343279,0.305840146,3.830362804,1.170646732,0.305622937,17.90853202,8.218422357,0.458911001,17.90754754,8.217006114,0.458857144,3.53359498,1.527759541,0.43235276,3.533509061,1.527669007,0.432337651,0.285416199,0.107354496,0.376133157,0.254725276,0.268305386,1.05331277,0.231735576,0.285086235,1.230222137,11.89848881,4.844948216,0.407190215,2.695592207,0.777061572,0.288271189,0.284681523,0.104897998,0.368474907,0.286151751,0.109753316,0.383549343,0.250152513,0.263180565,1.052080439,0.259303488,0.273253845,1.053799342,0.226759119,0.28002674,1.234908395,0.236717961,0.289967124,1.22494771,11.85645796,4.711463006,0.397375255,11.94056974,4.97460558,0.416613754,2.69502218,0.769973574,0.285702129,2.696162913,0.784093362,0.290818243,colour_defence_2024_species_metrics_summary
Berthelina citrina,3,3,animals_on_background,NP,D; N,0.28876170900000003,0.6614469376666666,2.2611000420000003,5.713725658,54.028158706666666,0.2929271646666667,0.6394105056666667,2.1902749063333338,7.187969265333334,115.26453889333334,0.15334514400000002,0.44962802533333335,2.8844976123333335,8.176171264333332,107.88982415333332,0.13836909733333333,0.4284483966666666,3.0515309960000003,8.821438955333333,118.53769825666666,0.15717707866666666,0.435278698,2.78367618,10.106288713666666,222.07571787999998,0.13588987,0.41098528566666664,3.030375300333333,11.887286687333335,294.3233654333333,0.2949863283333333,1.7870987406666667,0.2965313043333333,2.5158121246666667,0.21756581966666666,0.73775951,0.400988873,1.1950456666666667,0.6454879766666667,0.25704856233333334,0.5232384250000001,0.014788441666666666,1.7843024846666669,1.7898841316666667,0.296162472,0.29689870933333334,2.409455675333333,2.589774691,0.195527083,0.23595361599999998,0.736480057,0.7390166796666667,0.37112887200000005,0.3652607376666667,1.1592193926666667,1.2077528720000001,0.6638244193333334,0.7025979176666667,0.24584477766666668,0.2664261626666667,0.517476646,0.533929328,0.015845024,0.013734107666666667,12040.899709666666,92.25709792333333,102.48045014666667,0.4655534426666667,0.03978560233333333,0.006406644,0.15659833966666667,0.28333605733333334,0.10114947600000002,0.5551500930000001,8.881516123666666,3.258791295,0.5828892093333333,8.983323769666667,5.491851972666667,0.6204790536666667,7.237857626666667,4.054502572333333,0.5480352133333334,0.039796702,0.006320503666666667,0.15453514,0.03979067333333333,0.006334062666666667,0.154847331,0.283071463,0.099768136,0.5594789923333333,0.283068199,0.100020022,0.5587939710000001,8.876597976666666,3.2164342556666665,0.5877409943333333,8.876012457666667,3.223847073,0.586958016,8.983853879666666,5.4915739509999995,0.6204146716666666,8.982795220999998,5.4921243833333335,0.6205427053333333,7.239286084,4.055016390666666,0.5479872960000001,7.236435741666667,4.053990154,0.54808283,0.133034964,0.054766649333333334,0.418114568,0.39142233400000004,0.28220392899999996,0.8270230563333335,0.4133954496666667,0.27083408866666664,0.733885409,5.3808539343333335,2.3009282903333332,0.43599613,5.400295698333333,2.122254617333333,0.39753166966666664,0.12888810933333333,0.053251157333333334,0.4209930333333333,0.13715995433333333,0.055441981,0.41127332433333336,0.3791887443333333,0.2736362643333334,0.8194827743333333,0.40123513433333335,0.28513123566666665,0.83403399,0.40169914533333334,0.262272699,0.7232722960000001,0.4227564183333334,0.27384416133333334,0.7401680206666666,5.209779013333333,2.2380334063333334,0.43909949966666667,5.550950004666667,2.3291684613333334,0.4289479436666667,5.283334082,2.010512271666667,0.386023331,5.5035012163333334,2.1758785396666664,0.39875886233333335,colour_defence_2024_species_metrics_summary
Caloria indica,8,8,animals_on_background,NL; NP,D,0.271184949125,0.613759876,2.23575038425,1.0949505341249999,4.6976806335,1.335096699875,2.838723746375,2.103890484875,0.795500840125,3.520735787875,0.140945035375,0.391092376875,2.7386166315,2.517922616,13.31423326525,0.13155478725,0.34226549424999997,2.5780240652499997,2.532266419,15.662670395500001,0.711157374625,1.822378090375,2.53488743025,2.1783570232500002,11.6897520285,0.608686606,1.516771661125,2.475823536875,2.120300255125,11.7651754135,0.500209888125,2.5472436367499998,0.49186168124999996,2.2141507685,0.195414207,1.0072666675,0.60932037075,0.78141837925,0.39733645362500003,0.343637944375,0.503328412375,0.04856576475,2.54628530475,2.54806659675,0.491797086,0.491905521625,2.2220614845,2.19492239325,0.1955137065,0.19490900525,1.006724404,1.007706027625,0.7194211718571429,0.78197725475,0.769849054625,0.7747671548749999,0.39865072625,0.404882077,0.343655396375,0.343407263625,0.5875110008571429,0.593429665875,0.052309297625,0.044867717625,493.71584047500005,19.2046733825,23.659168828749998,0.454974754625,0.06973407325,0.021582966749999998,0.306555700125,0.14128937187499999,0.023929118625,0.15369297737499998,3.9961796955,0.64633315475,0.151557902125,14.70894359225,9.46938571125,0.62459948375,2.1776000725,1.074245076625,0.49039946037500004,0.070008098,0.021551555375,0.30482046975,0.069929610625,0.021558470875,0.3052779715,0.14133772425,0.02382715525,0.152710019875,0.141352774,0.023734913625,0.15201367425,3.995381386,0.645843037375,0.151400646875,3.996622747875,0.643621171375,0.150798097125,14.710650747,9.4703563885,0.62459186325,14.707214024750002,9.46837357475,0.62460535775,2.177774258,1.0742985525,0.490401072125,2.177444233,1.074191438,0.490394476375,0.21320272950000002,0.058204964125,0.27080723075,0.096102405,0.067047984375,0.8439119175,0.0950045975,0.069384887125,0.729376244125,8.711736519,2.57139239325,0.29239595150000003,1.81815143675,0.5313650034999999,0.28790651162500003,0.21497539062499998,0.06743951771428572,0.30826797557142854,0.211228300125,0.055371412875,0.2593683475,0.096491182875,0.07822572785714287,0.9594692514285714,0.09561786,0.0689890605,0.88534112975,0.09540921475,0.08250171242857143,0.8583689575714286,0.094477580625,0.0701231245,0.75550741325,8.79138552875,2.9911740795714286,0.3337645474285714,8.623013764,2.424414534625,0.277301165,1.8354326275,0.6179957962857143,0.3353434014285714,1.7988733585,0.5157678612500001,0.28018628325,colour_defence_2024_species_metrics_summary
Ceratosoma amoenum,22,22,animals_on_background; animals_only,NB; NF; NL; NP,D; N,0.7932547754090908,1.7684456952727272,2.198841183681818,2.9210035504545457,14.629687004636365,1.0461600531363635,1.979045448090909,1.9006235192272727,2.3290811673636367,13.610166577500001,0.44171219445454546,1.2624950112727271,2.8122962439545454,4.712893962545454,32.129387639545456,0.35862789322727273,1.0051137606363636,2.762628301863636,5.131810098454546,39.68738423363636,0.5661334133181818,1.3490686238181817,2.3834732931363636,3.9683878603181815,30.8509536335,0.4795742440909091,1.156763579681818,2.4192764279545456,4.350275134818182,36.52864150636364,0.24398753222727274,4.4282464493181815,0.35310593845454546,12.251860947454544,0.16318448763636362,1.7783322784999998,0.7013054832272728,2.754593137227273,0.802497417409091,0.2581452130909091,0.7519014503181818,0.06256546390909092,4.412910812545454,4.4430839602272725,0.3520354825909091,0.35414176368181816,11.896639431181818,12.426104192499999,0.15937539936363637,0.1646454739090909,1.775984708,1.780545840727273,0.5313869712272727,0.5323783244090909,2.7261679769090907,2.755376440590909,1.0640601369545453,1.0754364527272726,0.25570544104545456,0.25939361877272726,0.7977235540909091,0.8039073884545455,0.06802688054545454,0.05713645563636363,383.32414282727274,16.211689521045454,18.820445712727274,0.45532476527272725,0.102829432,0.03474906168181818,0.3434131747727273,0.1465839770909091,0.10366158654545456,0.7359051724090908,3.9011572489090907,3.131955632363636,0.8130777918181817,11.352324891954545,8.1071784375,0.7116698125909091,6.706025721636364,4.5006769422272725,0.6530941723181818,0.10320079690909091,0.03453603340909091,0.34017147477272724,0.10328492677272728,0.034642219363636366,0.3410681051818182,0.14488454954545454,0.10222417322727272,0.7360224562727272,0.14523916945454546,0.10277060186363637,0.7375646840909091,3.8442316858636363,3.0873595533636364,0.8145487169545454,3.8577099569545457,3.105324966318182,0.8159670021818181,11.35199719359091,8.104321715136363,0.711420836590909,11.352662252227272,8.109971271681818,0.7119124825454546,6.706143441045454,4.502934698272727,0.6534580527272728,6.7059079111363635,4.498468957818182,0.6527381401363637,0.16896831459090908,0.10327948886363636,0.6263299349545455,0.3604224958636364,0.20784632209090906,0.6037426427727273,0.37289697222727275,0.2136193815909091,0.6012284469545455,6.920725870545454,4.376373307818182,0.6474281865454545,5.174215924545455,3.4473200155909094,0.6532960282272727,0.16795843095454546,0.1022588414090909,0.6238926051363637,0.16988875763636366,0.10426842236363636,0.6287451361363636,0.3663441031818182,0.209392341,0.5990587135454546,0.3535136647727273,0.2046623324090909,0.6071812974545454,0.37877515409090906,0.215554073,0.5978649164090909,0.3658969468181818,0.20996938618181818,0.6030590245454546,6.87618003290909,4.327711658454546,0.6442076144545456,6.961548135499999,4.422296342954545,0.6503954638181818,5.289262779772727,3.5128893944090906,0.6524117484090909,5.025638742909091,3.3412463320909094,0.6510502262272727,colour_defence_2024_species_metrics_summary
Ceratosoma brevicaudatum,24,24,animals_on_background; animals_only,NB; NF; NL; NP,D; N,0.29099110225,0.8941573597083333,3.0841150773333332,7.1847478963333335,71.52617161791666,0.45729951379166667,1.0191459419166666,2.233252118333333,5.164097788583334,48.75734363916666,0.14953838516666668,0.592013633125,3.9729738704166664,10.843626096541668,156.65036115875,0.144882845125,0.5854962607916666,4.0489634515,11.078277769166666,162.5317806875,0.24111967716666668,0.6650078778333334,2.765376890666667,7.946318717125,106.14992644583333,0.21665617729166667,0.6356461802916666,2.938952883583333,8.777806404125,125.61429019291667,0.18155312491666667,2.6821003863333335,0.24240655804166666,5.329649839625,0.09903806454166668,1.2155782755,0.5050964593333334,2.065554628291667,0.6535442126666666,0.17072231108333333,0.579320336,0.023585079916666668,2.6799135111249996,2.684273273541667,0.24220352370833334,0.24260824395833333,5.278182225916667,5.360648671666667,0.09818997066666667,0.09948824154166667,1.214826914375,1.2163160228333332,0.38609595491666665,0.388071721375,2.0509740574166666,2.0738901203333335,0.8535108801666667,0.8630452224166666,0.17019674704166665,0.17104824275,0.6198034175833333,0.625558472,0.02466765975,0.022504633375,2036.7438501125,42.01308097208334,45.757190550416674,0.4775049624166667,0.1370396205,0.037019294333333334,0.26424382758333337,0.31372639350000003,0.06635263775,0.21143185295833333,8.153301979041666,1.6517629861666665,0.20299487666666668,13.844866477541666,9.139963660916667,0.661201528375,6.548636757041667,3.3622647111666666,0.5178849938333333,0.137458929125,0.03679337670833333,0.2617348419166667,0.137395800125,0.03682514004166667,0.262102869375,0.3146776930833333,0.06522620783333333,0.20723086241666666,0.314580375375,0.06525228608333333,0.20738183554166667,8.174825882083333,1.6229936828333333,0.19894162170833332,8.172993312583333,1.6229487760416665,0.19898424420833336,13.847233711,9.140793496458333,0.6611465619583333,13.842512847208333,9.139136227833333,0.661256026125,6.5495631936250005,3.36248671325,0.5178514680833334,6.547715376166667,3.3620431974166665,0.5179182521666666,0.17100022816666668,0.08097584475,0.48129274820833334,0.22148835958333335,0.203984404875,0.9324097509999999,0.21670593629166668,0.20676539866666666,0.9661431096666666,6.964165811291667,3.4073218840416666,0.49709283370833335,3.935764449166667,3.032038539,0.7872748729583333,0.1719287645833333,0.08041701425,0.475436519125,0.16997368408333333,0.08160385170833333,0.48799496770833334,0.21818870254166667,0.201583991875,0.9361677617083334,0.2251787858333333,0.20661077020833332,0.9284524244166666,0.21279759725,0.20436740041666668,0.974755266625,0.22107325212499998,0.2093598370416667,0.9569818997083334,7.001762662416667,3.3839966757916664,0.49109286974999994,6.922601055541667,3.433572585166667,0.503963098375,3.8777682515416667,2.9865620988333332,0.7875868277500001,4.001002588416667,3.0810096732916663,0.7866366739166667,colour_defence_2024_species_metrics_summary
Ceratosoma tenue,21,21,animals_on_background,NF; NL,D; N,0.5576864852380952,1.1566217747619048,2.075333634761905,2.249420229904762,12.258088164142857,0.9626703916666667,1.8347822770000002,1.9060626679047619,1.6704484154285713,8.315758819761905,0.2892248242857143,0.7390130151428571,2.5543237793809523,4.033411027619048,30.058112681904763,0.27537707042857146,0.7009369167619047,2.5486217504761903,4.209899228285714,33.39624348428571,0.5006229281428571,1.164053205904762,2.323760123714286,3.2609160786666664,22.03637562238095,0.46337898647619047,1.0831097995714285,2.3359944023809525,3.402895748333333,24.280675188095238,0.21300179028571428,4.856295433761905,0.42071414804761903,8.92646334647619,0.14756220152380953,1.7812110672380954,0.730020985,2.495296482809524,0.7198588284761905,0.2841381747619048,0.7249399065714286,0.05713773042857143,4.85199431447619,4.860540914476191,0.420335707,0.421087606047619,9.014816302142858,8.79551612204762,0.14931388842857143,0.14508684271428574,1.7803536575238095,1.7820433322380953,0.5190006298571428,0.5209483409047619,2.5021386812380952,2.479526672952381,1.022231325,1.0126544513333333,0.2848247976666667,0.28308722428571426,0.7706159774761906,0.7668013961904763,0.05908696338095238,0.05519467719047619,296.5648931380952,16.32682334,17.665037888095238,0.4811877419047619,0.08597262476190476,0.037751411476190475,0.43502782980952376,0.19151120914285716,0.0774375580952381,0.4194040518095238,5.141865374428572,2.008344964904762,0.4043193933809524,13.084312107,10.495718492904762,0.718451740047619,5.761059712047619,3.3263527894285714,0.5757514097619048,0.0861422610952381,0.03797237904761905,0.43703101966666663,0.086100568,0.037968607333333335,0.4370745097142857,0.1910985699047619,0.07639908933333334,0.4152320925238095,0.19100193285714287,0.07649192480952381,0.4158789342380952,5.129364489619047,1.980497811952381,0.40016065476190477,5.127268175619047,1.9830939423809522,0.40080491790476186,13.086062151238096,10.497450991761903,0.7184671812857143,13.082579105476192,10.493996262,0.7184360383809524,5.76104556752381,3.326249296095238,0.5757365254761905,5.761070735571429,3.326451561857143,0.5757658051428571,0.17976130747619048,0.0835064959047619,0.4683192241904762,0.2253927310952381,0.18564518476190475,0.8754751854761904,0.22145652714285716,0.18501596476190474,0.8919981194761905,7.335807799714285,3.533952926380952,0.4849134332857143,3.379357691095238,2.070313317761905,0.6249894631428572,0.17983654185714285,0.08341910533333333,0.4676617224761904,0.1796628906190476,0.08356212238095237,0.4688360663809524,0.2268650573809524,0.18583704266666667,0.8710629461428573,0.22380281895238097,0.185404704,0.8807636338095238,0.22288118880952382,0.18519653014285714,0.8882779744761906,0.21991818085714285,0.18475649995238094,0.8965188508095239,7.338281168238095,3.5292363704285714,0.4841884076666667,7.332311575952381,3.537007039904762,0.4854372006190476,3.388640081333333,2.0623014584285717,0.6211080064761905,3.3676190064285714,2.0751169942380954,0.6284042576666666,colour_defence_2024_species_metrics_summary
Chromodoris cf striatella QLD,2,2,animals_on_background,NP,N,0.275086729,0.52336537,1.896867211,3.2732361164999997,19.310805595,0.8751463265,1.6885107615,1.9246490455,3.283699103,19.2548472,0.153287817,0.378022222,2.4538506125,5.069404324500001,39.8706251,0.12581316450000002,0.300611793,2.38504412,5.593821285000001,51.718539234999994,0.489312422,1.219944042,2.484398597,5.080789589,39.903759745,0.3867522545,0.963229519,2.4864186475,5.636529152,51.310665985,0.40819300700000005,2.703835968,0.675958992,2.6309664685,0.4384944115,1.1151085265,0.8043807705,1.036606207,0.6863309855,0.5572267015,0.745355878,0.032532755999999996,2.7010532495,2.7065854775,0.675263312,0.676646369,2.6689014364999997,2.5804874285,0.444816906,0.430081238,1.1145035810000001,1.1157041075,0.7446547895,0.7454165420000001,1.0485484685,1.0189425045,0.7563678380000001,0.735011649,0.560040109,0.553363804,0.7505113135,0.740214096,0.036922053999999996,0.028159794499999998,929.5512133999999,26.18273159,35.192081045,0.42869221199999996,0.053151532,0.0263638175,0.4906766565,0.126890377,0.042717901,0.3373191665,3.142048644,0.883840406,0.2820046555,14.51390223,7.4997358035,0.5168100845,3.4884383715,1.8023475725,0.5181947395,0.053017418,0.0263691125,0.4920157635,0.0530267855,0.026375051,0.4920075655,0.12732265599999998,0.042658154000000004,0.3354399575,0.127295278,0.042664201,0.33561642199999997,3.1515113685,0.882073648,0.2803661475,3.15088771,0.8824930044999999,0.280603242,14.513926345000002,7.4988069555,0.5167459915,14.513868935,7.500643037,0.5168730095,3.4889534380000002,1.8023278175000002,0.518117594,3.487927913,1.802365674,0.5182707995,0.224945185,0.0531793795,0.23794984349999998,0.23859084399999997,0.0815963015,0.3618970995,0.1893920635,0.065838341,0.35440955350000003,9.184401079,2.321925521,0.254535292,2.4133038129999997,1.1501259175,0.4655548725,0.225428013,0.055136787500000006,0.24607787949999999,0.224337535,0.0504524145,0.2265643295,0.2395208185,0.0827406545,0.36604450050000004,0.2375141095,0.080035448,0.35596456499999996,0.190513253,0.0663151705,0.354717915,0.1879892405,0.0652016175,0.353859708,9.206982865,2.4123881165,0.2636588115,9.155793434,2.1951125945000003,0.24166456800000002,2.4093329265000003,1.164356196,0.4732522735,2.4196762355,1.1312765415000001,0.4551689505,colour_defence_2024_species_metrics_summary
Coryphellina rubrolineata,2,2,animals_on_background; animals_only,NB; NF,D; N,0.24012897700000002,0.491977397,2.0743508055,0.826846422,4.319164322,0.9874720455,2.2112095575,2.2337078850000003,1.392098393,6.9087369735,0.1246873465,0.294155174,2.380189022,2.1026023985,14.154826826499999,0.1177623315,0.288749523,2.4697337825,2.303465695,14.769691628,0.5071464385,1.3143530005000001,2.585406173,2.866052116,19.454467809999997,0.4681327205,1.292320368,2.7564928795,3.4807987860000003,25.358335015,0.41979691900000005,1.686128692,0.222869162,3.4441476205,0.1481226735,0.8025480645,0.3959175575,1.4758058214999998,0.6409343245,0.1854959175,0.5184259410000001,0.03006449,1.6890097265000001,1.6832347055,0.22323989849999998,0.2224967885,3.5426657545,3.2983391875,0.1527678125,0.14131092950000002,0.8050953625,0.79994662,0.3496484735,0.37143000049999997,1.5022097259999998,1.41634401,0.749996069,0.7055533549999999,0.18800385549999998,0.181903859,0.5498222715000001,0.5384916774999999,0.0310673535,0.029057541,1312.7704221,33.184267004999995,36.761495085,0.4787170005,0.087961578,0.0202568345,0.23678779700000002,0.0695723645,0.0232726015,0.3875581175,2.0207642915,0.5797170605,0.35047473,14.45717428,7.962545165,0.5697359019999999,2.9980579975,1.86435453,0.620120317,0.08857330499999999,0.0194976725,0.227893945,0.08857528049999999,0.0195115275,0.22766632399999998,0.06900242399999999,0.0223241495,0.37600947149999997,0.0689472215,0.022093862,0.3735182735,2.0063001675,0.553380498,0.33881093,2.0053504965,0.5501569545,0.33796977500000003,14.458051059999999,7.9627894354999995,0.56969208,14.456283835,7.962291885999999,0.5697797885,2.9984711539999997,1.864838743,0.6201838125,2.997641302,1.8638652219999998,0.620055882,0.242876866,0.11091788799999999,0.479766627,0.211672031,0.13884504,0.7803905959999999,0.2023807675,0.1186109635,0.7779775595,10.066585007,4.8229431415,0.5028678,1.929463578,1.022476914,0.5167250455,0.244525911,0.1121126855,0.481596922,0.24109011000000002,0.1108232295,0.481907157,0.2169661715,0.140930893,0.7861099695,0.20565663,0.13846158349999999,0.7801058595,0.207137947,0.120850524,0.7871609145,0.19704478050000002,0.1177027695,0.7705163325000001,10.138824538000001,4.868493145,0.503895146,9.9882793875,4.826741877,0.5061607619999999,1.9488123875,1.0743330805,0.5412116284999999,1.9047583424999999,0.956196764,0.483238079,colour_defence_2024_species_metrics_summary
Cratena lineata,1,1,animals_on_background,NF,D,0.157193989,0.368756265,2.345867465,0.521971632,2.284887634,1.215928455,2.720259281,2.237186958,0.246917985,1.526953416,0.076584086,0.207186329,2.705344415,1.738136885,8.875028146,0.081911032,0.220124882,2.687365504,1.68028197,8.603265621,0.584805853,1.512515028,2.586354121,1.388286711,7.227811661,0.608878372,1.555728002,2.555071873,1.230054407,6.069722838,0.280035126,1.538627704,0.384656926,1.086799379,0.18113323,0.586550568,0.423106798,0.214012593,0.154377453,0.282895078,0.288742125,0.030368162,1.541438196,1.535823071,0.385359549,0.383955768,1.046630237,1.12969316,0.174438373,0.188282193,0.587878102,0.5852154,0.424064411,0.422143678,0.131951277,0.287226738,0.095182727,0.207190295,0.279898961,0.286118981,0.259623569,0.314666986,0.030673144,0.03006373,1019.558855,31.60180996,32.26267281,0.494826053,0.108896756,0.022506356,0.206676089,0.105180302,0.01443048,0.137197552,2.770650527,0.292358326,0.105519741,17.14307507,9.960298527,0.581010028,1.983506211,0.795152699,0.400882384,0.10958201,0.021818679,0.199108217,0.109673724,0.021745074,0.19827059,0.105617653,0.013565739,0.128441971,0.105649671,0.013583353,0.128569757,2.776671853,0.266192626,0.095867513,2.776507938,0.267310546,0.096275808,17.13751477,9.959181518,0.581133359,17.14862188,9.961408577,0.580886829,1.983344375,0.795007813,0.400842044,1.983667654,0.795297163,0.400922585,0.222226418,0.027852395,0.125333409,0.101074851,0.077560288,0.767354961,0.016455091,0.089534004,5.441112622,9.047131087,1.21900782,0.13473971,1.085553859,0.195079065,0.17970464,0.220686141,0.022264088,0.100885754,0.223795087,0.032472791,0.145100553,0.098368748,0.064045252,0.651073158,0.103830836,0.089132534,0.85843992,0.012469764,0.073096635,5.861910001,0.02051388,0.103418089,5.041371363,8.979780026,0.977206669,0.108823008,9.115723643,1.419289675,0.155696874,1.084225324,0.156553666,0.144392188,1.086906883,0.227700474,0.209494003,colour_defence_2024_species_metrics_summary
Dendrodoris fumata,4,4,animals_on_background,NF,D; N,0.18157699675,0.4124276585,2.3037332955,4.4681554295,32.66911911,0.54396176625,1.13502819625,2.13788240475,5.114402075,48.47443431,0.09691325875000001,0.28042754275,2.93311493125,6.752744182,70.0098426075,0.08694275575,0.254284086,2.95081185775,6.78759226725,69.97192084,0.2764686545,0.7442304375,2.72776560975,7.49338873475,96.8974940575,0.2679432195,0.73116755925,2.8416540767500003,8.2745043795,120.0817953275,0.3721180395,2.2760467415,0.438305442,2.6744360397499998,0.23766122374999998,0.96749780575,0.5860236505,1.0876707495,0.58258738725,0.337983333,0.58430551875,0.020965617,2.27517621125,2.27690950275,0.43812242074999996,0.438486941,2.681163545,2.65910114775,0.23723053275,0.2375835475,0.9672073125,0.9677836675,0.5405401875,0.552340773,1.0865138542500001,1.08414363175,0.64959127825,0.650612619,0.3376764765,0.33803524425,0.59506573325,0.601476696,0.0216887765,0.020243926750000002,3519.7242566000004,52.464106429999994,58.5075764825,0.47680513999999996,0.03401487675,0.0123180815,0.4105789105,0.1410392135,0.07195224575,0.7999140579999999,4.12048481,2.0554935075,0.8182904812499999,15.01223847225,8.5056975625,0.569028714,3.8403959690000002,1.7475667697500001,0.48044040825,0.033919853,0.01214973025,0.4070736965,0.033913285,0.012141075500000001,0.4070740315,0.1408878415,0.07176392725,0.8036416369999999,0.14090635625,0.07181926275,0.8031421125,4.115629946,2.04915198425,0.8222417519999999,4.1162290075,2.05065112575,0.82178981975,15.012079778499999,8.50575903425,0.5690005595000001,15.012398602,8.50563386475,0.5690564042499999,3.84104690875,1.7476373225000001,0.48036321475,3.8397482412499997,1.7474965695,0.480517336,0.1957389605,0.05995508675,0.32668628925,0.47474594999999997,0.25956610975,0.6615569404999999,0.46858717875,0.26923503974999996,0.74764634525,8.02284031225,2.6561917724999997,0.34726023024999997,3.157265963,1.1334632632500001,0.46984255124999996,0.1947205625,0.0598100785,0.3242803905,0.19682124425,0.060337270750000005,0.33016292925,0.478622225,0.25757127599999996,0.6549079327499999,0.4703388425,0.262023779,0.66912725125,0.4724870115,0.2670234215,0.7451997905,0.4641199125,0.27188474625000003,0.7510400745,7.9813865705,2.65740907675,0.34524946275,8.066926489250001,2.66530777725,0.35039767774999997,3.18097642275,1.138252419,0.47476737999999996,3.1272233295,1.1230833625,0.46591547575,colour_defence_2024_species_metrics_summary
Dendrodoris gunnamatta,1,1,animals_on_background,NF,D,0.117071707,0.296652177,2.533935694,3.92955011,21.61798115,0.562840351,1.018955598,1.810381215,3.04606283,16.55876878,0.060528404,0.196617698,3.24835426,6.055127916,48.64043645,0.057474609,0.186827594,3.250610955,6.313689988,53.47665299,0.287748136,0.684880913,2.380140229,4.971307183,38.6259575,0.276049184,0.662494108,2.399913296,4.986116391,37.69135514,0.377688806,1.668827971,0.55627599,1.076128063,0.358709354,0.621878277,0.566058002,0.167165992,0.152161043,0.457492672,0.359109523,0.01933117,1.668823664,1.668831674,0.556274555,0.556277225,1.059963894,1.093298369,0.353321298,0.36443279,0.622370729,0.621382958,0.566506251,0.565607144,0.141464524,0.192028393,0.128766559,0.174791776,0.454797926,0.460355007,0.347636405,0.37019946,0.019793164,0.018869643,2574.930705,49.5224938,51.99517446,0.487821427,0.023074557,0.006029317,0.261297206,0.029579064,0.048430501,1.637323648,0.69414305,1.135634962,1.636024393,11.73280328,5.601246456,0.477400526,2.087935097,0.110545673,0.052944976,0.023017661,0.005982397,0.259904645,0.023013116,0.005956996,0.258852233,0.02911066,0.048143174,1.653798767,0.029133368,0.04816405,1.653226285,0.683103069,1.12881853,1.652486399,0.683478103,1.129027376,1.651885221,11.73400487,5.601676039,0.477388249,11.73160403,5.600817292,0.477412746,2.087957881,0.110542107,0.05294269,2.087912358,0.110549225,0.052947254,0.196171294,0.017750069,0.0904825,0.870509178,0.175855005,0.202013958,0.8669411,0.195572494,0.225589136,7.952329552,0.773857271,0.097312022,2.064357487,0.038033667,0.018423973,0.195869248,0.017678105,0.090254622,0.196487803,0.017816928,0.090677019,0.87675198,0.154638161,0.176376176,0.863967444,0.195313389,0.226065681,0.873891131,0.171975749,0.196793105,0.859658273,0.217212697,0.252673305,7.939798052,0.773773263,0.097455031,7.965461112,0.773618653,0.097121641,2.06571292,0.033714313,0.016320909,2.06293715,0.04201655,0.020367344,colour_defence_2024_species_metrics_summary
Dendrodoris krusensterni,4,4,animals_on_background,NF; NP,D; N,0.27210911075,0.482976973,1.77607441,2.91542280025,17.7832910795,0.9943186789999999,1.7596324184999999,1.7539097115,2.7215081784999997,15.1682423025,0.14391547325,0.32620930425,2.26309836425,4.9353300725,45.768939235,0.13250474475000001,0.30189013975,2.27852059525,5.00093944525,43.34695881500001,0.5282907095,1.20655451275,2.23163196325,4.34721294375,32.556442592500005,0.467496323,1.082589643,2.29320111575,4.9192472365,42.273023907500004,0.4038543945,2.9979302152500003,0.409306795,3.806477446,0.204015889,1.20573494075,0.61355815525,1.50138881075,0.6679568765,0.30666134175000004,0.6407575157500001,0.03850431875,2.99563542375,3.0002195022500002,0.40903924075,0.40957347875,3.8826277984999997,3.7168695622500003,0.20699820275,0.20032949175,1.204893006,1.20657068275,0.530197833,0.53094937925,1.51455946975,1.4817547687500001,0.782188268,0.76505994525,0.308018722,0.30495148525,0.65619305025,0.6480046625,0.04072625,0.03628650825,802.531001625,25.997342342499998,28.2331922525,0.47433742375,0.0503952935,0.02140838975,0.4193524785,0.1159102715,0.053840985,0.42653114924999996,3.23009275175,1.46072315575,0.401853589,12.692055324750001,8.087957449000001,0.63210439225,3.70750722975,1.795781202,0.47452679875000003,0.0503746235,0.021246361249999998,0.4167585415,0.050408247749999996,0.021282720499999998,0.41717001075,0.11597003850000001,0.05363709125,0.42355484625,0.1159960865,0.053636965249999995,0.423545136,3.23494781475,1.4561869192499999,0.39895500575,3.2355472195,1.4559621357499999,0.398882071,12.691852902499999,8.0872869095,0.632059468,12.69226418075,8.0886257205,0.6321487575,3.7075060124999997,1.7954924585,0.47443683425000005,3.70750762275,1.796068169,0.47461632324999997,0.23430825125000002,0.07653812175,0.32083535425,0.3038721485,0.2009781995,0.64004101375,0.27921663575,0.2202864625,0.7857352049999999,9.648690918500002,3.3077553427499997,0.3359861475,2.2245471495,1.026084999,0.44815570925,0.23603300675,0.07761334149999999,0.3229011485,0.2322277385,0.074965902,0.3171176275,0.302307636,0.20169368225,0.6451548895,0.30555011675,0.2002452545,0.63458588225,0.2773538225,0.221316543,0.794676686,0.281308131,0.219057908,0.77519166625,9.72564030925,3.3568138465,0.338093449,9.555795972,3.2358796694999996,0.33206323925000003,2.231560578,1.02538488975,0.44565769425,2.21611305875,1.028105322,0.4517341295,colour_defence_2024_species_metrics_summary
Dermatobranchus dendronephtyphagus,2,2,animals_on_background,NF; NP,D; N,0.3171041975,0.609227361,1.9394131655,3.1864994700000002,22.02191879,1.291942977,2.3851714155000003,1.8389082765,2.5151791579999996,13.405091915,0.165265858,0.39936258550000003,2.4330570875,4.715727749,40.973101155,0.156150761,0.39376728650000004,2.551063707,5.8634512875,64.07665593,0.6781766730000001,1.617265341,2.3758703645,4.046368065999999,27.964711225000002,0.6164007695,1.4937218474999998,2.41450373,4.705060928,37.912270875000004,0.356839054,3.8832089585,0.369164264,4.332655293,0.086032776,1.521845131,0.6506356040000001,1.7691639155,0.546891724,0.22759852,0.598763664,0.0495947225,3.8858674715,3.8805540965,0.36935994400000005,0.3689687365,4.214975107,4.4556520605,0.084236032,0.087883746,1.5224264685,1.521262433,0.4774535605,0.4786712185,1.739358623,1.7967449955,0.737579269,0.7612017824999999,0.226797988,0.228426241,0.607516415,0.6199365005,0.052031626,0.047158771,416.80607995,19.08286203,20.955758154999998,0.47529986449999995,0.061567741499999995,0.03316345,0.550516854,0.11167080300000001,0.043451157500000004,0.4331834545,3.0055667704999998,1.144964943,0.43043530100000005,15.772709845,10.905328534999999,0.691321254,4.345595424000001,2.6338034065,0.609928641,0.061581183,0.033282615,0.552713774,0.0616451935,0.0332853865,0.5520661765,0.1115743385,0.0433706905,0.43292722699999997,0.1116106875,0.043253702,0.43141429600000003,3.0013767634999997,1.140117751,0.429636669,3.0023259825,1.1358964155,0.42774334999999997,15.775499955,10.906280335,0.6912634129999999,15.769953435,10.90438273,0.691378169,4.345944091,2.6343737395,0.6100092795000001,4.345249190500001,2.6332373905,0.6098486045,0.2593635945,0.074349863,0.29009738549999997,0.227100675,0.20709272150000002,0.874137782,0.230311723,0.1962995185,0.8198769375,10.6929155465,3.2894636835,0.3120230595,2.2619859885,1.046867907,0.49496070049999996,0.259714459,0.0726223075,0.28285771,0.258977351,0.0762204595,0.297983911,0.2207298955,0.20368507,0.886741395,0.234239572,0.210571241,0.8597951215,0.2234051935,0.19264899,0.8309486875000001,0.238016046,0.200020832,0.8070830609999999,10.7039212885,3.202432402,0.303194556,10.680873714,3.3835518815,0.3216035115,2.2396546004999998,1.0002828460000002,0.4758870075,2.2863027805,1.095517857,0.5143983105000001,colour_defence_2024_species_metrics_summary
Discodoris sp,18,18,animals_on_background; animals_only,NB; NF; NL; NP,D; N,0.16230756177777778,0.31469542222222224,1.9582342667222221,3.5666197108333333,26.66556120611111,0.623652764,1.0958495317777777,1.7232625270555557,3.277443246111111,26.949722887222222,0.08270004455555556,0.20081265566666667,2.454187394611111,5.575842423666667,58.84577115388889,0.08175078077777778,0.20100310155555556,2.4710217645555557,5.723715736,62.31225391944445,0.3150347792777778,0.7039934491111111,2.1813701880555554,5.241947587166667,60.341295058888896,0.30984375244444445,0.6980625131666667,2.208026341888889,5.4060911399444445,63.95318916777777,0.31256797000000003,2.4069658255555555,0.7152854442222222,2.317302897375,0.5976118733125,0.7930727583888889,0.68138160525,0.6244909632777778,0.5658534995555555,0.6386539989375,0.6562278262222222,0.022991565777777778,2.4065260068333334,2.4074029545555558,0.7152002345,0.7153702279999999,2.3368750919375,2.2954280086875003,0.598808206875,0.59625534075,0.7930096647222222,0.7931345842777778,0.6297680756666666,0.6188960427777778,0.6255983511111112,0.6224189805,0.39903121775,0.397702187875,0.639204235375,0.6380234235625,0.6695784535555556,0.6629610772222222,0.023140093944444447,0.022843133944444444,1826153.1487805874,462.74880871375,406.43630070499995,0.5031650919375,0.05890383005555555,0.017065045,0.315350699375,0.14465837744444443,0.0424081785625,0.5283281940625,4.130527706055556,1.1642744853125,0.5192859741875,14.7138207298125,5.6087239366875,0.307274201375,3.001370842125,1.157266608625,0.3886330203125,0.058911395666666665,0.017047226125,0.3148603559375,0.05891095683333333,0.017047980375,0.314950278625,0.1447115341111111,0.042334912375,0.5300277206874999,0.14469474927777778,0.042325166125,0.5305931739375,4.131809788777778,1.1621487726875,0.521046108625,4.1312958180555555,1.161821284125,0.521628629625,14.7136272535625,5.6084598805625,0.30725791125,14.7140131916875,5.6089855643124995,0.307290370625,3.0015050025,1.15730747075,0.3885816751875,3.00123650075,1.1572258126250001,0.388684551,0.2065795878888889,0.04492883327272727,0.26148671033333337,0.26502347322222225,0.17174012045454545,0.8909964802222221,0.25313690194444444,0.1678460218181818,1.0400962833333334,8.503188286666665,2.0063232852727273,0.2837525363333333,2.153125615888889,1.0301343877272728,0.6589828048888889,0.2066505353888889,0.04467800909090909,0.2599028282222222,0.20648656705555554,0.04514639127272727,0.26287812255555554,0.26569634955555554,0.17205731163636362,0.8934720335555555,0.264339929,0.1717725457272727,0.8938236157777778,0.253791796,0.16819094127272727,1.0475436921111112,0.2524670304444444,0.16794567963636364,1.0452452063333333,8.505316047,1.9835752187272726,0.2806528371111111,8.499977125944445,2.024746823727273,0.286262373,2.1457636609444446,1.0286804303636363,0.6646685062222222,2.1599008279444445,1.0323975402727272,0.654436215,colour_defence_2024_species_metrics_summary
Doriopsilla miniata,1,1,animals_on_background,NF,N,0.238993224,0.41327949,1.729251914,2.696993484,14.24962726,0.900541931,1.558550184,1.730680305,2.607185581,12.84105636,0.114017636,0.249149951,2.185187827,4.057580052,26.82819335,0.128311352,0.293806254,2.289791583,4.774551113,37.56427288,0.430284386,0.956642832,2.223280376,4.08903814,26.56563513,0.471071123,1.080601684,2.2939247,4.404783413,30.87824307,0.476529131,2.425815577,0.808605192,2.146295685,0.715431895,0.987974042,0.899292728,0.83098073,0.756391257,0.762018544,0.827841992,0.042313457,2.428985253,2.422635253,0.809661751,0.807545084,2.074542482,2.211766996,0.691514161,0.737255665,0.98870901,0.987234699,0.899961725,0.898619749,0.779996933,0.869347559,0.709983805,0.791314249,0.750587956,0.772400375,0.804972765,0.844966999,0.040646686,0.043978366,513.0764248,23.60225141,21.73845266,0.520553262,0.035678801,0.009814224,0.275071578,0.097471276,0.0442571,0.454052743,2.817726124,1.263263867,0.448327414,8.405726884,3.57413308,0.425202142,2.029703683,0.766926546,0.377851482,0.035687938,0.009780833,0.274065509,0.035691976,0.00976354,0.273550004,0.097624628,0.044115366,0.45188768,0.09770094,0.044043609,0.450800261,2.822055726,1.259195712,0.446198032,2.824209052,1.257135435,0.445128322,8.408545704,3.576242328,0.425310447,8.402901401,3.572014248,0.425092962,2.030162705,0.767007002,0.37780568,2.029243576,0.766845477,0.377897206,0.178665368,0.044286753,0.247875416,0.333664738,0.30958418,0.927830077,0.329066289,0.301242958,0.915447642,7.236573328,1.879125834,0.259670669,1.890682311,0.676654836,0.35788923,0.175397092,0.036056527,0.205570837,0.181682675,0.050431485,0.277580047,0.325205735,0.310095407,0.953536097,0.341474176,0.308803049,0.904323286,0.32077333,0.301662133,0.94042149,0.336722432,0.300550895,0.892577584,7.097053086,1.522294498,0.214496704,7.365379832,2.14471479,0.29118862,1.865103076,0.665486024,0.356809247,1.914297321,0.685534984,0.358113119,colour_defence_2024_species_metrics_summary
Doriopsilla peculiaris,2,2,animals_on_background,NF,N,0.143401981,0.233297423,1.6313122820000001,4.0038047924999995,41.14526573,0.41365960199999996,0.6339176639999999,1.5574269275,2.297699325,14.383563739,0.081621745,0.16451082849999998,2.021022542,5.9223740215,72.998820305,0.064537824,0.1299647745,2.0440513775,6.2719110570000005,94.33789728,0.227742537,0.425661768,1.9264712670000002,3.690236359,27.93361905,0.1859875425,0.361436381,1.9787650825,4.0767706740000005,37.466755585,0.2453834305,1.774098472,0.5687607735,1.8345388335,0.722423139,0.5340305085,0.387932767,0.514613707,0.936843166,0.6455919560000001,0.850931982,0.0087842145,1.7688965595,1.779259701,0.5674627075,0.5700486695,1.9067590505,1.690900155,0.7344598415,0.698483359,0.5318402885,0.5361715709999999,0.961300509,0.969307601,0.5313879615,0.471614348,0.3833153885,0.3401978405,0.6509612745,0.634266014,0.863965643,0.824851641,0.010788697000000002,0.0067840245,19700016.979131,3554.19210291,2825.8972530150004,0.47062547600000004,0.0892017585,0.015932573,0.19050435300000002,0.269943704,0.0611749025,0.1749509245,7.1971787935,1.4942350094999999,0.159992309,14.693859705000001,4.307467363,0.266330164,4.764571468,1.5120434275,0.248499632,0.0894874425,0.0157129825,0.1867039995,0.0893629085,0.015810743,0.1884232585,0.27108313,0.060268475,0.1712437275,0.270530909,0.0608982585,0.173560002,7.224171321,1.470989284,0.15659805400000001,7.210550233,1.4882154465,0.1588899405,14.69285828,4.3075302035,0.266367035,14.69485084,4.3074048615,0.2662936615,4.7638840479999995,1.5121628635,0.2485754265,4.765251826,1.511924799,0.2484245805,0.279859762,0.034247871,0.14217969,0.1454274855,0.221453407,0.848562162,0.118809041,0.2504377,1.073777858,11.525536791,1.456242047,0.148040736,3.720097918,1.110021574,0.277800994,0.28035898950000004,0.033403778,0.138103,0.279062191,0.035467467,0.148224406,0.155400067,0.241859693,0.860955638,0.1294951935,0.177371553,0.774175397,0.129550004,0.27313401,1.072323255,0.10164917650000001,0.202142938,1.016249555,11.546542601999999,1.420481953,0.143791271,11.491977706,1.507979834,0.154353555,3.748996013,1.170891006,0.288856415,3.6739300449999996,0.994758964,0.254843709,colour_defence_2024_species_metrics_summary
Doriprismatica atromarginata,15,15,animals_on_background; animals_only,NB; NF; NL; NP,D; N,0.15317158020000002,0.3255651968,2.1243943946,3.4609977670000003,19.89688449133333,1.0600544605333333,2.8690864627333337,2.697719256,4.6778289342,30.055386282000004,0.07769019860000001,0.21188982660000003,2.7283205248,5.679295585866667,47.32570054533333,0.07758022433333332,0.21458263000000002,2.762425319666667,5.740631336466667,48.64794755733333,0.5301960038666667,1.9019655833333333,3.5831315446,7.315563141066666,68.25885722333334,0.5300633652666666,1.9446450999333333,3.6515604090666667,7.327448403533333,68.80251199000001,0.2339157260666667,1.928130044,0.3345865635333334,3.726684085,0.27908917800000005,0.8616744558,0.4892168300666667,1.4982057425333333,0.6470364920666667,0.30683787079999997,0.5681266610000001,0.027895030866666667,1.9276150781999999,1.928629361,0.33446958686666667,0.33470094040000004,3.6506244432666666,3.7968996427999997,0.2769326178,0.28110787606666665,0.8612946815333333,0.8620341146,0.3784292028,0.3717373412,1.4744971829333333,1.5162183434666665,0.8398497179333333,0.8600792536666667,0.30570110226666664,0.30790440826666665,0.6091394604666667,0.6159082975333334,0.0277311468,0.0280603598,2219.9349515599997,42.737128078,40.96306591933333,0.5061296773333334,0.23778150879999999,0.0774080106,0.3181542267333333,0.1213177412,0.02612533313333333,0.2158854388,2.8807043474666667,0.5803222244,0.20128293526666668,21.091204457333333,11.7399333564,0.5595255043999999,2.150707530533333,1.0750543162666666,0.5173809785333333,0.23936887806666668,0.07611262533333334,0.31047633813333336,0.23932731659999998,0.07608546286666668,0.3104301178666667,0.12182744473333333,0.025504060933333336,0.20987554700000002,0.12183662706666666,0.025528229533333332,0.20988014906666666,2.891272127733333,0.5666357752666666,0.19581049073333334,2.8914481249333335,0.5675446079333334,0.19592595419999997,21.093332544000003,11.7403507848,0.5594789892666667,21.089106276666666,11.739517628733333,0.5595713302666667,2.1506306848,1.074943392,0.5173392857333333,2.1507851978,1.0751646848,0.5174221708666666,0.3270656804666666,0.11630609046666666,0.3624599393333333,0.21804988646666665,0.13708989033333333,0.7608267966666666,0.19798118166666667,0.12517414346666667,0.7520345727333333,13.877355134,5.468676808866666,0.40052560426666667,1.3648716493333335,0.6526221975333333,0.5312916062666667,0.3249368362666667,0.1155389984,0.3627055407333334,0.3291643744,0.1172649184,0.36309341040000004,0.21763959746666667,0.13647967213333334,0.7679461384666666,0.2184329292,0.13785268993333333,0.7538287130666668,0.19808612353333332,0.12479594199999999,0.7555334791333334,0.1978418446,0.1256777082,0.7490663055333333,13.776792558,5.425894609866666,0.40061835053333333,13.976611827333333,5.5193839012,0.4013299284,1.3578889423333333,0.6412289785333333,0.5252305654666667,1.3718746304,0.6636059446666667,0.5364151156,colour_defence_2024_species_metrics_summary
Doris cameroni,1,1,animals_on_background,NF,D,0.290599469,0.444233171,1.528678536,1.807223877,7.590051421,0.707466945,1.175951885,1.662200464,2.251051322,10.50679838,0.151917099,0.293681408,1.933168878,3.042903245,15.75240755,0.145442376,0.283707611,1.950653032,3.351309607,19.77553298,0.361606388,0.782647897,2.164364138,3.869895687,24.79836074,0.345716983,0.737743791,2.133952997,3.864165967,25.2290777,0.295885096,2.022199417,0.674066472,1.093472695,0.364490898,0.74439456,0.677577129,0.210295754,0.191419444,0.519278685,0.434498286,0.033506792,2.022514911,2.021884719,0.674171637,0.673961573,1.080409881,1.107647468,0.360136627,0.369215823,0.744730983,0.744058307,0.677883354,0.677271058,0.185304816,0.234728899,0.168671712,0.213659451,0.517154132,0.521588698,0.423277533,0.445465255,0.034677883,0.032336126,833.0215073,27.83682374,29.9251637,0.481922887,0.048424391,0.009559172,0.19740408,0.170124403,0.046160491,0.271333744,4.870835963,1.308207334,0.268579633,8.584664939,4.373031009,0.509400313,3.531260646,1.802132335,0.510336822,0.048414959,0.009545994,0.197170353,0.048409862,0.009527147,0.196801776,0.170132031,0.046124567,0.271110421,0.170097651,0.046080479,0.270906031,4.871145379,1.307478519,0.268412954,4.87027565,1.306651645,0.268291107,8.585114621,4.373238593,0.509397811,8.584216509,4.372823924,0.5094028,3.531382885,1.80211095,0.510313101,3.531138748,1.802153647,0.510360474,0.143473667,0.03341957,0.232931732,0.219624706,0.036304201,0.165301082,0.220757578,0.030911999,0.140026897,5.785337426,1.415416626,0.244655847,2.189699173,0.76496926,0.34934902,0.14232454,0.028149168,0.197781547,0.144705567,0.038214304,0.264083164,0.219726332,0.036193205,0.16471947,0.21951576,0.036422345,0.165921322,0.22109731,0.030305406,0.137068179,0.220393375,0.031543239,0.143122444,5.736425342,1.189552988,0.207368338,5.837772645,1.620549595,0.277597244,2.174105742,0.727107053,0.334439599,2.206415799,0.803075531,0.363972888,colour_defence_2024_species_metrics_summary
Glossodoris angasi,2,2,animals_on_background,NF,D,0.06473675649999999,0.15143740049999999,2.289805683,6.5284663315,70.92918944,0.776926974,1.931572428,2.488473892,5.725748514,50.118115509999996,0.03458772,0.096102771,2.754585331,8.50415066,113.66879506000001,0.0312555075,0.09954990050000001,3.0674173965,10.511708694500001,168.06139292,0.4165276715,1.346998343,3.2401228184999997,8.3080806,97.88350953,0.360168234,1.187106021,3.2933762680000003,9.472521083,129.63972339999998,0.13534080199999998,1.589313379,0.347015897,1.3816996115,0.1893345145,0.53523054,0.3480607,0.559709944,0.40374538050000003,0.2681752055,0.37590304,0.019141521,1.58719688,1.591413282,0.3465255485,0.34750243550000004,1.2747318865000001,1.59294813,0.1705557815,0.22562746100000003,0.533334089,0.537086543,0.3847192225,0.38742604599999997,0.478583095,0.6461524945,0.32245126,0.447008462,0.258540665,0.286564948,0.3535852415,0.417217254,0.0215234415,0.016767726,4022.2133655,50.101495615,71.07783990499999,0.42546888650000003,0.240590525,0.052144877,0.2192313435,0.0632223435,0.006232784,0.09663661500000001,1.496688096,0.14613331699999998,0.0962533475,23.25364752,13.894588070000001,0.594418787,1.555086104,1.1238462685,0.765378764,0.24049846,0.0508699585,0.214097531,0.24072096399999998,0.0512040955,0.215324852,0.06332452150000001,0.005986487,0.09265317549999999,0.063278397,0.0060674760000000005,0.0939898615,1.4989807235,0.1412147965,0.09291800950000001,1.4979461875,0.1427020775,0.0939565725,23.249125205,13.890394905,0.594338365,23.258132455000002,13.89873981,0.5944981635,1.555292225,1.123946026,0.765399508,1.5548816859999999,1.1237472225,0.7653581615,0.2577861375,0.1388071445,0.529363137,0.1426993635,0.0771294215,0.9006316919999999,0.138922833,0.059051178,0.603905009,10.907637953999998,6.9913018585,0.6282245275,0.6836733305,0.694369487,0.9857458060000001,0.24356637800000003,0.1222193225,0.5002886195,0.2800153085,0.152751903,0.5265577765,0.1441446215,0.0763874855,0.8957686060000001,0.1409075145,0.07827150199999999,0.9041965455,0.139337437,0.058680681,0.608323884,0.1385535825,0.059760798000000004,0.597518935,10.185548833999999,6.1314704849999995,0.5992427220000001,12.0351795855,7.7256908775,0.61765092,0.5919932495,0.5847367505,0.9789082005,0.8250208365,0.7912582444999999,0.9315694425,colour_defence_2024_species_metrics_summary
Goniobranchus albonares,1,1,animals_on_background,NL,D,0.105636679,0.271327658,2.568498565,5.049437118,36.84142574,0.986638024,2.026630268,2.054076793,4.080626555,27.42128995,0.05801819,0.177533716,3.059966476,7.253465103,71.12252176,0.048157007,0.168755911,3.50428573,8.738784257,99.38855736,0.591808703,1.424948388,2.407785457,5.983279084,54.70063498,0.394375675,1.173511465,2.975618277,8.387270115,94.34761048,0.164874329,1.874687213,0.624895738,2.321382717,0.773794239,0.819234405,0.745699291,0.959578198,0.873445717,0.699344988,0.809572504,0.030015692,1.85370962,1.895077544,0.617903207,0.631692515,2.117491426,2.685277215,0.705830475,0.895092405,0.811231538,0.826769371,0.738414768,0.752557912,0.899666218,1.042554071,0.818911483,0.948973611,0.661866841,0.76339246,0.778663125,0.850765762,0.039423399,0.020683692,1153.646756,24.36564626,47.34726688,0.339766511,0.399573135,0.138582677,0.346826813,0.062832684,0.028655555,0.456061288,1.539625872,0.655336799,0.425646783,13.78243608,5.660464096,0.410701277,1.286918678,0.695929178,0.540771682,0.405074507,0.136067926,0.335908392,0.40300955,0.136494034,0.338686847,0.061871059,0.028169446,0.455292778,0.062148519,0.0281215,0.452488662,1.518751876,0.644148817,0.424130384,1.524245356,0.642579596,0.421572284,13.81328132,5.663667995,0.410016119,13.75242455,5.657102919,0.411353133,1.289050497,0.697182263,0.540849459,1.28484448,0.694698374,0.540686741,0.276325728,0.095260206,0.34473882,0.247301839,0.088152261,0.356456148,0.226718017,0.090174691,0.397739412,11.44591882,4.343728066,0.379500164,1.038782087,0.567025673,0.54585623,0.270479789,0.087165948,0.322264181,0.287378501,0.107638839,0.374554249,0.24146138,0.080730149,0.334339798,0.258344251,0.099302938,0.384382224,0.219632701,0.083399195,0.379721213,0.240114048,0.099716841,0.415289493,11.17657018,3.974811121,0.355637826,11.95516964,4.90667084,0.410422519,0.989915378,0.536664774,0.54213197,1.131173162,0.604397533,0.534310354,colour_defence_2024_species_metrics_summary
Goniobranchus alius,40,40,animals_on_background; animals_only,NB; NF; NL; NP,D; N,0.21244312024999998,0.388203077425,1.8344585769750001,4.080665921225,34.417567381,0.76996887595,1.3083518655000002,1.699048238025,3.2623826511250003,23.316885849875,0.106169760475,0.23634379077499998,2.233829042175,5.626105646575001,60.8295392125,0.108420886325,0.246530391775,2.279650573475,5.8989548997,67.98006354775,0.4003576754,0.8313122418000001,2.0789260389999997,4.859162816375,48.01581423225,0.37033526785,0.795476347775,2.145902144975,5.25721190915,54.108402999249996,0.254674510325,2.191126671725,0.38650353015,2.8596480027999998,0.223619477625,0.919673951725,0.530639802925,1.288064599825,0.5908721607499999,0.30506150390000003,0.5607559818500001,0.025711025399999997,2.18787134575,2.194360148625,0.385941021575,0.38706223335,2.8059751243,2.9093602639,0.22069198005000001,0.22626757022500002,0.9180869906250001,0.9212334897,0.47770990805,0.466270261875,1.267406013925,1.301232471925,0.7054354521749999,0.7239365207499999,0.30331650085,0.306664901725,0.5915726801,0.595103391275,0.02657555245,0.024848830825,3090.0195857725002,45.800459989000004,49.17242920125,0.48290294554999996,0.2404263995,0.077294886025,0.328587178775,0.185897848375,0.03430771705,0.18790759567499998,4.47305655745,0.7852691018,0.177570861375,19.21617544825,9.714914205025,0.512169189925,3.69449231225,2.31708699155,0.658163502475,0.24209327902500002,0.0761484708,0.32192375902500003,0.2418004863,0.07629896215000001,0.322885570625,0.186506258775,0.03312790955,0.181079012275,0.18641424165,0.033281465475,0.18200068057500002,4.4856808371,0.7590825084499999,0.171313159775,4.48393427735,0.7622791921000001,0.17209448432500002,19.2230039815,9.715108563200001,0.5120081574750001,19.2093851515,9.7147086301,0.512328896275,3.694781001375,2.31738844365,0.6582344035750001,3.69420503085,2.3167868504249998,0.658092911575,0.264981911625,0.07361295852500001,0.28217513575000003,0.17430826145,0.17771029755,1.214358117925,0.1642130415,0.16216490779999998,1.1766450465,10.97724239505,3.2800567597750003,0.30334999975,1.7955984549250001,1.3796685070749999,0.847426804775,0.265555335375,0.073378876575,0.28078260450000003,0.2642246303,0.07423148939999999,0.285319365025,0.1715999746,0.17734451637499998,1.23495986585,0.177327211525,0.1792756629,1.201595451725,0.16133165972500002,0.1616023305,1.1990281189,0.167418034625,0.16390369389999998,1.16090328735,11.00135966145,3.266718045425,0.301559227125,10.944969412199999,3.3089516792499998,0.306848973975,1.752811102675,1.357668239075,0.8517263683999999,1.84110851035,1.4076311550749998,0.8471766444250001,colour_defence_2024_species_metrics_summary
Goniobranchus collingwoodi,20,20,animals_on_background; animals_only,NB; NF; NL; NP,D; N,0.3562512498,0.5937149943,1.66539086435,2.7102227272,16.50569028925,1.1045094768500001,1.85690325125,1.67833299255,2.4795113952000003,13.1766166797,0.1829864189,0.38033294225000003,2.07122177985,4.512897150300001,38.670465164,0.17908150015,0.375551891,2.0905906284,4.5664292895,40.299157299,0.55774104135,1.1664752259,2.08395345825,4.1487671813,31.514462945000002,0.5481237917499999,1.1612128100999999,2.1112366210499998,4.1726331451,31.914127258999997,0.2656671663,4.0380572495000004,0.46246966545,5.718311770600001,0.17008199415,1.5311324577999998,0.70654853315,1.8982494208999998,0.6510751067,0.31627582985,0.67881181985,0.0475255759,4.03797401485,4.0381191616,0.46243586745,0.46250096804999996,5.69463571985,5.7263819227,0.1687557649,0.1709694557,1.5311750483500002,1.5310735924999999,0.54794801475,0.5459960403,1.8903482286500002,1.900314933,0.8598419107499999,0.8651040565500001,0.31559581625,0.31673521195,0.7038949629,0.70555004835,0.04807988585,0.04697231395,516.1960388800001,21.3068306855,22.1548633125,0.49234983914999997,0.08111841025,0.041404948250000004,0.5103212667,0.18788340509999998,0.05086560105,0.27068584525,5.1727827599500005,1.3336231613999998,0.2562941998,14.029159863500002,9.0644800745,0.64855194075,4.62273359105,2.3173297596,0.48627299490000003,0.0812747937,0.041454561,0.50997890525,0.08128628565,0.0414557083,0.50985617525,0.1881010166,0.0505039341,0.2684837533,0.18811208305,0.05050071215,0.26839645339999996,5.17702259915,1.3226021940500001,0.2540011394,5.1772760878,1.3222843168,0.25386792365,14.029349921,9.0643646984,0.64854481795,14.028964264999999,9.06459104855,0.6485591281499999,4.6229068997,2.31747854125,0.4862876277,4.6225599188499995,2.3171796504,0.48625810495,0.2311224438,0.07751587089999999,0.344595534,0.16883243705,0.1513103459,0.9494322151500001,0.16033205820000002,0.15214033924999998,0.9902501081,9.4970554583,3.3626244423499996,0.36402852545000003,2.6295603276,1.0193272116999998,0.40104260280000004,0.23071353495000002,0.07683397565,0.34226329240000003,0.23150903175,0.07824300255,0.34704648255000003,0.16787283255000002,0.14963175165,0.94192294205,0.1697889937,0.15319313969999998,0.9588263901999999,0.1593278167,0.15053801179999998,0.9822500115,0.16133152339999998,0.15395789340000002,1.0000559742,9.479283915349999,3.33221614505,0.36146725274999997,9.5138197529,3.3942139869999997,0.366608974,2.6267310675,1.01603699985,0.39983174525,2.6321558628000004,1.0231866841500001,0.4023842235,colour_defence_2024_species_metrics_summary
Goniobranchus daphne,4,4,animals_on_background,NF; NL,D,0.163965331,0.31936152325,1.94065533775,4.0121731905,32.4219363745,0.82800210075,1.63818498425,1.957785456,3.8257124895,26.0069607065,0.08450130875,0.21442656975000002,2.50906950425,6.20859491125,67.4786922625,0.08201100775,0.201003867,2.47256474475,6.150245474,69.3153048575,0.42472938925000003,1.1080643205,2.572210119,6.05239966525,56.789131367500005,0.40327676975,1.0393809385,2.57146190075,6.17944792725,63.434766527499995,0.4436877935,1.97939773675,0.5440799765,2.479207686666667,0.20834517533333333,0.7889071489999999,0.5957021876666667,0.9029184395,0.6619372170000001,0.300225905,0.6288197023333334,0.02073875125,1.979272876,1.9795129192499998,0.54400564275,0.54415274,2.4774709476666668,2.4911749526666664,0.20700041333333333,0.21054424333333333,0.787986873,0.789789503,0.5937922973333333,0.592507545,0.8999349725,0.89939067575,0.6700628863333332,0.673688095,0.2995039683333333,0.30137394833333336,0.6319275919999999,0.63309782,0.0214451265,0.020032143250000002,1811.8898528333332,37.68269613666667,42.33358968666666,0.4774913193333334,0.10687024975000001,0.061230978,0.48105826533333335,0.13108387900000001,0.03710419366666667,0.265856841,3.47224367275,1.0162886663333333,0.27754569366666665,16.616625623333334,9.330559542000001,0.5718106976666667,3.200405961,1.5893313986666666,0.500855397,0.10662147550000001,0.06068858733333333,0.4789025816666667,0.106754961,0.060776302,0.478298624,0.1311504585,0.036456077999999996,0.2609870083333333,0.13119495650000002,0.036851808,0.26366591500000003,3.4741977855000004,0.9981748923333332,0.271880769,3.4752769580000002,1.0082490610000001,0.2747201063333333,16.61855375,9.329327014666667,0.5716752319999999,16.614709546666667,9.331780091,0.571945066,3.200667602333333,1.588788374,0.5006368583333334,3.200143022666667,1.5898667556666666,0.5010718676666667,0.20677452225,0.07669163175,0.3650267776666667,0.10428404999999999,0.09813437250000001,0.907359237,0.108798315,0.10057768975,0.984698211,8.6095092945,3.4104066360000003,0.38930039166666663,1.2663725022499999,0.8900531417499999,0.7607010559999999,0.206062783,0.07762846500000001,0.37115529933333335,0.2078731185,0.075867986,0.35881260600000003,0.105149736,0.09954015675,0.914017647,0.10346314875,0.09665666525,0.8981441910000001,0.10999459225,0.10223315,0.993273628,0.1075915675,0.098790515,0.9728515793333333,8.5809334585,3.45652171425,0.3964693403333333,8.6549393935,3.3691144672499997,0.381983183,1.26253816225,0.89773964075,0.7635392916666666,1.273461575,0.88245411325,0.7540782659999999,colour_defence_2024_species_metrics_summary
Goniobranchus geometricus,8,8,animals_on_background,NF; NL; NP,D; N,0.3208016185,0.5267511,1.644063922375,2.403793082125,12.999827765125001,1.947448134375,3.022917483125,1.5619154422500001,2.038389182625,9.697585917,0.163960275125,0.33960525375,2.0721725615,4.18157642525,32.036169975,0.16131264625,0.322463177,2.001021411875,4.1120668105,31.60048079,0.9858559703750001,1.94911071825,1.9891539633750002,3.732838087,24.481558387499998,0.963118325625,1.845804699875,1.9345108725,3.7094208862499998,25.51315025125,0.278012350375,4.2896195975,0.595346023125,4.87956402675,0.234012743375,1.529970311875,0.7854045266249999,1.693041506375,0.645172869625,0.414679383,0.7152886981250001,0.078490622625,4.28836922575,4.290801695,0.595220693875,0.595463653375,4.93262223425,4.816899956375,0.23605514875,0.23160640425,1.52989316575,1.53003463075,0.60960466575,0.614730774875,1.699002118,1.6831182535,0.857452552375,0.848860601875,0.41563792125,0.413535028875,0.733528608875,0.7317956885,0.07950405725,0.077482021,169.51425114625,12.362227254125001,12.765801736,0.49250523575000005,0.11712126924999999,0.068574700625,0.602531442,0.097761160125,0.03646378725,0.38746568324999997,2.51070361075,0.826966689125,0.3525388965,18.2395548375,10.623858615,0.58065597025,3.1896707065,1.976259427375,0.6141029135,0.117837264875,0.06910404225,0.603280928875,0.11769614137500001,0.06901113275,0.603227959625,0.098065130375,0.036488059,0.385988537375,0.09796138675,0.036390470625,0.38528573675,2.514305537875,0.8277152532500001,0.352008586,2.51215839025,0.8250185635,0.3511131795,18.24668294125,10.626499181125,0.580566515,18.23248484125,10.621227422125,0.58074422225,3.190459422875,1.976457021875,0.61402592325,3.1888884600000003,1.97606218275,0.6141790175,0.264811834625,0.072923057875,0.28402734825000003,0.16147080349999998,0.117621671875,0.734915491625,0.12498616175,0.11864579725,0.911296032375,10.945968451125001,3.274682071375,0.308544008125,1.5472969060000001,0.935111576625,0.62219058975,0.26546729925,0.07435560825,0.288909635875,0.264154379125,0.07145206600000001,0.278889478375,0.161284964375,0.117189623875,0.733294053375,0.161651535,0.118236842875,0.737761412875,0.1246006925,0.118033954,0.909345353375,0.125345053625,0.11940586,0.91505244175,10.976095725,3.3405486365,0.313908553,10.915675294875,3.206571408625,0.302841769375,1.550512193375,0.93087597425,0.617492219625,1.544045511125,0.940674183375,0.62795200975,colour_defence_2024_species_metrics_summary
Goniobranchus sp,2,2,animals_only,NB,D,0.5415219695,1.141414093,2.115522575,3.558326621,21.763422335,1.012370357,1.8730382140000001,1.8516052745,3.1156200575,20.328572765,0.294385412,0.7582394859999999,2.587697964,5.613413779,48.7371568,0.2526589915,0.6775112295,2.6860846389999997,6.1812282025,58.622849735,0.5418544705,1.231348363,2.2764929714999997,5.0065930205,44.725224705,0.4713894035,1.0981385504999999,2.3285211785,5.4956575375,54.88268547,0.19398225000000002,6.334759063,0.36868617950000004,14.72818143,0.0996831455,2.1678994950000003,0.7594548775,3.0740296245,0.7735459984999999,0.2341846625,0.766500438,0.059676573499999996,6.3300661365,6.339253573500001,0.368486556,0.368873982,14.77005514,14.53425397,0.0996782805,0.0986245595,2.1670111785,2.1687516000000002,0.551872425,0.5584627904999999,3.0705849675000003,3.0646872965,1.0720835005,1.0701596875,0.23408241800000001,0.2337492705,0.8119779629999999,0.814311239,0.064226707,0.0551378265,258.54217135,14.815410605,17.255080095,0.46067626149999996,0.087406237,0.0493043675,0.5840398775,0.24067107399999998,0.13896457150000002,0.6147144975000001,6.703165802999999,4.2453384225,0.6676867085,14.878535144999999,9.993647952,0.67275582,7.407308693999999,4.7314620175,0.638507773,0.08762236400000001,0.0497295245,0.587753048,0.087774532,0.049611143999999996,0.585688991,0.23958515200000002,0.138558337,0.6177826854999999,0.23958036249999998,0.13841227949999999,0.6163562810000001,6.6697880025,4.2389465095,0.6721622965,6.666676110499999,4.2331397455,0.6707039775,14.888700535,9.9949717455,0.6723881235,14.86849341,9.992335302,0.6731189905,7.410239343000001,4.7331697555000005,0.6384947839999999,7.404420041,4.7297661785,0.6385190665,0.179897002,0.08432073849999999,0.464761102,0.27861479299999997,0.2286123405,0.831370215,0.290780425,0.22546530450000002,0.781384166,7.3459392845,3.6090444375,0.486781071,4.0389951,2.6188539035,0.6491514495,0.18015958650000002,0.0837516875,0.4609225355,0.17959465149999998,0.08504199300000001,0.46956933700000003,0.276292437,0.22903726800000002,0.838521772,0.281076945,0.22803968349999998,0.823521358,0.289317314,0.2252960935,0.7832828205,0.29225879050000003,0.22562001399999998,0.779754874,7.356248725,3.5866756255,0.48299900799999995,7.3340886125,3.6379396804999997,0.4915824875,4.0241123985,2.5992414365,0.646883241,4.05635147,2.642784762,0.6520567070000001,colour_defence_2024_species_metrics_summary
Goniobranchus splendidus,14,14,animals_on_background,NF; NL,D; N,0.23293624014285713,0.5488765404285714,2.4329142313571426,5.348406820928572,50.321921339285716,0.9204089687142857,2.2566715597857145,2.419961169785714,5.453764762785714,44.920745957142856,0.12167450671428572,0.3630535352142857,3.0537595739285712,7.696514393714286,96.2362956942857,0.11417695285714287,0.3375055245714286,3.051987719,8.050152245571429,108.80143256071428,0.473569057,1.4745698690714286,3.0682699407142855,8.149573016071429,96.86968521428571,0.4472446217142857,1.4478669514285714,3.201663614642857,8.256279660142857,96.67842479642857,0.3763474824285714,2.567862151285714,0.27516088871428573,6.3847582302142865,0.16754441928571429,1.1692444502142858,0.5113088012142857,2.049384782357143,0.6966776355000001,0.22135265399999998,0.6039932185000001,0.02834188342857143,2.5644761230714286,2.5712117361428573,0.2748733915,0.2754451077857143,6.3192441267142865,6.353403043928571,0.16821856914285713,0.16451839535714288,1.1676195247142858,1.170804134785714,0.3970021337142858,0.3994196715,2.0347526865714287,2.0370775316428573,0.8932736863571428,0.8901442030714286,0.22154598042857146,0.21998175164285713,0.6451379101428572,0.6447819373571428,0.029616410571428574,0.0270714725,3725.0733941071426,46.40037044142857,50.285136816428576,0.4787049661428572,0.12364813307142856,0.05788227428571429,0.47079727335714283,0.14042049485714286,0.06173827835714286,0.4311454397857143,3.801221864,1.6691615702857143,0.4333982551428571,17.865701103642856,11.211198896071428,0.6398243454285714,5.441629021214285,3.4058622574285713,0.5925852356428571,0.12464621799999999,0.05740472407142857,0.4647542022142857,0.12447812999999999,0.05748142985714285,0.46570553185714286,0.1397360342142857,0.06024050242857143,0.42133686685714283,0.1398664737142857,0.06044292385714286,0.4223305907857143,3.7814165540714284,1.6301096605714285,0.4236359547857143,3.785033452214286,1.6347833752142857,0.42445719007142857,17.870666364642858,11.212087467785713,0.6397061975714287,17.860767729571428,11.210311704785713,0.6399414775,5.441616141642858,3.405760650857143,0.5925710295714285,5.441643622071429,3.4059635654285714,0.5925991917857143,0.28505664778571427,0.1433917369285714,0.5136617176428572,0.23018391350000003,0.19914968592857143,0.9242318753571429,0.21370946614285713,0.20848918664285715,1.0269157432142857,12.303103901142858,7.019770308357143,0.5758643028571429,2.8053542205,1.726050951357143,0.6195091160714286,0.2834247052142857,0.1422000022857143,0.5109486508571429,0.28642153921428576,0.14365803271428573,0.5129428068571429,0.23317829835714285,0.20221822742857146,0.918032232,0.22754111728571427,0.19558378435714285,0.9286907307142858,0.21660985157142856,0.21187935128571428,1.0236170862142857,0.21109557907142856,0.2045773349285714,1.0269125097142857,12.20733018442857,6.942243650571429,0.5722607215000001,12.389116896,7.051262160214286,0.5751395420714286,2.8325920855,1.7379210993571428,0.6152804295000001,2.7734540232857143,1.6886977677142858,0.6158552697142856,colour_defence_2024_species_metrics_summary
Hypselodoris bennetti,13,13,animals_on_background; animals_only,NB; NF; NL; NP,D; N,0.33520272900000003,1.0563791217692307,3.0985876683846154,6.087410819692308,53.076862217153845,0.7933656654615384,1.616732702153846,2.015455107615385,3.3787937073076924,22.122607777000002,0.2039387260769231,0.8407079553076924,4.029305251615384,8.087269623615384,89.48556735153846,0.13441935223076923,0.5211323186153847,3.823996191615384,10.683761694923078,163.91538296,0.44515269784615386,1.1462049303846154,2.5458729809230767,5.152115717769231,44.502842097384615,0.34744098030769227,0.9383234145384616,2.673197432846154,5.963022631846154,58.52928123276923,0.2740641023846154,2.6143368093846155,0.30532875646153845,6.817521353153846,0.1938741403846154,1.2455192269230768,0.5717446815384616,2.1502675552307693,0.7556949350769231,0.24960144853846153,0.6637198082307693,0.034474966307692305,2.5980158803076923,2.630423128230769,0.3034578239230769,0.3071695038461538,7.057283671076923,6.298759393000001,0.19697162015384617,0.18238708230769232,1.2374398508461537,1.2532597039230768,0.48767965138461544,0.4961026936153846,2.1354370428461538,2.105365621692308,0.9328254118461538,0.921238708,0.25021472184615384,0.24477829315384614,0.7102525316923077,0.7086707009230769,0.04022885261538462,0.028763246307692305,1019.8742974615385,25.180739473076923,37.58201776307693,0.41001150184615387,0.09500673523076923,0.026176631615384617,0.2869823877692308,0.10093255669230769,0.09071782246153845,0.9463200776923076,2.649790023615384,2.479531644230769,0.9768432339230769,10.113952558000001,7.27505235376923,0.7041636353846153,6.656924925384615,4.841601847692308,0.703718337,0.09557364492307692,0.025967835615384613,0.28272632638461537,0.09545408369230769,0.026005223153846155,0.28344535284615385,0.09818475861538462,0.08703638023076923,0.9425373229230769,0.099532515,0.08903052269230768,0.9474827346923077,2.5741390994615383,2.3753796424615383,0.972751248,2.611505721153846,2.431153107384615,0.9777455151538461,10.116099627,7.274700925538462,0.7040143418461539,10.11185618053846,7.275390641846154,0.7043090056923076,6.654702294230769,4.84285312,0.7042667863846154,6.659089983923077,4.840346306615384,0.7031797120769231,0.18725423369230768,0.10076891823076924,0.55267236,0.34761052192307695,0.21903219492307693,0.681533359923077,0.34262757346153844,0.22977161476923078,0.7441346991538461,7.6959924264615385,4.36175629823077,0.579283400923077,3.799052520307692,3.247948224,0.8610522945384615,0.18520538146153848,0.09986167338461538,0.5665022606923077,0.19182628223076922,0.10101598923076922,0.526775826,0.36506147523076926,0.22273232707692306,0.6642953531538461,0.32020864907692304,0.20819297976923076,0.7043157602307691,0.3621618813846154,0.23349075700000002,0.7130490749230769,0.3123549376923077,0.2184877763076923,0.7893096681538462,7.613722019,4.328446460923077,0.5939047311538462,7.881652329846154,4.3675402498461535,0.5525306076923078,4.104270241615385,3.4218371756153845,0.8393356946923076,3.329406448076923,2.8858112468461536,0.8798054340769231,colour_defence_2024_species_metrics_summary
Hypselodoris jacksoni,1,1,animals_only,NB,D,0.610235904,1.060130366,1.737246791,2.288061493,10.03162682,2.562432537,4.813845189,1.878623191,2.507601125,10.47865664,0.352600716,0.816449458,2.315507087,3.754816171,20.95848139,0.263267434,0.536792817,2.03896399,4.244861308,30.40490518,1.571779173,3.847301863,2.447736889,3.770960254,19.50090034,0.993704059,2.351405791,2.3663039,5.045417919,37.6259811,0.216403969,5.0270878,0.50270878,9.408306624,0.209073481,1.750811032,0.76036757,2.458905014,0.78421609,0.35589113,0.77229183,0.095088117,5.021766321,5.031992445,0.502176632,0.503199245,9.931355197,8.500466694,0.220696782,0.18889926,1.751066208,1.750519569,0.566496978,0.558291436,2.480602938,2.385817004,1.077312168,1.03614716,0.361436707,0.346049252,0.821904573,0.797219298,0.111029516,0.079276316,92.98967923,8.006614039,11.61410788,0.408069289,0.067438284,0.036604795,0.542789536,0.188159799,0.101329341,0.538528111,5.076982151,2.452534959,0.483069447,20.24354112,13.32782755,0.658374317,4.091311544,2.312646319,0.565257936,0.068333036,0.036923155,0.540341204,0.067971913,0.0367568,0.54076453,0.190335517,0.102434244,0.538177244,0.189654994,0.102185845,0.538798602,5.122611862,2.478166236,0.483770058,5.107989396,2.472242389,0.483995208,20.25215127,13.34215425,0.658801827,20.23529549,13.31408714,0.657963564,4.094231768,2.312968154,0.564933371,4.088514951,2.312334226,0.565568245,0.28979502,0.151153969,0.521589257,0.283031357,0.153751523,0.543231408,0.257432582,0.16409102,0.637413564,12.32958584,7.15491153,0.580304288,2.559340233,1.432047445,0.559537738,0.306866021,0.160252872,0.522224231,0.266080799,0.134067034,0.503858354,0.29956957,0.161462725,0.538982397,0.260057259,0.139243487,0.535433955,0.271981302,0.171038707,0.628862006,0.237222193,0.151792392,0.63987433,13.15327572,7.654144165,0.581919236,11.18535511,6.223871037,0.556430348,2.692850109,1.518128482,0.563762713,2.373874677,1.281696407,0.539917469,colour_defence_2024_species_metrics_summary
Hypselodoris obscura,18,18,animals_on_background; animals_only,NB; NF; NL; NP,D,0.5421308106111111,1.0872085713333335,2.000851308388889,3.025616062277778,19.607309526944444,1.2242860082777778,2.1061771652222223,1.7210715941111112,2.066082242333333,10.514013863333334,0.28446096666666665,0.7248438843333332,2.548770166388889,5.019663402611111,46.73436303444444,0.2626404386111111,0.6536934557222223,2.4794936375555556,4.908923151111111,43.510931561666666,0.6528926257222223,1.4189554116666667,2.1767210160555557,3.7220529202777777,26.907137583333334,0.5724956053333333,1.236677714222222,2.164352184833333,3.752114105055556,26.375246732222223,0.39183033100000003,3.3589160074444444,0.3908105854444444,6.0667435724444445,0.17246204822222222,1.384519571,0.6402809352222223,1.9663745467222222,0.6602405171111111,0.28163631683333334,0.6502607262222222,0.0551769145,3.3536799329444444,3.3639869117222223,0.3903976152777778,0.39121103705555554,6.095757365388889,6.008512842722222,0.17339647072222222,0.17100796461111112,1.3834782514444446,1.385518747111111,0.5084787036111111,0.515933244,1.967339955277778,1.9561610126666666,0.8608990006111111,0.8554509605555556,0.28189704294444445,0.28110950088888886,0.6846888519444445,0.6856921023333333,0.058058215777777776,0.05231387716666666,833.6371867777779,21.688924576277778,23.25493218277778,0.4773051797222222,0.050451087944444445,0.02422640488888889,0.5020253642222222,0.11884854416666665,0.07707100838888889,0.6576122043888888,3.2292537423333334,2.071516959166667,0.6485394164999999,14.847382690555555,9.132377926,0.6125092333888889,6.182565525611111,3.8632322774444443,0.5946654811666667,0.05022135588888889,0.0241606855,0.5041058833333333,0.050247069722222225,0.024149575055555556,0.5035303945555555,0.11751327894444444,0.07592874616666667,0.6590173043333334,0.11765173472222222,0.07601733205555555,0.6583602496111111,3.191742859333333,2.0397778732222225,0.6502090403888889,3.1956449207777777,2.042186583,0.6495344780555556,14.853892838333334,9.13429353,0.6123681968333333,14.841019141111111,9.130489223333335,0.6126465456666667,6.183103746277777,3.863340882444444,0.5946537763333333,6.182038226222222,3.8631267554444446,0.5946769952222222,0.22169322844444445,0.08190980077777778,0.36653880333333333,0.335045931,0.1879730513888889,0.5900855617777778,0.3228359482777778,0.1884173818888889,0.658137168888889,9.109763056166667,3.541831151166667,0.38426266555555555,3.4028505985555557,1.8473504707222221,0.5092913566666666,0.2230963308888889,0.08287646216666666,0.36803576355555556,0.21992849038888887,0.08072105466666667,0.3648700161666667,0.33617292405555554,0.18784526816666666,0.5870968143333334,0.3338917813333333,0.1883109428888889,0.5941719656111111,0.3239295727222222,0.18852500355555557,0.6527124143888889,0.32175947655555553,0.18847550544444444,0.6647511970555555,9.1731939325,3.591256666388889,0.38629588177777774,9.029893452666666,3.4793706164444442,0.3817359646666667,3.4159134937777775,1.8639086443333335,0.5118468317222222,3.388413553611111,1.8311042081111113,0.5074026085000001,colour_defence_2024_species_metrics_summary
Hypselodoris tryoni,2,2,animals_on_background,NF,D,0.278796457,0.528342121,1.8893833620000002,4.237145447,30.82350348,1.277721863,2.701867979,2.1199859305,5.391347294,43.448694245,0.16033710550000002,0.3976606735,2.4640634175000002,6.6656156305,65.6462753,0.121774023,0.28064763800000003,2.313865483,7.1233983635,81.49602293000001,0.723122886,2.031109147,2.807191993,7.9773369145,85.61580971000001,0.5555156935000001,1.495632403,2.7160429625,9.225311854000001,120.740238,0.2972270045,5.3684761215000005,0.51550076,7.587228037499999,0.1576430265,1.8558419110000002,0.790523204,2.419019251,0.700914941,0.33657189350000005,0.745719072,0.054964241,5.3584747825,5.378029931,0.5145137015000001,0.5164435685,7.6359514105,7.395125559,0.15871191,0.153432407,1.854886226,1.856724013,0.545320119,0.5432912795,2.4267613435,2.3886337145,1.0349079214999999,1.0185594365,0.3366128055,0.33493798750000003,0.7901140205,0.780925358,0.062509538,0.0474383525,302.52931620000004,15.081286095,20.160071915000003,0.428081799,0.1591166195,0.08197549,0.51542789,0.136783932,0.045848618,0.3343612015,3.4398960855,1.0284334765,0.2981738155,16.32034197,10.7375429565,0.661625159,3.6140228185,1.923713072,0.5318553665,0.16011826,0.0826073145,0.516172867,0.159467326,0.08229610949999999,0.516349925,0.1368741015,0.0456018775,0.332327817,0.136848749,0.045644122499999995,0.3326653805,3.4408376505,1.0225210095000001,0.29637992950000003,3.441014977,1.0235219505,0.29662406750000003,16.325644145,10.743436971,0.66176385,16.315129595000002,10.731736798499998,0.6614880734999999,3.613281717,1.923426446,0.5318907535,3.6147398385,1.9239866465,0.531820038,0.2400197135,0.115592196,0.4813554875,0.18935124650000001,0.1591692065,0.8409474450000001,0.1690079185,0.1396231055,0.833827694,10.002321307999999,5.4035497995,0.53961976,2.0891502975000003,1.3258205915,0.6497382549999999,0.2432570045,0.119977886,0.493092153,0.235802073,0.10945588449999999,0.4636528325,0.1912270485,0.156938219,0.8212186225,0.18668781499999998,0.1619935615,0.86765508,0.169905695,0.136901593,0.8139814194999999,0.16763738150000002,0.14317396,0.8607118625,10.1608962795,5.636837249999999,0.554334459,9.7951445,5.072251328,0.516736432,2.1438086605,1.3637888615,0.65127818,2.014137312,1.26936389,0.645134629,colour_defence_2024_species_metrics_summary
Kaloplocamus acutus,1,1,animals_on_background,NF,N,0.423542748,0.945686666,2.232800986,2.106395786,11.26991325,0.698207046,1.443213524,2.067028014,1.386584304,6.124968861,0.22499943,0.621186465,2.76083573,4.130107024,32.08614637,0.202996228,0.555649094,2.73723851,4.069487794,30.95630832,0.359429032,0.906229266,2.521302362,2.938618702,17.36175189,0.328942494,0.83765024,2.546494461,3.248832658,21.7186352,0.393201366,1.965593176,0.196559318,3.436521913,0.076367154,0.972264829,0.42224925,1.533284452,0.511822924,0.136463236,0.467036087,0.022829334,1.964753591,1.966426511,0.196475359,0.196642651,3.492128103,3.363424216,0.077602847,0.07474276,0.9716648,0.972842474,0.329999979,0.343370709,1.560788873,1.489778217,0.677841995,0.647002459,0.137039103,0.135692706,0.503920987,0.495186584,0.023894121,0.021765667,1836.017362,40.85129819,44.94391717,0.476148909,0.040751191,0.00997718,0.244831621,0.251706615,0.108673402,0.431746308,7.454863602,3.254091034,0.436505778,21.84295636,17.75755265,0.812964709,5.064728138,2.055328983,0.405812302,0.040765664,0.009744754,0.239043177,0.040730378,0.009729525,0.238876368,0.25410338,0.107970407,0.424907402,0.253953502,0.108119753,0.425746256,7.526284961,3.233297668,0.429600751,7.521869907,3.237728555,0.430441977,21.84726567,17.76253397,0.81303236,21.83866095,17.75258486,0.812897132,5.064965014,2.054718908,0.405672873,5.064492027,2.055936881,0.405951252,0.197469751,0.074281972,0.376168866,0.439664255,0.243264372,0.553295769,0.44537675,0.248571117,0.558114263,8.05664488,3.214438063,0.398979738,5.795620399,2.192835313,0.378360756,0.197291251,0.076886766,0.389711992,0.197665501,0.071775528,0.36311611,0.439800218,0.247496377,0.562747282,0.439515153,0.240044089,0.546156571,0.445435189,0.252937472,0.56784349,0.445312664,0.245232819,0.550698057,8.05249757,3.319422586,0.412222737,8.061192965,3.115113199,0.386433275,5.793196004,2.235958914,0.385962932,5.798279075,2.158128141,0.372201495,colour_defence_2024_species_metrics_summary
Kaloplocamus ramosus,2,2,animals_on_background,NF,N,0.2531535825,0.469085934,1.8518354695,2.222493033,11.418067541000001,0.747759326,1.3622860555,1.8053633489999998,2.0727826175,10.288460854,0.13385960549999998,0.31253616949999996,2.3355495915,3.8196300329999997,25.401958265,0.1237698835,0.2862200375,2.308807664,4.0854624965,30.29117985,0.3874377095,0.8848948135,2.2673340435,3.7281834414999997,25.50633249,0.36053042999999996,0.837819607,2.3082175080000003,3.914368353,26.83194515,0.3438781195,2.6306326589999998,0.5094893075,2.7270218705,0.298601566,0.9835551125,0.6029331465000001,0.9940746035,0.5390304615,0.4040454365,0.5709818044999999,0.034363728,2.6287204585,2.632526334,0.509173808,0.509801665,2.717126231,2.7341094735,0.295517472,0.3020135395,0.983170592,0.983933945,0.6422148555,0.651883253,0.9852630450000001,1.000934077,0.5595067365,0.575656278,0.40234564,0.405907602,0.600860796,0.6137697655,0.035728932,0.0330056645,1794.9355222,35.26672754,40.376763940000004,0.4729524675,0.059479711,0.0131683685,0.262676199,0.217208811,0.037936443,0.242732251,6.155170589000001,0.9118640925,0.238970503,9.8238141855,4.8127623305,0.46041896849999997,2.9515263569999997,1.3918010805,0.4732174215,0.059448521,0.013137958000000002,0.26338769,0.05946506,0.0131450485,0.2633530265,0.2171268135,0.037923463000000004,0.244485852,0.21716312799999998,0.0379388295,0.2443224775,6.149318577,0.9141474119999999,0.24139266950000002,6.150730297999999,0.914086884,0.2411175345,9.825208448,4.8130108925,0.46036845649999997,9.8224286475,4.8125137065,0.4604690085,2.951937806,1.3918157355,0.47315040399999997,2.9511175035,1.391786628,0.4732840975,0.16123016499999998,0.04488844,0.276607717,0.1630621875,0.110954588,0.6021564795000001,0.1476851765,0.1063465605,0.453432287,6.52082387,1.8825526139999997,0.286659018,2.128792652,0.8722908755000001,0.4092782055,0.160123559,0.0433699205,0.2691537655,0.16243220949999998,0.04656632,0.2847822485,0.160754133,0.10941426300000001,0.601113475,0.16544771549999998,0.1128274875,0.6052350774999999,0.144617025,0.1054096085,0.460779598,0.150915158,0.107594758,0.447200527,6.474073214500001,1.8145997805,0.2783869545,6.571581127,1.9571508565,0.2956503385,2.1118003485,0.85339062,0.40415826850000003,2.147708415,0.8941127630000001,0.41528542749999997,colour_defence_2024_species_metrics_summary
Mariona sp,4,4,animals_on_background,NF; NL,N,0.3867473665,0.7740597355000001,1.992958164,2.8353198595,16.4937904025,0.71940040225,1.31728646575,1.83257834575,2.52577295825,17.0315810325,0.19841647725,0.50331768625,2.52428659925,4.8875367755,41.07039625,0.19262880625,0.48751392275,2.5176438282499998,4.8106867145,39.662370855,0.36584350649999997,0.843134665,2.30779383475,4.42611320725,40.133830419999995,0.35286859775,0.817546166,2.3184458995,4.44147385725,41.0470508725,0.397426783,4.0605359414999995,0.45522215974999997,5.8735601965,0.1712980835,1.44021620475,0.65809167175,1.94794683575,0.68013734225,0.31326012175,0.669114507,0.034305643499999997,4.05628707725,4.0647580875,0.454757666,0.45568380399999997,6.0268708895,5.7008738335,0.174981793,0.16713814700000001,1.439378893,1.4410462014999998,0.4948721485,0.493463232,1.9618179114999998,1.9285330855,0.9037458362499999,0.88933274425,0.3148697295,0.31141097525,0.69930899225,0.69139798825,0.03517625275,0.0334360215,2682.691716275,39.809308055,42.1901180575,0.486465799,0.0489335885,0.01574347275,0.31965592425,0.23770472874999998,0.08893345,0.38882047675000003,7.08744603275,2.7249556125,0.40316762775000003,10.152206752,6.58024252625,0.63109838675,5.1532626825,3.4458190670000004,0.65753803975,0.0488630745,0.01569126825,0.31859213225,0.0488997755,0.0157195815,0.31891638325,0.237697002,0.08854993850000001,0.38674532500000003,0.23764941,0.08854366450000001,0.386741554,7.087141820749999,2.71142146375,0.40076469725,7.0857690285,2.7113700935,0.400774987,10.15194949925,6.580257867,0.631088109,10.15246570425,6.5802290595,0.63110861425,5.153476595,3.445733771,0.65750036,5.153049969,3.4459040532499996,0.657575553,0.17154236150000002,0.0796700895,0.47888811600000003,0.1924421935,0.1473146525,0.798242277,0.190086862,0.15130342425,0.830794658,7.000630009,3.34477659475,0.4936562145,3.29598892375,2.0887686955,0.64282292775,0.171434712,0.0798516745,0.481664846,0.1716900925,0.07955104,0.476228322,0.19242593875,0.14571003375,0.785344259,0.19248880950000002,0.14908899775,0.81215863125,0.19003841775,0.14981575725000001,0.8188062134999999,0.19016613850000003,0.15296068275000002,0.84376971975,6.99612724075,3.349955866,0.49605322075,7.0068286465,3.3422491340000002,0.49135098875,3.3028250522500002,2.09021330525,0.642736019,3.28885797275,2.08901445625,0.64344460475,colour_defence_2024_species_metrics_summary
Nembrotha purpureolineata,2,2,animals_on_background,NL,D,0.388009595,0.9324834150000001,2.4285116615,3.315025198,28.555623689999997,1.7827946940000001,4.6882756215,2.6344258399999996,3.0543629880000003,15.20588374,0.222635631,0.6498072235000001,2.9527316995,5.3300252055,65.937326865,0.16921985550000002,0.5158160125,3.075603486,6.450984749,88.11493229999999,1.082799475,3.5923896805,3.3249021185,4.611540583,29.116740104999998,0.7015406395,2.4198912000000004,3.454261958,6.3010279024999996,55.35417968,0.363585651,5.879219544,0.2575684885,11.936506807,0.049714427500000005,2.0786936855,0.6683771635,3.0600327065,0.7034024245,0.1536414585,0.6858897939999999,0.064268954,5.8705773699999995,5.887201434,0.2571338385,0.2579743905,11.9847607415,11.4902655765,0.049832746,0.047922289,2.0791361129999997,2.0781419385,0.4800740615,0.4826483715,3.0106991795,3.079934209,0.9696989615,0.992104841,0.15348329249999998,0.15294834,0.7248865115,0.7373766065,0.074912877,0.053645727000000004,223.85750050000001,12.515676965,17.730586315,0.41273210299999996,0.0473378655,0.0386263435,0.8391518435,0.10146992,0.102205482,1.098015945,2.7105228675,2.628177091,1.05787384,20.592835735,13.569400475,0.6641037865,7.298096263,5.0657820635,0.6969509385,0.0469078225,0.038672955,0.849467529,0.047022772000000004,0.0385204255,0.8439429759999999,0.100504232,0.10236943,1.114788979,0.10046077349999999,0.101786905,1.1080992754999999,2.68616324,2.6348379475000003,1.074739182,2.684194196,2.6171376955000003,1.0673020595,20.617208124999998,13.57780777,0.6637708904999999,20.56904282,13.56116631,0.6644280140000001,7.301422673,5.0683499705,0.696981318,7.294850273,5.063272161,0.6969208175,0.29729048150000004,0.1535831265,0.516710919,0.47802390800000005,0.2687044925,0.5708423955,0.467923406,0.28075432,0.6108142725,12.71460379,7.33624277,0.576609547,2.7986801445,2.0760901525,0.750056227,0.3105795995,0.15947225199999998,0.5138499585,0.2789738695,0.14305847249999998,0.512582049,0.4825940925,0.2705301845,0.5669506655000001,0.471475628,0.26623122050000003,0.577145426,0.47109442349999997,0.28345785300000004,0.6103305565,0.463342389,0.2771412055,0.6123290115,13.35666986,7.6567606679999995,0.573058758,11.8307113,6.7728032005,0.571967125,2.779749223,2.004734472,0.7321138105,2.820713593,2.166186507,0.7727037635,colour_defence_2024_species_metrics_summary
Onchidoris sp,1,1,animals_on_background,NF,N,0.517757193,0.956876346,1.848117917,2.956108687,14.94609405,0.368293524,0.679928454,1.846159135,3.565624162,25.85341747,0.268728926,0.660002468,2.456015728,4.851197295,34.98556069,0.253418097,0.616974672,2.43461173,4.643185691,31.89334086,0.194235495,0.471529984,2.427620056,6.152487955,68.50965745,0.173437929,0.40965931,2.361993788,5.017767709,44.33122873,0.460870707,3.965894281,0.793178856,4.102934378,0.410293438,1.474765302,0.916323203,1.694827369,0.736054174,0.601736147,0.826188688,0.053310898,3.96115775,3.970588936,0.79223155,0.794117787,4.17163287,4.027849602,0.417163287,0.40278496,1.473924496,1.475595707,0.640117275,0.640843073,1.712614397,1.672285091,1.064107155,1.039049148,0.604697419,0.598451374,0.852112215,0.83994611,0.053950775,0.052672569,315.3781929,17.53541508,17.98521401,0.493668483,0.077257482,0.010321629,0.133600383,0.533301905,0.10431635,0.195604683,14.84008259,3.168164229,0.213486967,3.281933907,2.885632651,0.879247642,4.845206971,2.655612839,0.548090691,0.0772762,0.010404818,0.134644533,0.077244536,0.010414845,0.134829535,0.534411966,0.10427256,0.19511644,0.533998446,0.104489357,0.195673522,14.87640396,3.167241536,0.212903706,14.86415893,3.172889385,0.213459059,3.281281575,2.885333394,0.879331239,3.282583784,2.885930567,0.879164328,4.845805725,2.655869884,0.548076014,4.844610471,2.655356569,0.548105278,0.061195397,0.049870487,0.814938533,0.113618237,0.070795165,0.623096846,0.126927673,0.074766356,0.589046927,2.457495691,2.010420082,0.818076748,3.748746452,1.542344027,0.411429273,0.061480458,0.050633316,0.823567638,0.060904125,0.049076891,0.805805703,0.11542044,0.072814066,0.630859369,0.111776764,0.068616687,0.613872549,0.128793226,0.076749542,0.595912877,0.125021471,0.07262911,0.580933099,2.469165497,2.041277936,0.826707622,2.445571601,1.978313748,0.808937161,3.770649532,1.571553158,0.416785794,3.726366107,1.51155145,0.405636861,colour_defence_2024_species_metrics_summary
Phyllodesmium poindimiei,2,2,animals_on_background,NF,D; N,0.295570311,0.5689864305000001,1.9380826065,1.8712813320000001,9.478087775,0.9861590499999999,2.1093779245,2.140267453,2.573324543,14.18554723,0.1513557335,0.3598059195,2.3877258255,3.713113343,26.19214625,0.1487880725,0.3545080095,2.3892308135,3.8736089204999997,28.61851343,0.491222429,1.3092216190000001,2.660401237,4.623705457,36.583370245,0.492297674,1.3619102185,2.7661606095,5.036468167500001,40.94169557,0.29342666399999995,4.3877276,0.584295722,6.467290552,0.21623633949999999,1.3499382005,0.6844166805,1.383865446,0.4281655855,0.4002660305,0.556291133,0.038459346,4.38620697,4.389132533,0.5842580104999999,0.5843212685,6.596417545,6.2561975825000005,0.218809279,0.21181806949999998,1.350318763,1.3495412830000002,0.626248231,0.5556942125,1.378182644,1.378949442,0.5985371175,0.6030390800000001,0.401533645,0.398069669,0.911661233,0.579366646,0.0389550285,0.037963719,1087.1648495,30.989860915,29.743607545000003,0.5014720435,0.1013205635,0.034054087,0.35325244499999997,0.0822542655,0.0369509645,0.43019235499999997,2.0469623675,0.871000719,0.405657818,18.16242032,12.091804532000001,0.6600577409999999,2.6411482585000003,1.2597624765,0.473506047,0.1014217975,0.03408767,0.353469907,0.101442426,0.034042968,0.35316050899999996,0.0820943955,0.0370491885,0.4320377115,0.0822331895,0.037021009,0.4309718065,2.0431365305,0.8740647795,0.407720272,2.046595612,0.8731898675,0.40661166849999997,18.162324095,12.0911007865,0.6599960005,18.162529499999998,12.092508398,0.6601189215000001,2.6400790375,1.2596028595000002,0.473686731,2.6422142625,1.2599185990000001,0.4733248295,0.232042267,0.0497263105,0.2502564875,0.325307908,0.12312593299999999,0.36103880450000003,0.303451164,0.13083302400000002,0.39869015950000003,9.5115151345,2.163286416,0.2651734115,2.3722479525,0.4410902465,0.1898519965,0.23200827949999997,0.090609862,0.466265416,0.2320608075,0.051719517,0.2584772065,0.3214479295,0.232455443,0.694552062,0.32948616,0.1265459255,0.36316189750000005,0.29906411850000003,0.247078683,0.767383321,0.3081956785,0.134440003,0.39998279,9.5081355235,3.896765683,0.489833453,9.514294745499999,2.2611750815000002,0.27495516449999996,2.3944126765,0.860324372,0.364266785,2.3485308105,0.4375205645,0.191774022,colour_defence_2024_species_metrics_summary
Pleurobranchus peroni,6,6,animals_on_background,NF; NL; NP,N,0.17953874533333333,0.39176704933333334,2.5919077935000003,4.389426572333334,37.744489655,0.5588085288333333,1.1072898263333333,2.0023510313333333,4.027805766,34.99414175333333,0.092468593,0.263032468,3.4114633753333337,6.994935133333333,91.17208642833333,0.08931948683333334,0.25205086250000003,3.332634292333333,6.622622425666667,73.8256704,0.2864106175,0.741859357,2.6203703641666665,6.291339888666667,75.34585462,0.273635829,0.7147754736666666,2.641744247666667,6.378445841166666,76.25717887,0.259521863,1.9379220131666666,0.5191356471666667,1.5788882473333334,0.40093539133333334,0.6834546695,0.4948949456666667,0.5370799181666667,0.390733778,0.46003551950000005,0.4883953292,0.019971951499999998,1.9373123086666666,1.9385289669999999,0.5189929608333333,0.519277652,1.5723662923333332,1.5838697116666667,0.4002146423333333,0.4013714291666666,0.6831343866666666,0.6837733995,0.5225568502,0.522956922,0.5376485583333334,0.5357642655,0.37805583299999995,0.37559397499999997,0.45960380149999996,0.46032454066666667,0.48811192459999997,0.4868348464,0.020540641333333335,0.019403633166666667,241069.06593901667,221.76591219333332,253.24047018833335,0.4819307755,0.03635317233333333,0.010220727166666667,0.25690144616666666,0.08529702533333333,0.03901256533333333,1.0179933393333334,2.4409039326666666,1.1327394591666666,1.0921861335,13.019981968000002,5.976825139500001,0.4452009723333333,3.6454894091666667,1.8454144075,0.47212388099999997,0.0362807885,0.010135950333333333,0.2546959361666667,0.03628746133333333,0.010135392166666667,0.254682733,0.08496257150000001,0.038625322999999996,1.0212126136666666,0.08501789116666668,0.03868653716666667,1.0224971514999999,2.430721418666667,1.1209100736666666,1.0971215431666665,2.4323723966666666,1.1227695041666665,1.0984346466666668,13.0209999815,5.977022138166667,0.4451724496666667,13.018966360333332,5.976628211333334,0.44522939666666667,3.6456886451666666,1.8454932023333335,0.472118368,3.645290776,1.845335565,0.47212931866666663,0.2094193358333333,0.0454183196,0.25646969199999997,0.4489180635,0.1440742918,0.48642373820000007,0.46220061483333336,0.14291192419999998,0.49508126739999997,8.5559889485,1.9707284364,0.2743898662,2.4922845411666668,0.8013607977999999,0.4897683022,0.2090398453333333,0.045392565,0.2567988116,0.209827528,0.045420901599999994,0.2559604634,0.44742999733333333,0.1445126524,0.4925245438,0.45051708399999996,0.14354755660000001,0.4798170076,0.460649281,0.14330289619999997,0.5014375675999999,0.46386814783333336,0.142436283,0.4882371646,8.539771692499999,1.9674563159999998,0.2745366754,8.573434044166666,1.9731039343999999,0.2740546902,2.488737581,0.8094540616,0.49655516220000007,2.496218824,0.7926564138,0.48239150119999996,colour_defence_2024_species_metrics_summary
Pleurobranchus peronii,1,1,animals_only,NB,D,0.295929025,0.777446598,2.627138713,4.332541088,27.25116677,1.424645558,2.710070722,1.902277171,3.285599033,18.10946316,0.154924854,0.527631389,3.405724624,6.624324075,60.78318042,0.143240516,0.474714807,3.314109861,6.607449375,61.07170967,0.740289658,1.87085615,2.527194766,5.201511978,40.42237076,0.687505869,1.687026807,2.453836225,5.117976822,39.71282124,0.184792697,2.490499508,0.226409046,10.54870117,0.191794567,1.497259714,0.624405799,2.64912173,0.771441934,0.209101806,0.697923867,0.041037668,2.486393,2.494597804,0.226035727,0.226781619,10.67376319,10.39823041,0.194068422,0.189058735,1.495591052,1.498917707,0.435526099,0.445139893,2.662752908,2.631040748,1.110454213,1.097229215,0.210052074,0.207920177,0.772990156,0.771184554,0.042819606,0.03925614,547.0804007,22.35378803,24.4737223,0.477364435,0.025084443,0.020443952,0.815005239,0.092700624,0.128180618,1.382737377,2.764820424,3.887791681,1.406164266,24.66907627,13.82423667,0.560387285,5.605027598,3.47938585,0.620761591,0.024746678,0.020226894,0.817357945,0.024793778,0.020281885,0.818023182,0.090172619,0.127114797,1.409682872,0.090395255,0.127223987,1.407418859,2.6891952,3.856200922,1.433960957,2.695689791,3.858933282,1.43151979,24.67032481,13.81660759,0.560049683,24.66783264,13.83183141,0.560723417,5.605506031,3.47988722,0.620798051,5.60455105,3.478886311,0.620725243,0.316678515,0.154739624,0.48863316,0.587639409,0.369116122,0.628133709,0.596421668,0.358484061,0.601058078,13.49182521,7.010298625,0.519596016,3.16648851,2.474611037,0.781500084,0.320104478,0.155340921,0.485281936,0.31294242,0.154168776,0.492642627,0.59175687,0.367941483,0.621778136,0.583149218,0.370765342,0.635798404,0.600624643,0.357214557,0.59473843,0.591838221,0.360219841,0.608645789,13.65204431,7.051091512,0.516486128,13.31710237,6.969213669,0.523328084,3.214256729,2.519323563,0.783796621,3.1143961,2.426593515,0.779153787,colour_defence_2024_species_metrics_summary
Plocamopherus imperialis,12,12,animals_on_background,NF; NL; NP,N,0.28788579825,0.5953194215000001,2.08215968575,2.1037878749166667,10.083228812749999,0.8424519155833333,1.8510115019166669,2.2084727394166666,2.703899644333333,14.93603178525,0.1540166925,0.40246548958333334,2.6307542705833336,3.9030868626666666,26.146787702500003,0.13744243483333332,0.35223605133333336,2.5819274314166667,3.9693793820833334,27.7404080375,0.4490722519166667,1.2693849631666667,2.829946865,4.768526185583333,36.89432312083333,0.39304232516666665,1.0866455979166667,2.7814488294166666,4.907616682166666,40.89815536,0.3788211291666667,2.6726052645,0.4332574539166667,2.8358973070833335,0.18732020391666668,1.0728372375,0.5892232163333333,1.1616448196666667,0.5338372196666666,0.31028882875,0.561530218,0.03276052883333334,2.670973656916667,2.6742031855833335,0.4330025866666667,0.4335065445833333,2.8287919335,2.841170357333333,0.18548072358333334,0.18935579033333336,1.0725596958333334,1.07310363125,0.525656457,0.5374998365,1.1538805694166667,1.1657825778333335,0.6141168056666667,0.6225017445833333,0.30924165524999997,0.3114311675,0.5698866314166667,0.5800007905833333,0.03525572875,0.030272753,1164.5177771666665,29.869706699166667,35.61766291666667,0.4591532070833333,0.038632413666666664,0.014244497666666666,0.3638434996666667,0.12816507608333333,0.05412630983333333,0.48029086025,3.6243070032499998,1.55911204775,0.4889148980833333,12.596122810083335,8.24271200725,0.6583927498333334,3.4687844142500004,1.5213419685833334,0.4369856404166667,0.038560395416666664,0.014201135750000001,0.36348520275,0.03856869608333333,0.01419192325,0.36320296466666663,0.1279331265,0.054027664499999996,0.48102564749999993,0.127988559,0.054011147749999995,0.48058216133333337,3.6173035699166665,1.5563739356666666,0.489797125,3.619052902,1.5559549337499998,0.48934355375,12.597188047416667,8.24260612425,0.6583282600833333,12.5950775055,8.242819353,0.65845639175,3.469161580333333,1.5212212359166666,0.43690905091666665,3.468411843,1.5214606966666666,0.4370611576666667,0.214698635,0.06828957100000001,0.325661853,0.3185728545,0.16567921358333335,0.5902863756666666,0.31905971866666666,0.18580212,0.6922440872500001,8.779560118,2.91355189575,0.3392438698333333,2.7383947480833335,0.8505957665,0.31795832916666666,0.21607371575,0.06826490875,0.32382629491666665,0.21294566091666667,0.06860575933333334,0.32991146875,0.31938832933333333,0.16596182550000002,0.58593143075,0.3176825944166667,0.16733439733333333,0.6033769656666667,0.3198399165,0.18599687583333332,0.6877822622499999,0.31821582633333334,0.18773266349999998,0.707662418,8.8386854465,2.9186605917499997,0.33787244475000006,8.704204875916668,2.918258086916667,0.34285764550000003,2.73419076675,0.84415369825,0.3148935375833333,2.743072936166667,0.8659936668333333,0.324875561,colour_defence_2024_species_metrics_summary
Plocamopherus tilesii,4,4,animals_on_background,NL; NP,D,0.165872308,0.35908250375,2.1902307952499998,2.878512904,15.9710248175,0.75076774475,1.7781771762499998,2.413297812,8.29359317775,172.1419208225,0.08525150849999999,0.23586489100000002,2.7918136445,4.93678550125,39.6382789525,0.08257270825,0.22230886174999998,2.7295694299999997,4.77254998525,37.4922693925,0.373660452,1.005254791,2.71451634675,9.0507361605,259.8023427375,0.37839920125,1.270296872,3.418569487,13.117424923,345.13481934000004,0.4043663665,2.6583888015,0.48376992175,2.53451167475,0.2331874975,1.07471649325,0.6318763589999999,1.117876542,0.555178266,0.3584787095,0.59352731225,0.026149714,2.6600598515,2.656714859,0.48397818925,0.48356091925,2.45478316075,2.61471925575,0.2295288085,0.23654023375,1.076114434,1.073166535,0.5334136672500001,0.52673848025,1.041866928,1.1720111695,0.6232991837499999,0.68993394575,0.35675349875,0.3600505765,0.57835642525,0.608336213,0.026280686249999997,0.026019296,2902.43546195,46.3340648875,48.9321906725,0.49396333400000003,0.06937983125,0.02744699225,0.4074562585,0.08216467975,0.035723851,0.660151025,2.2719265095,0.9146902752499999,0.62733433425,26.3176327075,16.44404795175,0.585715938,2.447947625,1.1521674835,0.48050404150000003,0.06949938675,0.0273684305,0.40611737174999996,0.06953591825,0.02730196375,0.4051950245,0.08213884675,0.03560989375,0.66199637375,0.08221309574999999,0.035589354000000004,0.6605933305,2.27096370375,0.91207919475,0.629428104,2.2729696535,0.9110711775,0.627907584,26.3231137025,16.44655871925,0.58566726375,26.3121544775,16.441527810500002,0.58576416275,2.447381361,1.15218481625,0.48063790325,2.4485142137500002,1.15214913925,0.48036991775000004,0.2353274735,0.076417801,0.3279768795,0.41808536075,0.18859829475,0.6341678005,0.3895656715,0.20137179125,0.870111461,9.76207053125,4.276138411,0.444426135,2.0349554010000004,0.7557346924999999,0.41796723724999996,0.230744314,0.05717982025,0.24647861975000002,0.2395864645,0.08813016875,0.37055819824999997,0.41587728825,0.17263983725,0.547066557,0.42017032075,0.2014236375,0.68949832575,0.38690326025,0.18338933425,0.73803169925,0.39195137150000003,0.21529138450000002,0.9348648095000001,9.4735468765,2.978960041,0.31661753375,10.03117840525,5.0618045585,0.505918159,2.0744142655,0.71725664525,0.396341337,1.9984075730000002,0.782724939,0.436723835,colour_defence_2024_species_metrics_summary
Polycera capensis,15,15,animals_on_background; animals_only,NB; NF; NP,D; N,0.33758816599999997,1.1142907357333334,3.299395726733333,5.694500585399999,54.08936316066667,1.3417248626666667,3.845887473,2.8630669662666666,3.424260117666667,19.301168398,0.19276575346666666,0.7591136198666667,3.9305907503333333,8.372198765266667,111.43104987333332,0.14642942433333334,0.6419039271333333,4.364078762866667,10.433028976666666,160.88865100200002,0.8512730004666668,3.0324156625333334,3.5588396265999998,5.149514515733333,37.624726524,0.4887185598666666,1.7827094256666667,3.6499485912000003,7.1415661384666675,73.68139123333334,0.37075682933333337,3.9485290353333338,0.30472708340000004,8.831530000333334,0.11278585706666666,1.6166031096,0.6338811263333334,2.4686689206000003,0.7185931640666666,0.20875647033333333,0.6762371452666667,0.044138554600000005,3.9433020032000003,3.9533261055333333,0.3043838154,0.305040495,8.138419927733333,9.211252030866666,0.1026006684,0.12286703333333332,1.6162234033333334,1.6168209152000002,0.4781610436,0.47701962993333336,2.3782641350000002,2.5291954016666667,0.9315818384,0.9926651835333333,0.20349224179999997,0.2139537641333333,0.7048714408666666,0.7348424066666667,0.0534753146,0.03483112993333334,554.5508717866667,18.604660004,28.766459091333335,0.39122469826666667,0.07940170666666665,0.0397755054,0.4982373117333333,0.14419187306666667,0.17394685906666665,1.2625287750666667,3.9757013098666665,5.042462071666667,1.3020865914666666,15.794909916,11.0729063184,0.7008641833333333,7.934978487266666,5.7363032722,0.7213297523333334,0.079958549,0.0399272842,0.4971870618,0.07983181726666667,0.03991843653333334,0.4976514914,0.14215412253333334,0.17229034653333333,1.2739302784666668,0.1411448186,0.17097005766666667,1.2733270776,3.9152432761333333,4.9964939036,1.3151246504,3.8861892914,4.955852195,1.3143765926666666,15.803111391333335,11.079656625266667,0.7008961024666667,15.786951734666667,11.066297669466667,0.7008306080666666,7.9388067200000005,5.737930794133334,0.7212004768,7.931252245933333,5.7347126068000005,0.7214549232666666,0.2941760062666667,0.17868951053333332,0.6098828172666667,0.41218818220000003,0.24461962066666665,0.6617486769333334,0.40652795933333336,0.243995271,0.6573410384,12.8351499114,8.566854006933333,0.6669293051333334,3.3477622161333334,3.6100868293333335,1.0876414036,0.3114215858666667,0.18371215486666664,0.5948425085333333,0.26727061306666666,0.16640786486666667,0.6211590688666667,0.41053921886666667,0.24038364073333335,0.6579773442000001,0.4140031943333333,0.2492867638,0.6656666768666667,0.40477614566666664,0.23967614213333333,0.6541686482666668,0.40875350860000004,0.2488666148,0.6593256714,13.680113608933334,8.867729192333334,0.6507635434666666,11.519281398799999,7.857601899466667,0.6764043139333334,3.2174878659333332,3.5052638758666665,1.0999432036666665,3.5556128315333333,3.7373582044666667,1.0606654403333333,colour_defence_2024_species_metrics_summary
Pteraeolidia ianthina,3,3,animals_on_background,NF,D,0.3658706503333333,0.8608820376666667,2.3601373863333333,1.6104770103333335,6.990485005,1.4958176483333334,3.328926864,2.2380697476666667,1.2353146063333333,5.021347021666667,0.21007116066666667,0.6143848126666667,2.929985648,3.1320797406666667,17.598514026666667,0.15822410733333334,0.45765969533333334,2.8997494276666664,3.8412962473333336,26.842392903333334,0.8538759416666667,2.345626033,2.7544134793333335,2.634788514333333,13.524751136666666,0.635275139,1.7850672879999998,2.7974577163333336,3.2021636460000003,19.548679723333333,0.27835617166666665,2.5305291976666666,0.265194455,2.3877532103333334,0.06318326833333333,1.151919943,0.509696871,1.213808295,0.449090642,0.16418886166666666,0.4793937566666666,0.054321234333333336,2.53068775,2.530391171666667,0.265154169,0.2652360243333333,2.3340692103333334,2.459029972666667,0.062083381,0.06464318666666667,1.1533125516666667,1.1505280303333334,0.43025711866666666,0.4323976073333333,1.16501187,1.2631078863333334,0.5186820280000001,0.560898036,0.16361877466666666,0.16493960500000002,0.4744695733333333,0.49664782199999996,0.06181894033333333,0.04685027766666666,320.8759700666667,15.44629157,20.514731256666668,0.42833246466666663,0.113021623,0.034079663333333336,0.3063816556666667,0.14685060433333333,0.061194699666666665,0.45000749433333337,3.6445377056666666,1.5717181313333333,0.4646887366666667,17.713489006666666,11.757098085,0.66233933,4.633234867,2.8808900289999997,0.621735331,0.11386570233333333,0.033904471666666665,0.3025157763333333,0.11382750566666666,0.03382519033333333,0.3020100683333333,0.147074348,0.06010918066666667,0.4418256786666667,0.146764426,0.05989473133333334,0.4413953146666667,3.6519282680000003,1.5427416783333332,0.4557302353333334,3.643919791,1.5377934370000002,0.45547512100000004,17.717018766666666,11.757690148,0.6622492993333333,17.70999009,11.756488538666666,0.6624274673333334,4.632175850333333,2.87944487,0.6215362963333333,4.634265014333333,2.8823034093333333,0.6219311303333334,0.23481316666666666,0.078659046,0.342920717,0.24329655166666667,0.11074662266666667,0.454766142,0.24930185900000001,0.10164434766666668,0.4199146366666667,9.658096570333333,3.461942924666667,0.36569910133333333,2.2820740643333335,1.0239990380000001,0.45774708366666667,0.23532570466666666,0.07819401533333332,0.33979663833333335,0.23420715666666667,0.079456997,0.347937765,0.24524253533333332,0.111474717,0.45325163433333326,0.24049426666666665,0.10988131566666666,0.457938044,0.25113131166666663,0.10146412866666667,0.41757974533333336,0.24674864566666665,0.10195338333333333,0.4238685403333333,9.678870034333334,3.4425978213333335,0.3624602596666667,9.633823279666666,3.4954251086666672,0.370894313,2.2817930306666665,1.0158634616666666,0.453698986,2.282014904,1.0375564036666667,0.4646177023333333,colour_defence_2024_species_metrics_summary
Rostanga sp,2,2,animals_on_background,NF; NP,N,0.3366559445,0.5915455625,1.7030336584999999,2.9630126105,17.15076848,0.5798945865,1.363146487,2.153943653,6.227210006,75.162667195,0.1805685805,0.398518404,2.1214559299999998,4.3601112975,32.59772298,0.161210688,0.3739704285,2.2591753875,5.500041702,49.871090325,0.30452918949999996,0.870883364,2.5993023195,8.473957388,143.96270969000003,0.275964249,0.9305078835,3.0733672995,10.486592393,179.679116785,0.185259258,2.0069587465,0.5541592774999999,1.7249024555,0.5816601635,0.789817177,0.6201811374999999,0.5878519235,0.565394037,0.567909721,0.610328862,0.024996718999999997,2.004373287,2.0095306045,0.552936961,0.5553763015,1.748212307,1.695481874,0.583214154,0.5796987915,0.788056573,0.791550753,0.564582349,0.564636872,0.590515733,0.580139353,0.329573106,0.3237819375,0.568075557,0.5675375469999999,0.61186428,0.606100374,0.0272300925,0.022767536,9717.729625900001,61.076199904999996,105.84859955,0.4110390895,0.0502101635,0.025335352,0.4858936945,0.335249077,0.0449851085,0.1300188725,9.983843214,1.480504885,0.14333776850000002,10.153060065,7.634198695,0.5563807865,4.643187079,1.543531351,0.25472454,0.050119015,0.025273141000000002,0.485189835,0.050128377,0.025167128,0.483540044,0.3355250515,0.0448548915,0.12941904799999998,0.3354550095,0.044870774,0.129530276,9.9919930645,1.4771132175,0.142754358,9.9901091095,1.477365724,0.142853231,10.154123245000001,7.63723396,0.5565157535,10.15200449,7.63118379,0.556246644,4.643667202,1.543971267,0.2547567675,4.6427103935,1.5430942825,0.254692483,0.15845479299999998,0.1388281,0.90290478,0.0918447845,0.085123966,0.499065483,0.1005164275,0.089908827,0.497386263,6.5512074925,7.133545194,1.094526595,3.5658420250000002,1.063098257,0.272245861,0.15761138800000002,0.130370369,0.857302853,0.1593878275,0.147595504,0.948415465,0.09209711599999999,0.081760272,0.477930719,0.09156563749999999,0.088692808,0.521696522,0.10034208800000001,0.084286605,0.467184632,0.100709294,0.095742978,0.528533623,6.491513037000001,6.611503697,1.033357144,6.6172457835,7.667303775,1.15305648,3.557004365,0.981219642,0.252420356,3.5756188785000003,1.146525299,0.292147543,colour_defence_2024_species_metrics_summary
Tenelia sibogae,1,1,animals_on_background,NF,D,0.436720085,0.816457385,1.869521036,1.411466305,5.671223388,0.970509397,1.773542521,1.827434672,1.42690927,6.269560666,0.221130432,0.514263562,2.32561189,2.866742953,15.16207791,0.222048474,0.520800045,2.345434023,3.06578391,17.2087669,0.556142304,1.254676164,2.256034389,2.907397671,16.35946289,0.401616298,0.95074867,2.367305995,3.381443317,22.41949537,0.253759141,1.672228028,0.167222803,2.662744274,0.059172095,0.812228889,0.352746525,1.299543624,0.522974827,0.113197449,0.437860676,0.023117338,1.666967064,1.677373173,0.166696706,0.167737317,2.726890639,2.407928322,0.06059757,0.053509518,0.812467921,0.81176755,0.326961144,0.390377673,1.323802938,1.168206825,0.574920311,0.507345778,0.113647138,0.110623418,0.450940728,0.448861725,0.027497145,0.01876582,1849.304406,35.36741214,52.28837209,0.403480642,0.082825403,0.01705263,0.205886467,0.170056533,0.036271981,0.213293664,5.254835844,1.247682318,0.23743507,24.21409747,17.95089276,0.741340568,5.519709346,2.1295991,0.385817254,0.083436945,0.016400331,0.196559586,0.083370029,0.016314978,0.195693559,0.171079396,0.035458164,0.207261454,0.170734578,0.035674612,0.208947787,5.29234946,1.221986332,0.230896758,5.284523083,1.225797886,0.231959983,24.22929362,17.94760354,0.740739859,24.19913381,17.9541171,0.741932221,5.524051576,2.130201574,0.385623042,5.51543355,2.128996062,0.386007019,0.197884211,0.118903592,0.60087458,0.251376053,0.073255745,0.29141895,0.271809125,0.097393192,0.358314651,8.150626202,5.090296047,0.624528217,3.762274789,0.880166356,0.233945261,0.217623236,0.125573126,0.577020766,0.169147864,0.103597739,0.612468504,0.243107656,0.075217798,0.309401191,0.2634133,0.069987948,0.265696335,0.26045855,0.101205169,0.388565354,0.288333452,0.09086306,0.315131869,9.004276894,5.428898009,0.602924374,6.907869614,4.328417162,0.626592192,3.744414251,0.933452918,0.249292107,3.78827641,0.814179227,0.214920755,colour_defence_2024_species_metrics_summary
Theracera pennigera,1,1,animals_on_background,NF,N,0.260027208,0.473528044,1.821071138,1.587153526,6.986630711,0.65028772,1.15031227,1.768928176,1.28046039,5.216048958,0.137149415,0.319744674,2.331360103,3.287195633,19.92212296,0.128216998,0.285915054,2.229930972,3.04118042,17.78223777,0.350091334,0.760373255,2.171928237,2.555579805,13.15116381,0.300254627,0.692263851,2.305589285,2.921125588,15.94850582,0.377594626,1.0,1.0,,,0.0,,0.0,,,,0.0,1.0,1.0,1.0,1.0,,,,,0.0,0.0,,,0.0,0.0,,,,,,,0.0,0.0,,,,,0.067087027,,,0.175223844,,,5.325138876,,,,,,,,,0.067087027,,,0.067087027,,,0.175223844,,,0.175223844,,,5.325138876,,,5.325138876,,,,,,,,,,,,,,,0.0,0.0,,0.0,0.0,,0.0,0.0,,0.0,0.0,,0.0,0.0,,0.0,0.0,,0.0,0.0,,0.0,0.0,,0.0,0.0,,0.0,0.0,,0.0,0.0,,0.0,0.0,,0.0,0.0,,0.0,0.0,,0.0,0.0,,colour_defence_2024_species_metrics_summary
