species,image_slot,image_id,analysis_stage,source,observation_id,observation_url,license,photographer_or_observer,date_accessed,source_metadata_status,original_image_path,original_width,original_height,image_downloaded,usable,exclusion_reason,animal_clear,background_clear,segmentation_status,segmentation_qc,metrics_status,notes,source_photo_id
Aphelodoris varia,1,Aphelodoris_varia_img01,pilot,iNaturalist,372571198,https://www.inaturalist.org/observations/372571198,CC BY-NC,Erik Schlögl,2026/6/18,matched,raw_data/pilot_images/imagej_test/Aphelodoris_varia/Aphelodoris_varia_img01.jpg,1024,695,yes,yes,,yes,yes,complete,reviewed,complete,Research grade; whole animal clear; colour pattern visible; background visible,
Aphelodoris varia,2,Aphelodoris_varia_img02,pilot,iNaturalist,368879701,https://www.inaturalist.org/observations/368879701,CC BY-NC,kaz_dives,2026/6/18,matched,raw_data/pilot_images/imagej_test/Aphelodoris_varia/Aphelodoris_varia_img02.jpg,1024,768,yes,yes,,yes,yes,complete,reviewed,complete,Research grade; whole animal visible; background visible; slightly dark/greenish image,
Aphelodoris varia,3,Aphelodoris_varia_img03,candidate,iNaturalist,358547910,https://www.inaturalist.org/observations/358547910,CC BY-NC,Erik Schlögl,2026/6/18,matched,raw_data/formal_images/Aphelodoris_varia/Aphelodoris_varia_img03.jpg,1800,1228,yes,yes,,yes,yes,not_started,not_reviewed,not_started,Research grade; whole animal clear; pale colour morph; background visible,654096454
Aphelodoris varia,4,Aphelodoris_varia_img04,candidate,iNaturalist,359383436,https://www.inaturalist.org/observations/359383436,All rights reserved,Daniel Smith,2026/6/18,matched,,,,no,no,all rights reserved licence,yes,yes,not_started,not_reviewed,not_started,"Research grade; image clear, but excluded because licence is not open",655696769
Aphelodoris varia,5,Aphelodoris_varia_img05,candidate,iNaturalist,359123886,https://www.inaturalist.org/observations/359123886,CC BY-NC,suenewson / Sue Newson,2026/6/18,matched,raw_data/formal_images/Aphelodoris_varia/Aphelodoris_varia_img05.jpg,2048,1536,yes,yes,,yes,yes,not_started,not_reviewed,not_started,Research grade; whole animal visible; background visible; slightly blue/green underwater colour cast,655197358
Aphelodoris varia,6,Aphelodoris_varia_img06,candidate,iNaturalist,357057570,https://www.inaturalist.org/observations/357057570,CC BY-NC,Terry Farr,2026/6/18,matched,raw_data/formal_images/Aphelodoris_varia/Aphelodoris_varia_img06.jpg,1000,750,yes,yes,,yes,yes,not_started,not_reviewed,not_started,Research grade; whole animal visible; background visible; close-up image; slightly green/blue underwater colour cast,651188841
Aphelodoris varia,7,Aphelodoris_varia_img07,candidate,iNaturalist,355116698,https://www.inaturalist.org/observations/355116698,CC BY-NC,jecomans,2026/6/18,matched,raw_data/formal_images/Aphelodoris_varia/Aphelodoris_varia_img07.jpg,1746,2048,yes,yes,,yes,yes,not_started,not_reviewed,not_started,Research grade; whole animal visible; dorsal view; colour pattern visible; background visible,647745089
Aphelodoris varia,8,Aphelodoris_varia_img08,candidate,iNaturalist,346953406,https://www.inaturalist.org/observations/346953406,CC BY-NC,Sue Churchill,2026/6/18,matched,raw_data/formal_images/Aphelodoris_varia/Aphelodoris_varia_img08.jpg,1706,1279,yes,yes,,yes,yes,not_started,not_reviewed,not_started,Research grade; whole animal visible; background visible; slightly green underwater colour cast; old observation date but recently uploaded,632497016
Aphelodoris varia,9,Aphelodoris_varia_img09,candidate,iNaturalist,342645017,https://www.inaturalist.org/observations/342645017,CC BY-NC,Jodie,2026/6/18,matched,raw_data/formal_images/Aphelodoris_varia/Aphelodoris_varia_img09.jpg,2048,1536,yes,yes,,yes,yes,not_started,not_reviewed,not_started,Research grade; whole animal visible; dorsal view; strong brown-white pattern; background visible; slightly green/blue underwater colour cast,624012873
Aphelodoris varia,10,Aphelodoris_varia_img10,candidate,iNaturalist,336405238,https://www.inaturalist.org/observations/336405238,All rights reserved,Brian R Mayes,2026/6/18,matched,,,,no,no,all rights reserved licence,yes,yes,not_started,not_reviewed,not_started,"Research grade; animal clear and colour pattern visible, but excluded because image has no open reuse licence",611310832
Doriprismatica atromarginata,1,Doriprismatica_atromarginata_img01,pilot,iNaturalist,372571215,https://www.inaturalist.org/observations/372571215,CC BY-NC,Erik Schlögl,2026/6/18,matched,raw_data/pilot_images/imagej_test/Doriprismatica_atromarginata/Doriprismatica_atromarginata_img01.jpg,1024,688,yes,yes,,yes,yes,complete,reviewed,complete,Research grade; whole animal visible; black margin clearly visible; background visible,
Doriprismatica atromarginata,2,Doriprismatica_atromarginata_img02,pilot,iNaturalist,372144286,https://www.inaturalist.org/observations/372144286,CC BY-NC,Rod Sleath,2026/6/18,matched,raw_data/pilot_images/imagej_test/Doriprismatica_atromarginata/Doriprismatica_atromarginata_img02.jpg,819,1024,yes,yes,,yes,yes,complete,reviewed,complete,Research grade; whole animal visible; black margin clearly visible; strong contrast with colourful background,
Doriprismatica atromarginata,3,Doriprismatica_atromarginata_img03,pilot,iNaturalist,371909299,https://www.inaturalist.org/observations/371909299,All rights reserved,frannyfsh,2026/6/18,matched,raw_data/pilot_images/imagej_test/Doriprismatica_atromarginata/Doriprismatica_atromarginata_img03.jpg,1024,768,yes,no,all rights reserved licence,yes,yes,complete,reviewed,complete,"Research grade; black margin clearly visible; background visible, but excluded because image has no open reuse licence; retained only as a pilot processing test.",
Doriprismatica atromarginata,4,Doriprismatica_atromarginata_img04,candidate,iNaturalist,371623410,https://www.inaturalist.org/observations/371623410,CC BY-NC,shuchen_huang,2026/6/18,matched,raw_data/formal_images/Doriprismatica_atromarginata/Doriprismatica_atromarginata_img04.jpg,1500,1125,yes,yes,,yes,yes,not_started,not_reviewed,not_started,Research grade; whole animal visible; black margin visible; strong contrast with red background; observation from Taiwan,678993686
Doriprismatica atromarginata,5,Doriprismatica_atromarginata_img05,candidate,iNaturalist,367058829,https://www.inaturalist.org/observations/367058829,CC BY-NC,R Lai,2026/6/18,matched,raw_data/formal_images/Doriprismatica_atromarginata/Doriprismatica_atromarginata_img05.jpg,1578,888,yes,yes,,yes,yes,not_started,not_reviewed,not_started,Research grade; whole animal mostly visible; black margin clearly visible; background visible; slightly curled body posture,670292632
Doriprismatica atromarginata,6,Doriprismatica_atromarginata_img06,candidate,iNaturalist,366327418,https://www.inaturalist.org/observations/366327418,CC BY,Jay Paroline,2026/6/18,matched,raw_data/formal_images/Doriprismatica_atromarginata/Doriprismatica_atromarginata_img06.jpg,2048,1536,yes,yes,,yes,yes,not_started,not_reviewed,not_started,Research grade; whole animal visible; black margin visible; background visible; slightly green/yellow underwater colour cast; observation from Taiwan,668881086
Doriprismatica atromarginata,7,Doriprismatica_atromarginata_img07,candidate,iNaturalist,360814500,https://www.inaturalist.org/observations/360814500,CC BY-NC,Terry Farr,2026/6/18,matched,raw_data/formal_images/Doriprismatica_atromarginata/Doriprismatica_atromarginata_img07.jpg,1000,750,yes,yes,,yes,yes,not_started,not_reviewed,not_started,Research grade; whole animal visible; black margin clearly visible; background visible; slightly yellow/green underwater colour cast,658422896
Doriprismatica atromarginata,8,Doriprismatica_atromarginata_img08,candidate,iNaturalist,351931823,https://www.inaturalist.org/observations/351931823,CC BY-NC,babarg,2026/6/18,matched,raw_data/formal_images/Doriprismatica_atromarginata/Doriprismatica_atromarginata_img08.jpg,2048,1155,yes,yes,,yes,partial,not_started,not_reviewed,not_started,Research grade; animal clear; black margin clearly visible; close-up image; background partly visible; slightly blue/green underwater colour cast,642298874
Doriprismatica atromarginata,9,Doriprismatica_atromarginata_img09,candidate,iNaturalist,351062348,https://www.inaturalist.org/observations/351062348,CC BY-NC,gina_mascord / Gina,2026/6/18,matched,raw_data/formal_images/Doriprismatica_atromarginata/Doriprismatica_atromarginata_img09.jpg,1024,768,yes,yes,,yes,yes,not_started,not_reviewed,not_started,Research grade; whole animal mostly visible; black margin clearly visible; background visible; slightly curled body posture,640596953
Doriprismatica atromarginata,10,Doriprismatica_atromarginata_img10,candidate,iNaturalist,370026527,https://www.inaturalist.org/observations/370026527,CC BY-NC,cr1970,2026/6/18,matched,raw_data/formal_images/Doriprismatica_atromarginata/Doriprismatica_atromarginata_img10.jpg,2048,1536,yes,yes,,yes,partial,not_started,not_reviewed,not_started,Research grade; black margin clearly visible; animal mostly clear; close-up image; dark background; observation from Indonesia,675950634
Hypselodoris bennetti,1,Hypselodoris_bennetti_img01,candidate,iNaturalist,371930850,https://www.inaturalist.org/observations/371930850,CC BY-NC,Harry Rosenthal,2026/6/18,matched,raw_data/formal_images/Hypselodoris_bennetti/Hypselodoris_bennetti_img01.jpg,2048,1754,yes,yes,,yes,yes,not_started,not_reviewed,not_started,"Research grade; whole animal mostly visible; purple margin, yellow line and red spots visible; background visible; slightly green underwater colour cast",679591306
Hypselodoris bennetti,2,Hypselodoris_bennetti_img02,candidate,iNaturalist,369667039,https://www.inaturalist.org/observations/369667039,CC BY-NC,Peter,2026/6/18,matched,raw_data/formal_images/Hypselodoris_bennetti/Hypselodoris_bennetti_img02.jpg,2048,1552,yes,yes,,yes,yes,not_started,not_reviewed,not_started,"Research grade; whole animal visible; blue-purple body, yellow/orange mantle edge and red spots visible; background visible; image slightly soft but still usable",675264643
Hypselodoris bennetti,3,Hypselodoris_bennetti_img03,candidate,iNaturalist,368868718,https://www.inaturalist.org/observations/368868718,CC BY-NC,hurlza95,2026/6/18,matched,raw_data/formal_images/Hypselodoris_bennetti/Hypselodoris_bennetti_img03.jpg,1366,2048,yes,yes,,yes,yes,not_started,not_reviewed,not_started,"Research grade; whole animal visible; purple margin, yellow line and red spots clearly visible; background visible; strong colour contrast",673759002
Hypselodoris bennetti,4,Hypselodoris_bennetti_img04,candidate,iNaturalist,360526342,https://www.inaturalist.org/observations/360526342,CC BY-NC,Erik Schlögl,2026/6/18,matched,raw_data/formal_images/Hypselodoris_bennetti/Hypselodoris_bennetti_img04.jpg,1800,1212,yes,yes,,yes,yes,not_started,not_reviewed,not_started,"Research grade; whole animal mostly visible; purple margin, yellow line and red spots clearly visible; background visible; some sediment/particles on body",657867308
Hypselodoris bennetti,5,Hypselodoris_bennetti_img05,candidate,iNaturalist,350656519,https://www.inaturalist.org/observations/350656519,CC BY-NC,knealepw,2026/6/18,matched,raw_data/formal_images/Hypselodoris_bennetti/Hypselodoris_bennetti_img05.jpg,2048,976,yes,yes,,yes,partial,not_started,not_reviewed,not_started,"Research grade; animal clear; purple margin, yellow line and red spots clearly visible; close-up image; background partly visible",639829106
Hypselodoris bennetti,6,Hypselodoris_bennetti_img06,candidate,iNaturalist,346953419,https://www.inaturalist.org/observations/346953419,CC BY-NC,sue_churchill / Sue Churchill,2026/6/18,matched,raw_data/formal_images/Hypselodoris_bennetti/Hypselodoris_bennetti_img06.jpg,1868,1401,yes,yes,,yes,yes,not_started,not_reviewed,not_started,"Research grade; whole animal visible; purple margin, yellow line and red spots clearly visible; background visible",632497069
Hypselodoris bennetti,7,Hypselodoris_bennetti_img07,candidate,iNaturalist,345026801,https://www.inaturalist.org/observations/345026801,CC BY,nikihubbard / Niki Hubbard,2026/6/18,matched,raw_data/formal_images/Hypselodoris_bennetti/Hypselodoris_bennetti_img07.jpg,2048,1536,yes,yes,,yes,yes,not_started,not_reviewed,not_started,"Research grade; whole animal visible; blue body, yellow margin line and red spots clearly visible; background visible",628722775
Hypselodoris bennetti,8,Hypselodoris_bennetti_img08,candidate,iNaturalist,340909989,https://www.inaturalist.org/observations/340909989,CC BY-NC,Harry Rosenthal,2026/6/18,matched,raw_data/formal_images/Hypselodoris_bennetti/Hypselodoris_bennetti_img08.jpg,2048,1381,yes,yes,,yes,yes,not_started,not_reviewed,not_started,"Research grade; whole animal clearly visible in dorsal view; blue body, yellow margin and red spots clearly visible; suitable for colour-pattern extraction",620481587
Hypselodoris bennetti,9,Hypselodoris_bennetti_img09,candidate,iNaturalist,338865139,https://www.inaturalist.org/observations/338865139,CC BY-NC,gemstarz,2026/6/18,matched,raw_data/formal_images/Hypselodoris_bennetti/Hypselodoris_bennetti_img09.jpg,2048,1536,yes,yes,,yes,yes,not_started,not_reviewed,not_started,"Research grade; whole animal clearly visible; blue body, yellow/orange margin and red/pink spots clearly visible; suitable for colour-pattern extraction",616330762
Hypselodoris bennetti,10,Hypselodoris_bennetti_img10,candidate,iNaturalist,336800183,https://www.inaturalist.org/observations/336800183,CC BY-NC,Felix Harper,2026/6/18,matched,raw_data/formal_images/Hypselodoris_bennetti/Hypselodoris_bennetti_img10.jpg,2048,1536,yes,yes,,yes,yes,not_started,not_reviewed,not_started,"Research grade; whole animal mostly visible in side view; pale blue-white body, yellow/orange mantle edge, and pink/red spots clearly visible; suitable for colour-pattern extraction",612111419
Phyllidia ocellata,1,Phyllidia_ocellata_img01,candidate,iNaturalist,372509282,https://www.inaturalist.org/observations/372509282,CC BY-NC,Terry Farr,2026/6/18,matched,raw_data/formal_images/Phyllidia_ocellata/Phyllidia_ocellata_img01.jpg,1000,750,yes,yes,,yes,yes,not_started,not_reviewed,not_started,"Research grade; selected the clearer second photo from this observation; whole animal visible; yellow body, white tubercles and dark ocellated spots clearly visible; background visible",680702892
Phyllidia ocellata,2,Phyllidia_ocellata_img02,candidate,iNaturalist,371871668,https://www.inaturalist.org/observations/371871668,CC BY-NC,meet_me_underwater / Jack Breedon,2026/6/18,matched,raw_data/formal_images/Phyllidia_ocellata/Phyllidia_ocellata_img02.jpg,2048,1536,yes,yes,,yes,yes,not_started,not_reviewed,not_started,"Research grade; whole animal visible; yellow body, white tubercles and dark ocellated spots clearly visible; background visible",679476699
Phyllidia ocellata,3,Phyllidia_ocellata_img03,candidate,iNaturalist,371862492,https://www.inaturalist.org/observations/371862492,CC BY-NC,maltesellin / Malte Sellin,2026/6/18,matched,raw_data/formal_images/Phyllidia_ocellata/Phyllidia_ocellata_img03.jpg,1917,1438,yes,yes,,yes,yes,not_started,not_reviewed,not_started,"Research grade; whole animal visible in dorsal view; yellow body, white tubercles and dark ocellated spots clearly visible; background visible",679458270
Phyllidia ocellata,4,Phyllidia_ocellata_img04,candidate,iNaturalist,370277925,https://www.inaturalist.org/observations/370277925,CC BY-NC,cr1970,2026/6/18,matched,raw_data/formal_images/Phyllidia_ocellata/Phyllidia_ocellata_img04.jpg,2048,1536,yes,yes,,yes,yes,not_started,not_reviewed,not_started,"Research grade; whole animal visible in dorsal view; yellow body, white tubercles and dark ocellated spots clearly visible; background visible",676436534
Phyllidia ocellata,5,Phyllidia_ocellata_img05,candidate,iNaturalist,369647627,https://www.inaturalist.org/observations/369647627,CC BY-NC,shuchen_huang,2026/6/18,matched,raw_data/formal_images/Phyllidia_ocellata/Phyllidia_ocellata_img05.jpg,1500,1125,yes,yes,,yes,yes,not_started,not_reviewed,not_started,"Research grade; two individuals visible; main larger animal clear; yellow body, white tubercles and dark ocellated spots clearly visible; background visible",675231174
Phyllidia ocellata,6,Phyllidia_ocellata_img06,candidate,iNaturalist,369638987,https://www.inaturalist.org/observations/369638987,CC BY,quokka2 / Debra Baker,2026/6/18,matched,raw_data/formal_images/Phyllidia_ocellata/Phyllidia_ocellata_img06.jpg,2048,1536,yes,yes,,yes,yes,not_started,not_reviewed,not_started,Research grade; whole animal visible in dorsal view; yellow body and dark ocellated spots clearly visible; background visible; image has strong colour contrast,675211716
Phyllidia ocellata,7,Phyllidia_ocellata_img07,candidate,iNaturalist,367653640,https://www.inaturalist.org/observations/367653640,CC BY-NC,maltesellin / Malte Sellin,2026/6/18,matched,raw_data/formal_images/Phyllidia_ocellata/Phyllidia_ocellata_img07.jpg,1536,2048,yes,yes,,yes,yes,not_started,not_reviewed,not_started,"Research grade; whole animal visible; yellow body, white tubercles and dark ocellated spots visible; background visible; dorsal surface mostly clear",671440404
Phyllidia ocellata,8,Phyllidia_ocellata_img08,candidate,iNaturalist,369616934,https://www.inaturalist.org/observations/369616934,CC BY-NC,r_lai / R Lai,2026/6/18,matched,raw_data/formal_images/Phyllidia_ocellata/Phyllidia_ocellata_img08.jpg,1170,658,yes,yes,,yes,yes,not_started,not_reviewed,not_started,"Research grade; whole animal visible but relatively small in the image; yellow/orange body, white tubercles and dark ocellated spots visible; background visible; usable as backup image",675174718
Phyllidia ocellata,9,Phyllidia_ocellata_img09,candidate,iNaturalist,361153380,https://www.inaturalist.org/observations/361153380,CC BY-NC,poseidon_photography / Andy,2026/6/18,matched,raw_data/formal_images/Phyllidia_ocellata/Phyllidia_ocellata_img09.jpg,2048,1536,yes,yes,,yes,yes,not_started,not_reviewed,not_started,"Research grade; two individuals visible; both animals clear; yellow/orange body, white tubercles and dark ocellated spots clearly visible; background visible",659082347
Phyllidia ocellata,10,Phyllidia_ocellata_img10,candidate,iNaturalist,360125653,https://www.inaturalist.org/observations/360125653,CC BY-NC,thormainz,2026/6/18,matched,raw_data/formal_images/Phyllidia_ocellata/Phyllidia_ocellata_img10.jpg,1638,2048,yes,yes,,yes,yes,not_started,not_reviewed,not_started,"Research grade; whole animal visible; orange/yellow body, white tubercles and dark ocellated spots clearly visible; background visible; good quality image",657120665
Phyllidiella pustulosa,1,Phyllidiella_pustulosa_img01,candidate,iNaturalist,368293079,https://www.inaturalist.org/observations/368293079,CC BY-NC,suzie_molloy,2026/6/18,matched,raw_data/formal_images/Phyllidiella_pustulosa/Phyllidiella_pustulosa_img01.jpg,2048,1536,yes,yes,,yes,yes,not_started,not_reviewed,not_started,Research grade; species-level ID supported 2/2; whole animal visible; dorsal pattern and tubercles clear; image slightly dark/blue-toned but suitable for pilot,672661400
Phyllidiella pustulosa,2,Phyllidiella_pustulosa_img02,candidate,iNaturalist,364933098,https://www.inaturalist.org/observations/364933098,CC BY-NC,mayamegret,2026/6/18,matched,raw_data/formal_images/Phyllidiella_pustulosa/Phyllidiella_pustulosa_img02.jpg,2048,1536,yes,yes,,yes,yes,not_started,not_reviewed,not_started,Research grade; species-level ID supported 2/2; whole animal visible; dorsal tubercles and dark pattern visible; image is blue-toned and slightly dark but suitable for pilot,666241112
Phyllidiella pustulosa,3,Phyllidiella_pustulosa_img03,candidate,iNaturalist,364727952,https://www.inaturalist.org/observations/364727952,CC BY-NC,blurryfishclub / Jade,2026/6/18,matched,raw_data/formal_images/Phyllidiella_pustulosa/Phyllidiella_pustulosa_img03.jpg,2048,1533,yes,yes,,yes,yes,not_started,not_reviewed,not_started,Research grade; species-level ID supported 2/2; animal large and clearly visible; pink/purple tubercles and dark body pattern clearly visible; good quality image suitable for pilot,665844091
Phyllidiella pustulosa,4,Phyllidiella_pustulosa_img04,candidate,iNaturalist,361851921,https://www.inaturalist.org/observations/361851921,CC BY-NC,dianna912,2026/6/18,matched,raw_data/formal_images/Phyllidiella_pustulosa/Phyllidiella_pustulosa_img04.jpg,2048,1536,yes,yes,,yes,yes,not_started,not_reviewed,not_started,Research grade; species-level ID supported; selected the second photo from this observation because it is brighter and shows the pink tubercles and dark body pattern more clearly; first photo from the same observation was not used to avoid duplicate sampling from the same individual,660407621
Phyllidiella pustulosa,5,Phyllidiella_pustulosa_img05,candidate,iNaturalist,360961496,https://www.inaturalist.org/observations/360961496,CC BY-NC,sophieg / Sophie Paradis,2026/6/18,matched,raw_data/formal_images/Phyllidiella_pustulosa/Phyllidiella_pustulosa_img05.jpg,2048,1536,yes,yes,,yes,yes,not_started,not_reviewed,not_started,Research grade; species-level ID supported 3/3; animal visible and dorsal tubercles/pattern can be seen; image is slightly small and blue-toned but suitable for pilot,658710376
Phyllidiella pustulosa,6,Phyllidiella_pustulosa_img06,candidate,iNaturalist,359106678,https://www.inaturalist.org/observations/359106678,CC BY-NC,sophieg / Sophie Paradis,2026/6/18,matched,raw_data/formal_images/Phyllidiella_pustulosa/Phyllidiella_pustulosa_img06.jpg,2048,1536,yes,yes,,yes,yes,not_started,not_reviewed,not_started,Research grade; species-level ID supported 3/3; animal visible and dorsal tubercles/pattern can be seen; image is blue-toned and slightly dark but suitable for pilot; same observer as another usable image but from a different observation,655168117
Phyllidiella pustulosa,7,Phyllidiella_pustulosa_img07,candidate,iNaturalist,356762791,https://www.inaturalist.org/observations/356762791,CC BY-NC,ellapennington,2026/6/18,matched,raw_data/formal_images/Phyllidiella_pustulosa/Phyllidiella_pustulosa_img07.jpg,683,729,yes,yes,,yes,yes,not_started,not_reviewed,not_started,Research grade; species-level ID supported 2/2; animal visible and dorsal tubercles/pattern can be seen; image has high contrast and slight blue/green colour cast but is suitable for pilot,650631164
Phyllidiella pustulosa,8,Phyllidiella_pustulosa_img08,candidate,iNaturalist,356463696,https://www.inaturalist.org/observations/356463696,CC BY-NC,slbailly,2026/6/18,matched,raw_data/formal_images/Phyllidiella_pustulosa/Phyllidiella_pustulosa_img08.jpg,2048,1536,yes,yes,,yes,yes,not_started,not_reviewed,not_started,Research grade; species-level ID supported 2/2; animal clearly visible with dorsal tubercles and dark body pattern; background visible; image is slightly dark/blue-toned but suitable for pilot,650062060
Phyllidiella pustulosa,9,Phyllidiella_pustulosa_img09,candidate,iNaturalist,343994104,https://www.inaturalist.org/observations/343994104,CC BY-NC,Sylvain Le Bris,2026/6/18,matched,raw_data/formal_images/Phyllidiella_pustulosa/Phyllidiella_pustulosa_img09.jpg,2048,1539,yes,yes,,yes,yes,not_started,not_reviewed,not_started,Research grade; species-level ID supported; animal clearly visible with dorsal tubercles and dark body pattern; background visible; image is slightly blue-toned but suitable for pilot,626719435
Phyllidiella pustulosa,10,Phyllidiella_pustulosa_img10,candidate,iNaturalist,355163508,https://www.inaturalist.org/observations/355163508,CC BY-NC,Wayne and Pam Osborn,2026/6/18,matched,raw_data/formal_images/Phyllidiella_pustulosa/Phyllidiella_pustulosa_img10.jpg,2048,1211,yes,yes,,yes,yes,not_started,not_reviewed,not_started,"Research grade; species-level ID supported 2/2; animal large and clearly visible with dorsal tubercles and dark body pattern; background visible but relatively dark; side angle rather than full dorsal view, but suitable for pilot",647809020
Ardeadoris egretta,1,Ardeadoris_egretta_img01,candidate,iNaturalist,388381275,https://www.inaturalist.org/observations/388381275,CC BY-NC,Kun-hong Tsai (kun_hong),2026/8/11,,raw_data/formal_images/Ardeadoris_egretta/Ardeadoris_egretta_img01.jpg,2048,1536,yes,yes,,yes,yes,,,,Research grade; whole animal clear and fully visible; colour pattern visible; natural background clear,711309243
Ardeadoris egretta,2,Ardeadoris_egretta_img02,candidate,iNaturalist,383284157,https://www.inaturalist.org/observations/383284157,CC BY-NC,Ingmar Rondeel (ingmar51),2026/8/11,,raw_data/formal_images/Ardeadoris_egretta/Ardeadoris_egretta_img02.jpg,2048,1536,yes,yes,,yes,yes,,,,Research grade; whole animal clear and fully visible; colour pattern visible; natural background clear,701500729
Ardeadoris egretta,3,Ardeadoris_egretta_img03,candidate,iNaturalist,374831544,https://www.inaturalist.org/observations/374831544,CC BY-NC,thormainz,2026/8/11,,raw_data/formal_images/Ardeadoris_egretta/Ardeadoris_egretta_img03.jpg,1638,2048,yes,yes,,yes,yes,,,,Research grade; animal clear and mostly fully visible; colour pattern visible; natural background clear,685167022
Ardeadoris egretta,4,Ardeadoris_egretta_img04,candidate,iNaturalist,368273307,https://www.inaturalist.org/observations/368273307,CC BY-NC,Sue Churchill (sue_churchill),2026/8/11,,raw_data/formal_images/Ardeadoris_egretta/Ardeadoris_egretta_img04.jpg,1000,750,yes,yes,,yes,yes,,,,Research grade; whole animal clear and fully visible; colour pattern visible; natural background clear,672608760
Ardeadoris egretta,5,Ardeadoris_egretta_img05,candidate,iNaturalist,365348870,https://www.inaturalist.org/observations/365348870,CC BY-NC,Jules Cadiou (jules_cadiou),2026/8/11,,raw_data/formal_images/Ardeadoris_egretta/Ardeadoris_egretta_img05.jpg,2048,1366,yes,yes,,yes,yes,,,,Research grade; whole animal clear and fully visible; colour pattern visible; natural background clear; slightly bright underwater image,667036599
Ardeadoris egretta,6,Ardeadoris_egretta_img06,candidate,iNaturalist,362576455,https://www.inaturalist.org/observations/362576455,CC BY-NC,Sure Squintsalot (sure_squintsalot),2026/8/11,,raw_data/formal_images/Ardeadoris_egretta/Ardeadoris_egretta_img06.jpg,1876,1239,yes,yes,,yes,yes,,,,Research grade; whole animal visible; colour pattern visible; natural background clear; slightly soft underwater image,661773219
Ardeadoris egretta,7,Ardeadoris_egretta_img07,candidate,iNaturalist,357450494,https://www.inaturalist.org/observations/357450494,CC BY-NC,Ella Pennington (ellapennington),2026/8/11,,raw_data/formal_images/Ardeadoris_egretta/Ardeadoris_egretta_img07.jpg,2048,1535,yes,yes,,yes,yes,,,,Research grade; whole animal clear and fully visible; colour pattern visible; natural background visible; dark underwater background,651962281
Ardeadoris egretta,8,Ardeadoris_egretta_img08,candidate,iNaturalist,337675178,https://www.inaturalist.org/observations/337675178,CC BY-NC,Frank Krasovec (wetlens),2026/8/11,,raw_data/formal_images/Ardeadoris_egretta/Ardeadoris_egretta_img08.jpg,1512,1080,yes,yes,,yes,yes,,,,Research grade; whole animal clear and fully visible; colour pattern visible; natural background clear; small watermark in upper background,613905640
Ardeadoris egretta,9,Ardeadoris_egretta_img09,candidate,iNaturalist,332974182,https://www.inaturalist.org/observations/332974182,CC BY-NC,ylsu,2026/8/11,,raw_data/formal_images/Ardeadoris_egretta/Ardeadoris_egretta_img09.jpg,2048,1536,yes,yes,,yes,yes,,,,Research grade; whole animal clear and fully visible; colour pattern visible; natural background clear,604392763
Ardeadoris egretta,10,Ardeadoris_egretta_img10,candidate,iNaturalist,340744729,https://www.inaturalist.org/observations/340744729,CC BY-NC-ND,Simba (simbason),2026/8/11,,raw_data/formal_images/Ardeadoris_egretta/Ardeadoris_egretta_img10.jpg,2048,1531,yes,yes,,yes,yes,,,,Research grade; whole animal clear and fully visible; colour pattern visible; natural background clear; a few thin natural filaments near the animal,620142391
Ardeadoris rubroannulata,1,Ardeadoris_rubroannulata_img01,candidate,iNaturalist,371554936,https://www.inaturalist.org/observations/371554936,CC BY-NC,Gerrad Kennedy (gerradkennedy),2026/8/11,,raw_data/formal_images/Ardeadoris_rubroannulata/Ardeadoris_rubroannulata_img01.jpg,2048,2048,yes,yes,,yes,yes,,,,Research grade; whole animal clear and fully visible; curled body position; colour pattern visible; natural background clear,678872951
Ardeadoris rubroannulata,2,Ardeadoris_rubroannulata_img02,candidate,iNaturalist,345809764, https://www.inaturalist.org/observations/345809764,CC BY-NC,Terry Farr (scubatel),2026/8/11,,raw_data/formal_images/Ardeadoris_rubroannulata/Ardeadoris_rubroannulata_img02.jpg,1000,750,yes,yes,,yes,yes,,,,Research grade; whole animal clear and fully visible; colour pattern visible; natural background clear,630260012
Ardeadoris rubroannulata,3,Ardeadoris_rubroannulata_img03,candidate,iNaturalist,340702561,https://www.inaturalist.org/observations/340702561,CC BY-NC,Nathan Fripp (nathan_fripp),2026/8/11,,raw_data/formal_images/Ardeadoris_rubroannulata/Ardeadoris_rubroannulata_img03.jpg,2048,1536,yes,yes,,yes,yes,,,,Research grade; whole animal clear and fully visible; curled body position; colour pattern visible; natural background clear,620057786
Ardeadoris rubroannulata,4,Ardeadoris_rubroannulata_img04,candidate,iNaturalist,339864587,https://www.inaturalist.org/observations/339864587,CC BY-NC,Sue Churchill (sue_churchill),2026/8/11,,raw_data/formal_images/Ardeadoris_rubroannulata/Ardeadoris_rubroannulata_img04.jpg,2048,1536,yes,yes,,yes,yes,,,,Research grade; whole animal clear and fully visible; colour pattern visible; natural background clear; minor natural material near the lower edge,618338434
Ardeadoris rubroannulata,5,Ardeadoris_rubroannulata_img05,candidate,iNaturalist,336183225,https://www.inaturalist.org/observations/336183225,CC BY-NC,divercraig,2026/8/11,,raw_data/formal_images/Ardeadoris_rubroannulata/Ardeadoris_rubroannulata_img05.jpg,2048,1536,yes,yes,,yes,yes,,,,Research grade; animal clear and mostly fully visible; curled body position; colour pattern visible; natural background clear; small watermark away from the animal,610863606
Ardeadoris rubroannulata,6,Ardeadoris_rubroannulata_img06,candidate,iNaturalist,260016885,https://www.inaturalist.org/observations/260016885,CC BY-NC,bretttouzell,2026/8/11,,raw_data/formal_images/Ardeadoris_rubroannulata/Ardeadoris_rubroannulata_img06.jpg,2048,1365,yes,yes,,yes,yes,,,,Research grade; whole animal clear and fully visible; colour pattern visible; natural background clear; animal relatively small but details remain visible,466867654
Ardeadoris rubroannulata,7,Ardeadoris_rubroannulata_img07,candidate,iNaturalist,341336063,https://www.inaturalist.org/observations/341336063,CC BY-NC,Terry Farr (scubatel),2026/8/11,,raw_data/formal_images/Ardeadoris_rubroannulata/Ardeadoris_rubroannulata_img07.jpg,1000,750,yes,yes,,yes,yes,,,,Research grade; whole animal clear and fully visible; colour pattern visible; natural background clear,621359922
Ardeadoris rubroannulata,8,Ardeadoris_rubroannulata_img08,candidate,iNaturalist,175501021,https://www.inaturalist.org/observations/175501021,CC BY-NC,drkellyannemasterman,2026/8/11,,raw_data/formal_images/Ardeadoris_rubroannulata/Ardeadoris_rubroannulata_img08.jpg,2048,1536,yes,yes,,yes,yes,,,,Research grade; whole animal clear and fully visible; curled body position; colour pattern visible; natural background clear; small watermark away from the animal,305011185
Ardeadoris rubroannulata,9,Ardeadoris_rubroannulata_img09,candidate,iNaturalist,150538905,https://www.inaturalist.org/observations/150538905,CC BY-NC,Lord Howe Island Marine Park staff (seaslugcensus),2026/8/11,,raw_data/formal_images/Ardeadoris_rubroannulata/Ardeadoris_rubroannulata_img09.jpg,2048,1536,yes,yes,,yes,yes,,,,Research grade; animal clear and mostly fully visible; colour pattern visible; natural background clear; minor natural algae near the gills,259599678
Ardeadoris rubroannulata,10,Ardeadoris_rubroannulata_img10,candidate,iNaturalist,147446908,https://www.inaturalist.org/observations/147446908,CC BY-NC,profmollusc,2026/8/11,,raw_data/formal_images/Ardeadoris_rubroannulata/Ardeadoris_rubroannulata_img10.jpg,1500,1125,yes,yes,,yes,yes,,,,Research grade; whole animal clear and fully visible; colour pattern clearly visible; natural background clear,253719890
Ceratosoma brevicaudatum,1,Ceratosoma_brevicaudatum_img01,candidate,iNaturalist,389581243,https://www.inaturalist.org/observations/389581243,CC BY,lawrencehylton,2026/8/11,,raw_data/formal_images/Ceratosoma_brevicaudatum/Ceratosoma_brevicaudatum_img01.jpg,2048,1365,yes,yes,,yes,yes,,,,Research grade; whole animal clear and fully visible; colour pattern visible; natural background clear,713619374
Ceratosoma brevicaudatum,2,Ceratosoma_brevicaudatum_img02,candidate,iNaturalist,388134220,https://www.inaturalist.org/observations/388134220,CC BY-NC,Henry Carrick (henrycarrick),2026/8/11,,raw_data/formal_images/Ceratosoma_brevicaudatum/Ceratosoma_brevicaudatum_img02.jpg,1165,881,yes,yes,,yes,yes,,,,Research grade; whole animal clear and fully visible; colour pattern visible; natural background clear; slightly dark underwater image,710822208
Ceratosoma brevicaudatum,3,Ceratosoma_brevicaudatum_img03,candidate,iNaturalist,388694312,https://www.inaturalist.org/observations/388694312,CC BY-NC,sam_21,2026/8/11,,raw_data/formal_images/Ceratosoma_brevicaudatum/Ceratosoma_brevicaudatum_img03.jpg,1944,2048,yes,yes,,yes,yes,,,,Research grade; whole animal clear and fully visible; slightly curved body position; colour pattern visible; natural background clear,711920869
Ceratosoma brevicaudatum,4,Ceratosoma_brevicaudatum_img04,candidate,iNaturalist,387111622,https://www.inaturalist.org/observations/387111622,CC BY-NC,Ian Scholey (ianscholey1),2026/8/11,,raw_data/formal_images/Ceratosoma_brevicaudatum/Ceratosoma_brevicaudatum_img04.jpg,2048,1365,yes,yes,,yes,yes,,,,Research grade; whole animal clear and fully visible; colour pattern visible; natural background clear; minor natural debris on the central body; small watermark away from the animal,708833645
Ceratosoma brevicaudatum,5,Ceratosoma_brevicaudatum_img05,candidate,iNaturalist,385582220,https://www.inaturalist.org/observations/385582220,CC BY-NC,aburnell,2026/8/11,,raw_data/formal_images/Ceratosoma_brevicaudatum/Ceratosoma_brevicaudatum_img05.jpg,1536,2048,yes,yes,,yes,yes,,,,Research grade; whole animal clear and fully visible; colour pattern visible; natural background clear,705907719
Ceratosoma brevicaudatum,6,Ceratosoma_brevicaudatum_img06,candidate,iNaturalist,382150286,https://www.inaturalist.org/observations/382150286,CC BY-NC,thesnorkelsisters,2026/8/11,,raw_data/formal_images/Ceratosoma_brevicaudatum/Ceratosoma_brevicaudatum_img06.jpg,1368,2048,yes,yes,,yes,yes,,,,Research grade; whole animal visible; colour pattern visible; natural background clear; slightly soft underwater image; natural algae near the animal,699318902
Ceratosoma brevicaudatum,7,Ceratosoma_brevicaudatum_img07,candidate,iNaturalist,380279681,https://www.inaturalist.org/observations/380279681,CC BY-NC,ken_flan,2026/8/11,,raw_data/formal_images/Ceratosoma_brevicaudatum/Ceratosoma_brevicaudatum_img07.jpg,2048,1970,yes,yes,,yes,yes,,,,Research grade; juvenile animal clear and fully visible; colour pattern visible; natural background clear; photographed at sufficient size,695706040
Ceratosoma brevicaudatum,8,Ceratosoma_brevicaudatum_img08,candidate,iNaturalist,378304501,https://www.inaturalist.org/observations/378304501,CC BY-NC,noelieguacamole,2026/8/12,,raw_data/formal_images/Ceratosoma_brevicaudatum/Ceratosoma_brevicaudatum_img08.jpg,1152,2048,yes,yes,,yes,yes,,,,Research grade; whole animal clear and fully visible; curved body position; colour pattern visible; natural background clear,691883937
Ceratosoma brevicaudatum,9,Ceratosoma_brevicaudatum_img09,candidate,iNaturalist,372174076,https://www.inaturalist.org/observations/372174076,CC BY-NC,phyllopterix,2026/8/12,,raw_data/formal_images/Ceratosoma_brevicaudatum/Ceratosoma_brevicaudatum_img09.jpg,634,475,yes,yes,,yes,yes,,,,Research grade; whole animal visible; curved body position; colour pattern visible; natural background clear; slightly soft image with a yellow colour cast,680062172
Ceratosoma brevicaudatum,10,Ceratosoma_brevicaudatum_img10,candidate,iNaturalist,363027345,https://www.inaturalist.org/observations/363027345,CC BY-NC,ocean_mick,2026/8/12,,raw_data/formal_images/Ceratosoma_brevicaudatum/Ceratosoma_brevicaudatum_img10.jpg,2048,1536,yes,yes,,yes,yes,,,,Research grade; whole animal clear and fully visible; curved body position; colour pattern visible; natural background clear,662607356
Ceratosoma trilobatum,1,Ceratosoma_trilobatum_img01,candidate,iNaturalist,388741744,https://www.inaturalist.org/observations/388741744,CC-BY-NC,dod_od,2026/8/12,matched,raw_data/formal_images/Ceratosoma_trilobatum/Ceratosoma_trilobatum_img01.jpg,2048,1152,yes,yes,,yes,yes,not_started,not_reviewed,not_started,Research grade; whole animal clear and fully visible; colour pattern visible; natural background clear,712004196
Ceratosoma trilobatum,2,Ceratosoma_trilobatum_img02,candidate,iNaturalist,389290508,https://www.inaturalist.org/observations/389290508,CC-BY-NC,dorisreef,2026/8/12,matched,raw_data/formal_images/Ceratosoma_trilobatum/Ceratosoma_trilobatum_img02.jpg,2048,1365,yes,yes,,yes,yes,not_started,not_reviewed,not_started,Research grade; whole animal clear and fully visible; colour pattern visible; natural background clear,713058663
Ceratosoma trilobatum,3,Ceratosoma_trilobatum_img03,candidate,iNaturalist,389290491,https://www.inaturalist.org/observations/389290491,CC-BY-NC,dorisreef,2026/8/12,matched,raw_data/formal_images/Ceratosoma_trilobatum/Ceratosoma_trilobatum_img03.jpg,2048,1366,yes,yes,,yes,yes,not_started,not_reviewed,not_started,Research grade; whole animal clear and fully visible; colour pattern visible; natural background clear,713056524
Ceratosoma trilobatum,4,Ceratosoma_trilobatum_img04,candidate,iNaturalist,385565921,https://www.inaturalist.org/observations/385565921,CC-BY-NC,Hiroya Kidoguchi (riki_paleatus),2026/8/12,matched,raw_data/formal_images/Ceratosoma_trilobatum/Ceratosoma_trilobatum_img04.jpg,951,714,yes,yes,,yes,yes,not_started,not_reviewed,not_started,Research grade; whole animal clear and fully visible; colour pattern visible; natural background clear,705876654
Ceratosoma trilobatum,5,Ceratosoma_trilobatum_img05,candidate,iNaturalist,381626836,https://www.inaturalist.org/observations/381626836,CC-BY-NC,Kun-hong Tsai (kun_hong),2026/8/12,matched,raw_data/formal_images/Ceratosoma_trilobatum/Ceratosoma_trilobatum_img05.jpg,2048,1536,yes,yes,,yes,yes,not_started,not_reviewed,not_started,Research grade; whole animal clear and fully visible; colour pattern visible; natural background clear,698311393
Ceratosoma trilobatum,6,Ceratosoma_trilobatum_img06,candidate,iNaturalist,381619049,https://www.inaturalist.org/observations/381619049,CC-BY-NC-SA,Amber Lancaster (zvakanaka),2026/8/12,matched,raw_data/formal_images/Ceratosoma_trilobatum/Ceratosoma_trilobatum_img06.jpg,2048,1536,yes,yes,,yes,yes,not_started,not_reviewed,not_started,Research grade; whole animal clear and fully visible; colour pattern visible; natural background clear,698292218
Ceratosoma trilobatum,7,Ceratosoma_trilobatum_img07,candidate,iNaturalist,379672312,https://www.inaturalist.org/observations/379672312,CC-BY-NC,ctallo,2026/8/12,matched,raw_data/formal_images/Ceratosoma_trilobatum/Ceratosoma_trilobatum_img07.jpg,2048,2048,yes,yes,,yes,yes,not_started,not_reviewed,not_started,Research grade; whole animal clear and fully visible; colour pattern visible; natural background clear,694520092
Ceratosoma trilobatum,8,Ceratosoma_trilobatum_img08,candidate,iNaturalist,389949258,https://www.inaturalist.org/observations/389949258,CC-BY-NC,吳柏軒 (tylerwu583),2026/8/12,matched,raw_data/formal_images/Ceratosoma_trilobatum/Ceratosoma_trilobatum_img08.jpg,1024,768,yes,yes,,yes,yes,not_started,not_reviewed,not_started,Research grade; whole animal clear and fully visible; colour pattern visible; natural background clear,714345757
Ceratosoma trilobatum,9,Ceratosoma_trilobatum_img09,candidate,iNaturalist,377012669,https://www.inaturalist.org/observations/377012669,CC-BY-NC,chelmon_lol,2026/8/12,matched,raw_data/formal_images/Ceratosoma_trilobatum/Ceratosoma_trilobatum_img09.jpg,2048,1536,yes,yes,,yes,yes,not_started,not_reviewed,not_started,Research grade; whole animal clear and fully visible; colour pattern visible; natural background clear,689386993
Ceratosoma trilobatum,10,Ceratosoma_trilobatum_img10,candidate,iNaturalist,372159092,https://www.inaturalist.org/observations/372159092,CC-BY-NC,interstitial_human,2026/8/12,matched,raw_data/formal_images/Ceratosoma_trilobatum/Ceratosoma_trilobatum_img10.jpg,2048,1536,yes,yes,,yes,yes,not_started,not_reviewed,not_started,Research grade; whole animal clear and fully visible; colour pattern visible; natural background clear,680029389
Chromodoris elisabethina,1,Chromodoris_elisabethina_img01,candidate,iNaturalist,373443661,https://www.inaturalist.org/observations/373443661,CC-BY-NC,Natalie Scott (nataliescott),2026/8/12,matched,raw_data/formal_images/Chromodoris_elisabethina/Chromodoris_elisabethina_img01.jpg,2048,1536,yes,yes,,yes,yes,not_started,not_reviewed,not_started,Research grade; whole animal clear and fully visible; colour pattern visible; natural background clear,682482429
Chromodoris elisabethina,2,Chromodoris_elisabethina_img02,candidate,iNaturalist,364883713,https://www.inaturalist.org/observations/364883713,CC-BY-NC,adrenalin,2026/8/12,matched,raw_data/formal_images/Chromodoris_elisabethina/Chromodoris_elisabethina_img02.jpg,1536,2048,yes,yes,,yes,yes,not_started,not_reviewed,not_started,Research grade; whole animal clear and fully visible; colour pattern visible; natural background clear,666111026
Chromodoris elisabethina,3,Chromodoris_elisabethina_img03,candidate,iNaturalist,358537838,https://www.inaturalist.org/observations/358537838,CC-BY-NC,Claire Goiran (clairegoiran),2026/8/12,matched,raw_data/formal_images/Chromodoris_elisabethina/Chromodoris_elisabethina_img03.jpg,2041,2048,yes,yes,,yes,yes,not_started,not_reviewed,not_started,Research grade; whole animal clear and fully visible; colour pattern visible; natural background clear,654074648
Chromodoris elisabethina,4,Chromodoris_elisabethina_img04,candidate,iNaturalist,353227006,https://www.inaturalist.org/observations/353227006,CC-BY-NC,Claire Goiran (clairegoiran),2026/8/12,matched,raw_data/formal_images/Chromodoris_elisabethina/Chromodoris_elisabethina_img04.jpg,1382,1380,yes,yes,,yes,yes,not_started,not_reviewed,not_started,Research grade; whole animal clear and fully visible; colour pattern visible; natural background clear,644543607
Chromodoris elisabethina,5,Chromodoris_elisabethina_img05,candidate,iNaturalist,351054600,https://www.inaturalist.org/observations/351054600,CC-BY-NC,momaz,2026/8/12,matched,raw_data/formal_images/Chromodoris_elisabethina/Chromodoris_elisabethina_img05.jpg,2048,1536,yes,yes,,yes,yes,not_started,not_reviewed,not_started,Research grade; whole animal clear and fully visible; colour pattern visible; natural background clear,640581895
Chromodoris elisabethina,6,Chromodoris_elisabethina_img06,candidate,iNaturalist,351666925,https://www.inaturalist.org/observations/351666925,CC-BY-NC,afguemas,2026/8/12,matched,raw_data/formal_images/Chromodoris_elisabethina/Chromodoris_elisabethina_img06.jpg,2048,1495,yes,yes,,yes,yes,not_started,not_reviewed,not_started,Research grade; whole animal clear and fully visible; colour pattern visible; natural background clear,641781423
Chromodoris elisabethina,7,Chromodoris_elisabethina_img07,candidate,iNaturalist,349200911,https://www.inaturalist.org/observations/349200911,CC-BY-NC,Kelly-Anne Masterman (drkellyannemasterman),2026/8/12,matched,raw_data/formal_images/Chromodoris_elisabethina/Chromodoris_elisabethina_img07.jpg,2048,1365,yes,yes,,yes,yes,not_started,not_reviewed,not_started,Research grade; whole animal clear and fully visible; colour pattern visible; natural background clear,636977691
Chromodoris elisabethina,8,Chromodoris_elisabethina_img08,candidate,iNaturalist,348420971,https://www.inaturalist.org/observations/348420971,CC-BY-NC,kate_hill2002,2026/8/12,matched,raw_data/formal_images/Chromodoris_elisabethina/Chromodoris_elisabethina_img08.jpg,273,168,yes,yes,,yes,yes,not_started,not_reviewed,not_started,Research grade; whole animal clear and fully visible; colour pattern visible; natural background clear,635438619
Chromodoris elisabethina,9,Chromodoris_elisabethina_img09,candidate,iNaturalist,349703016,https://www.inaturalist.org/observations/349703016,CC-BY-NC,mbp349,2026/8/12,matched,raw_data/formal_images/Chromodoris_elisabethina/Chromodoris_elisabethina_img09.jpg,2048,1536,yes,yes,,yes,yes,not_started,not_reviewed,not_started,Research grade; whole animal clear and fully visible; colour pattern visible; natural background clear,637967862
Chromodoris elisabethina,10,Chromodoris_elisabethina_img10,candidate,iNaturalist,346350013,https://www.inaturalist.org/observations/346350013,CC-BY-NC-SA,陳致維 Chih-Wei Chen (divingsnake),2026/8/12,matched,raw_data/formal_images/Chromodoris_elisabethina/Chromodoris_elisabethina_img10.jpg,2048,1363,yes,yes,,yes,yes,not_started,not_reviewed,not_started,Research grade; whole animal clear and fully visible; colour pattern visible; natural background clear,631331184
Chromodoris kuiteri,1,Chromodoris_kuiteri_img01,candidate,iNaturalist,366956535,https://www.inaturalist.org/observations/366956535,CC-BY-NC,debiiem,2026/8/12,matched,raw_data/formal_images/Chromodoris_kuiteri/Chromodoris_kuiteri_img01.jpg,1536,2048,yes,yes,,yes,yes,not_started,not_reviewed,not_started,Research grade; whole animal clear and fully visible; colour pattern visible; natural background clear,670085651
Chromodoris kuiteri,2,Chromodoris_kuiteri_img02,candidate,iNaturalist,350761976,https://www.inaturalist.org/observations/350761976,CC-BY-NC,Kelly-Anne Masterman (drkellyannemasterman),2026/8/12,matched,raw_data/formal_images/Chromodoris_kuiteri/Chromodoris_kuiteri_img02.jpg,1638,2048,yes,yes,,yes,yes,not_started,not_reviewed,not_started,Research grade; whole animal clear and fully visible; colour pattern visible; natural background clear,640035158
Chromodoris kuiteri,3,Chromodoris_kuiteri_img03,candidate,iNaturalist,347204156,https://www.inaturalist.org/observations/347204156,CC-BY-NC,divercraig,2026/8/12,matched,raw_data/formal_images/Chromodoris_kuiteri/Chromodoris_kuiteri_img03.jpg,2048,1536,yes,yes,,yes,yes,not_started,not_reviewed,not_started,Research grade; whole animal clear and fully visible; colour pattern visible; natural background clear,633029078
Chromodoris kuiteri,4,Chromodoris_kuiteri_img04,candidate,iNaturalist,346380767,https://www.inaturalist.org/observations/346380767,CC-BY-NC-SA,陳致維 Chih-Wei Chen (divingsnake),2026/8/12,matched,raw_data/formal_images/Chromodoris_kuiteri/Chromodoris_kuiteri_img04.jpg,2048,1363,yes,yes,,yes,yes,not_started,not_reviewed,not_started,Research grade; whole animal clear and fully visible; colour pattern visible; natural background clear,631385672
Chromodoris kuiteri,5,Chromodoris_kuiteri_img05,candidate,iNaturalist,346350007,https://www.inaturalist.org/observations/346350007,CC-BY-NC-SA,陳致維 Chih-Wei Chen (divingsnake),2026/8/12,matched,raw_data/formal_images/Chromodoris_kuiteri/Chromodoris_kuiteri_img05.jpg,2048,1363,yes,yes,,yes,yes,not_started,not_reviewed,not_started,Research grade; whole animal clear and fully visible; colour pattern visible; natural background clear,631331149
Chromodoris kuiteri,6,Chromodoris_kuiteri_img06,candidate,iNaturalist,346957431,https://www.inaturalist.org/observations/346957431,CC-BY-NC,Rod Sleath (southcoastdiver),2026/8/12,matched,raw_data/formal_images/Chromodoris_kuiteri/Chromodoris_kuiteri_img06.jpg,1638,2048,yes,yes,,yes,yes,not_started,not_reviewed,not_started,Research grade; whole animal clear and fully visible; colour pattern visible; natural background clear,632535568
Chromodoris kuiteri,7,Chromodoris_kuiteri_img07,candidate,iNaturalist,340015171,https://www.inaturalist.org/observations/340015171,CC-BY-NC,Graham McMartin (grahammcm),2026/8/12,matched,raw_data/formal_images/Chromodoris_kuiteri/Chromodoris_kuiteri_img07.jpg,2048,1536,yes,yes,,yes,yes,not_started,not_reviewed,not_started,Research grade; whole animal clear and fully visible; colour pattern visible; natural background clear,618660306
Chromodoris kuiteri,8,Chromodoris_kuiteri_img08,candidate,iNaturalist,339860379,https://www.inaturalist.org/observations/339860379,CC-BY-NC,mattdowse,2026/8/12,matched,raw_data/formal_images/Chromodoris_kuiteri/Chromodoris_kuiteri_img08.jpg,1714,1200,yes,yes,,yes,yes,not_started,not_reviewed,not_started,Research grade; whole animal clear and fully visible; colour pattern visible; natural background clear,618344687
Chromodoris kuiteri,9,Chromodoris_kuiteri_img09,candidate,iNaturalist,336220731,https://www.inaturalist.org/observations/336220731,CC-BY-NC,nathan_fripp,2026/8/12,matched,raw_data/formal_images/Chromodoris_kuiteri/Chromodoris_kuiteri_img09.jpg,2048,1536,yes,yes,,yes,yes,not_started,not_reviewed,not_started,Research grade; whole animal clear and fully visible; colour pattern visible; natural background clear,610939072
Chromodoris kuiteri,10,Chromodoris_kuiteri_img10,candidate,iNaturalist,336184796,https://www.inaturalist.org/observations/336184796,CC-BY-NC,divercraig,2026/8/12,matched,raw_data/formal_images/Chromodoris_kuiteri/Chromodoris_kuiteri_img10.jpg,2048,1536,yes,yes,,yes,yes,not_started,not_reviewed,not_started,Research grade; whole animal clear and fully visible; colour pattern visible; natural background clear,610866645
Dendrodoris krusensternii (=denisoni),1,Dendrodoris_krusensternii_denisoni_img01,candidate,iNaturalist,389911921,https://www.inaturalist.org/observations/389911921,CC-BY-NC,Patrick (pburnham93),2026/8/12,matched,raw_data/formal_images/Dendrodoris_krusensternii_denisoni/Dendrodoris_krusensternii_denisoni_img01.jpg,1152,2048,yes,yes,,yes,yes,not_started,not_reviewed,not_started,Research grade; whole animal clear and fully visible; colour pattern visible; natural background clear,714273681
Dendrodoris krusensternii (=denisoni),2,Dendrodoris_krusensternii_denisoni_img02,candidate,iNaturalist,389201080,https://www.inaturalist.org/observations/389201080,CC-BY-NC,nudiobsessed,2026/8/12,matched,raw_data/formal_images/Dendrodoris_krusensternii_denisoni/Dendrodoris_krusensternii_denisoni_img02.jpg,1536,2048,yes,yes,,yes,yes,not_started,not_reviewed,not_started,Research grade; whole animal clear and fully visible; colour pattern visible; natural background clear,712886188
Dendrodoris krusensternii (=denisoni),3,Dendrodoris_krusensternii_denisoni_img03,candidate,iNaturalist,387776880,https://www.inaturalist.org/observations/387776880,CC0,Liam Clayton Media (liamclaytonmedia),2026/8/12,matched,raw_data/formal_images/Dendrodoris_krusensternii_denisoni/Dendrodoris_krusensternii_denisoni_img03.jpg,1561,2048,yes,yes,,yes,yes,not_started,not_reviewed,not_started,Research grade; whole animal clear and fully visible; colour pattern visible; natural background clear,710119772
Dendrodoris krusensternii (=denisoni),4,Dendrodoris_krusensternii_denisoni_img04,candidate,iNaturalist,387727096,https://www.inaturalist.org/observations/387727096,CC-BY-NC,"Ya-ju,lee (yajulee)",2026/8/12,matched,raw_data/formal_images/Dendrodoris_krusensternii_denisoni/Dendrodoris_krusensternii_denisoni_img04.jpg,1536,2048,yes,yes,,yes,yes,not_started,not_reviewed,not_started,Research grade; whole animal clear and fully visible; colour pattern visible; natural background clear,710021376
Dendrodoris krusensternii (=denisoni),5,Dendrodoris_krusensternii_denisoni_img05,candidate,iNaturalist,387417571,https://www.inaturalist.org/observations/387417571,CC0,Michael Burt (michael3069),2026/8/12,matched,raw_data/formal_images/Dendrodoris_krusensternii_denisoni/Dendrodoris_krusensternii_denisoni_img05.jpg,1536,2048,yes,yes,,yes,yes,not_started,not_reviewed,not_started,Research grade; whole animal clear and fully visible; colour pattern visible; natural background clear,709427137
Dendrodoris krusensternii (=denisoni),6,Dendrodoris_krusensternii_denisoni_img06,candidate,iNaturalist,386809907,https://www.inaturalist.org/observations/386809907,CC-BY-NC,Patrick (pburnham93),2026/8/12,matched,raw_data/formal_images/Dendrodoris_krusensternii_denisoni/Dendrodoris_krusensternii_denisoni_img06.jpg,1152,2048,yes,yes,,yes,yes,not_started,not_reviewed,not_started,Research grade; whole animal clear and fully visible; colour pattern visible; natural background clear,708260023
Dendrodoris krusensternii (=denisoni),7,Dendrodoris_krusensternii_denisoni_img07,candidate,iNaturalist,387445876,https://www.inaturalist.org/observations/387445876,CC-BY-NC,Joseph Knight (joknight_nz),2026/8/12,matched,raw_data/formal_images/Dendrodoris_krusensternii_denisoni/Dendrodoris_krusensternii_denisoni_img07.jpg,1536,2048,yes,yes,,yes,yes,not_started,not_reviewed,not_started,Research grade; whole animal clear and fully visible; colour pattern visible; natural background clear,709399093
Dendrodoris krusensternii (=denisoni),8,Dendrodoris_krusensternii_denisoni_img08,candidate,iNaturalist,386220880,https://www.inaturalist.org/observations/386220880,CC-BY-SA,Christopher Stephens (christopherstephens),2026/8/12,matched,raw_data/formal_images/Dendrodoris_krusensternii_denisoni/Dendrodoris_krusensternii_denisoni_img08.jpg,2048,1366,yes,yes,,yes,yes,not_started,not_reviewed,not_started,Research grade; whole animal clear and fully visible; colour pattern visible; natural background clear,707131672
Dendrodoris krusensternii (=denisoni),9,Dendrodoris_krusensternii_denisoni_img09,candidate,iNaturalist,387445849,https://www.inaturalist.org/observations/387445849,CC-BY-NC,Joseph Knight (joknight_nz),2026/8/12,matched,raw_data/formal_images/Dendrodoris_krusensternii_denisoni/Dendrodoris_krusensternii_denisoni_img09.jpg,1536,2048,yes,yes,,yes,yes,not_started,not_reviewed,not_started,Research grade; whole animal clear and fully visible; colour pattern visible; natural background clear,709378572
Dendrodoris krusensternii (=denisoni),10,Dendrodoris_krusensternii_denisoni_img10,candidate,iNaturalist,389544211,https://www.inaturalist.org/observations/389544211,CC-BY-SA,Christopher Stephens (christopherstephens),2026/8/12,matched,raw_data/formal_images/Dendrodoris_krusensternii_denisoni/Dendrodoris_krusensternii_denisoni_img10.jpg,2048,1366,yes,yes,,yes,yes,not_started,not_reviewed,not_started,Research grade; whole animal clear and fully visible; colour pattern visible; natural background clear,713121187
Dendrodoris nigra,1,Dendrodoris_nigra_img01,candidate,iNaturalist,390239736,https://www.inaturalist.org/observations/390239736,CC-BY-NC,penguingough,2026/8/12,matched,raw_data/formal_images/Dendrodoris_nigra/Dendrodoris_nigra_img01.jpg,1536,2048,yes,yes,,yes,yes,not_started,not_reviewed,not_started,Research grade; whole animal clear and fully visible; colour pattern visible; natural background clear,714914882
Dendrodoris nigra,2,Dendrodoris_nigra_img02,candidate,iNaturalist,389539467,https://www.inaturalist.org/observations/389539467,CC-BY-NC,Mitchell Roberts (mitchell2469),2026/8/12,matched,raw_data/formal_images/Dendrodoris_nigra/Dendrodoris_nigra_img02.jpg,1536,2048,yes,yes,,yes,yes,not_started,not_reviewed,not_started,Research grade; whole animal clear and fully visible; colour pattern visible; natural background clear,713541356
Dendrodoris nigra,3,Dendrodoris_nigra_img03,candidate,iNaturalist,388674665,https://www.inaturalist.org/observations/388674665,CC-BY-NC,Meg Cummins (meg71850),2026/8/12,matched,raw_data/formal_images/Dendrodoris_nigra/Dendrodoris_nigra_img03.jpg,1024,768,yes,yes,,yes,yes,not_started,not_reviewed,not_started,Research grade; whole animal clear and fully visible; colour pattern visible; natural background clear,711883389
Dendrodoris nigra,4,Dendrodoris_nigra_img04,candidate,iNaturalist,388732121,https://www.inaturalist.org/observations/388732121,CC-BY-NC,Floris P (serranusscriba),2026/8/12,matched,raw_data/formal_images/Dendrodoris_nigra/Dendrodoris_nigra_img04.jpg,2048,1536,yes,yes,,yes,yes,not_started,not_reviewed,not_started,Research grade; whole animal clear and fully visible; colour pattern visible; natural background clear,711993513
Dendrodoris nigra,5,Dendrodoris_nigra_img05,candidate,iNaturalist,387432567,https://www.inaturalist.org/observations/387432567,CC-BY-NC,Mike Kilburn (mikekilburn98),2026/8/12,matched,raw_data/formal_images/Dendrodoris_nigra/Dendrodoris_nigra_img05.jpg,2048,1461,yes,yes,,yes,yes,not_started,not_reviewed,not_started,Research grade; whole animal clear and fully visible; colour pattern visible; natural background clear,709456477
Dendrodoris nigra,6,Dendrodoris_nigra_img06,candidate,iNaturalist,386791950,https://www.inaturalist.org/observations/386791950,CC-BY-NC,kchris1,2026/8/12,matched,raw_data/formal_images/Dendrodoris_nigra/Dendrodoris_nigra_img06.jpg,2048,1814,yes,yes,,yes,yes,not_started,not_reviewed,not_started,Research grade; whole animal clear and fully visible; colour pattern visible; natural background clear,708223614
Dendrodoris nigra,7,Dendrodoris_nigra_img07,candidate,iNaturalist,387669721,https://www.inaturalist.org/observations/387669721,CC-BY-NC,Alfred Turner (worthyfool),2026/8/12,matched,raw_data/formal_images/Dendrodoris_nigra/Dendrodoris_nigra_img07.jpg,2048,1536,yes,yes,,yes,yes,not_started,not_reviewed,not_started,Research grade; whole animal clear and fully visible; colour pattern visible; natural background clear,709910073
Dendrodoris nigra,8,Dendrodoris_nigra_img08,candidate,iNaturalist,386810515,https://www.inaturalist.org/observations/386810515,CC-BY-NC,Patrick (pburnham93),2026/8/12,matched,raw_data/formal_images/Dendrodoris_nigra/Dendrodoris_nigra_img08.jpg,1152,2048,yes,yes,,yes,yes,not_started,not_reviewed,not_started,Research grade; whole animal clear and fully visible; colour pattern visible; natural background clear,708261319
Dendrodoris nigra,9,Dendrodoris_nigra_img09,candidate,iNaturalist,386810725,https://www.inaturalist.org/observations/386810725,CC-BY-NC,Patrick (pburnham93),2026/8/12,matched,raw_data/formal_images/Dendrodoris_nigra/Dendrodoris_nigra_img09.jpg,2048,1152,yes,yes,,yes,yes,not_started,not_reviewed,not_started,Research grade; whole animal clear and fully visible; colour pattern visible; natural background clear,708261779
Dendrodoris nigra,10,Dendrodoris_nigra_img10,candidate,iNaturalist,386206976,https://www.inaturalist.org/observations/386206976,CC-BY-NC,Kat (katchristian),2026/8/12,matched,raw_data/formal_images/Dendrodoris_nigra/Dendrodoris_nigra_img10.jpg,1536,2048,yes,yes,,yes,yes,not_started,not_reviewed,not_started,Research grade; whole animal clear and fully visible; colour pattern visible; natural background clear,707107802
Dendrodoris tuberculosa,1,Dendrodoris_tuberculosa_img01,candidate,iNaturalist,356756779,https://www.inaturalist.org/observations/356756779,CC-BY-NC,Olie Turner III (olieturner3),2026/8/12,matched,raw_data/formal_images/Dendrodoris_tuberculosa/Dendrodoris_tuberculosa_img01.jpg,2048,1536,yes,yes,,yes,yes,not_started,not_reviewed,not_started,Research grade; whole animal clear and fully visible; colour pattern visible; natural background clear,650621893
Dendrodoris tuberculosa,2,Dendrodoris_tuberculosa_img02,candidate,iNaturalist,356801836,https://www.inaturalist.org/observations/356801836,CC-BY-NC,werwer99,2026/8/12,matched,raw_data/formal_images/Dendrodoris_tuberculosa/Dendrodoris_tuberculosa_img02.jpg,2048,1719,yes,yes,,yes,yes,not_started,not_reviewed,not_started,Research grade; whole animal clear and fully visible; colour pattern visible; natural background clear,650701715
Dendrodoris tuberculosa,3,Dendrodoris_tuberculosa_img03,candidate,iNaturalist,351600026,https://www.inaturalist.org/observations/351600026,CC-BY-NC,exploring_the_world,2026/8/12,matched,raw_data/formal_images/Dendrodoris_tuberculosa/Dendrodoris_tuberculosa_img03.jpg,1536,2048,yes,yes,,yes,yes,not_started,not_reviewed,not_started,Research grade; whole animal clear and fully visible; colour pattern visible; natural background clear,641646896
Dendrodoris tuberculosa,4,Dendrodoris_tuberculosa_img04,candidate,iNaturalist,350734675,https://www.inaturalist.org/observations/350734675,CC-BY-NC,gillianjb,2026/8/12,matched,raw_data/formal_images/Dendrodoris_tuberculosa/Dendrodoris_tuberculosa_img04.jpg,2048,1416,yes,yes,,yes,yes,not_started,not_reviewed,not_started,Research grade; whole animal clear and fully visible; colour pattern visible; natural background clear,639985001
Dendrodoris tuberculosa,5,Dendrodoris_tuberculosa_img05,candidate,iNaturalist,342789196,https://www.inaturalist.org/observations/342789196,CC-BY-NC,Amaury Durbano (adurbano),2026/8/12,matched,raw_data/formal_images/Dendrodoris_tuberculosa/Dendrodoris_tuberculosa_img05.jpg,2048,1365,yes,yes,,yes,yes,not_started,not_reviewed,not_started,Research grade; whole animal clear and fully visible; colour pattern visible; natural background clear,624287019
Dendrodoris tuberculosa,6,Dendrodoris_tuberculosa_img06,candidate,iNaturalist,335221200,https://www.inaturalist.org/observations/335221200,CC-BY-NC,Marleen Schouten (nijntje51),2026/8/12,matched,raw_data/formal_images/Dendrodoris_tuberculosa/Dendrodoris_tuberculosa_img06.jpg,2048,1155,yes,yes,,yes,yes,not_started,not_reviewed,not_started,Research grade; whole animal clear and fully visible; colour pattern visible; natural background clear,608905910
Dendrodoris tuberculosa,7,Dendrodoris_tuberculosa_img07,candidate,iNaturalist,333360458,https://www.inaturalist.org/observations/333360458,CC-BY-NC,Olie Turner III (olieturner3),2026/8/12,matched,raw_data/formal_images/Dendrodoris_tuberculosa/Dendrodoris_tuberculosa_img07.jpg,2048,1536,yes,yes,,yes,yes,not_started,not_reviewed,not_started,Research grade; whole animal clear and fully visible; colour pattern visible; natural background clear,605198091
Dendrodoris tuberculosa,8,Dendrodoris_tuberculosa_img08,candidate,iNaturalist,333280819,https://www.inaturalist.org/observations/333280819,CC-BY-NC,Bobby Brittingham (birdguybob),2026/8/12,matched,raw_data/formal_images/Dendrodoris_tuberculosa/Dendrodoris_tuberculosa_img08.jpg,946,2048,yes,yes,,yes,yes,not_started,not_reviewed,not_started,Research grade; whole animal clear and fully visible; colour pattern visible; natural background clear,605036824
Dendrodoris tuberculosa,9,Dendrodoris_tuberculosa_img09,candidate,iNaturalist,334471050,https://www.inaturalist.org/observations/334471050,CC-BY-NC,Madeline Kelly (madelineaky),2026/8/12,matched,raw_data/formal_images/Dendrodoris_tuberculosa/Dendrodoris_tuberculosa_img09.jpg,1206,1528,yes,yes,,yes,yes,not_started,not_reviewed,not_started,Research grade; whole animal clear and fully visible; colour pattern visible; natural background clear,607407481
Dendrodoris tuberculosa,10,Dendrodoris_tuberculosa_img10,candidate,iNaturalist,333534578,https://www.inaturalist.org/observations/333534578,CC-BY-NC,Rowan Willow (ro_z05),2026/8/12,matched,raw_data/formal_images/Dendrodoris_tuberculosa/Dendrodoris_tuberculosa_img10.jpg,1206,1884,yes,yes,,yes,yes,not_started,not_reviewed,not_started,Research grade; whole animal clear and fully visible; colour pattern visible; natural background clear,605550594
Glossodoris hikuerensis,1,Glossodoris_hikuerensis_img01,candidate,iNaturalist,384241405,https://www.inaturalist.org/observations/384241405,CC-BY-NC,ctallo,2026/8/12,matched,raw_data/formal_images/Glossodoris_hikuerensis/Glossodoris_hikuerensis_img01.jpg,2048,2048,yes,yes,,yes,yes,not_started,not_reviewed,not_started,Research grade; whole animal clear and fully visible; colour pattern visible; natural background clear,703336652
Glossodoris hikuerensis,2,Glossodoris_hikuerensis_img02,candidate,iNaturalist,383114363,https://www.inaturalist.org/observations/383114363,CC-BY-NC,Paul Sorensen (paul_isotope),2026/8/12,matched,raw_data/formal_images/Glossodoris_hikuerensis/Glossodoris_hikuerensis_img02.jpg,2048,1429,yes,yes,,yes,yes,not_started,not_reviewed,not_started,Research grade; whole animal clear and fully visible; colour pattern visible; natural background clear,701158294
Glossodoris hikuerensis,3,Glossodoris_hikuerensis_img03,candidate,iNaturalist,380984102,https://www.inaturalist.org/observations/380984102,CC-BY-NC,ctallo,2026/8/12,matched,raw_data/formal_images/Glossodoris_hikuerensis/Glossodoris_hikuerensis_img03.jpg,2048,1366,yes,yes,,yes,yes,not_started,not_reviewed,not_started,Research grade; whole animal clear and fully visible; colour pattern visible; natural background clear,697062425
Glossodoris hikuerensis,4,Glossodoris_hikuerensis_img04,candidate,iNaturalist,373917085,https://www.inaturalist.org/observations/373917085,CC-BY-NC,Malte Sellin (maltesellin),2026/8/12,matched,raw_data/formal_images/Glossodoris_hikuerensis/Glossodoris_hikuerensis_img04.jpg,2048,1536,yes,yes,,yes,yes,not_started,not_reviewed,not_started,Research grade; whole animal clear and fully visible; colour pattern visible; natural background clear,683395576
Glossodoris hikuerensis,5,Glossodoris_hikuerensis_img05,candidate,iNaturalist,357883327,https://www.inaturalist.org/observations/357883327,CC-BY-NC,Steve Cappell (scappell),2026/8/12,matched,raw_data/formal_images/Glossodoris_hikuerensis/Glossodoris_hikuerensis_img05.jpg,2048,1366,yes,yes,,yes,yes,not_started,not_reviewed,not_started,Research grade; whole animal clear and fully visible; colour pattern visible; natural background clear,652790189
Glossodoris hikuerensis,6,Glossodoris_hikuerensis_img06,candidate,iNaturalist,347982311,https://www.inaturalist.org/observations/347982311,CC-BY-NC,Keith Willmott (kwillmott),2026/8/12,matched,raw_data/formal_images/Glossodoris_hikuerensis/Glossodoris_hikuerensis_img06.jpg,2048,1340,yes,yes,,yes,yes,not_started,not_reviewed,not_started,Research grade; whole animal clear and fully visible; colour pattern visible; natural background clear,634570797
Glossodoris hikuerensis,7,Glossodoris_hikuerensis_img07,candidate,iNaturalist,345877193,https://www.inaturalist.org/observations/345877193,CC-BY-NC,rudi f (rudif),2026/8/12,matched,raw_data/formal_images/Glossodoris_hikuerensis/Glossodoris_hikuerensis_img07.jpg,2000,1500,yes,yes,,yes,yes,not_started,not_reviewed,not_started,Research grade; whole animal clear and fully visible; colour pattern visible; natural background clear,630400425
Glossodoris hikuerensis,8,Glossodoris_hikuerensis_img08,candidate,iNaturalist,344390758,https://www.inaturalist.org/observations/344390758,CC-BY-NC,callumo23,2026/8/12,matched,raw_data/formal_images/Glossodoris_hikuerensis/Glossodoris_hikuerensis_img08.jpg,2048,1536,yes,yes,,yes,yes,not_started,not_reviewed,not_started,Research grade; whole animal clear and fully visible; colour pattern visible; natural background clear,627498003
Glossodoris hikuerensis,9,Glossodoris_hikuerensis_img09,candidate,iNaturalist,343155504,https://www.inaturalist.org/observations/343155504,CC-BY-SA,Ewout Knoester (ewoutknoester),2026/8/12,matched,raw_data/formal_images/Glossodoris_hikuerensis/Glossodoris_hikuerensis_img09.jpg,2048,1536,yes,yes,,yes,yes,not_started,not_reviewed,not_started,Research grade; whole animal clear and fully visible; colour pattern visible; natural background clear,625025318
Glossodoris hikuerensis,10,Glossodoris_hikuerensis_img10,candidate,iNaturalist,377664272,https://www.inaturalist.org/observations/377664272,CC-BY-NC,Hamadi Mwamlavya (mwamlavya),2026/8/12,matched,raw_data/formal_images/Glossodoris_hikuerensis/Glossodoris_hikuerensis_img10.jpg,1080,1440,yes,yes,,yes,yes,not_started,not_reviewed,not_started,Research grade; whole animal clear and fully visible; colour pattern visible; natural background clear,690652165
Goniobranchus collingwoodi,1,Goniobranchus_collingwoodi_img01,candidate,iNaturalist,371867404,https://www.inaturalist.org/observations/371867404,CC-BY-NC,cr1970,2026/8/12,matched,raw_data/formal_images/Goniobranchus_collingwoodi/Goniobranchus_collingwoodi_img01.jpg,2048,1536,yes,yes,,yes,yes,not_started,not_reviewed,not_started,Research grade; whole animal clear and fully visible; colour pattern visible; natural background clear,679464067
Goniobranchus collingwoodi,2,Goniobranchus_collingwoodi_img02,candidate,iNaturalist,370828695,https://www.inaturalist.org/observations/370828695,CC-BY-NC,cr1970,2026/8/12,matched,raw_data/formal_images/Goniobranchus_collingwoodi/Goniobranchus_collingwoodi_img02.jpg,2048,1536,yes,yes,,yes,yes,not_started,not_reviewed,not_started,Research grade; whole animal clear and fully visible; colour pattern visible; natural background clear,677490599
Goniobranchus collingwoodi,3,Goniobranchus_collingwoodi_img03,candidate,iNaturalist,374320309,https://www.inaturalist.org/observations/374320309,CC-BY-NC,Lionel Goh (lionel10933),2026/8/12,matched,raw_data/formal_images/Goniobranchus_collingwoodi/Goniobranchus_collingwoodi_img03.jpg,2048,1536,yes,yes,,yes,yes,not_started,not_reviewed,not_started,Research grade; whole animal clear and fully visible; colour pattern visible; natural background clear,684171469
Goniobranchus collingwoodi,4,Goniobranchus_collingwoodi_img04,candidate,iNaturalist,340557161,https://www.inaturalist.org/observations/340557161,CC-BY-NC,Franca Wermuth (franca2020),2026/8/12,matched,raw_data/formal_images/Goniobranchus_collingwoodi/Goniobranchus_collingwoodi_img04.jpg,2048,1536,yes,yes,,yes,yes,not_started,not_reviewed,not_started,Research grade; whole animal clear and fully visible; colour pattern visible; natural background clear,619768717
Goniobranchus collingwoodi,5,Goniobranchus_collingwoodi_img05,candidate,iNaturalist,333125904,https://www.inaturalist.org/observations/333125904,CC-BY-NC,carissr,2026/8/12,matched,raw_data/formal_images/Goniobranchus_collingwoodi/Goniobranchus_collingwoodi_img05.jpg,2048,1365,yes,yes,,yes,yes,not_started,not_reviewed,not_started,Research grade; whole animal clear and fully visible; colour pattern visible; natural background clear,604724038
Goniobranchus collingwoodi,6,Goniobranchus_collingwoodi_img06,candidate,iNaturalist,331494771,https://www.inaturalist.org/observations/331494771,CC-BY-NC,Tom Davis (tom_davis),2026/8/12,matched,raw_data/formal_images/Goniobranchus_collingwoodi/Goniobranchus_collingwoodi_img06.jpg,1366,2048,yes,yes,,yes,yes,not_started,not_reviewed,not_started,Research grade; whole animal clear and fully visible; colour pattern visible; natural background clear,601379558
Goniobranchus collingwoodi,7,Goniobranchus_collingwoodi_img07,candidate,iNaturalist,332210697,https://www.inaturalist.org/observations/332210697,CC-BY-NC,meryllarkin,2026/8/12,matched,raw_data/formal_images/Goniobranchus_collingwoodi/Goniobranchus_collingwoodi_img07.jpg,952,787,yes,yes,,yes,yes,not_started,not_reviewed,not_started,Research grade; whole animal clear and fully visible; colour pattern visible; natural background clear,602842291
Goniobranchus collingwoodi,8,Goniobranchus_collingwoodi_img08,candidate,iNaturalist,332570445,https://www.inaturalist.org/observations/332570445,CC-BY-NC,asho,2026/8/12,matched,raw_data/formal_images/Goniobranchus_collingwoodi/Goniobranchus_collingwoodi_img08.jpg,1192,840,yes,yes,,yes,yes,not_started,not_reviewed,not_started,Research grade; whole animal clear and fully visible; colour pattern visible; natural background clear,603585459
Goniobranchus collingwoodi,9,Goniobranchus_collingwoodi_img09,candidate,iNaturalist,331365305,https://www.inaturalist.org/observations/331365305,CC-BY-NC,drmattnimbs,2026/8/12,matched,raw_data/formal_images/Goniobranchus_collingwoodi/Goniobranchus_collingwoodi_img09.jpg,2048,1536,yes,yes,,yes,yes,not_started,not_reviewed,not_started,Research grade; whole animal clear and fully visible; colour pattern visible; natural background clear,601110353
Goniobranchus collingwoodi,10,Goniobranchus_collingwoodi_img10,candidate,iNaturalist,331262680,https://www.inaturalist.org/observations/331262680,CC-BY-NC,David Harasti (daveharasti),2026/8/12,matched,raw_data/formal_images/Goniobranchus_collingwoodi/Goniobranchus_collingwoodi_img10.jpg,700,1050,yes,yes,,yes,yes,not_started,not_reviewed,not_started,Research grade; whole animal clear and fully visible; colour pattern visible; natural background clear,600897120
Goniobranchus daphne,1,Goniobranchus_daphne_img01,candidate,iNaturalist,388128935,https://www.inaturalist.org/observations/388128935,CC-BY-NC,mashalevene,2026/8/12,matched,raw_data/formal_images/Goniobranchus_daphne/Goniobranchus_daphne_img01.jpg,2048,1536,yes,yes,,yes,yes,not_started,not_reviewed,not_started,Research grade; whole animal clear and fully visible; colour pattern visible; natural background clear,710815828
Goniobranchus daphne,2,Goniobranchus_daphne_img02,candidate,iNaturalist,388130272,https://www.inaturalist.org/observations/388130272,CC-BY-NC,mashalevene,2026/8/12,matched,raw_data/formal_images/Goniobranchus_daphne/Goniobranchus_daphne_img02.jpg,2048,1536,yes,yes,,yes,yes,not_started,not_reviewed,not_started,Research grade; whole animal clear and fully visible; colour pattern visible; natural background clear,710818238
Goniobranchus daphne,3,Goniobranchus_daphne_img03,candidate,iNaturalist,378335162,https://www.inaturalist.org/observations/378335162,CC-BY-NC,Kelly-Anne Masterman (drkellyannemasterman),2026/8/12,matched,raw_data/formal_images/Goniobranchus_daphne/Goniobranchus_daphne_img03.jpg,1638,2048,yes,yes,,yes,yes,not_started,not_reviewed,not_started,Research grade; whole animal clear and fully visible; colour pattern visible; natural background clear,691939661
Goniobranchus daphne,4,Goniobranchus_daphne_img04,candidate,iNaturalist,376088043,https://www.inaturalist.org/observations/376088043,CC-BY-NC,ullie,2026/8/12,matched,raw_data/formal_images/Goniobranchus_daphne/Goniobranchus_daphne_img04.jpg,2048,1536,yes,yes,,yes,yes,not_started,not_reviewed,not_started,Research grade; whole animal clear and fully visible; colour pattern visible; natural background clear,687605106
Goniobranchus daphne,5,Goniobranchus_daphne_img05,candidate,iNaturalist,370463841,https://www.inaturalist.org/observations/370463841,CC-BY-NC,Cara S (cara59264),2026/8/12,matched,raw_data/formal_images/Goniobranchus_daphne/Goniobranchus_daphne_img05.jpg,2048,1535,yes,yes,,yes,yes,not_started,not_reviewed,not_started,Research grade; whole animal clear and fully visible; colour pattern visible; natural background clear,676770947
Goniobranchus daphne,6,Goniobranchus_daphne_img06,candidate,iNaturalist,367582756,https://www.inaturalist.org/observations/367582756,CC-BY-NC,Hiroya Kidoguchi (riki_paleatus),2026/8/12,matched,raw_data/formal_images/Goniobranchus_daphne/Goniobranchus_daphne_img06.jpg,2048,1536,yes,yes,,yes,yes,not_started,not_reviewed,not_started,Research grade; whole animal clear and fully visible; colour pattern visible; natural background clear,671293805
Goniobranchus daphne,7,Goniobranchus_daphne_img07,candidate,iNaturalist,360477265,https://www.inaturalist.org/observations/360477265,CC-BY-NC,Tony Strazzari (tonydiver),2026/8/12,matched,raw_data/formal_images/Goniobranchus_daphne/Goniobranchus_daphne_img07.jpg,2048,1436,yes,yes,,yes,yes,not_started,not_reviewed,not_started,Research grade; whole animal clear and fully visible; colour pattern visible; natural background clear,657770025
Goniobranchus daphne,8,Goniobranchus_daphne_img08,candidate,iNaturalist,354179050,https://www.inaturalist.org/observations/354179050,CC-BY-NC,kaz_dives,2026/8/12,matched,raw_data/formal_images/Goniobranchus_daphne/Goniobranchus_daphne_img08.jpg,1063,798,yes,yes,,yes,yes,not_started,not_reviewed,not_started,Research grade; whole animal clear and fully visible; colour pattern visible; natural background clear,646164430
Goniobranchus daphne,9,Goniobranchus_daphne_img09,candidate,iNaturalist,347753486,https://www.inaturalist.org/observations/347753486,CC-BY-NC,kaz_dives,2026/8/12,matched,raw_data/formal_images/Goniobranchus_daphne/Goniobranchus_daphne_img09.jpg,1063,797,yes,yes,,yes,yes,not_started,not_reviewed,not_started,Research grade; whole animal clear and fully visible; colour pattern visible; natural background clear,634118601
Goniobranchus daphne,10,Goniobranchus_daphne_img10,candidate,iNaturalist,350249694,https://www.inaturalist.org/observations/350249694,CC-BY-NC,ricebowlllllllll,2026/8/12,matched,raw_data/formal_images/Goniobranchus_daphne/Goniobranchus_daphne_img10.jpg,2048,1536,yes,yes,,yes,yes,not_started,not_reviewed,not_started,Research grade; whole animal clear and fully visible; colour pattern visible; natural background clear,639033027
Goniobranchus splendidus,1,Goniobranchus_splendidus_img01,candidate,iNaturalist,387099756,https://www.inaturalist.org/observations/387099756,CC-BY-NC,kaz_dives,2026/8/12,matched,raw_data/formal_images/Goniobranchus_splendidus/Goniobranchus_splendidus_img01.jpg,1063,797,yes,yes,,yes,yes,not_started,not_reviewed,not_started,Research grade; whole animal clear and fully visible; colour pattern visible; natural background clear,708810588
Goniobranchus splendidus,2,Goniobranchus_splendidus_img02,candidate,iNaturalist,386792278,https://www.inaturalist.org/observations/386792278,CC-BY-NC,kchris1,2026/8/12,matched,raw_data/formal_images/Goniobranchus_splendidus/Goniobranchus_splendidus_img02.jpg,1536,2048,yes,yes,,yes,yes,not_started,not_reviewed,not_started,Research grade; whole animal clear and fully visible; colour pattern visible; natural background clear,708224440
Goniobranchus splendidus,3,Goniobranchus_splendidus_img03,candidate,iNaturalist,386184602,https://www.inaturalist.org/observations/386184602,CC-BY-NC,rickdicksonbattye,2026/8/12,matched,raw_data/formal_images/Goniobranchus_splendidus/Goniobranchus_splendidus_img03.jpg,2048,1536,yes,yes,,yes,yes,not_started,not_reviewed,not_started,Research grade; whole animal clear and fully visible; colour pattern visible; natural background clear,707066445
Goniobranchus splendidus,4,Goniobranchus_splendidus_img04,candidate,iNaturalist,385539366,https://www.inaturalist.org/observations/385539366,CC-BY-NC,Rod Sleath (southcoastdiver),2026/8/12,matched,raw_data/formal_images/Goniobranchus_splendidus/Goniobranchus_splendidus_img04.jpg,1638,2048,yes,yes,,yes,yes,not_started,not_reviewed,not_started,Research grade; whole animal clear and fully visible; colour pattern visible; natural background clear,705821351
Goniobranchus splendidus,5,Goniobranchus_splendidus_img05,candidate,iNaturalist,384806557,https://www.inaturalist.org/observations/384806557,CC-BY-NC,kaz_dives,2026/8/12,matched,raw_data/formal_images/Goniobranchus_splendidus/Goniobranchus_splendidus_img05.jpg,1063,798,yes,yes,,yes,yes,not_started,not_reviewed,not_started,Research grade; whole animal clear and fully visible; colour pattern visible; natural background clear,704435063
Goniobranchus splendidus,6,Goniobranchus_splendidus_img06,candidate,iNaturalist,382257731,https://www.inaturalist.org/observations/382257731,CC-BY-NC,sarahjanee7,2026/8/12,matched,raw_data/formal_images/Goniobranchus_splendidus/Goniobranchus_splendidus_img06.jpg,2048,1536,yes,yes,,yes,yes,not_started,not_reviewed,not_started,Research grade; whole animal clear and fully visible; colour pattern visible; natural background clear,699530362
Goniobranchus splendidus,7,Goniobranchus_splendidus_img07,candidate,iNaturalist,377658296,https://www.inaturalist.org/observations/377658296,CC-BY-NC,Mike Jones (mikejonesdive),2026/8/12,matched,raw_data/formal_images/Goniobranchus_splendidus/Goniobranchus_splendidus_img07.jpg,2048,1638,yes,yes,,yes,yes,not_started,not_reviewed,not_started,Research grade; whole animal clear and fully visible; colour pattern visible; natural background clear,690639648
Goniobranchus splendidus,8,Goniobranchus_splendidus_img08,candidate,iNaturalist,376140203,https://www.inaturalist.org/observations/376140203,CC-BY,Bryce Watts-Parker (brycewattsparker),2026/8/12,matched,raw_data/formal_images/Goniobranchus_splendidus/Goniobranchus_splendidus_img08.jpg,2048,1536,yes,yes,,yes,yes,not_started,not_reviewed,not_started,Research grade; whole animal clear and fully visible; colour pattern visible; natural background clear,687707027
Goniobranchus splendidus,9,Goniobranchus_splendidus_img09,candidate,iNaturalist,376088927,https://www.inaturalist.org/observations/376088927,CC-BY-NC,ullie,2026/8/12,matched,raw_data/formal_images/Goniobranchus_splendidus/Goniobranchus_splendidus_img09.jpg,2048,1536,yes,yes,,yes,yes,not_started,not_reviewed,not_started,Research grade; whole animal clear and fully visible; colour pattern visible; natural background clear,687606878
Goniobranchus splendidus,10,Goniobranchus_splendidus_img10,candidate,iNaturalist,372144302,https://www.inaturalist.org/observations/372144302,CC-BY-NC,Rod Sleath (southcoastdiver),2026/8/12,matched,raw_data/formal_images/Goniobranchus_splendidus/Goniobranchus_splendidus_img10.jpg,1250,1563,yes,yes,,yes,yes,not_started,not_reviewed,not_started,Research grade; whole animal clear and fully visible; colour pattern visible; natural background clear,680001814
Goniobranchus tasmaniensis,1,Goniobranchus_tasmaniensis_img01,candidate,iNaturalist,381285654,https://www.inaturalist.org/observations/381285654,CC-BY-NC,hurlza95,2026/8/12,matched,raw_data/formal_images/Goniobranchus_tasmaniensis/Goniobranchus_tasmaniensis_img01.jpg,2048,1996,yes,yes,,yes,yes,not_started,not_reviewed,not_started,Research grade; whole animal clear and fully visible; colour pattern visible; natural background clear,697648504
Goniobranchus tasmaniensis,2,Goniobranchus_tasmaniensis_img02,candidate,iNaturalist,361958282,https://www.inaturalist.org/observations/361958282,CC-BY-NC,Nick Shaw (nickoshaw),2026/8/12,matched,raw_data/formal_images/Goniobranchus_tasmaniensis/Goniobranchus_tasmaniensis_img02.jpg,2048,1536,yes,yes,,yes,yes,not_started,not_reviewed,not_started,Research grade; whole animal clear and fully visible; colour pattern visible; natural background clear,660605796
Goniobranchus tasmaniensis,3,Goniobranchus_tasmaniensis_img03,candidate,iNaturalist,361889932,https://www.inaturalist.org/observations/361889932,CC-BY-NC,Ian Scholey (ianscholey1),2026/8/12,matched,raw_data/formal_images/Goniobranchus_tasmaniensis/Goniobranchus_tasmaniensis_img03.jpg,2048,1365,yes,yes,,yes,yes,not_started,not_reviewed,not_started,Research grade; whole animal clear and fully visible; colour pattern visible; natural background clear,660482611
Goniobranchus tasmaniensis,4,Goniobranchus_tasmaniensis_img04,candidate,iNaturalist,336777281,https://www.inaturalist.org/observations/336777281,CC-BY-NC,hollybaird79,2026/8/12,matched,raw_data/formal_images/Goniobranchus_tasmaniensis/Goniobranchus_tasmaniensis_img04.jpg,2048,1536,yes,yes,,yes,yes,not_started,not_reviewed,not_started,Research grade; whole animal clear and fully visible; colour pattern visible; natural background clear,612071122
Goniobranchus tasmaniensis,5,Goniobranchus_tasmaniensis_img05,candidate,iNaturalist,334059425,https://www.inaturalist.org/observations/334059425,CC-BY-NC,Rod Sleath (southcoastdiver),2026/8/12,matched,raw_data/formal_images/Goniobranchus_tasmaniensis/Goniobranchus_tasmaniensis_img05.jpg,2048,2048,yes,yes,,yes,yes,not_started,not_reviewed,not_started,Research grade; whole animal clear and fully visible; colour pattern visible; natural background clear,606569041
Goniobranchus tasmaniensis,6,Goniobranchus_tasmaniensis_img06,candidate,iNaturalist,332610475,https://www.inaturalist.org/observations/332610475,CC-BY-NC,emgee4,2026/8/12,matched,raw_data/formal_images/Goniobranchus_tasmaniensis/Goniobranchus_tasmaniensis_img06.jpg,1410,1880,yes,yes,,yes,yes,not_started,not_reviewed,not_started,Research grade; whole animal clear and fully visible; colour pattern visible; natural background clear,603666531
Goniobranchus tasmaniensis,7,Goniobranchus_tasmaniensis_img07,candidate,iNaturalist,331386891,https://www.inaturalist.org/observations/331386891,CC-BY-NC,Mike Jones (mikejonesdive),2026/8/12,matched,raw_data/formal_images/Goniobranchus_tasmaniensis/Goniobranchus_tasmaniensis_img07.jpg,2048,1536,yes,yes,,yes,yes,not_started,not_reviewed,not_started,Research grade; whole animal clear and fully visible; colour pattern visible; natural background clear,601155899
Goniobranchus tasmaniensis,8,Goniobranchus_tasmaniensis_img08,candidate,iNaturalist,330155399,https://www.inaturalist.org/observations/330155399,CC-BY-NC,Tom Mayo (thomasmayo),2026/8/12,matched,raw_data/formal_images/Goniobranchus_tasmaniensis/Goniobranchus_tasmaniensis_img08.jpg,2048,1536,yes,yes,,yes,yes,not_started,not_reviewed,not_started,Research grade; whole animal clear and fully visible; colour pattern visible; natural background clear,598620039
Goniobranchus tasmaniensis,9,Goniobranchus_tasmaniensis_img09,candidate,iNaturalist,320757073,https://www.inaturalist.org/observations/320757073,CC-BY-NC,Ian Scholey (ianscholey1),2026/8/12,matched,raw_data/formal_images/Goniobranchus_tasmaniensis/Goniobranchus_tasmaniensis_img09.jpg,2048,1365,yes,yes,,yes,yes,not_started,not_reviewed,not_started,Research grade; whole animal clear and fully visible; colour pattern visible; natural background clear,579990029
Goniobranchus tasmaniensis,10,Goniobranchus_tasmaniensis_img10,candidate,iNaturalist,320826395,https://www.inaturalist.org/observations/320826395,CC-BY-NC,Nick Shaw (nickoshaw),2026/8/12,matched,raw_data/formal_images/Goniobranchus_tasmaniensis/Goniobranchus_tasmaniensis_img10.jpg,2048,1536,yes,yes,,yes,yes,not_started,not_reviewed,not_started,Research grade; whole animal clear and fully visible; colour pattern visible; natural background clear,580123018
Goniobranchus tinctorius,1,Goniobranchus_tinctorius_img01,candidate,iNaturalist,305774380,https://www.inaturalist.org/observations/305774380,CC-BY-NC,searcaigh,2026/8/12,matched,raw_data/formal_images/Goniobranchus_tinctorius/Goniobranchus_tinctorius_img01.jpg,900,900,yes,yes,,yes,yes,not_started,not_reviewed,not_started,Research grade; whole animal clear and fully visible; colour pattern visible; natural background clear,551356979
Goniobranchus tinctorius,2,Goniobranchus_tinctorius_img02,candidate,iNaturalist,247885707,https://www.inaturalist.org/observations/247885707,CC-BY-NC,Aaron Kaufman (arkaos),2026/8/12,matched,raw_data/formal_images/Goniobranchus_tinctorius/Goniobranchus_tinctorius_img02.jpg,1731,1292,yes,yes,,yes,yes,not_started,not_reviewed,not_started,Research grade; whole animal clear and fully visible; colour pattern visible; natural background clear,442816093
Goniobranchus tinctorius,3,Goniobranchus_tinctorius_img03,candidate,iNaturalist,243078862,https://www.inaturalist.org/observations/243078862,CC-BY-NC,Aaron Kaufman (arkaos),2026/8/12,matched,raw_data/formal_images/Goniobranchus_tinctorius/Goniobranchus_tinctorius_img03.jpg,645,931,yes,yes,,yes,yes,not_started,not_reviewed,not_started,Research grade; whole animal clear and fully visible; colour pattern visible; natural background clear,433403211
Goniobranchus tinctorius,4,Goniobranchus_tinctorius_img04,candidate,iNaturalist,301859791,https://www.inaturalist.org/observations/301859791,CC-BY-NC,Christy T Judd (christyteal),2026/8/12,matched,raw_data/formal_images/Goniobranchus_tinctorius/Goniobranchus_tinctorius_img04.jpg,1600,1200,yes,yes,,yes,yes,not_started,not_reviewed,not_started,Research grade; whole animal clear and fully visible; colour pattern visible; natural background clear,543975169
Goniobranchus tinctorius,5,Goniobranchus_tinctorius_img05,candidate,iNaturalist,304511005,https://www.inaturalist.org/observations/304511005,CC-BY-NC,Bryan J (bryjoh),2026/8/12,matched,raw_data/formal_images/Goniobranchus_tinctorius/Goniobranchus_tinctorius_img05.jpg,2048,1536,yes,yes,,yes,yes,not_started,not_reviewed,not_started,Research grade; whole animal clear and fully visible; colour pattern visible; natural background clear,548960853
Goniobranchus tinctorius,6,Goniobranchus_tinctorius_img06,candidate,iNaturalist,25375933,https://www.inaturalist.org/observations/25375933,CC-BY-NC,Duncan Pritchard (tidaltao),2026/8/12,matched,raw_data/formal_images/Goniobranchus_tinctorius/Goniobranchus_tinctorius_img06.jpg,1975,1344,yes,yes,,yes,yes,not_started,not_reviewed,not_started,Research grade; whole animal clear and fully visible; colour pattern visible; natural background clear,39294354
Goniobranchus tinctorius,7,Goniobranchus_tinctorius_img07,candidate,iNaturalist,11254683,https://www.inaturalist.org/observations/11254683,CC-BY-NC,Duncan Pritchard (tidaltao),2026/8/12,matched,raw_data/formal_images/Goniobranchus_tinctorius/Goniobranchus_tinctorius_img07.jpg,2048,1377,yes,yes,,yes,yes,not_started,not_reviewed,not_started,Research grade; whole animal clear and fully visible; colour pattern visible; natural background clear,15986827
Goniobranchus tinctorius,8,Goniobranchus_tinctorius_img08,candidate,iNaturalist,14246952,https://www.inaturalist.org/observations/14246952,CC-BY-NC,Tony Strazzari (tonydiver),2026/8/12,matched,raw_data/formal_images/Goniobranchus_tinctorius/Goniobranchus_tinctorius_img08.jpg,2048,1456,yes,yes,,yes,yes,not_started,not_reviewed,not_started,Research grade; whole animal clear and fully visible; colour pattern visible; natural background clear,21143780
Goniobranchus tinctorius,9,Goniobranchus_tinctorius_img09,candidate,iNaturalist,10999749,https://www.inaturalist.org/observations/10999749,CC-BY-NC,Dai Herbert (dherbert),2026/8/12,matched,raw_data/formal_images/Goniobranchus_tinctorius/Goniobranchus_tinctorius_img09.jpg,2008,1288,yes,yes,,yes,yes,not_started,not_reviewed,not_started,Research grade; whole animal clear and fully visible; colour pattern visible; natural background clear,15498802
Halgerda aurantiomaculata,1,Halgerda_aurantiomaculata_img01,candidate,iNaturalist,376355821,https://www.inaturalist.org/observations/376355821,CC-BY-NC,Gillian Houston (seaslugluvr97),2026/8/12,matched,raw_data/formal_images/Halgerda_aurantiomaculata/Halgerda_aurantiomaculata_img01.jpg,1536,2048,yes,yes,,yes,yes,not_started,not_reviewed,not_started,Research grade; whole animal clear and fully visible; colour pattern visible; natural background clear,688109826
Halgerda aurantiomaculata,2,Halgerda_aurantiomaculata_img02,candidate,iNaturalist,346349995,https://www.inaturalist.org/observations/346349995,CC-BY-NC-SA,陳致維 Chih-Wei Chen (divingsnake),2026/8/12,matched,raw_data/formal_images/Halgerda_aurantiomaculata/Halgerda_aurantiomaculata_img02.jpg,2048,1363,yes,yes,,yes,yes,not_started,not_reviewed,not_started,Research grade; whole animal clear and fully visible; colour pattern visible; natural background clear,631331089
Halgerda aurantiomaculata,3,Halgerda_aurantiomaculata_img03,candidate,iNaturalist,333800707,https://www.inaturalist.org/observations/333800707,CC-BY-NC,divercody,2026/8/12,matched,raw_data/formal_images/Halgerda_aurantiomaculata/Halgerda_aurantiomaculata_img03.jpg,2048,1792,yes,yes,,yes,yes,not_started,not_reviewed,not_started,Research grade; whole animal clear and fully visible; colour pattern visible; natural background clear,606039702
Halgerda aurantiomaculata,4,Halgerda_aurantiomaculata_img04,candidate,iNaturalist,304186860,https://www.inaturalist.org/observations/304186860,CC-BY-NC,Johan Bas (johan98800),2026/8/12,matched,raw_data/formal_images/Halgerda_aurantiomaculata/Halgerda_aurantiomaculata_img04.jpg,1200,900,yes,yes,,yes,yes,not_started,not_reviewed,not_started,Research grade; whole animal clear and fully visible; colour pattern visible; natural background clear,548341217
Halgerda aurantiomaculata,5,Halgerda_aurantiomaculata_img05,candidate,iNaturalist,263013990,https://www.inaturalist.org/observations/263013990,CC-BY-NC,Johan Bas (johan98800),2026/8/12,matched,raw_data/formal_images/Halgerda_aurantiomaculata/Halgerda_aurantiomaculata_img05.jpg,1200,900,yes,yes,,yes,yes,not_started,not_reviewed,not_started,Research grade; whole animal clear and fully visible; colour pattern visible; natural background clear,472411946
Halgerda aurantiomaculata,6,Halgerda_aurantiomaculata_img06,candidate,iNaturalist,235691840,https://www.inaturalist.org/observations/235691840,CC-BY-NC,michjarr,2026/8/12,matched,raw_data/formal_images/Halgerda_aurantiomaculata/Halgerda_aurantiomaculata_img06.jpg,2048,1773,yes,yes,,yes,yes,not_started,not_reviewed,not_started,Research grade; whole animal clear and fully visible; colour pattern visible; natural background clear,419198642
Halgerda aurantiomaculata,7,Halgerda_aurantiomaculata_img07,candidate,iNaturalist,197913444,https://www.inaturalist.org/observations/197913444,CC-BY-NC,Pauline Fey (paulinefey),2026/8/12,matched,raw_data/formal_images/Halgerda_aurantiomaculata/Halgerda_aurantiomaculata_img07.jpg,2048,1365,yes,yes,,yes,yes,not_started,not_reviewed,not_started,Research grade; whole animal clear and fully visible; colour pattern visible; natural background clear,348699782
Halgerda aurantiomaculata,8,Halgerda_aurantiomaculata_img08,candidate,iNaturalist,196633556,https://www.inaturalist.org/observations/196633556,CC-BY-NC,luka meyers (lukameyers),2026/8/12,matched,raw_data/formal_images/Halgerda_aurantiomaculata/Halgerda_aurantiomaculata_img08.jpg,1365,2048,yes,yes,,yes,yes,not_started,not_reviewed,not_started,Research grade; whole animal clear and fully visible; colour pattern visible; natural background clear,346118100
Halgerda aurantiomaculata,9,Halgerda_aurantiomaculata_img09,candidate,iNaturalist,191871896,https://www.inaturalist.org/observations/191871896,CC-BY-NC,Pauline Fey (paulinefey),2026/8/12,matched,raw_data/formal_images/Halgerda_aurantiomaculata/Halgerda_aurantiomaculata_img09.jpg,2048,1365,yes,yes,,yes,yes,not_started,not_reviewed,not_started,Research grade; whole animal clear and fully visible; colour pattern visible; natural background clear,336708308
Halgerda aurantiomaculata,10,Halgerda_aurantiomaculata_img10,candidate,iNaturalist,141139530,https://www.inaturalist.org/observations/141139530,CC-BY-NC,Kelly-Anne Masterman (drkellyannemasterman),2026/8/12,matched,raw_data/formal_images/Halgerda_aurantiomaculata/Halgerda_aurantiomaculata_img10.jpg,1698,2048,yes,yes,,yes,yes,not_started,not_reviewed,not_started,Research grade; whole animal clear and fully visible; colour pattern visible; natural background clear,241720526
Hypselodoris obscura,1,Hypselodoris_obscura_img01,candidate,iNaturalist,390186943,https://www.inaturalist.org/observations/390186943,CC-BY-NC,rickdicksonbattye,2026/8/12,matched,raw_data/formal_images/Hypselodoris_obscura/Hypselodoris_obscura_img01.jpg,2048,1490,yes,yes,,yes,yes,not_started,not_reviewed,not_started,Research grade; whole animal clear and fully visible; colour pattern visible; natural background clear,714812934
Hypselodoris obscura,2,Hypselodoris_obscura_img02,candidate,iNaturalist,388128824,https://www.inaturalist.org/observations/388128824,CC-BY-NC,mashalevene,2026/8/12,matched,raw_data/formal_images/Hypselodoris_obscura/Hypselodoris_obscura_img02.jpg,2048,1536,yes,yes,,yes,yes,not_started,not_reviewed,not_started,Research grade; whole animal clear and fully visible; colour pattern visible; natural background clear,710815474
Hypselodoris obscura,3,Hypselodoris_obscura_img03,candidate,iNaturalist,388130652,https://www.inaturalist.org/observations/388130652,CC-BY-NC,mashalevene,2026/8/12,matched,raw_data/formal_images/Hypselodoris_obscura/Hypselodoris_obscura_img03.jpg,1536,2048,yes,yes,,yes,yes,not_started,not_reviewed,not_started,Research grade; whole animal clear and fully visible; colour pattern visible; natural background clear,710819271
Hypselodoris obscura,4,Hypselodoris_obscura_img04,candidate,iNaturalist,387147665,https://www.inaturalist.org/observations/387147665,CC-BY-NC,Kelly-Anne Masterman (drkellyannemasterman),2026/8/12,matched,raw_data/formal_images/Hypselodoris_obscura/Hypselodoris_obscura_img04.jpg,2048,1536,yes,yes,,yes,yes,not_started,not_reviewed,not_started,Research grade; whole animal clear and fully visible; colour pattern visible; natural background clear,708903783
Hypselodoris obscura,5,Hypselodoris_obscura_img05,candidate,iNaturalist,388989424,https://www.inaturalist.org/observations/388989424,CC-BY-NC,Felix Harper (felix75),2026/8/12,matched,raw_data/formal_images/Hypselodoris_obscura/Hypselodoris_obscura_img05.jpg,2048,1536,yes,yes,,yes,yes,not_started,not_reviewed,not_started,Research grade; whole animal clear and fully visible; colour pattern visible; natural background clear,712462928
Hypselodoris obscura,6,Hypselodoris_obscura_img06,candidate,iNaturalist,386171217,https://www.inaturalist.org/observations/386171217,CC-BY-NC,kchris1,2026/8/12,matched,raw_data/formal_images/Hypselodoris_obscura/Hypselodoris_obscura_img06.jpg,2048,1822,yes,yes,,yes,yes,not_started,not_reviewed,not_started,Research grade; whole animal clear and fully visible; colour pattern visible; natural background clear,707041388
Hypselodoris obscura,7,Hypselodoris_obscura_img07,candidate,iNaturalist,387842101,https://www.inaturalist.org/observations/387842101,CC-BY-NC,Felix Harper (felix75),2026/8/12,matched,raw_data/formal_images/Hypselodoris_obscura/Hypselodoris_obscura_img07.jpg,2048,1536,yes,yes,,yes,yes,not_started,not_reviewed,not_started,Research grade; whole animal clear and fully visible; colour pattern visible; natural background clear,710241662
Hypselodoris obscura,8,Hypselodoris_obscura_img08,candidate,iNaturalist,384742356,https://www.inaturalist.org/observations/384742356,CC-BY-NC,Mitchell Roberts (mitchell2469),2026/8/12,matched,raw_data/formal_images/Hypselodoris_obscura/Hypselodoris_obscura_img08.jpg,1536,2048,yes,yes,,yes,yes,not_started,not_reviewed,not_started,Research grade; whole animal clear and fully visible; colour pattern visible; natural background clear,704311455
Hypselodoris obscura,9,Hypselodoris_obscura_img09,candidate,iNaturalist,385158231,https://www.inaturalist.org/observations/385158231,CC-BY-NC,aimeeunderwater,2026/8/12,matched,raw_data/formal_images/Hypselodoris_obscura/Hypselodoris_obscura_img09.jpg,2048,1536,yes,yes,,yes,yes,not_started,not_reviewed,not_started,Research grade; whole animal clear and fully visible; colour pattern visible; natural background clear,705111267
Hypselodoris obscura,10,Hypselodoris_obscura_img10,candidate,iNaturalist,378335177,https://www.inaturalist.org/observations/378335177,CC-BY-NC,Kelly-Anne Masterman (drkellyannemasterman),2026/8/12,matched,raw_data/formal_images/Hypselodoris_obscura/Hypselodoris_obscura_img10.jpg,1639,2048,yes,yes,,yes,yes,not_started,not_reviewed,not_started,Research grade; whole animal clear and fully visible; colour pattern visible; natural background clear,691939731
Hypselodoris tryoni,1,Hypselodoris_tryoni_img01,candidate,iNaturalist,388906563,https://www.inaturalist.org/observations/388906563,CC-BY-NC,Floris P (serranusscriba),2026/8/12,matched,raw_data/formal_images/Hypselodoris_tryoni/Hypselodoris_tryoni_img01.jpg,2048,1536,yes,yes,,yes,yes,not_started,not_reviewed,not_started,Research grade; whole animal clear and fully visible; colour pattern visible; natural background clear,712338325
Hypselodoris tryoni,2,Hypselodoris_tryoni_img02,candidate,iNaturalist,388179278,https://www.inaturalist.org/observations/388179278,CC-BY,呂一起(Lyu yi-chi) (pchi45),2026/8/12,matched,raw_data/formal_images/Hypselodoris_tryoni/Hypselodoris_tryoni_img02.jpg,2048,1536,yes,yes,,yes,yes,not_started,not_reviewed,not_started,Research grade; whole animal clear and fully visible; colour pattern visible; natural background clear,710908226
Hypselodoris tryoni,3,Hypselodoris_tryoni_img03,candidate,iNaturalist,387104313,https://www.inaturalist.org/observations/387104313,CC-BY-NC,mhdhaziqmk,2026/8/12,matched,raw_data/formal_images/Hypselodoris_tryoni/Hypselodoris_tryoni_img03.jpg,2048,1536,yes,yes,,yes,yes,not_started,not_reviewed,not_started,Research grade; whole animal clear and fully visible; colour pattern visible; natural background clear,708820986
Hypselodoris tryoni,4,Hypselodoris_tryoni_img04,candidate,iNaturalist,386311834,https://www.inaturalist.org/observations/386311834,CC-BY-NC,Hugo Lee (hugoism),2026/8/12,matched,raw_data/formal_images/Hypselodoris_tryoni/Hypselodoris_tryoni_img04.jpg,2048,1536,yes,yes,,yes,yes,not_started,not_reviewed,not_started,Research grade; whole animal clear and fully visible; colour pattern visible; natural background clear,707306577
Hypselodoris tryoni,5,Hypselodoris_tryoni_img05,candidate,iNaturalist,387794807,https://www.inaturalist.org/observations/387794807,CC-BY-NC,boussion_magali,2026/8/12,matched,raw_data/formal_images/Hypselodoris_tryoni/Hypselodoris_tryoni_img05.jpg,2048,1536,yes,yes,,yes,yes,not_started,not_reviewed,not_started,Research grade; whole animal clear and fully visible; colour pattern visible; natural background clear,710150260
Hypselodoris tryoni,6,Hypselodoris_tryoni_img06,candidate,iNaturalist,384887469,https://www.inaturalist.org/observations/384887469,CC-BY-NC,bekkaz,2026/8/12,matched,raw_data/formal_images/Hypselodoris_tryoni/Hypselodoris_tryoni_img06.jpg,2048,1536,yes,yes,,yes,yes,not_started,not_reviewed,not_started,Research grade; whole animal clear and fully visible; colour pattern visible; natural background clear,704580755
Hypselodoris tryoni,7,Hypselodoris_tryoni_img07,candidate,iNaturalist,384193580,https://www.inaturalist.org/observations/384193580,CC-BY-NC,hughbieshroomie,2026/8/12,matched,raw_data/formal_images/Hypselodoris_tryoni/Hypselodoris_tryoni_img07.jpg,2048,1536,yes,yes,,yes,yes,not_started,not_reviewed,not_started,Research grade; whole animal clear and fully visible; colour pattern visible; natural background clear,703253282
Hypselodoris tryoni,8,Hypselodoris_tryoni_img08,candidate,iNaturalist,385854516,https://www.inaturalist.org/observations/385854516,CC-BY-NC-SA,Amber Lancaster (zvakanaka),2026/8/12,matched,raw_data/formal_images/Hypselodoris_tryoni/Hypselodoris_tryoni_img08.jpg,2048,1536,yes,yes,,yes,yes,not_started,not_reviewed,not_started,Research grade; whole animal clear and fully visible; colour pattern visible; natural background clear,706424122
Hypselodoris tryoni,9,Hypselodoris_tryoni_img09,candidate,iNaturalist,384786680,https://www.inaturalist.org/observations/384786680,CC-BY-NC,Ian Scholey (ianscholey1),2026/8/12,matched,raw_data/formal_images/Hypselodoris_tryoni/Hypselodoris_tryoni_img09.jpg,2048,1365,yes,yes,,yes,yes,not_started,not_reviewed,not_started,Research grade; whole animal clear and fully visible; colour pattern visible; natural background clear,704385142
Hypselodoris tryoni,10,Hypselodoris_tryoni_img10,candidate,iNaturalist,382128092,https://www.inaturalist.org/observations/382128092,CC-BY-NC,Johan Bas (johan98800),2026/8/12,matched,raw_data/formal_images/Hypselodoris_tryoni/Hypselodoris_tryoni_img10.jpg,1200,900,yes,yes,,yes,yes,not_started,not_reviewed,not_started,Research grade; whole animal clear and fully visible; colour pattern visible; natural background clear,699270525
Mexichromis festiva,1,Mexichromis_festiva_img01,candidate,iNaturalist,386792352,https://www.inaturalist.org/observations/386792352,CC-BY-NC,kchris1,2026/8/12,matched,raw_data/formal_images/Mexichromis_festiva/Mexichromis_festiva_img01.jpg,2048,1416,yes,yes,,yes,yes,not_started,not_reviewed,not_started,Research grade; whole animal clear and fully visible; colour pattern visible; natural background clear,708224563
Mexichromis festiva,2,Mexichromis_festiva_img02,candidate,iNaturalist,369256748,https://www.inaturalist.org/observations/369256748,CC-BY-NC,Kelly-Anne Masterman (drkellyannemasterman),2026/8/12,matched,raw_data/formal_images/Mexichromis_festiva/Mexichromis_festiva_img02.jpg,2048,1536,yes,yes,,yes,yes,not_started,not_reviewed,not_started,Research grade; whole animal clear and fully visible; colour pattern visible; natural background clear,674490803
Mexichromis festiva,3,Mexichromis_festiva_img03,candidate,iNaturalist,372420612,https://www.inaturalist.org/observations/372420612,CC-BY-NC,debiiem,2026/8/12,matched,raw_data/formal_images/Mexichromis_festiva/Mexichromis_festiva_img03.jpg,1536,2048,yes,yes,,yes,yes,not_started,not_reviewed,not_started,Research grade; whole animal clear and fully visible; colour pattern visible; natural background clear,680514240
Mexichromis festiva,4,Mexichromis_festiva_img04,candidate,iNaturalist,356743690,https://www.inaturalist.org/observations/356743690,CC-BY-NC,rickdicksonbattye,2026/8/12,matched,raw_data/formal_images/Mexichromis_festiva/Mexichromis_festiva_img04.jpg,2048,1442,yes,yes,,yes,yes,not_started,not_reviewed,not_started,Research grade; whole animal clear and fully visible; colour pattern visible; natural background clear,650594791
Mexichromis festiva,5,Mexichromis_festiva_img05,candidate,iNaturalist,350761960,https://www.inaturalist.org/observations/350761960,CC-BY-NC,Kelly-Anne Masterman (drkellyannemasterman),2026/8/12,matched,raw_data/formal_images/Mexichromis_festiva/Mexichromis_festiva_img05.jpg,2048,1535,yes,yes,,yes,yes,not_started,not_reviewed,not_started,Research grade; whole animal clear and fully visible; colour pattern visible; natural background clear,640035017
Mexichromis festiva,6,Mexichromis_festiva_img06,candidate,iNaturalist,350246925,https://www.inaturalist.org/observations/350246925,CC-BY-NC,Steve Smith (profmollusc),2026/8/12,matched,raw_data/formal_images/Mexichromis_festiva/Mexichromis_festiva_img06.jpg,1500,1500,yes,yes,,yes,yes,not_started,not_reviewed,not_started,Research grade; whole animal clear and fully visible; colour pattern visible; natural background clear,639026583
Mexichromis festiva,7,Mexichromis_festiva_img07,candidate,iNaturalist,340406434,https://www.inaturalist.org/observations/340406434,CC-BY-NC,Steve Smith (profmollusc),2026/8/12,matched,raw_data/formal_images/Mexichromis_festiva/Mexichromis_festiva_img07.jpg,1500,1125,yes,yes,,yes,yes,not_started,not_reviewed,not_started,Research grade; whole animal clear and fully visible; colour pattern visible; natural background clear,619463276
Mexichromis festiva,8,Mexichromis_festiva_img08,candidate,iNaturalist,336933863,https://www.inaturalist.org/observations/336933863,CC-BY-NC,Gina (gina_mascord),2026/8/12,matched,raw_data/formal_images/Mexichromis_festiva/Mexichromis_festiva_img08.jpg,1024,768,yes,yes,,yes,yes,not_started,not_reviewed,not_started,Research grade; whole animal clear and fully visible; colour pattern visible; natural background clear,612386834
Mexichromis festiva,9,Mexichromis_festiva_img09,candidate,iNaturalist,334938772,https://www.inaturalist.org/observations/334938772,CC-BY-NC,kerrycameron,2026/8/12,matched,raw_data/formal_images/Mexichromis_festiva/Mexichromis_festiva_img09.jpg,1536,2048,yes,yes,,yes,yes,not_started,not_reviewed,not_started,Research grade; whole animal clear and fully visible; colour pattern visible; natural background clear,608360465
Mexichromis festiva,10,Mexichromis_festiva_img10,candidate,iNaturalist,332511286,https://www.inaturalist.org/observations/332511286,CC-BY-NC,Gina (gina_mascord),2026/8/12,matched,raw_data/formal_images/Mexichromis_festiva/Mexichromis_festiva_img10.jpg,1024,768,yes,yes,,yes,yes,not_started,not_reviewed,not_started,Research grade; whole animal clear and fully visible; colour pattern visible; natural background clear,603454844
Notodoris (=Aegires) gardineri,1,Notodoris_Aegires_gardineri_img01,candidate,iNaturalist,384786500,https://www.inaturalist.org/observations/384786500,CC-BY-NC,Ian Scholey (ianscholey1),2026/8/12,matched,raw_data/formal_images/Notodoris_Aegires_gardineri/Notodoris_Aegires_gardineri_img01.jpg,2048,1365,yes,yes,,yes,yes,not_started,not_reviewed,not_started,Research grade; whole animal clear and fully visible; colour pattern visible; natural background clear,704383803
Notodoris (=Aegires) gardineri,2,Notodoris_Aegires_gardineri_img02,candidate,iNaturalist,382873509,https://www.inaturalist.org/observations/382873509,CC-BY-NC,Eva Paulus (one_marine_biologist),2026/8/12,matched,raw_data/formal_images/Notodoris_Aegires_gardineri/Notodoris_Aegires_gardineri_img02.jpg,2048,1536,yes,yes,,yes,yes,not_started,not_reviewed,not_started,Research grade; whole animal clear and fully visible; colour pattern visible; natural background clear,700700376
Notodoris (=Aegires) gardineri,3,Notodoris_Aegires_gardineri_img03,candidate,iNaturalist,384786643,https://www.inaturalist.org/observations/384786643,CC-BY-NC,Ian Scholey (ianscholey1),2026/8/12,matched,raw_data/formal_images/Notodoris_Aegires_gardineri/Notodoris_Aegires_gardineri_img03.jpg,2048,1365,yes,yes,,yes,yes,not_started,not_reviewed,not_started,Research grade; whole animal clear and fully visible; colour pattern visible; natural background clear,704384795
Notodoris (=Aegires) gardineri,4,Notodoris_Aegires_gardineri_img04,candidate,iNaturalist,372879778,https://www.inaturalist.org/observations/372879778,CC-BY-NC,Gala (galadiki),2026/8/12,matched,raw_data/formal_images/Notodoris_Aegires_gardineri/Notodoris_Aegires_gardineri_img04.jpg,1923,1381,yes,yes,,yes,yes,not_started,not_reviewed,not_started,Research grade; whole animal clear and fully visible; colour pattern visible; natural background clear,681408566
Notodoris (=Aegires) gardineri,5,Notodoris_Aegires_gardineri_img05,candidate,iNaturalist,366224914,https://www.inaturalist.org/observations/366224914,CC-BY-NC,pclark2,2026/8/12,matched,raw_data/formal_images/Notodoris_Aegires_gardineri/Notodoris_Aegires_gardineri_img05.jpg,2048,1365,yes,yes,,yes,yes,not_started,not_reviewed,not_started,Research grade; whole animal clear and fully visible; colour pattern visible; natural background clear,668701410
Notodoris (=Aegires) gardineri,6,Notodoris_Aegires_gardineri_img06,candidate,iNaturalist,357797812,https://www.inaturalist.org/observations/357797812,CC-BY-NC,osampokaeru,2026/8/12,matched,raw_data/formal_images/Notodoris_Aegires_gardineri/Notodoris_Aegires_gardineri_img06.jpg,2048,1536,yes,yes,,yes,yes,not_started,not_reviewed,not_started,Research grade; whole animal clear and fully visible; colour pattern visible; natural background clear,652635228
Notodoris (=Aegires) gardineri,7,Notodoris_Aegires_gardineri_img07,candidate,iNaturalist,365378847,https://www.inaturalist.org/observations/365378847,CC-BY-NC,bewambay,2026/8/12,matched,raw_data/formal_images/Notodoris_Aegires_gardineri/Notodoris_Aegires_gardineri_img07.jpg,2048,1792,yes,yes,,yes,yes,not_started,not_reviewed,not_started,Research grade; whole animal clear and fully visible; colour pattern visible; natural background clear,667093196
Notodoris (=Aegires) gardineri,8,Notodoris_Aegires_gardineri_img08,candidate,iNaturalist,364747912,https://www.inaturalist.org/observations/364747912,CC-BY-NC,colbod,2026/8/12,matched,raw_data/formal_images/Notodoris_Aegires_gardineri/Notodoris_Aegires_gardineri_img08.jpg,1600,1200,yes,yes,,yes,yes,not_started,not_reviewed,not_started,Research grade; whole animal clear and fully visible; colour pattern visible; natural background clear,665881848
Notodoris (=Aegires) gardineri,9,Notodoris_Aegires_gardineri_img09,candidate,iNaturalist,361196193,https://www.inaturalist.org/observations/361196193,CC-BY-NC,pkunnen,2026/8/12,matched,raw_data/formal_images/Notodoris_Aegires_gardineri/Notodoris_Aegires_gardineri_img09.jpg,2048,1536,yes,yes,,yes,yes,not_started,not_reviewed,not_started,Research grade; whole animal clear and fully visible; colour pattern visible; natural background clear,659162402
Notodoris (=Aegires) gardineri,10,Notodoris_Aegires_gardineri_img10,candidate,iNaturalist,339144754,https://www.inaturalist.org/observations/339144754,CC-BY-NC,louvanhaeren,2026/8/12,matched,raw_data/formal_images/Notodoris_Aegires_gardineri/Notodoris_Aegires_gardineri_img10.jpg,1155,2048,yes,yes,,yes,yes,not_started,not_reviewed,not_started,Research grade; whole animal clear and fully visible; colour pattern visible; natural background clear,616886889
Phyllidia coelestis,1,Phyllidia_coelestis_img01,candidate,iNaturalist,389591824,https://www.inaturalist.org/observations/389591824,CC-BY-NC,Josy Lai (josylai),2026/8/12,matched,raw_data/formal_images/Phyllidia_coelestis/Phyllidia_coelestis_img01.jpg,2048,1536,yes,yes,,yes,yes,not_started,not_reviewed,not_started,Research grade; whole animal clear and fully visible; colour pattern visible; natural background clear,713646540
Phyllidia coelestis,2,Phyllidia_coelestis_img02,candidate,iNaturalist,389908867,https://www.inaturalist.org/observations/389908867,CC-BY,Ben Costamagna (bencostamagna),2026/8/12,matched,raw_data/formal_images/Phyllidia_coelestis/Phyllidia_coelestis_img02.jpg,2048,1536,yes,yes,,yes,yes,not_started,not_reviewed,not_started,Research grade; whole animal clear and fully visible; colour pattern visible; natural background clear,714268195
Phyllidia coelestis,3,Phyllidia_coelestis_img03,candidate,iNaturalist,388137668,https://www.inaturalist.org/observations/388137668,CC-BY-NC,Josy Lai (josylai),2026/8/12,matched,raw_data/formal_images/Phyllidia_coelestis/Phyllidia_coelestis_img03.jpg,2048,1536,yes,yes,,yes,yes,not_started,not_reviewed,not_started,Research grade; whole animal clear and fully visible; colour pattern visible; natural background clear,710833305
Phyllidia coelestis,4,Phyllidia_coelestis_img04,candidate,iNaturalist,387558666,https://www.inaturalist.org/observations/387558666,CC-BY-NC,weiw (naturalist100150),2026/8/12,matched,raw_data/formal_images/Phyllidia_coelestis/Phyllidia_coelestis_img04.jpg,2048,1536,yes,yes,,yes,yes,not_started,not_reviewed,not_started,Research grade; whole animal clear and fully visible; colour pattern visible; natural background clear,709692576
Phyllidia coelestis,5,Phyllidia_coelestis_img05,candidate,iNaturalist,387103540,https://www.inaturalist.org/observations/387103540,CC-BY-NC,mhdhaziqmk,2026/8/12,matched,raw_data/formal_images/Phyllidia_coelestis/Phyllidia_coelestis_img05.jpg,2048,1240,yes,yes,,yes,yes,not_started,not_reviewed,not_started,Research grade; whole animal clear and fully visible; colour pattern visible; natural background clear,708819411
Phyllidia coelestis,6,Phyllidia_coelestis_img06,candidate,iNaturalist,386652593,https://www.inaturalist.org/observations/386652593,CC-BY-NC,Nathalie Gras (nathoutsidethebox),2026/8/12,matched,raw_data/formal_images/Phyllidia_coelestis/Phyllidia_coelestis_img06.jpg,2048,1536,yes,yes,,yes,yes,not_started,not_reviewed,not_started,Research grade; whole animal clear and fully visible; colour pattern visible; natural background clear,707953586
Phyllidia coelestis,7,Phyllidia_coelestis_img07,candidate,iNaturalist,388876194,https://www.inaturalist.org/observations/388876194,CC-BY-NC,bekkaz,2026/8/12,matched,raw_data/formal_images/Phyllidia_coelestis/Phyllidia_coelestis_img07.jpg,2048,1536,yes,yes,,yes,yes,not_started,not_reviewed,not_started,Research grade; whole animal clear and fully visible; colour pattern visible; natural background clear,712272153
Phyllidia coelestis,8,Phyllidia_coelestis_img08,candidate,iNaturalist,387112564,https://www.inaturalist.org/observations/387112564,CC-BY-NC,bekkaz,2026/8/12,matched,raw_data/formal_images/Phyllidia_coelestis/Phyllidia_coelestis_img08.jpg,2048,1536,yes,yes,,yes,yes,not_started,not_reviewed,not_started,Research grade; whole animal clear and fully visible; colour pattern visible; natural background clear,708834631
Phyllidia coelestis,9,Phyllidia_coelestis_img09,candidate,iNaturalist,385859437,https://www.inaturalist.org/observations/385859437,CC-BY-NC-SA,Amber Lancaster (zvakanaka),2026/8/12,matched,raw_data/formal_images/Phyllidia_coelestis/Phyllidia_coelestis_img09.jpg,1735,1301,yes,yes,,yes,yes,not_started,not_reviewed,not_started,Research grade; whole animal clear and fully visible; colour pattern visible; natural background clear,706437762
Phyllidia coelestis,10,Phyllidia_coelestis_img10,candidate,iNaturalist,382869719,https://www.inaturalist.org/observations/382869719,CC-BY-NC,Virginie Raybaud (vraybaud),2026/8/12,matched,raw_data/formal_images/Phyllidia_coelestis/Phyllidia_coelestis_img10.jpg,2048,1536,yes,yes,,yes,yes,not_started,not_reviewed,not_started,Research grade; whole animal clear and fully visible; colour pattern visible; natural background clear,700703653
Phyllidia elegans,1,Phyllidia_elegans_img01,candidate,iNaturalist,388959563,https://www.inaturalist.org/observations/388959563,CC-BY-NC,The Coral Tribe (thecoraltribe),2026/8/12,matched,raw_data/formal_images/Phyllidia_elegans/Phyllidia_elegans_img01.jpg,2048,1583,yes,yes,,yes,yes,not_started,not_reviewed,not_started,Research grade; whole animal clear and fully visible; colour pattern visible; natural background clear,712441139
Phyllidia elegans,2,Phyllidia_elegans_img02,candidate,iNaturalist,388095582,https://www.inaturalist.org/observations/388095582,CC-BY-NC,Josy Lai (josylai),2026/8/12,matched,raw_data/formal_images/Phyllidia_elegans/Phyllidia_elegans_img02.jpg,2048,1536,yes,yes,,yes,yes,not_started,not_reviewed,not_started,Research grade; whole animal clear and fully visible; colour pattern visible; natural background clear,710748003
Phyllidia elegans,3,Phyllidia_elegans_img03,candidate,iNaturalist,387103890,https://www.inaturalist.org/observations/387103890,CC-BY-NC,mhdhaziqmk,2026/8/12,matched,raw_data/formal_images/Phyllidia_elegans/Phyllidia_elegans_img03.jpg,2048,1536,yes,yes,,yes,yes,not_started,not_reviewed,not_started,Research grade; whole animal clear and fully visible; colour pattern visible; natural background clear,708820183
Phyllidia elegans,4,Phyllidia_elegans_img04,candidate,iNaturalist,386653836,https://www.inaturalist.org/observations/386653836,CC-BY-NC,Nathalie Gras (nathoutsidethebox),2026/8/12,matched,raw_data/formal_images/Phyllidia_elegans/Phyllidia_elegans_img04.jpg,2048,1501,yes,yes,,yes,yes,not_started,not_reviewed,not_started,Research grade; whole animal clear and fully visible; colour pattern visible; natural background clear,707955838
Phyllidia elegans,5,Phyllidia_elegans_img05,candidate,iNaturalist,384786635,https://www.inaturalist.org/observations/384786635,CC-BY-NC,Ian Scholey (ianscholey1),2026/8/12,matched,raw_data/formal_images/Phyllidia_elegans/Phyllidia_elegans_img05.jpg,2048,1365,yes,yes,,yes,yes,not_started,not_reviewed,not_started,Research grade; whole animal clear and fully visible; colour pattern visible; natural background clear,704384731
Phyllidia elegans,6,Phyllidia_elegans_img06,candidate,iNaturalist,384786706,https://www.inaturalist.org/observations/384786706,CC-BY-NC,Ian Scholey (ianscholey1),2026/8/12,matched,raw_data/formal_images/Phyllidia_elegans/Phyllidia_elegans_img06.jpg,2048,1365,yes,yes,,yes,yes,not_started,not_reviewed,not_started,Research grade; whole animal clear and fully visible; colour pattern visible; natural background clear,704385416
Phyllidia elegans,7,Phyllidia_elegans_img07,candidate,iNaturalist,384842314,https://www.inaturalist.org/observations/384842314,CC-BY-NC,Meg Cummins (meg71850),2026/8/12,matched,raw_data/formal_images/Phyllidia_elegans/Phyllidia_elegans_img07.jpg,1024,768,yes,yes,,yes,yes,not_started,not_reviewed,not_started,Research grade; whole animal clear and fully visible; colour pattern visible; natural background clear,704503783
Phyllidia elegans,8,Phyllidia_elegans_img08,candidate,iNaturalist,382880175,https://www.inaturalist.org/observations/382880175,CC-BY-NC,boussion_magali,2026/8/12,matched,raw_data/formal_images/Phyllidia_elegans/Phyllidia_elegans_img08.jpg,2048,1536,yes,yes,,yes,yes,not_started,not_reviewed,not_started,Research grade; whole animal clear and fully visible; colour pattern visible; natural background clear,700719314
Phyllidia elegans,9,Phyllidia_elegans_img09,candidate,iNaturalist,380278981,https://www.inaturalist.org/observations/380278981,CC-BY-NC,Prat (mathias_prat),2026/8/12,matched,raw_data/formal_images/Phyllidia_elegans/Phyllidia_elegans_img09.jpg,2048,1536,yes,yes,,yes,yes,not_started,not_reviewed,not_started,Research grade; whole animal clear and fully visible; colour pattern visible; natural background clear,695697760
Phyllidia elegans,10,Phyllidia_elegans_img10,candidate,iNaturalist,379685743,https://www.inaturalist.org/observations/379685743,CC-BY-NC,Xavier Rufray (xrufray),2026/8/12,matched,raw_data/formal_images/Phyllidia_elegans/Phyllidia_elegans_img10.jpg,2048,1235,yes,yes,,yes,yes,not_started,not_reviewed,not_started,Research grade; whole animal clear and fully visible; colour pattern visible; natural background clear,694548635
Phyllidia varicosa,1,Phyllidia_varicosa_img01,candidate,iNaturalist,389909537,https://www.inaturalist.org/observations/389909537,CC-BY,Ben Costamagna (bencostamagna),2026/8/12,matched,raw_data/formal_images/Phyllidia_varicosa/Phyllidia_varicosa_img01.jpg,1536,2048,yes,yes,,yes,yes,not_started,not_reviewed,not_started,Research grade; whole animal clear and fully visible; colour pattern visible; natural background clear,714269403
Phyllidia varicosa,2,Phyllidia_varicosa_img02,candidate,iNaturalist,389905506,https://www.inaturalist.org/observations/389905506,CC-BY-NC,alla_tishkovich,2026/8/12,matched,raw_data/formal_images/Phyllidia_varicosa/Phyllidia_varicosa_img02.jpg,2048,1152,yes,yes,,yes,yes,not_started,not_reviewed,not_started,Research grade; whole animal clear and fully visible; colour pattern visible; natural background clear,714266291
Phyllidia varicosa,3,Phyllidia_varicosa_img03,candidate,iNaturalist,388898853,https://www.inaturalist.org/observations/388898853,CC-BY-NC,Floris P (serranusscriba),2026/8/12,matched,raw_data/formal_images/Phyllidia_varicosa/Phyllidia_varicosa_img03.jpg,2048,1536,yes,yes,,yes,yes,not_started,not_reviewed,not_started,Research grade; whole animal clear and fully visible; colour pattern visible; natural background clear,712321709
Phyllidia varicosa,4,Phyllidia_varicosa_img04,candidate,iNaturalist,387835640,https://www.inaturalist.org/observations/387835640,CC-BY,Selim Türeli (selimtureli),2026/8/12,matched,raw_data/formal_images/Phyllidia_varicosa/Phyllidia_varicosa_img04.jpg,1184,1269,yes,yes,,yes,yes,not_started,not_reviewed,not_started,Research grade; whole animal clear and fully visible; colour pattern visible; natural background clear,710234519
Phyllidia varicosa,5,Phyllidia_varicosa_img05,candidate,iNaturalist,388518373,https://www.inaturalist.org/observations/388518373,CC-BY-NC,kkittens,2026/8/12,matched,raw_data/formal_images/Phyllidia_varicosa/Phyllidia_varicosa_img05.jpg,2048,1536,yes,yes,,yes,yes,not_started,not_reviewed,not_started,Research grade; whole animal clear and fully visible; colour pattern visible; natural background clear,711573604
Phyllidia varicosa,6,Phyllidia_varicosa_img06,candidate,iNaturalist,387264356,https://www.inaturalist.org/observations/387264356,CC-BY-NC,liam_h,2026/8/12,matched,raw_data/formal_images/Phyllidia_varicosa/Phyllidia_varicosa_img06.jpg,2048,1536,yes,yes,,yes,yes,not_started,not_reviewed,not_started,Research grade; whole animal clear and fully visible; colour pattern visible; natural background clear,709113772
Phyllidia varicosa,7,Phyllidia_varicosa_img07,candidate,iNaturalist,388820832,https://www.inaturalist.org/observations/388820832,CC-BY-NC,orionsmcc,2026/8/12,matched,raw_data/formal_images/Phyllidia_varicosa/Phyllidia_varicosa_img07.jpg,2048,1536,yes,yes,,yes,yes,not_started,not_reviewed,not_started,Research grade; whole animal clear and fully visible; colour pattern visible; natural background clear,712162019
Phyllidia varicosa,8,Phyllidia_varicosa_img08,candidate,iNaturalist,389953808,https://www.inaturalist.org/observations/389953808,CC-BY-NC,吳柏軒 (tylerwu583),2026/8/12,matched,raw_data/formal_images/Phyllidia_varicosa/Phyllidia_varicosa_img08.jpg,1024,768,yes,yes,,yes,yes,not_started,not_reviewed,not_started,Research grade; whole animal clear and fully visible; colour pattern visible; natural background clear,714354668
Phyllidia varicosa,9,Phyllidia_varicosa_img09,candidate,iNaturalist,386209037,https://www.inaturalist.org/observations/386209037,CC-BY-NC,maxdebeer,2026/8/12,matched,raw_data/formal_images/Phyllidia_varicosa/Phyllidia_varicosa_img09.jpg,2048,1536,yes,yes,,yes,yes,not_started,not_reviewed,not_started,Research grade; whole animal clear and fully visible; colour pattern visible; natural background clear,707112045
Phyllidia varicosa,10,Phyllidia_varicosa_img10,candidate,iNaturalist,385255987,https://www.inaturalist.org/observations/385255987,CC-BY-NC,bekkaz,2026/8/12,matched,raw_data/formal_images/Phyllidia_varicosa/Phyllidia_varicosa_img10.jpg,2048,1536,yes,yes,,yes,yes,not_started,not_reviewed,not_started,Research grade; whole animal clear and fully visible; colour pattern visible; natural background clear,705286378
Phyllidiopsis shireenae,1,Phyllidiopsis_shireenae_img01,candidate,iNaturalist,385925798,https://www.inaturalist.org/observations/385925798,CC-BY-NC,Hugo Lee (hugoism),2026/8/12,matched,raw_data/formal_images/Phyllidiopsis_shireenae/Phyllidiopsis_shireenae_img01.jpg,2048,1536,yes,yes,,yes,yes,not_started,not_reviewed,not_started,Research grade; whole animal clear and fully visible; colour pattern visible; natural background clear,706570284
Phyllidiopsis shireenae,2,Phyllidiopsis_shireenae_img02,candidate,iNaturalist,378730085,https://www.inaturalist.org/observations/378730085,CC-BY-NC,biomoyo,2026/8/12,matched,raw_data/formal_images/Phyllidiopsis_shireenae/Phyllidiopsis_shireenae_img02.jpg,1194,897,yes,yes,,yes,yes,not_started,not_reviewed,not_started,Research grade; whole animal clear and fully visible; colour pattern visible; natural background clear,692698044
Phyllidiopsis shireenae,3,Phyllidiopsis_shireenae_img03,candidate,iNaturalist,385874765,https://www.inaturalist.org/observations/385874765,CC-BY-NC,David Hancock (hardyhancock),2026/8/12,matched,raw_data/formal_images/Phyllidiopsis_shireenae/Phyllidiopsis_shireenae_img03.jpg,2048,1536,yes,yes,,yes,yes,not_started,not_reviewed,not_started,Research grade; whole animal clear and fully visible; colour pattern visible; natural background clear,706467678
Phyllidiopsis shireenae,4,Phyllidiopsis_shireenae_img04,candidate,iNaturalist,375449533,https://www.inaturalist.org/observations/375449533,CC-BY-NC,Emma Taylor (emma_taylor3),2026/8/12,matched,raw_data/formal_images/Phyllidiopsis_shireenae/Phyllidiopsis_shireenae_img04.jpg,1536,2048,yes,yes,,yes,yes,not_started,not_reviewed,not_started,Research grade; whole animal clear and fully visible; colour pattern visible; natural background clear,686371687
Phyllidiopsis shireenae,5,Phyllidiopsis_shireenae_img05,candidate,iNaturalist,357362491,https://www.inaturalist.org/observations/357362491,CC-BY-NC,Steven Schulting (steven2802),2026/8/12,matched,raw_data/formal_images/Phyllidiopsis_shireenae/Phyllidiopsis_shireenae_img05.jpg,2048,1542,yes,yes,,yes,yes,not_started,not_reviewed,not_started,Research grade; whole animal clear and fully visible; colour pattern visible; natural background clear,651789450
Phyllidiopsis shireenae,6,Phyllidiopsis_shireenae_img06,candidate,iNaturalist,356431453,https://www.inaturalist.org/observations/356431453,CC-BY,Pierre Pericard (ppericard),2026/8/12,matched,raw_data/formal_images/Phyllidiopsis_shireenae/Phyllidiopsis_shireenae_img06.jpg,1639,2048,yes,yes,,yes,yes,not_started,not_reviewed,not_started,Research grade; whole animal clear and fully visible; colour pattern visible; natural background clear,650002870
Phyllidiopsis shireenae,7,Phyllidiopsis_shireenae_img07,candidate,iNaturalist,352163692,https://www.inaturalist.org/observations/352163692,CC-BY-NC,wild___max,2026/8/12,matched,raw_data/formal_images/Phyllidiopsis_shireenae/Phyllidiopsis_shireenae_img07.jpg,2048,1536,yes,yes,,yes,yes,not_started,not_reviewed,not_started,Research grade; whole animal clear and fully visible; colour pattern visible; natural background clear,642741332
Phyllidiopsis shireenae,8,Phyllidiopsis_shireenae_img08,candidate,iNaturalist,350728805,https://www.inaturalist.org/observations/350728805,CC-BY-NC,Ella Pennington (ellapennington),2026/8/12,matched,raw_data/formal_images/Phyllidiopsis_shireenae/Phyllidiopsis_shireenae_img08.jpg,2048,1492,yes,yes,,yes,yes,not_started,not_reviewed,not_started,Research grade; whole animal clear and fully visible; colour pattern visible; natural background clear,639973196
Phyllidiopsis shireenae,9,Phyllidiopsis_shireenae_img09,candidate,iNaturalist,350462838,https://www.inaturalist.org/observations/350462838,CC-BY-NC,Ella Pennington (ellapennington),2026/8/12,matched,raw_data/formal_images/Phyllidiopsis_shireenae/Phyllidiopsis_shireenae_img09.jpg,2048,1256,yes,yes,,yes,yes,not_started,not_reviewed,not_started,Research grade; whole animal clear and fully visible; colour pattern visible; natural background clear,639453738
Phyllidiopsis shireenae,10,Phyllidiopsis_shireenae_img10,candidate,iNaturalist,342729846,https://www.inaturalist.org/observations/342729846,CC-BY-NC,Scuba Rider 96 (scuba_rider_96),2026/8/12,matched,raw_data/formal_images/Phyllidiopsis_shireenae/Phyllidiopsis_shireenae_img10.jpg,2048,1536,yes,yes,,yes,yes,not_started,not_reviewed,not_started,Research grade; whole animal clear and fully visible; colour pattern visible; natural background clear,624172309
Sebadoris fragilis,1,Sebadoris_fragilis_img01,candidate,iNaturalist,390237357,https://www.inaturalist.org/observations/390237357,CC-BY-NC,Kate Gillespie (melonss),2026/8/12,matched,raw_data/formal_images/Sebadoris_fragilis/Sebadoris_fragilis_img01.jpg,2048,1536,yes,yes,,yes,yes,not_started,not_reviewed,not_started,Research grade; whole animal clear and fully visible; colour pattern visible; natural background clear,714911922
Sebadoris fragilis,2,Sebadoris_fragilis_img02,candidate,iNaturalist,389474899,https://www.inaturalist.org/observations/389474899,CC-BY-NC,Oscar (boogman),2026/8/12,matched,raw_data/formal_images/Sebadoris_fragilis/Sebadoris_fragilis_img02.jpg,2048,1536,yes,yes,,yes,yes,not_started,not_reviewed,not_started,Research grade; whole animal clear and fully visible; colour pattern visible; natural background clear,713415066
Sebadoris fragilis,3,Sebadoris_fragilis_img03,candidate,iNaturalist,386037231,https://www.inaturalist.org/observations/386037231,CC-BY-NC,Carole BERNARD (carila33),2026/8/12,matched,raw_data/formal_images/Sebadoris_fragilis/Sebadoris_fragilis_img03.jpg,2048,1368,yes,yes,,yes,yes,not_started,not_reviewed,not_started,Research grade; whole animal clear and fully visible; colour pattern visible; natural background clear,706774897
Sebadoris fragilis,4,Sebadoris_fragilis_img04,candidate,iNaturalist,385172846,https://www.inaturalist.org/observations/385172846,CC-BY-NC,Joëlle VINCENT (joellevincent),2026/8/12,matched,raw_data/formal_images/Sebadoris_fragilis/Sebadoris_fragilis_img04.jpg,2048,1536,yes,yes,,yes,yes,not_started,not_reviewed,not_started,Research grade; whole animal clear and fully visible; colour pattern visible; natural background clear,705127146
Sebadoris fragilis,5,Sebadoris_fragilis_img05,candidate,iNaturalist,382936573,https://www.inaturalist.org/observations/382936573,CC-BY-NC,謝忠良 (bobohog),2026/8/12,matched,raw_data/formal_images/Sebadoris_fragilis/Sebadoris_fragilis_img05.jpg,2048,1536,yes,yes,,yes,yes,not_started,not_reviewed,not_started,Research grade; whole animal clear and fully visible; colour pattern visible; natural background clear,700830694
Sebadoris fragilis,6,Sebadoris_fragilis_img06,candidate,iNaturalist,383831707,https://www.inaturalist.org/observations/383831707,CC-BY-NC,wan_yun,2026/8/12,matched,raw_data/formal_images/Sebadoris_fragilis/Sebadoris_fragilis_img06.jpg,1542,2048,yes,yes,,yes,yes,not_started,not_reviewed,not_started,Research grade; whole animal clear and fully visible; colour pattern visible; natural background clear,702551882
Sebadoris fragilis,7,Sebadoris_fragilis_img07,candidate,iNaturalist,379287775,https://www.inaturalist.org/observations/379287775,CC-BY-NC,Chee Koi Jun (koizzz),2026/8/12,matched,raw_data/formal_images/Sebadoris_fragilis/Sebadoris_fragilis_img07.jpg,2048,1368,yes,yes,,yes,yes,not_started,not_reviewed,not_started,Research grade; whole animal clear and fully visible; colour pattern visible; natural background clear,693778349
Sebadoris fragilis,8,Sebadoris_fragilis_img08,candidate,iNaturalist,376765479,https://www.inaturalist.org/observations/376765479,CC-BY-NC,Lando K (lmk96),2026/8/12,matched,raw_data/formal_images/Sebadoris_fragilis/Sebadoris_fragilis_img08.jpg,1536,2048,yes,yes,,yes,yes,not_started,not_reviewed,not_started,Research grade; whole animal clear and fully visible; colour pattern visible; natural background clear,688911422
Sebadoris fragilis,9,Sebadoris_fragilis_img09,candidate,iNaturalist,366919301,https://www.inaturalist.org/observations/366919301,CC-BY-NC,Lando K (lmk96),2026/8/12,matched,raw_data/formal_images/Sebadoris_fragilis/Sebadoris_fragilis_img09.jpg,1536,2048,yes,yes,,yes,yes,not_started,not_reviewed,not_started,Research grade; whole animal clear and fully visible; colour pattern visible; natural background clear,670023306
Sebadoris fragilis,10,Sebadoris_fragilis_img10,candidate,iNaturalist,362344412,https://www.inaturalist.org/observations/362344412,CC-BY-NC,eggward_and_kugita,2026/8/12,matched,raw_data/formal_images/Sebadoris_fragilis/Sebadoris_fragilis_img10.jpg,1152,2048,yes,yes,,yes,yes,not_started,not_reviewed,not_started,Research grade; whole animal clear and fully visible; colour pattern visible; natural background clear,661337819
