species,pal,tox,distance,database,individual,col_mean,col_sd,col_cov,col_skew,col_kurtosis,lum_mean,lum_sd,lum_cov,lum_skew,lum_kurtosis,col_mean_hrz,col_sd_hrz,col_cov_hrz,col_skew_hrz,col_kurtosis_hrz,col_mean_vrt,col_sd_vrt,col_cov_vrt,col_skew_vrt,col_kurtosis_vrt,lum_mean_hrz,lum_sd_hrz,lum_cov_hrz,lum_skew_hrz,lum_kurtosis_hrz,lum_mean_vrt,lum_sd_vrt,lum_cov_vrt,lum_skew_vrt,lum_kurtosis_vrt,caa_sc,caa_jc,caa_st,caa_jt,caa_hc,caa_qc,caa_ht,caa_qt,caa_scpl,caa_qcpl,caa_c,caa_sc_hrz,caa_sc_vrt,caa_jc_hrz,caa_jc_vrt,caa_st_hrz,caa_st_vrt,caa_jt_hrz,caa_jt_vrt,caa_hc_hrz,caa_hc_vrt,caa_qc_hrz,caa_qc_vrt,caa_ht_hrz,caa_ht_vrt,caa_qt_hrz,caa_qt_vrt,caa_scpl_hrz,caa_scpl_vrt,caa_qcpl_hrz,caa_qcpl_vrt,caa_c_hrz,caa_c_vrt,caa_pt,caa_pt_hrz,caa_pt_vrt,caa_asp,vca_ml,vca_sl,vca_cvl,vca_mdmax,vca_sdmax,vca_cvdmax,vca_mssat,vca_sssat,vca_cvssat,vca_msl,vca_ssl,vca_cvsl,vca_ms,vca_ss,vca_cvs,vca_ml_hrz,vca_sl_hrz,vca_cvl_hrz,vca_ml_vrt,vca_sl_vrt,vca_cvl_vrt,vca_mdmax_hrz,vca_sdmax_hrz,vca_cvdmax_hrz,vca_mdmax_vrt,vca_sdmax_vrt,vca_cvdmax_vrt,vca_mssat_hrz,vca_sssat_hrz,vca_cvssat_hrz,vca_mssat_vrt,vca_sssat_vrt,vca_cvssat_vrt,vca_msl_hrz,vca_ssl_hrz,vca_cvsl_hrz,vca_msl_vrt,vca_ssl_vrt,vca_cvsl_vrt,vca_ms_hrz,vca_ss_hrz,vca_cvs_hrz,vca_ms_vrt,vca_ss_vrt,vca_cvs_vrt,bsa_bml,bsa_bsl,bsa_bcvl,bsa_bmdmax,bsa_bsdmax,bsa_bcvdmax,bsa_bmssat,bsa_bsssat,bsa_bcvssat,bsa_bmsl,bsa_bssl,bsa_bcvsl,bsa_bms,bsa_bss,bsa_bcvs,bsa_bml_hrz,bsa_bsl_hrz,bsa_bcvl_hrz,bsa_bml_vrt,bsa_bsl_vrt,bsa_bcvl_vrt,bsa_bmdmax_hrz,bsa_bsdmax_hrz,bsa_bcvdmax_hrz,bsa_bmdmax_vrt,bsa_bsdmax_vrt,bsa_bcvdmax_vrt,bsa_bmssat_hrz,bsa_bsssat_hrz,bsa_bcvssat_hrz,bsa_bmssat_vrt,bsa_bsssat_vrt,bsa_bcvssat_vrt,bsa_bmsl_hrz,bsa_bssl_hrz,bsa_bcvsl_hrz,bsa_bmsl_vrt,bsa_bssl_vrt,bsa_bcvsl_vrt,bsa_bms_hrz,bsa_bss_hrz,bsa_bcvs_hrz,bsa_bms_vrt,bsa_bss_vrt,bsa_bcvs_vrt,source_dataset
Aphelodoris varia,no.no,no,2cm,animals_on_background,3_AphelodorisVaria_38_NF_D_RAW,0.252330228,0.452082057,1.791628617,1.776768251,8.020247301,0.705607023,1.367556087,1.938127091,2.6321266,17.42589262,0.128143092,0.284688981,2.221649076,3.405883941,21.50455999,0.127806717,0.285922706,2.237149288,3.495062909,22.61819991,0.3555296,0.870428217,2.448258082,4.663436068,43.98414597,0.351590706,0.858846005,2.442743766,4.672443453,44.31105841,1.996333711,0.499083428,1.045426021,0.17423767,0.707500713,0.510353885,0.112226899,0.080954595,0.336660549,0.29565424,0.021268613,1.996402496,1.99626491,0.499100624,0.499066228,1.043830616,1.047054216,0.173971769,0.174509036,0.707567603,0.707433732,0.510402136,0.510305569,0.109778123,0.114609997,0.079188177,0.082673637,0.336536197,0.336787632,0.294795157,0.296489603,0.021471007,0.021066167,2117.820174,45.57443308,46.46947929,0.495137939,0.040478021,0.013221305,0.326629221,0.102660356,0.013696527,0.133415928,2.749823996,0.083589167,0.030398006,24.5330086,14.03802435,0.572209654,3.821708077,1.730219806,0.452734686,0.040478133,0.013128813,0.324343345,0.040477341,0.013108399,0.323845351,0.102631053,0.013674622,0.133240593,0.102627973,0.013671716,0.133216273,2.749735098,0.082220403,0.029901209,2.749722995,0.082039676,0.029835615,24.53330623,14.03821814,0.572210611,24.53271101,14.03783059,0.572208697,3.82174635,1.730260668,0.452740844,3.82166981,1.730178948,0.452728528,0.25937157,0.036196573,0.139554898,0.114805486,0.02204873,0.192052927,0.020287564,0.020867895,1.028605298,10.63431823,1.691548718,0.159065084,1.953418487,0.326139389,0.166958279,0.259251277,0.036004762,0.138879786,0.259494206,0.036390532,0.140236397,0.11469074,0.021572888,0.188096162,0.114922466,0.022522688,0.195981596,0.020199894,0.020551069,1.017385012,0.020376941,0.021185516,1.039680917,10.62917496,1.688923901,0.158895108,10.63956165,1.694199029,0.159235792,1.95239908,0.324030539,0.16596532,1.954457745,0.328271013,0.167960148,habitat_background_2024
Aphelodoris varia,no.no,no,2cm,animals_on_background,3_AphelodorisVaria_25_NP_D_RAW,0.277114973,0.548537106,1.979456761,1.608301088,7.788505088,0.999430102,1.982343294,1.983473672,1.827684046,10.43059393,0.141466354,0.33691812,2.381613084,3.235697057,22.09005073,0.139925859,0.335812054,2.399928483,3.284822806,22.26985048,0.50201818,1.210603252,2.41147293,3.624581886,29.23988131,0.499309547,1.210461452,2.424270595,3.638579982,29.17702241,4.063994157,0.369454014,3.709978615,0.067454157,1.497217029,0.624387998,1.5682944,0.487218049,0.218454085,0.555803024,0.045071767,4.063345523,4.064642325,0.369395048,0.369512939,3.729804819,3.689524604,0.067814633,0.067082266,1.496937515,1.497495946,0.471023335,0.47119905,1.579384036,1.556249597,0.658654301,0.649006491,0.21860484,0.218297602,0.564838818,0.560102771,0.045304899,0.04483864,448.8940368,21.07266791,21.3021929,0.497291732,0.048816511,0.028407006,0.581913899,0.119937733,0.059599172,0.496917615,3.453355404,1.681647226,0.48696037,18.60667586,11.81143649,0.634795628,6.164987559,3.958401549,0.642077784,0.048792923,0.028335417,0.580728005,0.048798125,0.028363301,0.581237516,0.119657751,0.059747927,0.499323499,0.119663113,0.059775726,0.49953344,3.444840967,1.686034316,0.48943749,3.444971603,1.686843905,0.489653936,18.60602336,11.81121388,0.634805926,18.60732803,11.81165894,0.634785334,6.164875869,3.95839626,0.642088558,6.165099191,3.958406831,0.642067014,0.223910062,0.054213351,0.242121102,0.279065287,0.29183992,1.045776502,0.272209567,0.300655116,1.104498712,9.146367654,2.389997699,0.261305667,2.390492136,0.854752881,0.357563561,0.223997312,0.055062887,0.245819409,0.223821907,0.053437348,0.238749409,0.28070835,0.292452533,1.041837667,0.27740518,0.291720655,1.05160493,0.274004429,0.301232331,1.099370299,0.270396086,0.30058558,1.111649155,9.151307448,2.431114703,0.265657636,9.141376619,2.351961413,0.257287443,2.395872279,0.861713322,0.359665801,2.385056183,0.849131466,0.356021578,habitat_background_2024
Aphelodoris varia,no.no,no,2cm,animals_on_background,3_AphelodorisVaria_24_NP_D_RAW,0.172732659,0.310091592,1.795211135,2.768131916,16.31749138,0.651677214,1.206736648,1.851739822,3.13473666,23.60371849,0.089626793,0.206387218,2.302740192,4.667623886,38.95755128,0.086035914,0.192065657,2.232389343,4.430929831,35.44879795,0.336059203,0.804207526,2.393053121,4.973576278,47.18627045,0.317172314,0.75249603,2.372514866,5.155849735,52.91202973,1.540345112,0.220049302,2.09285537,0.09965978,0.673991267,0.346362995,1.014609607,0.440639354,0.159854541,0.393501174,0.012317672,1.540021952,1.540667996,0.220003136,0.220095428,2.128660284,2.055637576,0.101364775,0.097887504,0.673774384,0.67420767,0.292616497,0.292804671,1.031374952,0.996176703,0.530021878,0.511933556,0.160683956,0.158991466,0.411319187,0.402369114,0.012595335,0.012040123,6432.708399,78.39447723,82.05563231,0.488590986,0.063465631,0.018128551,0.285643595,0.117142492,0.027059772,0.230998775,3.369159687,0.705025931,0.209258687,24.55358499,11.40296326,0.464411338,3.229014916,0.77671207,0.240541493,0.063650273,0.017835525,0.280211282,0.063643786,0.017843863,0.280370855,0.117099351,0.026740038,0.228353425,0.117105807,0.026734197,0.228290958,3.370458669,0.695543943,0.206364774,3.370530217,0.695397798,0.206317034,24.55344231,11.40193713,0.464372245,24.55372754,11.4039883,0.464450389,3.228946273,0.776638609,0.240523856,3.229083492,0.776785444,0.240559108,0.273002114,0.079502806,0.291216814,0.286565181,0.228804195,0.798436831,0.257172559,0.262356852,1.020158812,11.27562366,3.441501653,0.30521608,3.130800728,0.694789411,0.221920675,0.27226968,0.080217765,0.29462614,0.273768009,0.078740146,0.287616314,0.28919048,0.229879796,0.794907896,0.283819946,0.227638042,0.802050896,0.260722013,0.263637781,1.011183438,0.253460949,0.260953311,1.029560224,11.24537312,3.474485482,0.308970227,11.30725619,3.406350164,0.30125347,3.127030561,0.694691011,0.222156771,3.134743134,0.694867981,0.221666641,habitat_background_2024
Aphelodoris varia,no.no,no,2cm,animals_on_background,3_AphelodorisVaria_33_NF_D_RAW,0.161706227,0.290711819,1.797777519,2.675747819,15.6906989,0.845338295,1.702099074,2.013512323,3.512496542,24.24100281,0.082390238,0.187031562,2.270069441,4.431894331,34.91696557,0.082742747,0.191418955,2.313422772,4.754279571,41.34888615,0.422534704,1.100538143,2.604610065,5.720669175,56.38729911,0.424530597,1.112674418,2.620952241,5.715131906,54.89322302,1.84662039,0.263802913,1.123906248,0.053519345,0.721472842,0.370763698,0.261429029,0.118981479,0.158661129,0.244872588,0.027878954,1.846752266,1.846488416,0.263821752,0.263784059,1.118076643,1.129591276,0.053241745,0.053790061,0.72149169,0.721453891,0.328365019,0.346945984,0.25518216,0.266925331,0.131137689,0.137172485,0.158531749,0.15878706,0.229751354,0.242059234,0.027504395,0.028253455,1216.093578,35.35782535,34.39390194,0.506909674,0.095041679,0.033273789,0.35009681,0.161323124,0.016881886,0.104646411,4.333767531,0.225517583,0.052037305,25.10297953,16.19075768,0.644973544,2.668175386,1.510186499,0.565999712,0.094796012,0.032810255,0.346114294,0.094797787,0.032853424,0.346563197,0.161217602,0.016776549,0.10406152,0.161218188,0.016793111,0.104163871,4.333199629,0.222488794,0.051345152,4.333243247,0.223307174,0.051533496,25.10299686,16.19078199,0.644974067,25.10296219,16.19073336,0.644973021,2.668192949,1.510176762,0.565992337,2.668157811,1.510196242,0.566007091,0.259112911,0.037020744,0.142874949,0.087991127,0.034282121,0.389608836,0.027334162,0.041113424,1.504104052,10.62854953,1.771361134,0.166660665,1.309575167,0.62084044,0.474077744,0.25884192,0.036896953,0.142546282,0.259376676,0.037432292,0.144316339,0.08818506,0.035727886,0.405146695,0.087802366,0.033071942,0.376663446,0.027490847,0.042534606,1.547227913,0.027181655,0.039994301,1.471371121,10.61724699,1.776759857,0.167346569,10.6395507,1.779973153,0.167297774,1.30313751,0.609426527,0.46766095,1.315841167,0.636674725,0.483853782,habitat_background_2024
Aphelodoris varia,no.no,no,2cm,animals_on_background,3_AphelodorisVaria_39_NP_D_RAW,0.168410182,0.309077687,1.835267223,3.835143129,33.86318373,0.621073003,1.151172612,1.853522219,3.745941449,32.40730117,0.084144452,0.193210462,2.29617588,6.121068277,82.90325639,0.086654816,0.201636956,2.32689843,5.855899215,65.61801118,0.306465032,0.724408195,2.363754814,6.144300719,82.56195256,0.315837948,0.751754737,2.380191303,5.824457685,66.12587426,1.175414187,0.146926773,3.041756168,0.108634149,0.369824255,0.177847873,1.369585177,0.533961878,0.127780461,0.355904876,0.005920206,1.175518315,1.175310082,0.146939789,0.14691376,3.041537568,3.039770859,0.108626342,0.108563245,0.370004021,0.369644384,0.144253928,0.144113716,1.366417982,1.371808174,0.657108149,0.659700283,0.127783066,0.127738503,0.400681039,0.401907,0.005862527,0.005977872,28197.52766,169.5749099,166.2836069,0.504899836,0.074188724,0.024117285,0.325080199,0.103086071,0.037566445,0.364418248,2.962690165,0.818450496,0.276252477,20.99172464,10.80238579,0.51460211,3.860364125,2.256092525,0.584424798,0.074018301,0.023568784,0.31841834,0.07401794,0.023543706,0.318081079,0.102838225,0.037103701,0.360796782,0.102831714,0.037084134,0.360629349,2.957911716,0.808390026,0.27329755,2.957795037,0.807898641,0.273142199,20.99215275,10.80291026,0.514616599,20.99129658,10.80186134,0.51458762,3.860448847,2.256154981,0.584428151,3.860279414,2.256030072,0.584421445,0.330819614,0.073860577,0.223265411,0.296676706,0.172067746,0.579984011,0.250907069,0.131828677,0.525408382,13.84140057,3.414388237,0.246679389,3.194830847,1.179144381,0.369078814,0.331760467,0.074295244,0.223942427,0.329897137,0.073419221,0.22255186,0.296345094,0.170995609,0.577015151,0.297001841,0.173111828,0.582864495,0.249842938,0.131550113,0.526531245,0.251950417,0.132092214,0.524278608,13.88570325,3.445567225,0.248137755,13.79796315,3.382929065,0.245175975,3.184905067,1.174203424,0.368677684,3.204562772,1.183881294,0.369436138,habitat_background_2024
Aphelodoris varia,no.no,no,2cm,animals_on_background,3_AphelodorisVaria_23_NP_D_RAW,0.183526374,0.352167289,1.918891996,2.928531747,18.06564137,0.720818309,1.343513671,1.863872844,2.690932109,17.2954701,0.091834824,0.223929583,2.438395078,4.935654881,43.53569652,0.094710187,0.230786091,2.436761016,4.839071063,41.49189297,0.354493795,0.849991734,2.397761954,4.65729183,43.20661582,0.368174935,0.88845716,2.413138633,4.647786732,42.32455959,1.401779743,0.233629957,2.110322164,0.140688144,0.561186737,0.313204282,0.896082882,0.460495508,0.187159051,0.386849895,0.015819372,1.402104702,1.401454817,0.233684117,0.233575803,2.102328435,2.118078676,0.140155229,0.141205245,0.561459412,0.560913856,0.288533061,0.288252701,0.89079661,0.901026276,0.497163054,0.502872339,0.186919673,0.187390524,0.392848058,0.39556252,0.015664581,0.015974137,3870.91312,62.83828551,61.60118929,0.504970674,0.046511545,0.011522217,0.247728117,0.111288323,0.041171055,0.369949456,3.247882235,1.195583236,0.368111634,22.51081825,11.07522694,0.491995752,3.03233608,0.808536557,0.266638175,0.046694849,0.011321354,0.24245402,0.046700025,0.011312556,0.242238752,0.111917187,0.040666606,0.363363368,0.11193766,0.040644089,0.363095757,3.266119565,1.181086205,0.361617565,3.266717981,1.1804381,0.361352926,22.51159216,11.07661113,0.492040325,22.51004423,11.07384231,0.491951157,3.032336498,0.808729613,0.266701804,3.032335663,0.808343426,0.266574521,0.251560335,0.087664948,0.348484782,0.527817283,0.212827099,0.403221163,0.523268459,0.214929008,0.41074329,10.36330294,3.811607274,0.3677985,2.185611176,0.616352586,0.282004683,0.250852499,0.087408413,0.348445455,0.252254341,0.087909289,0.348494654,0.527341199,0.212109462,0.402224332,0.528284064,0.213527171,0.404190066,0.522785183,0.214217973,0.4097629,0.523742293,0.215622648,0.411696078,10.33234581,3.798912025,0.367671785,10.39365522,3.823729683,0.367890756,2.180209012,0.612451531,0.280914136,2.190907792,0.620100292,0.283033496,habitat_background_2024
Aphelodoris varia,no.no,no,2cm,animals_on_background,3_AphelodorisVaria_34_NF_D_RAW,0.184577783,0.389156506,2.108360491,2.443490199,12.80906839,0.444531302,0.886379395,1.993963961,2.397711017,15.49988645,0.092540549,0.241116541,2.605523137,4.420721292,33.82781938,0.094292314,0.245830971,2.607115679,4.462002253,34.50198141,0.221309724,0.548691013,2.479290121,4.435649679,40.32515333,0.224140407,0.554304616,2.47302404,4.538432176,43.94973176,1.60566977,0.321133954,1.038284229,0.103828423,0.577893419,0.35906537,0.106714808,0.076978462,0.212481188,0.218021916,0.01343045,1.605940183,1.60539935,0.321188037,0.32107987,1.037366611,1.039165892,0.103736661,0.103916589,0.57806062,0.577725463,0.416982595,0.525868379,0.105520027,0.107429822,0.065563279,0.066749901,0.212462349,0.21249823,0.241272937,0.29630914,0.013181446,0.013679331,5397.933387,74.86421,72.10299003,0.509394001,0.036298737,0.007296148,0.201002806,0.096141947,0.047242881,0.491386771,2.827546987,1.427184884,0.504743119,15.3265324,6.187799548,0.403731215,2.224826945,0.758722055,0.341025201,0.03633542,0.007247855,0.199470794,0.036336943,0.007238697,0.199210407,0.096449537,0.047049654,0.487816275,0.096467953,0.047038352,0.487605994,2.836839224,1.421348953,0.501032607,2.83739823,1.421005279,0.500812774,15.32683732,6.188376474,0.403760824,15.32622748,6.187222542,0.403701599,2.224798809,0.758716431,0.341026985,2.224855082,0.758727679,0.341023415,0.208771769,0.028792146,0.137912068,0.667725854,0.055103081,0.08252351,0.692124474,0.056112379,0.08107267,8.483751952,1.284672944,0.151427452,2.973737971,0.081618126,0.027446307,0.208574221,0.027548239,0.13207883,0.208962034,0.031755883,0.151969632,0.667945562,0.054094151,0.080985868,0.667514246,0.059456965,0.089072203,0.692327309,0.055266324,0.079826873,0.691929117,0.060366881,0.087244314,8.474751206,1.227915864,0.144891081,8.49242085,1.418087085,0.166982667,2.973404717,0.085051889,0.028604209,2.974058939,0.082908308,0.027877157,habitat_background_2024
Aphelodoris varia,no.no,no,2cm,animals_on_background,3_AphelodorisVaria_22_NP_D_RAW,0.17270316,0.316322986,1.831599297,3.83760233,26.04927291,0.510631221,0.948849582,1.858189518,5.056372082,52.7732188,0.086602304,0.198146264,2.288002233,5.870613474,57.7224414,0.089246044,0.209017103,2.342032149,6.043560492,60.09503995,0.253165729,0.604829653,2.38906607,7.719364801,116.7035934,0.258450207,0.626059364,2.422359692,7.638902436,111.1048788,2.961764754,0.423109251,3.679116917,0.175196044,1.283037787,0.659350992,1.466229498,0.555588347,0.299152647,0.607469669,0.01769722,2.96226229,2.961267112,0.423180327,0.423038159,3.64175564,3.711530052,0.173416935,0.176739526,1.283109512,1.282965949,0.486199939,0.48614554,1.461843472,1.469503602,0.751238937,0.755175465,0.298298631,0.299888843,0.618719438,0.620660502,0.017412665,0.017981597,3081.749047,56.42946238,54.61241198,0.508181825,0.046378874,0.018619983,0.401475535,0.138926496,0.067780503,0.487887516,4.165956777,2.049416687,0.491943819,18.63927774,10.41245646,0.558629825,3.708591908,1.343148108,0.362171989,0.046396002,0.018495382,0.398641708,0.046406078,0.018502345,0.39870521,0.139158505,0.067580576,0.485637413,0.139188487,0.067565092,0.485421559,4.174539101,2.044967016,0.489866538,4.175448899,2.044499738,0.489647889,18.63991299,10.41322058,0.55865178,18.63864252,10.41169228,0.558607863,3.708601091,1.343144897,0.362170227,3.708582725,1.343151318,0.362173751,0.21119981,0.039421807,0.186656453,0.402602304,0.352587808,0.875771957,0.398941869,0.353028686,0.884912599,8.595734311,1.754895399,0.204158869,2.675157081,0.966957045,0.361458044,0.2116256,0.04042853,0.191037992,0.210787749,0.038417601,0.182257279,0.39388156,0.349880082,0.888287539,0.411041844,0.354968948,0.863583484,0.390519977,0.350106003,0.896512404,0.407092194,0.355629819,0.873585455,8.614878898,1.806691098,0.209717527,8.57720705,1.703050154,0.198555327,2.68748988,0.954743995,0.355254917,2.663221958,0.97847179,0.367401518,habitat_background_2024
Aphelodoris varia,no.no,no,2cm,animals_on_background,3_AphelodorisVaria_27_NP_D_RAW,0.198520634,0.347774886,1.751832436,2.380369931,12.4040049,0.562606961,0.969759233,1.723688651,2.469075427,14.41139067,0.102604261,0.227141361,2.213761472,4.274686555,32.36169152,0.09830246,0.207671981,2.112581745,4.000633412,29.99760972,0.288502842,0.640197973,2.219035236,4.559546754,39.37896366,0.27511444,0.575634822,2.092346816,4.031304479,31.91644314,2.670082207,0.667520552,1.876329553,0.312721592,1.030425706,0.743295028,0.681781598,0.491801465,0.490121072,0.617548247,0.025985004,2.670290763,2.669873737,0.667572691,0.667468434,1.871659297,1.880981086,0.311943216,0.313496848,1.030474204,1.030377216,0.743330012,0.74326005,0.68412218,0.678945316,0.493489838,0.48975552,0.489757953,0.490482641,0.618409925,0.616507785,0.026568986,0.025401051,1405.738208,36.6378684,38.36844962,0.488463764,0.04103722,0.013283872,0.323703027,0.108596476,0.051501201,0.474243759,2.802200552,1.172951468,0.41858227,14.55302123,8.504916887,0.584409021,3.269142198,1.454000112,0.444765025,0.041085141,0.013290806,0.323494237,0.041090306,0.013291115,0.323461094,0.108483749,0.051426831,0.474051017,0.108486169,0.051416793,0.473947906,2.800735338,1.171177275,0.418167779,2.800894993,1.17086512,0.418032494,14.55331967,8.505595106,0.584443639,14.55272317,8.504239446,0.58437444,3.269209571,1.454042776,0.44476891,3.269074909,1.453957497,0.444761144,0.202474541,0.019903236,0.098299944,0.399867152,0.208395915,0.521162875,0.338343688,0.26805459,0.79225533,8.215528463,0.849943289,0.103455705,2.55427302,0.359762852,0.140847454,0.202750971,0.020833044,0.102751884,0.202185416,0.018876023,0.093359964,0.398335989,0.207784082,0.521630201,0.401468639,0.209017931,0.520633272,0.336494999,0.26735216,0.794520457,0.340277282,0.268769176,0.789853423,8.227412074,0.891993092,0.108417214,8.203099064,0.803360732,0.097933808,2.551430855,0.358902635,0.1406672,2.557245719,0.360628429,0.141022204,habitat_background_2024
Aphelodoris varia,no.no,no,2cm,animals_on_background,3_AphelodorisVaria_28_NP_D_RAW,0.151936318,0.362019584,2.382706049,3.892548782,21.57515076,1.124977227,2.151598795,1.912570977,4.068304529,26.23051507,0.076961949,0.231905957,3.013254726,6.057117634,50.35145017,0.077187706,0.233572957,3.026038331,6.016542135,49.59242739,0.562608522,1.401436246,2.49096164,6.267910963,58.51119502,0.564603909,1.407687695,2.493230517,6.211271497,57.78169954,3.587115316,0.597852553,3.255878811,0.217058587,1.401310005,0.782086005,1.368066139,0.594143575,0.40745557,0.68811479,0.038924959,3.586803848,3.587426616,0.597800641,0.597904436,3.25695478,3.254776969,0.217130319,0.216985131,1.401222363,1.401397604,0.60854314,0.637803536,1.370537001,1.365476916,0.764911264,0.762087177,0.40746548,0.407444784,0.686727202,0.699945356,0.038774008,0.039075895,609.6280933,24.79047312,24.59122463,0.502017433,0.027842345,0.027025477,0.970660926,0.04202371,0.059848394,1.424157772,1.099439366,1.577957513,1.435238324,28.03082337,16.93690017,0.604224141,3.200771266,1.756651754,0.548821396,0.027731581,0.027036844,0.9749478,0.02774089,0.02705011,0.975098846,0.041608962,0.059827701,1.437856141,0.041628574,0.059841539,1.437511119,1.088309527,1.577021569,1.44905611,1.088813456,1.57735852,1.448694918,28.03178193,16.93749498,0.604224698,28.02986462,16.93630514,0.60422358,3.200735086,1.75665708,0.548829264,3.200807453,1.756646427,0.548813527,0.289922767,0.051769547,0.178563234,0.688375973,0.347957143,0.505475433,0.689456453,0.359573221,0.521531446,11.98671183,2.487175112,0.207494361,1.627323629,1.200275585,0.73757645,0.29012444,0.052381781,0.180549355,0.289722673,0.051472715,0.17766202,0.689371639,0.347465414,0.504032069,0.687388106,0.350612203,0.510064402,0.690484441,0.35905559,0.520005331,0.688436518,0.362326366,0.526303234,11.99691022,2.521172049,0.210151781,11.97659335,2.468215574,0.206086614,1.627041801,1.200298303,0.737718172,1.627603249,1.207731255,0.742030502,habitat_background_2024
Aphelodoris varia,no.no,no,2cm,animals_on_background,3_AphelodorisVaria_21_NL_N_RAW,0.171948562,0.37762138,2.196129917,2.852076981,17.83179409,0.658023534,1.373063528,2.086648057,2.852104454,21.15925326,0.087230514,0.238121088,2.72979118,4.93341087,43.31329759,0.087032132,0.238406974,2.73929833,5.17623431,50.00531091,0.3338316,0.871538232,2.610712207,4.951949778,51.01044992,0.325723742,0.857374883,2.63221489,5.313976032,58.72025024,3.497618622,0.437202328,3.262720202,0.116525722,1.405390464,0.675849951,1.37659611,0.53669524,0.276864025,0.606272595,0.027403799,3.495686903,3.499546604,0.436960863,0.437443325,3.309031763,3.211717185,0.118179706,0.114704185,1.404997587,1.405781678,0.547768159,0.548073853,1.386735554,1.363248309,0.666878835,0.655583858,0.277570284,0.276073755,0.607323497,0.601828856,0.027717463,0.027090239,1259.791676,35.07833855,35.91366434,0.494116761,0.04730169,0.025126098,0.531188174,0.100716715,0.05556599,0.551705748,2.946716302,1.586164051,0.5382819,21.79886513,11.31998514,0.519292407,3.296079268,1.439545774,0.436744889,0.047461965,0.025121466,0.529296805,0.04742004,0.025112939,0.529584948,0.101109415,0.055485719,0.548769067,0.101001002,0.055509573,0.549594281,2.958847177,1.582088116,0.534697476,2.95567934,1.583315495,0.535685815,21.79657388,11.3177395,0.519243968,21.80115414,11.32222762,0.519340744,3.29627927,1.439200825,0.436613742,3.295879461,1.439890272,0.43687589,0.23915547,0.038130441,0.15943788,0.393921814,0.373144547,0.947255354,0.392150269,0.394460052,1.005890046,9.772801754,1.68553663,0.172472201,2.163678008,0.807560942,0.373235268,0.238645311,0.037905747,0.158837175,0.239677269,0.038351295,0.160012234,0.404859978,0.377317848,0.931971222,0.382734096,0.368463468,0.962713988,0.403561259,0.398182334,0.986671354,0.380478938,0.390242397,1.025660972,9.750572599,1.667462428,0.171011744,9.795538066,1.703499814,0.173905691,2.139315348,0.813398916,0.380214594,2.188596501,0.800715496,0.36585798,habitat_background_2024
Aphelodoris varia,no.no,no,2cm,animals_on_background,3_AphelodorisVaria_29_NF_D_RAW,0.089237339,0.279239668,3.129179684,4.820961489,32.98743854,0.618493369,1.148663759,1.857196564,2.898910251,19.12574055,0.045661044,0.180652333,3.956377613,7.337051571,73.81437995,0.044385672,0.174635909,3.93451092,7.518664739,78.52422697,0.316420114,0.751928727,2.376361979,4.79436193,42.83317951,0.303488346,0.719582906,2.371039661,4.957413113,47.66161405,3.5240215,0.7048043,2.849325833,0.284932583,1.315035196,0.817077307,1.099385366,0.564972317,0.494868442,0.691024812,0.02970068,3.524167856,3.523873937,0.704833571,0.704774787,2.826629656,2.87199556,0.282662966,0.287199556,1.315047541,1.315022576,0.675800752,0.675787922,1.093631902,1.105023326,0.679511706,0.686589596,0.493748268,0.495987172,0.677656229,0.681188759,0.030291538,0.029110256,1067.686496,32.01252038,33.35215358,0.489752621,0.019602024,0.008967197,0.457462802,0.026043746,0.045792446,1.758289498,0.716642015,1.334264905,1.861829027,17.0006522,10.19839444,0.599882541,1.859478149,1.474985866,0.793225705,0.019577187,0.008969068,0.458138741,0.019584647,0.008969569,0.457989826,0.025971419,0.04575464,1.761730467,0.026000138,0.045775182,1.760574582,0.7146515,1.333084001,1.865362349,0.715458859,1.333717098,1.864142266,17.0022289,10.19991331,0.599916244,16.99907858,10.19687801,0.599848866,1.859359035,1.475037035,0.79330404,1.859597031,1.474934784,0.793147526,0.212175315,0.017447521,0.082231626,0.863825087,0.158603634,0.183606191,0.876033052,0.137339782,0.156774658,8.621067327,0.762755594,0.088475773,1.085345058,1.244105418,1.146276393,0.21220001,0.016922427,0.079747532,0.212149636,0.017977223,0.084738409,0.865334121,0.157833712,0.182396265,0.862255968,0.159382591,0.184843709,0.87735555,0.136704481,0.155814232,0.874657898,0.137981595,0.15775493,8.621917697,0.740157218,0.085846008,8.620183097,0.785563498,0.091130721,1.076841053,1.233988985,1.145934194,1.094187665,1.254466819,1.146482326,habitat_background_2024
Aphelodoris varia,no.no,no,2cm,animals_on_background,3_AphelodorisVaria_11_NF_D_RAW,0.204503394,0.45534266,2.226577519,2.007472779,9.262284675,0.520339883,1.12845797,2.168693975,2.324000925,14.04079059,0.102463085,0.282085249,2.753042714,3.834045913,25.90398086,0.104196181,0.284873573,2.73401165,3.788240777,25.44901095,0.258824942,0.701404849,2.709958491,4.450237882,39.47268885,0.262942899,0.706516766,2.686958909,4.268718221,36.06670569,2.459743211,0.491948642,2.163548775,0.216354878,0.998586712,0.620456809,0.880392935,0.45243247,0.35415176,0.53644464,0.034178143,2.459669726,2.459816672,0.491933945,0.491963334,2.161464531,2.165423107,0.216146453,0.216542311,0.998526812,0.998646586,0.513141274,0.513202825,0.878582469,0.881960021,0.545893981,0.547992572,0.354040199,0.354252823,0.529517627,0.530597699,0.033801061,0.034555142,798.6399381,28.58487049,27.93925333,0.505710988,0.028160373,0.007480229,0.265629619,0.082937361,0.069614529,0.839362721,1.980090708,1.652704744,0.834661128,15.56166045,10.19280875,0.654994933,3.083016419,1.208462397,0.391974039,0.028075087,0.007454855,0.265532747,0.028076584,0.007458903,0.265662769,0.08187529,0.0694807,0.848616226,0.081870727,0.069477146,0.848620111,1.954809415,1.649404256,0.843767297,1.954701209,1.649314573,0.843768125,15.56169049,10.19292038,0.655000843,15.56163039,10.19269705,0.654989021,3.08305581,1.208510457,0.391984619,3.082977006,1.208414307,0.391963451,0.147438915,0.034939392,0.236975376,0.46476972,0.336477655,0.723966388,0.465554078,0.330494308,0.709894562,5.949810869,1.474641146,0.247846726,2.372326035,1.034860105,0.436221704,0.147233249,0.034437381,0.233896765,0.147640049,0.035422112,0.239922111,0.462460759,0.337013869,0.728740465,0.46702779,0.335934525,0.719303074,0.463237841,0.331069011,0.714684729,0.467819265,0.329912955,0.705214555,5.941101815,1.452247996,0.244440853,5.958327974,1.496159432,0.251103907,2.367169691,1.037695079,0.438369536,2.377368731,1.032051013,0.434114826,habitat_background_2024
Aphelodoris varia,no.no,no,2cm,animals_on_background,3_AphelodorisVaria_18_NL_D_RAW,0.229298691,0.412044811,1.796978467,2.575815371,11.8245394,0.883668505,1.571171952,1.778010582,2.958224355,17.09292483,0.114529182,0.263543008,2.3010992,4.285202045,28.03745472,0.118002804,0.273636123,2.318895091,4.305160892,28.51285018,0.435518069,1.00826395,2.315090972,4.918875622,41.38248855,0.450164212,1.040401426,2.311159789,4.715706526,37.15913606,1.946564765,0.486641191,1.012055245,0.168675874,0.684554237,0.493801501,0.041078644,0.029631978,0.327658533,0.261716739,0.02277549,1.946704628,1.9464247,0.486676157,0.486606175,1.01276552,1.011371588,0.168794253,0.168561931,0.684604655,0.684503744,0.493837871,0.493765078,0.042939725,0.03925585,0.030974464,0.02831711,0.327735205,0.327584053,0.262406167,0.261041094,0.022352802,0.023198003,1841.645892,43.73712052,42.10715908,0.50949371,0.034218284,0.011437375,0.334247472,0.084246838,0.045282729,0.537500629,2.433706574,1.401792586,0.575990796,23.16949628,12.45158415,0.537412812,3.219879061,0.862269321,0.267795561,0.03424831,0.011404236,0.332986839,0.034251868,0.011401674,0.332877423,0.084389968,0.045253863,0.536246957,0.084406069,0.045250608,0.536106093,2.438164681,1.400928866,0.574583365,2.438665127,1.400830116,0.574424959,23.17031319,12.45215762,0.537418615,23.16867901,12.45101032,0.537407002,3.219872316,0.862266357,0.267795202,3.21988581,0.862272286,0.267795921,0.293503254,0.014690735,0.050053058,0.509680358,0.039013768,0.07654556,0.549811321,0.040611536,0.073864496,12.09951388,0.743189404,0.06142308,2.567161211,0.071164491,0.027721084,0.293551518,0.015052669,0.051277776,0.293456767,0.014333291,0.048842938,0.509512538,0.040340395,0.079174489,0.509841997,0.037690946,0.073926719,0.549646046,0.041853104,0.076145557,0.549970509,0.039377834,0.071599901,12.1017987,0.76065095,0.062854371,12.09731322,0.725965003,0.060010433,2.567363442,0.072025364,0.028054214,2.566966428,0.070324631,0.027396007,habitat_background_2024
Aphelodoris varia,no.no,no,2cm,animals_on_background,3_AphelodorisVaria_20_NL_N_RAW,0.14461992,0.331540767,2.292497238,3.821092652,23.23647538,0.640363875,1.155949296,1.805144451,3.239079173,22.23798682,0.071592009,0.208170661,2.907735998,6.159583058,56.85913816,0.074674738,0.215557303,2.886616124,5.836648548,50.55480378,0.311739065,0.718589381,2.305098916,5.160440437,47.98040288,0.329898521,0.770027563,2.334134633,5.287299663,52.5044052,4.096050481,0.51200631,3.850190733,0.137506812,1.517641704,0.729831387,1.456448941,0.586118171,0.324756561,0.657974779,0.029482627,4.096459391,4.095640677,0.512057424,0.511955085,3.816325124,3.881923116,0.136297326,0.138640111,1.51768994,1.517593296,0.610763362,0.632885561,1.447254312,1.464656713,0.695982206,0.704350992,0.324177375,0.325297598,0.653372784,0.668618277,0.028897565,0.030067662,1084.040667,33.60499198,32.25832245,0.510223214,0.032926413,0.017640535,0.535756349,0.065957672,0.060710079,0.920439991,1.935882604,1.776013925,0.917418195,16.77545058,11.01061134,0.656352644,2.911971401,1.455996826,0.500003821,0.033021431,0.017659118,0.534777504,0.033024242,0.01765643,0.534650592,0.066432395,0.060705781,0.913797868,0.066453174,0.060705036,0.913500931,1.949827364,1.776004338,0.910852094,1.950442133,1.775993252,0.910559314,16.7750268,11.01104607,0.65639514,16.77587485,11.01017608,0.656310098,2.911984068,1.456096061,0.500035724,2.91195872,1.45589747,0.499971878,0.212108156,0.043608903,0.205597484,0.672464676,0.340551951,0.506423554,0.667216336,0.351548759,0.526888716,8.634462683,1.883007361,0.218080433,1.608741347,1.311321389,0.815122575,0.211653824,0.042377729,0.200221892,0.212544788,0.044941564,0.211445148,0.674603108,0.338033015,0.501084284,0.670409557,0.344367567,0.513667448,0.669382714,0.348922923,0.521260732,0.66513436,0.355512421,0.534497152,8.613963654,1.822371476,0.211560154,8.65416307,1.947336137,0.225017269,1.615569094,1.313526795,0.813042784,1.602179608,1.314605323,0.820510582,habitat_background_2024
Aphelodoris varia,no.no,no,2cm,animals_on_background,3_AphelodorisVaria_19_NL_D_RAW,0.176730594,0.39165253,2.216099209,2.043796698,9.13167451,0.81723986,1.644516759,2.012281633,1.952410618,10.79719528,0.091006339,0.250672335,2.754449163,3.893795141,25.82608073,0.087958062,0.238890882,2.715963459,3.763387782,24.23266433,0.417135815,1.035096592,2.481437828,3.705763195,28.16212146,0.401660633,1.00449424,2.500853099,3.864326068,30.88801053,2.326344601,0.58158615,2.007639614,0.334606602,0.964182273,0.695510492,0.708903129,0.511365514,0.458096376,0.603438003,0.029164425,2.326741716,2.325948275,0.581685429,0.581487069,2.007483953,2.007658393,0.334580659,0.334609732,0.964288956,0.964075734,0.695587448,0.695433641,0.707896404,0.709877071,0.510639316,0.512068065,0.458133044,0.4580484,0.603113382,0.603750853,0.029817992,0.028511468,1108.646087,32.53679881,34.07360673,0.488464205,0.027643987,0.010805994,0.390898524,0.061830136,0.039713476,0.642299662,1.622767224,1.12990069,0.696280202,17.34789119,9.761705377,0.562702709,2.198432972,0.639634816,0.290950338,0.027617469,0.010760783,0.389636816,0.027612569,0.010757359,0.389581972,0.061834545,0.039630596,0.640913532,0.061823791,0.039629401,0.64100568,1.621756676,1.126677922,0.694726859,1.621354339,1.12650527,0.694792769,17.34764612,9.76122266,0.562682833,17.3481357,9.762186963,0.562722539,2.198454208,0.639639627,0.290949716,2.198411784,0.639630015,0.290950958,0.255811631,0.015930888,0.062275857,0.536227135,0.465311146,0.867750093,0.589600434,0.407528847,0.691194956,10.46741316,0.7012313,0.066991843,1.689661865,0.112659057,0.066675504,0.255833061,0.015523537,0.060678385,0.255789239,0.016345628,0.063902721,0.538463397,0.465375046,0.864264959,0.533890577,0.46522906,0.871394028,0.591555315,0.407585519,0.689006605,0.587557878,0.407456265,0.693474261,10.46816555,0.681027076,0.065056965,10.46662703,0.721736602,0.068955987,1.689910913,0.110792279,0.065561018,1.689401647,0.114576301,0.06782064,habitat_background_2024
Aphelodoris varia,no.no,no,2cm,animals_on_background,3_AphelodorisVaria_12_NF_D_RAW,0.173373307,0.39115455,2.256140563,2.518505865,12.56173378,0.718332749,1.453773915,2.023816842,2.703640546,18.29872205,0.088261635,0.242104528,2.74303243,4.279255502,30.47928748,0.087138764,0.243256161,2.791595265,4.508695322,33.89660608,0.365164438,0.903257368,2.473563344,4.613249158,42.81507552,0.354369665,0.893386495,2.521058044,4.921790516,49.4801281,1.992585878,0.332097646,1.236056088,0.082403739,0.76892832,0.429147066,0.459350287,0.209059325,0.207250693,0.319103196,0.016675816,1.992674955,1.992496799,0.332112492,0.3320828,1.231880895,1.24020752,0.082125393,0.082680501,0.76901854,0.768838031,0.34999542,0.349913267,0.453862192,0.464270888,0.253305313,0.259114516,0.207118943,0.207381651,0.301650366,0.304513892,0.016640213,0.016711418,3477.132653,59.09538533,58.83932617,0.501085597,0.030405256,0.01586549,0.521800883,0.05196148,0.048184283,0.92730774,1.469872668,1.431317124,0.973769466,26.5246324,11.59452242,0.437122831,3.519122727,1.279685946,0.363637772,0.030315352,0.015728206,0.518819831,0.030312387,0.015722466,0.518681218,0.05171384,0.048070215,0.929542553,0.051714004,0.048070555,0.929546195,1.462733101,1.428703545,0.976735635,1.46274756,1.428721439,0.976738214,26.52436933,11.59471542,0.437134443,26.52489549,11.5943294,0.437111219,3.519101533,1.279691215,0.363641459,3.519143922,1.279680676,0.363634084,0.338806298,0.033591236,0.099145844,0.684387382,0.142159612,0.20771805,0.718677419,0.15394897,0.214211503,14.1319703,1.642802913,0.116247266,2.738172076,0.402995583,0.147176865,0.338630553,0.033037512,0.097562112,0.338981288,0.034132646,0.100691829,0.685322434,0.14026203,0.20466575,0.683456349,0.144017414,0.210719257,0.719400293,0.15282218,0.212429966,0.717957652,0.155059015,0.21597237,14.1232634,1.614560849,0.114319248,14.14063978,1.670398505,0.118127506,2.741050215,0.405689694,0.148005203,2.73530631,0.400271906,0.146335313,habitat_background_2024
Aphelodoris varia,no.no,no,2cm,animals_on_background,3_AphelodorisVaria_31_NF_D_RAW,0.105520786,0.218596288,2.071594582,2.993519802,25.01044018,0.518841637,1.119187994,2.157089783,3.097396717,24.77199087,0.053222362,0.13508068,2.538043716,5.131828002,60.11424938,0.054776726,0.140685998,2.568353524,5.297921728,62.47364548,0.257627133,0.703234366,2.729659553,5.65582444,68.44742324,0.262692427,0.716672145,2.728179694,5.470762861,61.79858394,1.167163392,0.291790848,1.748336266,0.291389378,0.304511794,0.219658827,0.764688902,0.551606444,0.291590113,0.385632635,0.004504473,1.167426704,1.166900124,0.291856676,0.291725031,1.781044438,1.718260509,0.29684074,0.286376751,0.304819753,0.304203597,0.219880973,0.21943651,0.781452266,0.748150796,0.563698654,0.539676722,0.294348708,0.289050891,0.391789813,0.379556616,0.00433039,0.004678501,48915.32427,229.9260854,212.7436919,0.519407688,0.089579122,0.015247421,0.17021177,0.17939696,0.012370991,0.068958754,4.733167642,0.250833077,0.052994759,16.502675,6.507814579,0.394349072,2.568468296,1.21401549,0.472661271,0.089625805,0.014990305,0.167254339,0.089637631,0.014975157,0.16706329,0.179471476,0.012151764,0.067708606,0.179480383,0.012125311,0.067557864,4.734577257,0.244973256,0.051741316,4.734707623,0.244375375,0.051613615,16.50269999,6.507951645,0.394356781,16.50265001,6.507677505,0.394341363,2.5685063,1.213958653,0.472632149,2.568430291,1.214072325,0.472690393,0.302267732,0.011889146,0.039333163,0.116829928,0.133351418,1.141414876,0.087376905,0.145234285,1.662158727,12.48258449,0.565695163,0.045318753,2.179071438,0.496709621,0.227945542,0.302459333,0.014377938,0.047536764,0.302090445,0.008987478,0.029750949,0.116395155,0.133525674,1.147175541,0.117232223,0.133188289,1.136106489,0.087828807,0.145092203,1.651988769,0.08695876,0.145363961,1.67164252,12.49211073,0.693765971,0.055536329,12.47376987,0.412970427,0.033107106,2.172186789,0.504603382,0.232302021,2.185441796,0.489177048,0.223834398,habitat_background_2024
Aphelodoris varia,no.no,no,2cm,animals_on_background,3_AphelodorisVaria_30_NF_D_RAW,0.171663148,0.350167901,2.039854829,3.072101503,20.38463506,0.747619063,1.53956376,2.059289064,3.263578176,24.50852783,0.087854465,0.222503556,2.532638008,5.066771248,45.89743303,0.087105961,0.222214643,2.551084236,5.486757828,56.1425193,0.380775367,0.991454164,2.603777054,5.450729716,57.07627532,0.368498935,0.965309647,2.619572421,5.658451278,61.4525338,3.645515466,0.455689433,3.963537956,0.141554927,1.46811726,0.706015164,1.581390824,0.558161575,0.29862218,0.63208837,0.030564541,3.644728899,3.646299083,0.455591112,0.455787385,3.953057278,3.974013806,0.141180617,0.141929064,1.467912667,1.468321018,0.529437581,0.518252895,1.579533944,1.58303747,0.759595262,0.761280102,0.298385865,0.298858225,0.644516422,0.639766499,0.031140313,0.029989213,1006.350825,31.11271537,32.34532289,0.490288011,0.081884002,0.040733985,0.497459633,0.14083974,0.036612263,0.259956909,3.819065886,0.861487441,0.225575433,19.77971971,11.75376936,0.594233363,3.498095668,1.936005407,0.553445529,0.082254358,0.040695179,0.494747995,0.082209679,0.040692514,0.49498446,0.141113305,0.036570016,0.259153561,0.141076119,0.0365809,0.259299027,3.823648155,0.85960282,0.224812217,3.822956337,0.860120527,0.224988321,19.77956158,11.75432822,0.594266368,19.77987752,11.75321157,0.594200422,3.497926389,1.935827823,0.553421544,3.498264616,1.936182611,0.553469455,0.226905244,0.047836301,0.210820607,0.14093039,0.170732889,1.211469644,0.120395679,0.195399394,1.622976796,9.265780066,2.136471728,0.230576564,1.869181485,0.524277396,0.280485014,0.22670479,0.047362778,0.208918295,0.227113232,0.048415768,0.213178985,0.141019166,0.171480783,1.216010476,0.140838277,0.170303629,1.209214089,0.120593589,0.196148411,1.626524366,0.120190332,0.195019166,1.62258614,9.256285998,2.108608883,0.22780291,9.275630951,2.169113911,0.233850821,1.869153397,0.521094623,0.278786441,1.869210628,0.528601531,0.28279399,habitat_background_2024
Aphelodoris varia,no.no,no,2cm,animals_on_background,3_AphelodorisVaria_13_NP_N_RAW,0.213293975,0.370968192,1.739234274,1.912039182,8.749542767,0.671428536,1.226176052,1.826219747,2.45228942,15.16544142,0.104654861,0.23045796,2.202076029,3.608411761,23.65081452,0.112073636,0.246376728,2.198346868,3.444002501,21.08022126,0.321995903,0.755557364,2.346481297,4.402459596,39.64017227,0.350923342,0.817613972,2.329893379,4.189423643,34.79554071,1.821919496,0.455479874,1.048981464,0.174830244,0.661916903,0.477472117,0.125057106,0.090209633,0.315155059,0.283840875,0.021946897,1.822405817,1.821431403,0.455601454,0.455357851,1.052701736,1.045689162,0.175450289,0.174281527,0.662042323,0.661790853,0.477562588,0.477381191,0.13317904,0.117669652,0.09606837,0.084880712,0.315525872,0.314819689,0.286815479,0.281130951,0.020651839,0.023241999,1992.929305,47.4218387,42.02555952,0.53016454,0.043292594,0.01023032,0.236306474,0.110472397,0.006775738,0.061334217,3.117711791,0.218529656,0.070092962,10.47129096,8.747565532,0.835385586,2.982443287,1.193765135,0.400264153,0.043341378,0.010155716,0.234319171,0.043349245,0.010152392,0.234199973,0.110509557,0.006743409,0.06102105,0.110515117,0.006741105,0.060997134,3.119088419,0.217920748,0.069866807,3.119272693,0.217846048,0.069838732,10.47249762,8.748132976,0.835343515,10.47008106,8.746996305,0.835427754,2.982420605,1.193729564,0.40025527,2.982466029,1.193800801,0.400273059,0.211357469,0.032326545,0.152947257,0.055489267,0.009185534,0.165537129,0.06429139,0.006065423,0.094342689,8.593506899,1.424565677,0.165772332,1.891387812,0.179184114,0.094736845,0.211547463,0.033206226,0.156968208,0.211188643,0.031523001,0.149264658,0.055545574,0.009434301,0.169847936,0.055439233,0.008958292,0.161587597,0.064223992,0.006360241,0.099032168,0.064351278,0.005789992,0.089974785,8.602004297,1.463253806,0.170106147,8.585956223,1.389226061,0.161802137,1.893017832,0.185296428,0.097884143,1.889939399,0.173555151,0.091831067,habitat_background_2024
Aphelodoris varia,no.no,no,2cm,animals_on_background,3_AphelodorisVaria_16_NP_N_RAW,0.198017833,0.400934032,2.024736989,2.02049336,9.388494204,0.616922665,1.190150077,1.929172236,2.163883555,13.09261118,0.099702627,0.251179461,2.519286286,3.784554518,25.81951561,0.100765137,0.254354463,2.524230801,3.656613451,23.2450771,0.307065251,0.740392711,2.411190154,4.050897668,35.27305267,0.311270553,0.755002053,2.425549241,3.926725815,31.65118293,3.690870317,0.738174063,2.910393302,0.29103933,1.4002514,0.870025112,1.221902481,0.556111785,0.514606697,0.713068448,0.03990804,3.690071652,3.691668581,0.73801433,0.738333716,2.922060655,2.898691786,0.292206065,0.289869179,1.400064629,1.400437948,0.637196873,0.637366777,1.226510461,1.217054731,0.762073797,0.756198621,0.515110198,0.514101447,0.699635335,0.696782699,0.039744426,0.04007162,578.778691,24.16076083,23.95531727,0.502134874,0.032597864,0.010784213,0.33082576,0.081110371,0.057967416,0.714673291,2.259072542,1.719129879,0.760989232,9.733486724,6.20573505,0.637565471,3.284975046,2.249835505,0.684886635,0.032683129,0.010830645,0.331383346,0.032678787,0.010834579,0.331547761,0.081245051,0.058161026,0.715871613,0.081223409,0.058188582,0.716401629,2.265650854,1.727322172,0.762395569,2.265115507,1.728175973,0.762952692,9.732541607,6.205250772,0.637577626,9.734431972,6.206219177,0.637553295,3.284855765,2.249688179,0.684866655,3.285094343,2.249982834,0.684906611,0.159252205,0.041666192,0.261636517,0.43748563,0.368913612,0.843258811,0.444654167,0.378571239,0.851383541,6.436097172,1.728896076,0.268624918,1.742351176,0.909053816,0.521739721,0.159247805,0.041952245,0.263440023,0.159256567,0.041380579,0.259835932,0.438848152,0.369741211,0.84252653,0.436134505,0.368085496,0.843972425,0.445946154,0.379280825,0.850508121,0.443372987,0.377861365,0.85224264,6.43611607,1.741909809,0.270646115,6.436078431,1.715893745,0.266605475,1.741989818,0.919667853,0.527941004,1.742709511,0.898404587,0.51552171,habitat_background_2024
Aphelodoris varia,no.no,no,2cm,animals_on_background,3_AphelodorisVaria_17_NL_D_RAW,0.141751459,0.266502465,1.880068576,3.840096716,30.90335921,0.637021812,1.254737794,1.969693612,4.081455041,32.9944413,0.070831147,0.167552103,2.365514476,5.537134096,54.58957006,0.073873388,0.182622823,2.472105699,6.491245224,81.56154577,0.311405639,0.793389669,2.54776911,6.131027463,66.12774953,0.327290055,0.858097001,2.621824243,6.67583279,80.78251437,1.175958005,0.235191601,1.950757984,0.195075798,0.361593107,0.22467043,1.003528567,0.515711667,0.2151337,0.370191048,0.004921198,1.17602855,1.175887423,0.23520571,0.235177485,1.996853563,1.90814511,0.199685356,0.190814511,0.361657033,0.361529031,0.18585495,0.18578917,1.021509159,0.984469291,0.634699326,0.611685162,0.217445533,0.212995998,0.410277138,0.398737166,0.004759203,0.005083214,40930.05701,209.1192241,195.7259414,0.516541241,0.076837351,0.016873853,0.219604825,0.118608761,0.022330083,0.188266728,3.375874394,0.627541622,0.185890098,22.98216522,9.5494023,0.415513604,2.940830183,0.855815864,0.291011657,0.076926913,0.016621563,0.216069541,0.076926484,0.016620242,0.216053572,0.118698694,0.022119699,0.186351661,0.118692644,0.022142544,0.186553631,3.378184428,0.621809941,0.18406631,3.377990566,0.622508834,0.184283769,22.98188564,9.549076931,0.415504501,22.98244493,9.549727797,0.41552271,2.940868537,0.855791127,0.29099945,2.940791811,0.85584061,0.291023869,0.336375685,0.05791254,0.172166249,0.247696328,0.332200057,1.34115859,0.220075122,0.362952108,1.649219157,14.0566121,2.737711674,0.194763265,2.696027106,0.824437809,0.3057973,0.334655698,0.058011762,0.173347599,0.33798625,0.057765333,0.170910305,0.257148065,0.341418708,1.327712533,0.238845885,0.3230373,1.352492633,0.230002108,0.371979989,1.617289474,0.210779665,0.353995741,1.679458696,13.97757282,2.718682051,0.194503158,14.13062311,2.753012428,0.194825975,2.667942577,0.858346355,0.321725948,2.722324973,0.79031544,0.290309,habitat_background_2024
Chromodoris elisabethina,medium.yes,yes,2cm,animals_on_background,24_ChromodorisElisabethina_37_MG_D_RAW,0.322279544,0.571420182,1.773057561,2.037250069,9.90960182,1.032190536,1.926388422,1.866310874,2.78684218,18.42779109,0.162577512,0.358916029,2.207660972,3.676274736,24.26927405,0.165180853,0.364247746,2.20514509,3.733720597,25.77771995,0.513164465,1.212206356,2.362218036,4.840902935,45.13504174,0.520987044,1.223832382,2.349064908,4.806645223,45.48847558,2.26518323,0.226518323,2.488432027,0.055298489,1.085789794,0.471552516,1.217278398,0.429645865,0.140908406,0.45059919,0.032849473,2.266204443,2.264161856,0.226620444,0.226416186,2.479239662,2.497271464,0.055094215,0.055494921,1.086124028,1.085454859,0.391736437,0.38311794,1.210624342,1.223151329,0.525767471,0.531207873,0.14085733,0.140955554,0.458751954,0.457162906,0.032439922,0.033258845,866.9642304,29.82621441,29.06718964,0.506444056,0.043424539,0.019557581,0.450380848,0.108380884,0.053853732,0.49689327,2.99598954,1.477758884,0.493245675,23.10268009,13.87376639,0.600526274,4.381420278,2.518069566,0.574715368,0.043614076,0.019392646,0.444641912,0.043628799,0.019387851,0.444381949,0.108700568,0.0538805,0.495678185,0.108728582,0.053855913,0.495324343,3.008123298,1.478002184,0.491336969,3.009017804,1.477371946,0.490981457,23.10493939,13.8756521,0.600549167,23.10041986,13.87187925,0.600503339,4.381543166,2.518293521,0.574750362,4.381297339,2.517845492,0.574680351,0.254287327,0.077893996,0.306322763,0.345874959,0.346137514,1.000759104,0.380959765,0.32064523,0.841677416,10.47799237,3.461661153,0.330374468,2.383932626,0.774299535,0.324799252,0.254578525,0.078398947,0.307955855,0.254003423,0.077548474,0.305304839,0.344315489,0.346586821,1.006596659,0.347395365,0.346352752,0.996998771,0.379613639,0.321068193,0.845776232,0.38227217,0.320838936,0.839294515,10.49146755,3.48667861,0.332334689,10.46485475,3.443769674,0.329079548,2.387710363,0.754517174,0.316000293,2.380249522,0.794458728,0.333771195,habitat_background_2024
Chromodoris elisabethina,medium.yes,yes,2cm,animals_on_background,24_ChromodorisElisabethina_36_MG_D_RAW,0.252759867,0.491310082,1.943782008,3.321724843,19.27506484,0.948847902,1.652770591,1.741870944,3.392518526,22.11134368,0.125505657,0.309956175,2.469658993,5.221545274,43.3331846,0.130513571,0.325438313,2.493520869,5.205332873,43.65409265,0.462820735,1.034435217,2.23506671,5.226705847,47.3012219,0.488076848,1.110725857,2.275719207,5.347623008,50.1424563,1.296832827,0.216138805,1.215672125,0.081044808,0.432552635,0.241412222,0.474456789,0.206053965,0.148591806,0.223733094,0.011453078,1.297114173,1.296551424,0.216185695,0.216091904,1.217372353,1.214038598,0.081158157,0.080935907,0.432786511,0.43231852,0.187956794,0.187753548,0.476622007,0.471837247,0.266007807,0.263337381,0.148671926,0.148513905,0.2269823,0.225545465,0.011208687,0.011697435,7453.309968,88.2165127,84.48883026,0.51079203,0.030677071,0.013210466,0.430629977,0.082430228,0.030469568,0.369640711,2.461458727,0.858985915,0.348974332,20.44966182,10.55653721,0.516220625,4.472030484,2.021923328,0.452126464,0.030518474,0.012973332,0.425097674,0.030511015,0.012963433,0.424877135,0.082088033,0.030032622,0.36585871,0.082074141,0.030027138,0.365853818,2.451908368,0.847350399,0.345588118,2.451508731,0.847117905,0.345549618,20.4487241,10.55634632,0.516234963,20.45059988,10.55672806,0.516206279,4.471871942,2.02192536,0.452142947,4.472189082,2.021921281,0.452109972,0.362688581,0.048361789,0.133342464,0.317045447,0.083690742,0.263970805,0.306355862,0.077472223,0.25288311,15.23726649,2.212530153,0.145205188,2.719048143,0.650878654,0.239377392,0.362239609,0.048499515,0.133887941,0.363118735,0.04822511,0.132808102,0.317414203,0.084084042,0.264903212,0.316692146,0.083310483,0.26306457,0.306697109,0.077870112,0.253899076,0.306028918,0.07708751,0.251896163,15.21618219,2.20852989,0.145143497,15.25746709,2.216146924,0.145249989,2.723907857,0.668668141,0.245481189,2.714392114,0.633327407,0.233322004,habitat_background_2024
Chromodoris elisabethina,medium.yes,yes,2cm,animals_on_background,24_ChromodorisElisabethina_35_MG_D_RAW,0.2903707,0.577495542,1.988821678,2.201117443,11.62686345,0.92258705,1.808048636,1.959759391,2.395955837,15.02801563,0.145758253,0.356635609,2.446761004,3.986931385,29.6299486,0.149151334,0.367570079,2.464410272,4.040908406,30.58815306,0.457346164,1.114919443,2.437802107,4.311920411,37.64975752,0.467081427,1.141935742,2.444832264,4.355228284,39.66953783,2.994345751,0.427763679,2.348110434,0.111814783,1.143127348,0.587451249,1.085904061,0.423362768,0.269789231,0.505407009,0.031290947,2.99460773,2.994083341,0.427801104,0.427726192,2.327394911,2.367989266,0.110828329,0.112761394,1.143249704,1.143004709,0.445720186,0.445624669,1.07554594,1.095418332,0.552721276,0.562933665,0.269314717,0.270243793,0.499220731,0.504279167,0.030774484,0.031807378,958.6674145,31.49445254,30.43924683,0.508518833,0.035213205,0.014741104,0.418624329,0.105185088,0.066565303,0.632839734,2.77842998,1.902504048,0.684740685,15.86292537,10.44057765,0.658174794,5.536437133,2.612376423,0.471851546,0.035205408,0.014769537,0.41952466,0.035199476,0.014763954,0.419436765,0.104972283,0.066659884,0.635023665,0.104945622,0.066657147,0.635158918,2.774220131,1.905587903,0.686891383,2.773489081,1.905489021,0.687036785,15.86206417,10.44030674,0.65819345,15.86378743,10.44084873,0.658156117,5.536384278,2.612351922,0.471851626,5.536490041,2.612400947,0.471851467,0.241509716,0.067228384,0.278367202,0.442827604,0.259052576,0.58499645,0.473441835,0.221058188,0.46691731,9.911108063,2.990678307,0.301750146,3.309766363,1.015458731,0.306806771,0.241292715,0.066317602,0.274842953,0.241719656,0.068097228,0.28171986,0.444547781,0.258417698,0.581304663,0.441163393,0.259653572,0.588565544,0.474852674,0.220329312,0.463995095,0.472076898,0.221751816,0.469736641,9.899326723,2.935056652,0.296490533,9.922506097,3.043476011,0.306724529,3.297266277,1.010661356,0.306514934,3.32185976,1.019920608,0.307033012,habitat_background_2024
Chromodoris elisabethina,medium.yes,yes,2cm,animals_on_background,24_ChromodorisElisabethina_34_MG_D_RAW,0.200387253,0.478888625,2.389815805,2.864298773,16.17126766,0.941728339,1.969260362,2.091112988,2.855108201,19.42053073,0.10316752,0.305845059,2.964547951,5.021645831,43.50910126,0.100003323,0.289904543,2.898949097,4.723107406,37.1807736,0.487005035,1.273381707,2.614719798,5.170963395,51.97327977,0.456746207,1.171120811,2.56405153,4.894661004,47.14473968,3.639491596,0.330862872,4.077686968,0.074139763,1.504122929,0.627267982,1.700299441,0.510262631,0.202501318,0.568765307,0.038472664,3.640245697,3.638739372,0.330931427,0.330794488,4.082606659,4.070251861,0.074229212,0.074004579,1.504254878,1.503990341,0.451429339,0.451349951,1.704496969,1.694114424,0.710830447,0.706500589,0.20258032,0.202399534,0.581129893,0.57892527,0.039645349,0.037300856,625.1887925,24.22363978,25.80903605,0.484156391,0.028641017,0.022672538,0.791610789,0.060451964,0.073600315,1.217500817,1.672849378,2.002588159,1.197112056,23.31964128,15.86687988,0.680408403,4.320421853,2.294616303,0.531109318,0.028477395,0.022651144,0.795407858,0.02846676,0.022639858,0.795308587,0.059639232,0.073609806,1.234251404,0.059621237,0.073587851,1.234255689,1.649414457,2.001392191,1.213395568,1.648939809,2.00085066,1.213416432,23.31981351,15.8667773,0.680398979,23.31946959,15.86698213,0.680417797,4.320274987,2.294570263,0.531116716,4.320568252,2.294662185,0.531101941,0.254881665,0.065210629,0.255846683,0.57461945,0.361450324,0.629025565,0.57820093,0.366671101,0.634158615,10.48774602,2.972314572,0.283408329,2.216729486,1.218314594,0.549600031,0.255889628,0.06669145,0.260625842,0.253811149,0.063582024,0.250509184,0.579931895,0.361264065,0.622942226,0.568977322,0.361559409,0.635454867,0.583546328,0.366298752,0.627711519,0.572523806,0.366977738,0.640982496,10.53528756,3.05780254,0.290243861,10.43725412,2.877851098,0.275728756,2.208651562,1.238297821,0.560657843,2.225308714,1.196663985,0.537751898,habitat_background_2024
Chromodoris elisabethina,medium.yes,yes,2cm,animals_on_background,24_ChromodorisElisabethina_38_MG_D_RAW,0.291666758,0.544741983,1.867686213,1.997929359,10.32726856,1.294740253,2.48585482,1.919964111,2.353650492,12.9035354,0.147123528,0.342839387,2.330282538,3.803043156,28.88828657,0.149354343,0.347135758,2.324242805,3.640229588,25.29811965,0.643659152,1.565046805,2.431483806,4.310483318,34.30735172,0.653812239,1.577374267,2.4125799,4.134654783,31.38591741,2.09641244,0.299487491,1.278596592,0.060885552,0.818183169,0.420462974,0.542269985,0.211415474,0.180186522,0.315939224,0.02636034,2.096177727,2.096647172,0.299453961,0.299521025,1.287011738,1.270350075,0.061286273,0.060492861,0.817931988,0.818434092,0.318888163,0.319083919,0.555208404,0.528934766,0.285320679,0.271818699,0.180370117,0.180006943,0.302104421,0.295451309,0.026210142,0.026510489,1364.298541,37.15316993,36.72091894,0.502925593,0.039192048,0.020697413,0.528102354,0.088228901,0.044401813,0.503257007,2.432493703,1.307299505,0.537431815,24.42597034,11.76894213,0.481820864,5.887842361,4.103487293,0.696942452,0.039126289,0.020528138,0.524663561,0.039134407,0.020559046,0.525344513,0.088110484,0.044169421,0.501295859,0.08812253,0.044205224,0.501633624,2.429689627,1.302368977,0.536022775,2.429961169,1.30312208,0.5362728,24.42610445,11.76869333,0.481808032,24.42583622,11.76919091,0.481833695,5.887878283,4.103501292,0.696940578,5.88780644,4.103473295,0.696944327,0.384580739,0.064496171,0.167705152,0.396374009,0.06514383,0.164349398,0.437003689,0.093530185,0.214026077,16.28558996,2.927597632,0.179766139,2.817251414,0.509781556,0.180949969,0.384258515,0.065638868,0.170819555,0.384899209,0.063344794,0.164575017,0.395631687,0.066068,0.166993702,0.397107681,0.064208227,0.161689714,0.435990707,0.094766682,0.217359408,0.438004867,0.092279985,0.210682555,16.27380898,2.992506654,0.183884833,16.29723366,2.861947251,0.175609389,2.816946098,0.512609163,0.181973366,2.817553172,0.506971208,0.179933147,habitat_background_2024
Chromodoris elisabethina,medium.yes,yes,2cm,animals_on_background,24_ChromodorisElisabethina_31_MG_D_RAW,0.168055636,0.41274408,2.45599666,3.012135245,15.28925325,1.118113914,2.168719321,1.939622872,2.316626954,13.50311561,0.084431397,0.261485494,3.097017265,5.048440333,37.92892875,0.085400294,0.264221914,3.09392279,4.976109333,36.71423624,0.555074643,1.357887949,2.446315942,4.082985944,32.41559248,0.565767666,1.399772365,2.474111634,4.268160423,35.59913332,2.325530248,0.25839225,2.393498426,0.066486067,1.040144033,0.47338995,1.054742893,0.364915997,0.162439159,0.419152974,0.035814749,2.325857953,2.325202451,0.258428661,0.258355828,2.385178208,2.401612439,0.06625495,0.066711457,1.040389188,1.039898374,0.359949956,0.359780146,1.045089058,1.063733962,0.475640528,0.484126189,0.162341806,0.162533642,0.417795242,0.421953168,0.035523249,0.036106196,724.8139471,27.15057852,26.69607745,0.504220328,0.021520391,0.014294642,0.664237089,0.032930447,0.042012894,1.275806993,0.981564142,1.203937243,1.22654974,30.58592103,14.73186997,0.481655267,4.010409247,2.482257519,0.618953669,0.021422897,0.014207419,0.66318849,0.02141376,0.014162932,0.661393992,0.032493596,0.041538741,1.278366999,0.032478369,0.041515169,1.278240586,0.96910539,1.190470544,1.228422168,0.968712655,1.189955179,1.228388184,30.58534997,14.73211178,0.481672166,30.58649232,14.73162802,0.481638361,4.01036551,2.48221489,0.61894979,4.010453003,2.482300165,0.61895755,0.291199255,0.037277008,0.12801203,0.760177023,0.247759719,0.325923714,0.756792985,0.255825047,0.338038343,12.0204225,1.786833881,0.14864984,1.623654701,1.014139765,0.624603103,0.290743736,0.03579085,0.123101018,0.291647339,0.038677701,0.132618048,0.760216142,0.247256059,0.325244421,0.760138543,0.248254155,0.326590668,0.756877665,0.255138816,0.337093863,0.756709688,0.256498256,0.338965207,11.99838086,1.712982309,0.142767789,12.04210438,1.856345793,0.154154601,1.624232487,1.01328913,0.623857199,1.623086347,1.014975482,0.625336713,habitat_background_2024
Chromodoris elisabethina,medium.yes,yes,2cm,animals_on_background,24_ChromodorisElisabethina_41_MG_D_RAW,0.301549972,0.52176845,1.730288501,2.143461251,9.570464543,1.064490819,1.954886,1.836451725,2.977229155,18.07362926,0.152748064,0.337368774,2.208661532,3.784163201,23.74746308,0.153765539,0.337597056,2.195531306,3.734217416,22.92211991,0.534934673,1.268177943,2.370715544,4.970972643,43.32091862,0.531990397,1.254948637,2.358968589,4.894336328,41.65760499,1.990866946,0.284409564,1.152100695,0.054861938,0.778778219,0.400212836,0.358204395,0.135731949,0.169635751,0.267972392,0.027586095,1.99061101,1.991122869,0.284373001,0.284446124,1.161643443,1.142751947,0.055316354,0.054416759,0.778461652,0.77909434,0.294977166,0.295216906,0.374583968,0.341223932,0.19249808,0.175354413,0.169844678,0.169431442,0.243737623,0.23528566,0.027453158,0.027718982,1242.604032,35.42568208,35.07636151,0.502477379,0.036023346,0.017398646,0.482982502,0.095360419,0.021235608,0.222687865,2.536907993,0.813770753,0.320772671,19.84927586,12.14497465,0.611859835,5.782150407,2.840351,0.49122745,0.035905254,0.017221448,0.479635864,0.035918377,0.01728182,0.481141464,0.095247432,0.021066864,0.221180391,0.095256206,0.021089942,0.221402284,2.532186317,0.810605755,0.320120897,2.532383261,0.811087873,0.320286382,19.84915583,12.14506132,0.611867901,19.84939587,12.14488799,0.61185177,5.78224883,2.840367604,0.49122196,5.782051994,2.840334394,0.491232939,0.305663678,0.042221305,0.13812994,0.124933642,0.044175915,0.353595033,0.226804092,0.050816986,0.224056743,12.65550851,1.913855096,0.15122704,2.120482692,0.688522399,0.324700787,0.305919109,0.043949097,0.143662476,0.305410793,0.040436371,0.132399941,0.124997634,0.043814766,0.350524761,0.124870287,0.044530481,0.356613906,0.226256012,0.051383125,0.227101702,0.227346707,0.050243866,0.221001072,12.66929041,1.999583632,0.157829173,12.64186401,1.824908183,0.14435436,2.122813387,0.686159268,0.323231082,2.118175234,0.690845665,0.326151328,habitat_background_2024
Chromodoris elisabethina,medium.yes,yes,2cm,animals_on_background,24_ChromodorisElisabethina_33_MG_D_RAW,0.286684935,0.546229676,1.90533094,2.054777744,9.272840589,1.185693585,2.180908718,1.839352718,2.415104994,14.09543976,0.149020676,0.357366209,2.398098157,3.814564418,24.93037843,0.142024652,0.326645278,2.299919584,3.689905312,24.37400266,0.612161624,1.435108559,2.344329508,4.387257425,36.14221887,0.575685352,1.28393813,2.230277573,4.166990951,35.08458549,5.931779738,0.494314978,6.575357682,0.099626632,1.892998588,0.761798673,2.196156958,0.595345276,0.296970805,0.678571975,0.063349696,5.932458295,5.931099455,0.494371525,0.494258288,6.606680107,6.541134451,0.100101214,0.099108098,1.892948819,1.893045957,0.513150089,0.516722834,2.206875678,2.183982936,0.888112106,0.878899389,0.297236369,0.296683193,0.700631097,0.697811111,0.064836014,0.061863656,218.7267253,14.42352689,15.16457985,0.487477182,0.038601112,0.027456726,0.711293654,0.078127776,0.059144386,0.757021246,2.223469619,1.713466755,0.770627465,19.12331079,12.7955668,0.669108343,3.550528273,1.922631932,0.541505879,0.038407655,0.027555189,0.717440035,0.038396431,0.027530554,0.717008151,0.077163703,0.059527807,0.771448294,0.077186556,0.059526753,0.77120624,2.195615078,1.723018402,0.784754313,2.19620562,1.72297119,0.784521802,19.12530308,12.7966947,0.669097616,19.12132519,12.79444225,0.669119013,3.550396591,1.922567515,0.541507819,3.550659514,1.92269612,0.541503941,0.200521776,0.073410444,0.366097119,0.361058178,0.344499608,0.954138776,0.378840373,0.342172234,0.903209526,8.19162996,3.208173813,0.391640471,1.822481102,0.816980975,0.448279532,0.201480256,0.074659073,0.3705528,0.199517431,0.072088539,0.361314488,0.36351585,0.345265268,0.949794261,0.358482902,0.343789172,0.959011351,0.381256904,0.342913926,0.899430076,0.376308208,0.341486774,0.907465654,8.234504643,3.270934453,0.397222978,8.146703669,3.141453635,0.385610397,1.832555003,0.825810326,0.45063331,1.811925153,0.807752859,0.445798138,habitat_background_2024
Chromodoris elisabethina,medium.yes,yes,2cm,animals_on_background,24_ChromodorisElisabethina_32_MG_D_RAW,0.333704144,0.559545025,1.676769783,2.7708854,13.15354586,1.259507427,2.198356216,1.745409489,3.564384836,21.89461271,0.176224576,0.387722133,2.200159267,4.394835802,28.98772325,0.162973701,0.345492888,2.119930311,4.401432013,29.70497611,0.667929338,1.555415091,2.328712039,5.496263891,47.44067197,0.59436711,1.317231497,2.216191771,5.340796063,45.87433244,4.427044242,0.368920353,6.346324479,0.096156431,1.653608716,0.665461101,2.063314723,0.585111678,0.232538392,0.62528639,0.06112733,4.423473633,4.43058826,0.368622803,0.369215688,6.450579723,6.22821695,0.097736056,0.094366923,1.652854658,1.654355359,0.472715883,0.477346054,2.086826756,2.03511969,0.839800866,0.818992412,0.23317943,0.231791306,0.656258374,0.648169233,0.064276601,0.057981166,236.5196499,14.55776109,16.24697977,0.472581839,0.040246879,0.024270263,0.603034652,0.099689372,0.066757245,0.669652581,2.873824045,1.936965516,0.674002822,21.07599202,14.14143589,0.670973678,4.341513537,2.537255126,0.584417186,0.040131044,0.024229545,0.603760652,0.040162027,0.024302035,0.605099815,0.099159431,0.066989273,0.675571372,0.099180353,0.067004881,0.675586233,2.858792215,1.9443542,0.680131347,2.859315629,1.944573557,0.680083562,21.07538688,14.14125705,0.670984458,21.07659252,14.14161333,0.67096298,4.341568309,2.537310029,0.58442246,4.341459184,2.537200641,0.584411953,0.218776217,0.074537797,0.340703383,0.367392159,0.31713005,0.86319221,0.373976894,0.313818652,0.839139146,8.96157645,3.283486674,0.366396101,2.219399737,0.922575086,0.41568676,0.221197952,0.077102718,0.34856886,0.216094186,0.071601567,0.331344255,0.370321914,0.319101339,0.861686352,0.364147505,0.31536287,0.866030567,0.376929136,0.315705598,0.837572815,0.370707336,0.312140229,0.842012551,9.070036206,3.415310769,0.376548747,8.841459073,3.131365903,0.354168455,2.228244125,0.938786868,0.421312394,2.209604723,0.905531092,0.409815874,habitat_background_2024
Chromodoris elisabethina,medium.yes,yes,2cm,animals_on_background,24_ChromodorisElisabethina_39_MG_D_RAW,0.177593544,0.323391656,1.820965157,4.234660242,29.21451952,0.645002269,1.224018812,1.897696908,5.665592267,60.14061933,0.092155401,0.209908541,2.27776711,6.341231638,63.13573985,0.088250117,0.199812369,2.264159815,6.50300514,67.6746551,0.337499292,0.8296031,2.458088417,8.756516203,138.2393525,0.308583091,0.726207854,2.353362434,8.271785663,128.4579803,2.830021503,0.314446834,3.325100844,0.092363912,1.20524798,0.548531995,1.56055518,0.484813725,0.203405373,0.51667286,0.025149841,2.829897727,2.830144451,0.314433081,0.314460495,3.321381462,3.327528697,0.092260596,0.092431353,1.20525636,1.205239346,0.384391192,0.374428655,1.562567579,1.555982474,0.711155152,0.708158142,0.203346838,0.203445924,0.547773172,0.541293399,0.026166807,0.024133597,1504.88099,37.21635554,40.43601177,0.479268783,0.051912623,0.019343224,0.372611179,0.100876336,0.042563681,0.421939203,2.396235615,1.047580662,0.437177653,14.76230029,10.83952223,0.734270542,4.305480342,2.743122698,0.637123498,0.052001811,0.019304982,0.37123673,0.051988622,0.019290251,0.371047554,0.10064106,0.042453053,0.421826367,0.100646483,0.042456707,0.421839945,2.389743625,1.043875983,0.436815051,2.389842325,1.043897617,0.436806063,14.76191533,10.8387318,0.734236145,14.76268416,10.84031038,0.734304837,4.305432489,2.743116881,0.637129229,4.305528062,2.743128498,0.637117784,0.235248477,0.066470006,0.282552335,0.337850007,0.15891366,0.47036749,0.348973607,0.156508842,0.448483321,9.644652804,2.943974743,0.305244243,2.23774326,1.020340738,0.455968634,0.236852427,0.068531508,0.289342646,0.23351063,0.064258157,0.275183007,0.338034956,0.157999571,0.467406013,0.33764962,0.160204057,0.474468346,0.3490057,0.155666513,0.44602857,0.348938835,0.157718253,0.451993981,9.716998673,3.046130237,0.313484682,9.566267581,2.833390357,0.296185564,2.221570008,1.011728411,0.455411446,2.255266637,1.03124207,0.457259489,habitat_background_2024
Chromodoris elisabethina,medium.yes,yes,2cm,animals_on_background,24_ChromodorisElisabethina_40_MG_D_RAW,0.309494725,0.507993416,1.641363729,2.586473997,13.18811382,0.996225683,1.731986008,1.738547839,3.157170623,19.02822231,0.156803874,0.334468923,2.13303992,4.243903791,30.09854243,0.15801969,0.336976019,2.132493864,4.226779983,30.17404928,0.495182016,1.131558124,2.285135743,5.014011908,42.46248196,0.503439027,1.143766519,2.271906739,4.900413354,41.01750947,3.115797371,0.311579737,2.588828266,0.057529517,1.219111966,0.5294536,1.163620992,0.388426229,0.184554627,0.458939915,0.046249503,3.115446965,3.116147865,0.311544697,0.311614786,2.599581698,2.577953533,0.057768482,0.057287856,1.218979029,1.219244714,0.406905196,0.414083879,1.1684672,1.158498193,0.507458857,0.503129372,0.184656589,0.184451321,0.457182027,0.458606626,0.046008372,0.046490616,425.2725669,20.73517468,20.50971711,0.502733157,0.036739746,0.016149314,0.439559766,0.100963766,0.050643238,0.501598151,2.612386947,1.269019335,0.485770049,17.71261293,13.65267114,0.770788093,5.495739328,3.096114303,0.563366295,0.036660634,0.016091026,0.438918385,0.036666442,0.016117892,0.439581559,0.100677642,0.050737936,0.503964288,0.100667072,0.050730673,0.503945058,2.604844654,1.272308966,0.488439479,2.604558089,1.272074707,0.488403277,17.71224717,13.65273065,0.77080737,17.71297885,13.65261159,0.770768808,5.495808941,3.096135559,0.563363027,5.495669684,3.096093037,0.563369565,0.212580092,0.046297881,0.217790294,0.373975326,0.243176361,0.650247072,0.322332299,0.298643875,0.926509308,8.661855567,2.065854125,0.238500182,2.355533822,0.560933754,0.238134451,0.212824521,0.046970203,0.220699209,0.212338218,0.045684794,0.215151068,0.374854655,0.243633431,0.64994106,0.373105186,0.243056795,0.65144309,0.323669336,0.298836372,0.923276749,0.321009233,0.298861283,0.931005254,8.673284699,2.103153971,0.242486445,8.65054587,2.031017207,0.234784861,2.357598673,0.558579289,0.236927215,2.353490549,0.564027827,0.239655871,habitat_background_2024
Chromodoris elisabethina,medium.yes,yes,2cm,animals_on_background,24_ChromodorisElisabethina_20_MG_D_RAW,0.231997891,0.590181985,2.543910991,3.853368806,34.69804436,1.392185704,2.936152566,2.109023644,2.999968976,20.90062651,0.118169673,0.376193594,3.183503726,6.600904156,92.89765551,0.116301716,0.3641903,3.131426715,5.858692776,63.85365844,0.704647234,1.866494714,2.648835651,5.268033787,52.69384113,0.689906538,1.818476342,2.635829987,5.227771366,52.41047223,3.362713236,0.210169577,5.035818551,0.041965155,1.523102164,0.549342985,1.997370862,0.496197852,0.126067366,0.522770418,0.049785739,3.361079795,3.364345719,0.210067487,0.210271607,5.062691214,5.008575258,0.042189093,0.041738127,1.522577768,1.523620678,0.38349265,0.378506226,2.007580148,1.985846202,0.724081481,0.716242617,0.12612829,0.126004867,0.553787066,0.547374422,0.05010612,0.049465457,364.2924691,18.957642,19.21612767,0.496614355,0.026768591,0.026687542,0.996972205,0.051113758,0.067687941,1.324260696,1.481068451,1.960941511,1.324004647,23.73002893,14.54809691,0.613066969,6.473249589,5.325417043,0.822680629,0.026638288,0.026699568,1.002300456,0.026665383,0.02675585,1.003392652,0.050367326,0.067287951,1.335944464,0.050437906,0.067408726,1.336469558,1.460295786,1.951728328,1.336529453,1.462206808,1.954717221,1.336826781,23.73186504,14.54817815,0.61302296,23.72819462,14.54801551,0.613110932,6.47333314,5.325540478,0.822689079,6.47316612,5.325293726,0.822672187,0.275327549,0.096429937,0.350237152,0.605073256,0.259108848,0.428227236,0.608887384,0.253254743,0.41593035,11.46081374,4.519944252,0.394382489,1.896797963,1.454243059,0.766683161,0.275446456,0.096896946,0.351781421,0.27520714,0.096005531,0.348848258,0.602943572,0.26044937,0.431963093,0.607229851,0.257863137,0.424654908,0.606661413,0.254912806,0.420189583,0.611141484,0.251678728,0.411817451,11.46770379,4.545597651,0.396382548,11.45383662,4.496201787,0.392549845,1.905028274,1.476381601,0.774991962,1.888463652,1.432220067,0.75840489,habitat_background_2024
Chromodoris elisabethina,medium.yes,yes,2cm,animals_on_background,24_ChromodorisElisabethina_24_MG_D_RAW,0.31294597,0.497184538,1.588723251,2.932896312,14.93313073,1.286000184,2.174835137,1.691162384,3.524405103,21.55015151,0.162039128,0.335630544,2.071293199,4.628020968,33.36117095,0.156703842,0.316552556,2.020068886,4.572649741,32.78762305,0.657401938,1.466460667,2.230691124,5.433987921,47.59014543,0.631093502,1.371751446,2.173610472,5.323385399,45.48545685,3.18254436,0.35361604,3.118536699,0.086626019,1.32789417,0.604350681,1.414531766,0.480407907,0.22012103,0.542379294,0.041092274,3.18277846,3.182310462,0.353642051,0.353590051,3.119525436,3.116958868,0.086653484,0.086582191,1.327951628,1.327836372,0.451003277,0.450964133,1.42047169,1.407673899,0.646484526,0.64066,0.220147768,0.220086121,0.548743901,0.545812067,0.041737166,0.040447619,544.6749693,22.95946093,23.7233344,0.491818469,0.051596716,0.033391935,0.647171714,0.103921506,0.042498619,0.408949222,2.741491169,1.113254966,0.406076437,18.2406893,11.41476996,0.625786108,5.226111522,3.130998499,0.599106714,0.051437308,0.033257059,0.646555206,0.051429293,0.033265717,0.646824315,0.1039016,0.042532952,0.409358011,0.10388481,0.042495547,0.409064109,2.740833969,1.114007044,0.406448204,2.740356984,1.113057453,0.406172429,18.23983436,11.41461304,0.625806837,18.24154277,11.41492653,0.625765412,5.226034424,3.130904125,0.599097494,5.226188487,3.131092706,0.599115917,0.306183218,0.046345142,0.151364083,0.28053071,0.328898574,1.172415575,0.249001473,0.356008914,1.429746216,12.69110949,2.195313211,0.172980401,2.555857238,0.570910808,0.223373512,0.306885288,0.047486008,0.154735367,0.305459031,0.045126056,0.147731941,0.27962739,0.328592797,1.175109478,0.281462487,0.329210945,1.169644129,0.248293639,0.355546301,1.431958959,0.249731605,0.356483917,1.427468166,12.72487822,2.262313717,0.177786669,12.65627697,2.123394914,0.167774055,2.556800672,0.571181788,0.223397074,2.554884084,0.570629431,0.223348462,habitat_background_2024
Chromodoris elisabethina,medium.yes,yes,2cm,animals_on_background,24_ChromodorisElisabethina_23_MG_D_RAW,0.311720691,0.555792066,1.782980988,3.657679096,23.75678045,1.484251003,2.62059635,1.765601873,3.895624363,25.13992785,0.159903845,0.370010055,2.313953449,5.653665846,53.41204163,0.157180126,0.358821753,2.282869731,5.361063284,46.31003632,0.749484582,1.762350369,2.351416442,6.051049997,57.2154702,0.737940057,1.706361071,2.312330188,5.80269826,52.10299875,3.081305117,0.181253242,7.838797329,0.057638216,1.664159919,0.587375435,2.63107621,0.623550517,0.119445729,0.605462976,0.046393628,3.080612274,3.081997035,0.181212487,0.181293943,7.898397275,7.777222508,0.058076451,0.05718546,1.663666392,1.664651086,0.397089139,0.398777348,2.645477778,2.614881617,0.933737582,0.92293848,0.119644469,0.119239701,0.66541336,0.660857914,0.046761412,0.046025948,422.5205242,20.3851539,20.72687439,0.495844033,0.049586382,0.045231059,0.912166959,0.103119673,0.069696309,0.675877908,3.004791509,1.822434155,0.606509353,23.86847601,14.38934967,0.602860009,5.152843557,3.171731561,0.615530343,0.049170555,0.044901272,0.91317399,0.049218836,0.044960951,0.913490743,0.102830838,0.068892008,0.669954746,0.10292273,0.068993366,0.670341387,3.000435144,1.801036208,0.600258336,3.00285113,1.80346923,0.600585628,23.87168418,14.39054453,0.602829043,23.86527123,14.3881552,0.602890915,5.152824157,3.171885963,0.615562625,5.152862937,3.171577315,0.615498094,0.305555661,0.103909693,0.340067968,0.396611943,0.311265787,0.784811936,0.379318796,0.326943096,0.861921686,12.80248327,4.767063016,0.372354559,2.618729501,1.436750718,0.548644187,0.30634571,0.104582489,0.341387151,0.304753215,0.103275483,0.338882339,0.396538876,0.311257266,0.78493506,0.396686157,0.311453197,0.785137548,0.379109969,0.326891299,0.862259836,0.379530899,0.327183321,0.862072948,12.84221202,4.816985969,0.375090052,12.76213117,4.718223522,0.369704986,2.636583912,1.458391446,0.553136746,2.600594948,1.415030241,0.544117892,habitat_background_2024
Chromodoris elisabethina,medium.yes,yes,2cm,animals_on_background,24_ChromodorisElisabethina_25_MG_D_RAW,0.282893201,0.569538189,2.013262205,3.635728932,26.08063997,1.08682465,2.047931918,1.884325975,3.74965484,27.24001683,0.144681314,0.37435353,2.587435245,5.78601533,59.27112842,0.14232176,0.362195988,2.54490942,5.566225145,53.88403779,0.549181264,1.34727196,2.453237297,6.04277815,64.85286405,0.539776228,1.297286593,2.403378523,5.607472622,53.93938688,2.725888324,0.22715736,2.319004115,0.035136426,1.172205548,0.471730215,1.237073134,0.360243956,0.131146893,0.415987085,0.033330961,2.72552985,2.726246511,0.227127487,0.227187209,2.324525843,2.313375674,0.035220089,0.035051147,1.171952506,1.172458116,0.341280394,0.344719222,1.246582622,1.226077801,0.501661751,0.493410004,0.131173788,0.131119178,0.421471073,0.419064613,0.033611172,0.03305082,841.1813883,28.75201236,29.25643527,0.49565216,0.034931498,0.02851357,0.816271026,0.075411393,0.062665785,0.83098565,2.052215159,1.733919374,0.844901358,20.27577352,13.11384439,0.646774062,7.616726522,5.03297396,0.660779135,0.034729944,0.028370947,0.816901597,0.034738241,0.02838129,0.817004219,0.074888709,0.062581182,0.835655774,0.074914884,0.062608784,0.835732235,2.037582916,1.730520566,0.849300685,2.038340548,1.731462646,0.849447188,20.27662295,13.11398347,0.646753826,20.2749248,13.11370537,0.646794279,7.616821535,5.033036445,0.660779096,7.616631588,5.032911524,0.660779173,0.300412845,0.056826225,0.189160437,0.556353248,0.358487632,0.644352546,0.554439813,0.370285411,0.667855017,12.45952605,2.734665694,0.219483926,2.769283595,1.088950642,0.393224675,0.300831788,0.058879936,0.195723785,0.299986905,0.054686152,0.182295131,0.556862599,0.35828063,0.64339144,0.55583539,0.358896644,0.645688724,0.555008643,0.370052924,0.666751642,0.553861483,0.370726722,0.669349166,12.48398265,2.855479443,0.228731449,12.434661,2.607304554,0.209680389,2.773255211,1.092641873,0.393992543,2.765245649,1.08577287,0.392649698,habitat_background_2024
Chromodoris elisabethina,medium.yes,yes,2cm,animals_on_background,24_ChromodorisElisabethina_15_MG_D_RAW,0.345668167,0.551921413,1.596679897,3.33738664,18.9738164,1.266901474,2.150766456,1.697658815,4.118130327,30.57711519,0.178762768,0.366677237,2.051194673,5.177933206,41.81985254,0.17353668,0.351022236,2.02275528,5.236949218,43.84400452,0.644662028,1.416257598,2.196899361,6.149115744,63.34451859,0.624530218,1.367094799,2.188997039,6.505665667,74.02509878,4.491658223,0.249536568,4.900072544,0.032026618,1.690225745,0.584777976,1.885599363,0.474927135,0.140781593,0.529852555,0.048932982,4.492429034,4.4908888,0.249579391,0.249493822,4.890941732,4.908034445,0.031966939,0.032078657,1.690413514,1.69003675,0.425765549,0.42772273,1.884230904,1.885960208,0.651899154,0.652497452,0.140773165,0.140786239,0.538832351,0.540110091,0.049908874,0.047957211,377.9114433,19.03651701,19.85192161,0.489516105,0.0894793,0.076961156,0.86010011,0.152146998,0.042807504,0.281356219,4.322802266,1.171838585,0.271083088,19.07350772,13.86999858,0.727186566,5.559604015,2.570698886,0.462388846,0.089773051,0.077299355,0.861053002,0.089760491,0.077269369,0.860839422,0.152075597,0.042883097,0.281985393,0.152066845,0.042846416,0.281760406,4.321331948,1.173701978,0.271606531,4.321190066,1.172703962,0.27138449,19.07443828,13.87045042,0.727174778,19.07257919,13.86954765,0.727198326,5.559691299,2.570807351,0.462401096,5.55951692,2.570590649,0.462376621,0.268986606,0.067442975,0.250729863,0.15911969,0.234825814,1.47578099,0.142065903,0.245934829,1.731131983,11.10898472,3.175349422,0.28583615,2.348749334,0.956793885,0.407363132,0.269279571,0.067556085,0.250877126,0.268681758,0.067336148,0.250616745,0.159569362,0.235789509,1.477661543,0.158651777,0.23386112,1.474052948,0.142392303,0.247011282,1.734723556,0.141726263,0.244854492,1.727657862,11.12111164,3.168935486,0.284947727,11.09636586,3.182548355,0.28680997,2.352707757,0.952284729,0.404761164,2.344630331,0.961623707,0.41013873,habitat_background_2024
Chromodoris elisabethina,medium.yes,yes,2cm,animals_on_background,24_ChromodorisElisabethina_18_MG_D_RAW,0.278482876,0.515103965,1.849679131,1.971550543,8.873051818,1.300279746,2.440453872,1.876868327,2.337415523,12.74601311,0.141821006,0.3271681,2.306908614,3.549237985,21.98253108,0.141473145,0.327908357,2.317813444,3.656765285,23.38413557,0.654314942,1.555189985,2.376821751,4.139291741,31.46258386,0.648614837,1.542945844,2.378832177,4.184952398,32.52501376,2.14409387,0.357348978,2.155241687,0.143682779,0.960483459,0.536056025,0.978604846,0.425002685,0.250515879,0.480529355,0.03142341,2.143697859,2.144489035,0.357282976,0.357414839,2.163607146,2.146700085,0.144240476,0.143113339,0.960419674,0.960546805,0.417104965,0.417160177,0.980348225,0.976208833,0.547142762,0.544832523,0.250761726,0.250264089,0.482123863,0.48099635,0.031639681,0.03120738,950.1198809,30.60588128,31.04370275,0.496449113,0.041761851,0.024271143,0.58117976,0.085920851,0.044183037,0.51422951,2.477115341,1.288681659,0.520234822,26.56562456,12.55131945,0.472464685,2.660659457,0.706128923,0.265396205,0.041716652,0.023937956,0.573822555,0.041706471,0.023941436,0.574046065,0.086210746,0.043974593,0.510082499,0.086183244,0.043989394,0.510417011,2.485921723,1.282830862,0.516038317,2.485127747,1.283268207,0.516379171,26.56465184,12.55018673,0.472439345,26.56659577,12.55245022,0.472489977,2.660739113,0.706040813,0.265355145,2.660579926,0.706216875,0.265437196,0.355930069,0.029122377,0.081820502,0.470764034,0.309242297,0.656894483,0.477167365,0.318428636,0.667331129,14.90953326,1.527890523,0.102477421,2.406960616,0.526884645,0.218900401,0.356080985,0.029661628,0.083300231,0.355777232,0.028564989,0.080288973,0.469671295,0.309800003,0.659610256,0.471870677,0.308672087,0.654145515,0.476021773,0.319026176,0.670192404,0.478327534,0.317817673,0.664435246,14.91778735,1.572058003,0.105381446,14.90117414,1.481767916,0.099439675,2.406433331,0.527126417,0.219048835,2.407494609,0.526639085,0.21874985,habitat_background_2024
Chromodoris elisabethina,medium.yes,yes,2cm,animals_on_background,24_ChromodorisElisabethina_21_MG_D_RAW,0.354180582,0.630260911,1.779490303,2.587615324,13.23395873,1.272993573,2.376187161,1.866613636,3.214069012,20.39085794,0.181478605,0.409541344,2.256692159,4.391409362,32.32695869,0.178516502,0.399440952,2.237557583,4.368186265,31.799895,0.64267871,1.534441638,2.387571914,5.328887237,49.97785199,0.632856937,1.498054415,2.367129643,5.186550199,46.36719203,6.861379232,0.571781603,15.12169625,0.22911661,2.126560085,0.855790734,2.994610566,0.765488997,0.400449106,0.810639865,0.05876443,6.863182392,6.859574129,0.571931866,0.571631177,15.07639396,15.15766552,0.228430212,0.229661599,2.126750194,2.126369566,0.543644603,0.546368898,2.993880669,2.99338252,1.204826213,1.204625743,0.400181039,0.400646388,0.874235408,0.87549732,0.059134171,0.058394709,256.5574169,15.91069614,16.12483921,0.496657726,0.080074521,0.087130829,1.088121758,0.140557941,0.06492431,0.461904246,3.606479354,1.571127472,0.435640224,19.79496006,13.85548161,0.699949965,4.5642841,2.745715568,0.601565439,0.080160351,0.087972035,1.097450724,0.080168425,0.087992393,1.097594138,0.140123125,0.065068499,0.464366601,0.140081921,0.065047967,0.464356615,3.589271545,1.577173465,0.439413247,3.588166681,1.576742779,0.439428521,19.79436682,13.85517946,0.699955679,19.7955528,13.85578347,0.699944256,4.564524694,2.745876144,0.60156891,4.56404371,2.745555094,0.601561963,0.223360631,0.102884989,0.460622753,0.2247676,0.156988647,0.69844874,0.209482564,0.164691949,0.786184519,9.223400636,4.608514823,0.499654629,2.630098317,1.223021014,0.465009618,0.223537881,0.102856034,0.460127981,0.223181146,0.102935421,0.461219161,0.225476384,0.156979345,0.696211917,0.224049881,0.157027442,0.700859295,0.209921301,0.164837395,0.785234247,0.209038295,0.164577598,0.787308361,9.232236905,4.620942635,0.500522537,9.214452976,4.59683581,0.49887235,2.636326417,1.233211821,0.467776605,2.623791704,1.212833807,0.462244699,habitat_background_2024
Chromodoris elisabethina,medium.yes,yes,2cm,animals_on_background,24_ChromodorisElisabethina_16_MG_D_RAW,0.195199592,0.440947691,2.258958059,3.421711131,18.52433117,1.270291659,2.263874774,1.782169283,3.332276406,22.04978995,0.099941386,0.285100256,2.852674631,5.381751934,42.71129954,0.097758526,0.277698368,2.840656252,5.420209715,43.30043701,0.642373535,1.475087848,2.296308562,5.275607834,48.57650492,0.630810591,1.447871355,2.295255305,5.365168319,50.86064811,2.575712378,0.321964047,3.41894324,0.122105116,1.212023002,0.582859858,1.528981069,0.539663231,0.222034582,0.561261545,0.040900749,2.575189863,2.576234594,0.321898733,0.322029324,3.439613157,3.397940017,0.122843327,0.121355001,1.211827299,1.212218213,0.427721866,0.437215301,1.533595094,1.524073806,0.737503345,0.732924574,0.22237103,0.221692162,0.582612606,0.585069938,0.041252012,0.040549483,549.9162984,23.24124194,23.66122688,0.495522784,0.02438119,0.018121326,0.743250246,0.043352092,0.050316035,1.160636825,1.270378004,1.451517766,1.142587294,23.41655766,14.3042569,0.610860789,2.942588756,1.47468081,0.501150834,0.024196579,0.017909819,0.740179807,0.024194392,0.017901455,0.739900992,0.042626545,0.049618849,1.164036373,0.042631654,0.049628189,1.164115976,1.249547106,1.431380016,1.145519051,1.249704566,1.431680535,1.145615191,23.41599277,14.30362773,0.610848657,23.41712214,14.30488556,0.61087291,2.942562087,1.474675358,0.501153524,2.942615406,1.474686257,0.501148147,0.297954646,0.067629873,0.226980426,0.658859423,0.345027953,0.523674613,0.660699577,0.343255736,0.519533761,12.36862943,3.172632852,0.25650642,1.771236525,1.070570537,0.604419863,0.297974618,0.06772359,0.227279729,0.297934329,0.067666681,0.227119451,0.657944875,0.345050297,0.524436485,0.659789824,0.34567839,0.523921978,0.659900133,0.343261758,0.520172281,0.66151288,0.343919957,0.519899109,12.36945624,3.173564502,0.256564593,12.36778828,3.17789744,0.256949534,1.770605302,1.073182261,0.606110385,1.771878691,1.069998463,0.603877945,habitat_background_2024
Chromodoris elisabethina,medium.yes,yes,2cm,animals_on_background,24_ChromodorisElisabethina_19_MG_D_RAW,0.335755728,0.614086533,1.828968151,2.615084173,18.07365574,1.360143399,2.577099826,1.894726561,2.519946757,13.30404715,0.170309013,0.395178574,2.320362074,4.542632257,43.50550437,0.171897308,0.399356705,2.323228387,4.516393024,42.68544393,0.676618916,1.644936338,2.43111196,4.390804817,33.2464569,0.686597548,1.681787645,2.449451864,4.380650464,32.37938722,4.76531533,0.297832208,5.459416664,0.045495139,1.731897891,0.624650124,2.031956432,0.514257428,0.171663674,0.569453776,0.060695849,4.766141135,4.764487594,0.297883821,0.297780475,5.425138402,5.493298438,0.045209487,0.045777487,1.732022139,1.731773144,0.442743342,0.442679693,2.026121202,2.036995272,0.730768752,0.734690744,0.171546654,0.171778981,0.586756047,0.588685219,0.060379735,0.061011874,239.5007676,15.56184812,15.39025222,0.502771959,0.06124446,0.039388031,0.643128058,0.114437168,0.049782826,0.43502323,3.261247439,1.354109967,0.415212274,17.62617615,13.37620206,0.758882809,5.945391409,3.802269664,0.63953227,0.061236583,0.039497411,0.64499697,0.06119887,0.039476571,0.645053916,0.114354765,0.049871227,0.436109743,0.114324895,0.049882884,0.436325647,3.258558575,1.357167347,0.416493157,3.257885818,1.357685386,0.416738174,17.6259692,13.37682942,0.758927311,17.62638317,13.37557443,0.758838288,5.945176985,3.802153917,0.639535867,5.945605918,3.80238544,0.639528669,0.236542245,0.070636465,0.29862093,0.221642838,0.239450975,1.080346099,0.197686188,0.246920049,1.249050588,9.71457103,3.192222525,0.328601491,1.869753021,0.819028165,0.43804083,0.23598977,0.070346917,0.29809308,0.237088842,0.070972357,0.299349208,0.221871087,0.23955918,1.079722389,0.221417017,0.239530618,1.081807627,0.198045761,0.246993702,1.247154701,0.197330439,0.247039397,1.251907197,9.690704101,3.181932508,0.328348949,9.73818404,3.204675519,0.329083483,1.869340931,0.824693398,0.441167999,1.870160727,0.814027807,0.435271576,habitat_background_2024
Chromodoris elisabethina,medium.yes,yes,2cm,animals_on_background,24_ChromodorisElisabethina_17_MG_D_RAW,0.253498868,0.499928026,1.972111468,2.439360821,11.73476901,1.081255597,2.029967993,1.877417327,2.757904174,16.75929355,0.12646307,0.316646023,2.503861578,4.266047849,30.29942393,0.130376341,0.327181762,2.509517896,4.143670605,27.65346814,0.535242902,1.288659131,2.407615545,4.763791089,41.95401182,0.548395398,1.324456489,2.415148802,4.621676809,38.64246374,1.426832268,0.237805378,2.590510647,0.17270071,0.626560433,0.349690036,1.063757145,0.546663034,0.205253044,0.448176535,0.014555321,1.426525756,1.427138401,0.237754293,0.2378564,2.599149754,2.577058107,0.17327665,0.171803874,0.626336544,0.626783287,0.321873312,0.322102892,1.069055244,1.057379998,0.596651092,0.590135013,0.205515471,0.204830137,0.459262202,0.456118953,0.014619701,0.014490976,4583.828323,67.40085181,68.0084628,0.497756391,0.034069457,0.026041593,0.764367732,0.080786779,0.031757478,0.393102415,2.373474079,0.919146266,0.387257765,19.77435888,10.85005571,0.548693173,5.091627868,3.086083188,0.606109336,0.033878162,0.025666551,0.757613459,0.033858723,0.025660054,0.75785652,0.08078621,0.031236787,0.38665989,0.080738712,0.031281871,0.387445756,2.373423702,0.903496509,0.380672237,2.371982879,0.904765615,0.38143851,19.77130368,10.84778085,0.548662902,19.77741203,10.85232754,0.548723338,5.091279418,3.085763,0.606087929,5.091976084,3.08640308,0.60613071,0.424919114,0.067528797,0.158921533,0.531763016,0.422442718,0.794419141,0.533856169,0.424421145,0.795010285,18.2555117,3.434289785,0.188123447,2.455951304,0.533185553,0.217099399,0.424224472,0.067988481,0.160265344,0.425619547,0.067053591,0.157543494,0.541426669,0.424122048,0.783341626,0.522018802,0.420480325,0.805488852,0.543147007,0.426378814,0.785015491,0.524487878,0.422196518,0.804969067,18.22423384,3.473206893,0.190581778,18.28705032,3.394256058,0.185609817,2.454984164,0.548542778,0.223440455,2.456926507,0.517236686,0.210521839,habitat_background_2024
Chromodoris kuiteri,high.yes,yes,2cm,animals_on_background,25_ChromodorisKuiteri_21_MG_D_RAW,0.295470379,0.523012957,1.770102842,2.859911883,13.75914628,1.254012758,2.063541991,1.645551035,3.1799247,19.66030122,0.155801752,0.353284265,2.267524339,4.588375148,31.51090976,0.143673333,0.315928315,2.198934966,4.594924213,32.58444293,0.653053953,1.392965542,2.133002237,4.989392503,42.07577396,0.603459959,1.258512757,2.085495048,5.193637178,48.55498922,2.911301239,0.291130124,2.33401782,0.051867063,1.189326369,0.516517879,1.104173871,0.382017942,0.171498593,0.449267911,0.038589779,2.911976923,2.910627578,0.291197692,0.291062758,2.302134422,2.369455198,0.051158543,0.05265456,1.189689811,1.188963659,0.411604427,0.411353196,1.083338712,1.126085551,0.470488025,0.489052741,0.171178118,0.171858659,0.441046226,0.450202968,0.040323168,0.036856868,621.9318117,23.79963863,26.13198551,0.476644592,0.038407282,0.021678218,0.564429886,0.101187987,0.073874602,0.730072846,2.857662703,2.050964818,0.717707102,21.59760489,13.3438543,0.617839541,4.570714105,2.569961912,0.562267045,0.038287464,0.021661664,0.565763891,0.038283457,0.021641941,0.565307906,0.100703195,0.073973465,0.734569191,0.100734406,0.073960583,0.734213715,2.844020883,2.053825639,0.722155611,2.844990527,2.053531383,0.721806053,21.59917647,13.34505637,0.61785024,21.59603938,13.34265657,0.617828868,4.570566886,2.569990625,0.562291437,4.570860754,2.5699333,0.562242746,0.310981411,0.063829902,0.205253112,0.512826728,0.311114807,0.606666521,0.504334029,0.319765893,0.634035925,12.93087139,2.933324903,0.226846654,2.994730041,0.837592274,0.279688741,0.310964649,0.062500831,0.200990147,0.310999745,0.065252576,0.209815529,0.513624366,0.310190279,0.603924385,0.511954315,0.312120399,0.609664554,0.504988934,0.319097077,0.631889247,0.503617729,0.320494186,0.636383844,12.92763446,2.873259368,0.222257164,12.93441177,2.997639353,0.231756914,3.005070846,0.827106966,0.275237094,2.98341982,0.848759538,0.284492156,habitat_background_2024
Chromodoris kuiteri,high.yes,yes,2cm,animals_on_background,25_ChromodorisKuiteri_22_OI_D_RAW,0.29703137,0.541752375,1.823889425,2.94606339,14.40178876,0.905528554,1.519874227,1.678438765,2.799924655,14.47412766,0.149945757,0.359881774,2.400079746,4.778594614,34.7399938,0.150329063,0.357230826,2.37632576,4.564007192,30.42489227,0.451641747,1.003744736,2.222435689,4.475510014,32.37060457,0.456204192,1.016280713,2.227688241,4.463026374,31.89480161,2.974134688,0.33045941,2.494306028,0.069286279,1.145035345,0.521128043,1.058975259,0.381944589,0.199872844,0.451536316,0.04559834,2.974071702,2.974197632,0.330452411,0.330466404,2.49674231,2.49186746,0.069353953,0.069218541,1.144981229,1.145088227,0.4228065,0.422846012,1.060179251,1.057556718,0.482508371,0.481314804,0.199903182,0.199842472,0.452657436,0.452080408,0.045590285,0.045606392,438.0910214,20.93449782,20.92675092,0.500092531,0.034089958,0.011489142,0.337024222,0.109524657,0.066819778,0.610088906,3.188999518,1.973674412,0.618900819,17.43493616,11.28064515,0.647013849,4.252603679,1.88317148,0.442827882,0.03408643,0.011534216,0.338381467,0.034086788,0.011530231,0.338260999,0.109061501,0.067039611,0.614695477,0.109071884,0.067043511,0.614672716,3.17665926,1.981160719,0.623661701,3.176965266,1.981264865,0.623634412,17.43505065,11.28084604,0.647021123,17.43482171,11.28044431,0.647006577,4.252636712,1.88318855,0.442828456,4.252570655,1.883154414,0.442827308,0.192519723,0.052752758,0.274012226,0.39049178,0.289984733,0.742614179,0.399128277,0.280972471,0.703965334,7.825121504,2.257741222,0.28852475,2.512845252,0.893525565,0.355583204,0.19257858,0.052967207,0.275042045,0.192460904,0.052773364,0.274203036,0.390691515,0.29051571,0.743593598,0.390292172,0.290746622,0.744946077,0.399323684,0.281486625,0.704908416,0.398932995,0.281711,0.706161194,7.827666061,2.266866979,0.289596792,7.822578567,2.258675574,0.288737985,2.515680254,0.8992822,0.357470787,2.510012054,0.891730313,0.355269335,habitat_background_2024
Chromodoris kuiteri,high.yes,yes,2cm,animals_on_background,25_ChromodorisKuiteri_20_OI_D_RAW,0.340286032,0.596618317,1.753284768,2.554121765,11.19414176,1.21063786,2.121845876,1.752667703,3.11467596,18.52470404,0.175151967,0.397133075,2.267362923,4.204439452,26.3408785,0.169810493,0.379662649,2.235802049,4.219280304,26.52115665,0.617358146,1.416595311,2.294608601,4.99313391,41.82950171,0.595744812,1.337029316,2.244298715,4.901889665,40.69836282,1.74458518,0.174458518,1.832980007,0.040732889,0.819086605,0.355724793,1.142825502,0.342963794,0.107595704,0.349344294,0.021968829,1.74446805,1.744702151,0.174446805,0.174470215,1.804947653,1.862686723,0.040109948,0.041393038,0.819144448,0.819028685,0.245826583,0.245791842,1.119314551,1.166158119,0.486112133,0.506456036,0.107278376,0.107931627,0.365969358,0.376123939,0.022385301,0.021552442,1982.649034,43.67217082,45.3984539,0.49030947,0.03418563,0.017828402,0.521517433,0.102811998,0.047500899,0.462017076,2.976895261,1.313821816,0.441339617,21.6985034,13.25443364,0.610845522,3.578534695,1.99743228,0.558170439,0.0339692,0.01755075,0.516666557,0.033966995,0.01753689,0.516292064,0.102248955,0.047193008,0.461550034,0.102264628,0.047205213,0.461598639,2.961206838,1.305008227,0.440701477,2.961648522,1.305344288,0.440749224,21.69887162,13.25450297,0.610838352,21.69813557,13.25436437,0.610852685,3.578456092,1.997463846,0.55819152,3.578613215,1.997400744,0.558149379,0.313064797,0.073001955,0.233184808,0.368333368,0.093791586,0.254637766,0.358408922,0.093037404,0.259584508,13.04645535,3.37688474,0.258835419,3.27964397,0.616400884,0.1879475,0.313439756,0.072327349,0.23075359,0.31267543,0.073693856,0.235688028,0.369321371,0.092911864,0.251574566,0.367307396,0.094685152,0.257781773,0.359445844,0.092181178,0.256453592,0.357332152,0.093905707,0.26279669,13.06154316,3.346201718,0.256187319,13.03078772,3.408381273,0.261563717,3.284948976,0.608292649,0.185175677,3.274135093,0.624659896,0.190786232,habitat_background_2024
Chromodoris kuiteri,high.yes,yes,2cm,animals_on_background,25_ChromodorisKuiteri_13_MG_D_RAW,0.250651111,0.499758175,1.993839857,3.962523196,40.14644992,1.255269261,2.261067437,1.801260899,3.412997943,23.3639185,0.126134007,0.327092029,2.593210471,6.807365908,116.7601242,0.128108618,0.325968644,2.544470846,5.771221783,72.21120014,0.628094858,1.479533995,2.355590046,5.315317569,49.26767524,0.630271994,1.48791257,2.360746765,5.443253863,54.30830026,4.272251647,0.237347314,4.935184187,0.032256106,1.644017253,0.568790935,1.914655408,0.465753869,0.13480171,0.517272402,0.056068302,4.273027916,4.271474871,0.23739044,0.237304159,4.965049815,4.90518084,0.032451306,0.032060005,1.643989798,1.64404206,0.408408985,0.401539742,1.919571644,1.908576067,0.664126211,0.660322002,0.134920873,0.134682082,0.536267598,0.530930872,0.055723531,0.05641274,283.4427909,16.94574009,16.72649229,0.503255617,0.029747852,0.018475716,0.621077308,0.070541544,0.055593754,0.788099478,1.891832726,1.519898713,0.803400159,18.20154103,13.23484931,0.727127955,6.932269682,5.632750677,0.812540616,0.029772308,0.018505354,0.621562631,0.02976904,0.01847052,0.620460726,0.070801199,0.055459598,0.783314397,0.070824625,0.055501367,0.783645055,1.898491028,1.515936888,0.798495682,1.899218296,1.517787013,0.799164065,18.20237631,13.23525347,0.727116792,18.20070594,13.23444518,0.727139113,6.932200437,5.632718808,0.812544135,6.932338911,5.632782537,0.812537097,0.230531451,0.071266771,0.309141205,0.51092425,0.303552195,0.594123679,0.511498155,0.288384258,0.563803125,9.461956362,3.235601513,0.34195904,1.719674095,1.215898649,0.707051791,0.230748096,0.071796278,0.311145702,0.230317659,0.070803009,0.307414591,0.510418063,0.303943687,0.59547988,0.511423769,0.303430329,0.593305097,0.511065895,0.288806477,0.565106143,0.51192472,0.288218976,0.563010468,9.471399596,3.249961742,0.343134265,9.45263752,3.224194513,0.341089406,1.725191387,1.23111004,0.713607806,1.71422948,1.201766879,0.701053677,habitat_background_2024
Chromodoris kuiteri,high.yes,yes,2cm,animals_on_background,25_ChromodorisKuiteri_19_OI_D_RAW,0.327395364,0.590401161,1.803327799,3.201144618,16.60389087,1.008833586,1.847173282,1.830998995,3.70098304,22.94878517,0.166238042,0.394030597,2.370279334,4.968467102,36.82604029,0.166216499,0.391121884,2.353086998,4.948725972,36.22048796,0.506579954,1.230894394,2.429812678,5.534181435,47.17686692,0.504788839,1.221917184,2.420650159,5.701479136,51.97897226,4.791745677,0.342267548,5.463771833,0.060041449,1.663086576,0.630182057,1.948925258,0.573011513,0.201154499,0.601596785,0.050520493,4.792425295,4.791065095,0.342316092,0.342218935,5.449270783,5.47666735,0.059882097,0.060183158,1.663126988,1.663044824,0.493905814,0.488958634,1.947897686,1.949131516,0.738103589,0.738571116,0.201099094,0.201201047,0.616004701,0.613764875,0.050610483,0.050430498,353.2136241,18.75875228,18.82927067,0.499061957,0.0439738,0.026812802,0.609744934,0.113992925,0.076797774,0.673706494,3.097583107,2.059351856,0.664825377,17.7683954,14.35217737,0.807736266,5.591913373,3.452323681,0.61737789,0.044095022,0.026959228,0.611389381,0.044071545,0.026918467,0.610790196,0.113909664,0.077169147,0.677459176,0.113878263,0.07717755,0.677719771,3.092068051,2.066652201,0.66837216,3.091327705,2.067082161,0.668671315,17.76833375,14.35139506,0.807695041,17.76845705,14.35295952,0.807777483,5.591692738,3.452135413,0.617368581,5.592133978,3.452511898,0.617387193,0.206032585,0.086455117,0.41961866,0.400020301,0.302440433,0.75606271,0.39801861,0.314509184,0.79018713,8.445316616,3.775564279,0.447060122,2.527521906,1.404304299,0.555605194,0.205902518,0.086516045,0.420179635,0.206163123,0.086445402,0.419305844,0.398670312,0.301312923,0.755794735,0.401375176,0.303739972,0.756748276,0.396983671,0.313562866,0.789863383,0.399057295,0.315638462,0.790960261,8.439682681,3.776044549,0.447415465,8.45097094,3.777326469,0.446969525,2.534581854,1.408779506,0.555823243,2.520436407,1.400607228,0.555700284,habitat_background_2024
Chromodoris kuiteri,high.yes,yes,2cm,animals_on_background,25_ChromodorisKuiteri_18_OI_D_RAW,0.275242686,0.448526361,1.629566865,2.651422675,14.02949089,1.08451568,1.903259119,1.754939235,3.050132489,17.92851765,0.140069169,0.290671258,2.07519799,4.302272912,31.40265374,0.140997207,0.295809028,2.097977924,4.330111485,31.59800235,0.542379759,1.23150185,2.270552745,4.837214564,39.11341252,0.544608879,1.251046134,2.297146048,4.9064657,40.70120296,3.773652662,0.62894211,3.543117842,0.236207856,1.441805061,0.804686726,1.481998672,0.596400139,0.432574983,0.700543433,0.047620553,3.7730894,3.774215393,0.628848233,0.629035899,3.549168997,3.536934366,0.236611266,0.235795624,1.441678667,1.441931265,0.580174176,0.580275828,1.48192756,1.481810648,0.827079519,0.827014269,0.43272975,0.432415762,0.703626847,0.703645049,0.047776111,0.047465026,399.9774282,19.93096259,20.06814404,0.498285193,0.079751317,0.039946665,0.500890343,0.18498397,0.035305857,0.190859007,5.189272745,0.903372872,0.174084677,14.6216467,8.782605384,0.600657749,3.374700536,2.039543244,0.604362734,0.079583957,0.039884505,0.501162623,0.079584463,0.03989268,0.501262162,0.184999363,0.035370431,0.19119218,0.184981759,0.035391661,0.191325139,5.190306912,0.904979855,0.174359603,5.189786229,0.905621356,0.174500705,14.62086684,8.781787714,0.600633862,14.62242614,8.783422466,0.600681609,3.374627595,2.039463117,0.604352054,3.37477344,2.039623323,0.604373407,0.229279259,0.051874517,0.226250371,0.081242276,0.123655097,1.522053585,0.064121348,0.12632208,1.970047148,9.371303226,2.325401368,0.24814066,1.752773769,0.933506815,0.532588307,0.229288478,0.051489328,0.22456134,0.229269982,0.052259286,0.227937761,0.081121263,0.123572749,1.523308988,0.081364058,0.123737784,1.520791694,0.064074376,0.126233302,1.970105842,0.06416862,0.126411339,1.969986888,9.370896701,2.302785656,0.245738026,9.371712334,2.347940784,0.250534876,1.750735214,0.933159065,0.533009822,1.754825277,0.933851743,0.532162236,habitat_background_2024
Chromodoris kuiteri,high.yes,yes,2cm,animals_on_background,25_ChromodorisKuiteri_23_OI_D_RAW,0.290972292,0.492825778,1.693720642,2.712570372,13.11686017,0.870856671,1.470346258,1.688390646,2.936470176,16.90747555,0.149854413,0.332431412,2.218362516,4.330305357,28.92743893,0.145267019,0.318503485,2.192538177,4.342585643,29.20134668,0.445608045,0.995352452,2.233694976,4.648027155,36.97028258,0.427472015,0.946190009,2.213454858,4.670441458,37.37684891,1.327762363,0.265552473,1.025886818,0.102588682,0.418847928,0.26024485,0.083287784,0.05174961,0.184070577,0.15599723,0.012848647,1.327403896,1.328120457,0.265480779,0.265624091,1.023497222,1.028360059,0.102349722,0.102836006,0.418676487,0.419018506,0.260138328,0.260350836,0.076700233,0.089877647,0.047656534,0.055844122,0.183915251,0.184230049,0.153897431,0.158097479,0.013056356,0.012641084,5904.200698,75.59105145,78.10713815,0.491814846,0.041883004,0.009163615,0.218790781,0.138231027,0.052662507,0.380974574,4.017630995,1.523211704,0.379131808,12.0517789,12.50278445,1.037422321,5.384863378,2.048156475,0.380354399,0.041984959,0.009028689,0.21504579,0.041978245,0.009038514,0.215314235,0.138849242,0.051910537,0.37386259,0.138802331,0.051944649,0.374234702,4.0355763,1.501558414,0.372080294,4.034220183,1.502577652,0.372458018,12.05020263,12.5020852,1.037499997,12.05335342,12.50348263,1.037344729,5.384523045,2.047804683,0.380313106,5.38520333,2.048507743,0.380395617,0.316416777,0.036232958,0.114510231,0.713333258,0.05463338,0.076588859,0.70918616,0.058369481,0.082304879,13.12089607,1.604424602,0.122280109,3.928794061,0.167753637,0.042698506,0.316829425,0.03443488,0.108685865,0.315990871,0.037993809,0.120237047,0.713820661,0.052203819,0.073132962,0.712830196,0.057027102,0.080000962,0.709668423,0.056162754,0.079139429,0.708688404,0.060557808,0.085450542,13.13836984,1.537746522,0.117042414,13.10286089,1.670216467,0.127469602,3.927917999,0.157200397,0.040021303,3.92969827,0.177985299,0.045292358,habitat_background_2024
Chromodoris kuiteri,high.yes,yes,2cm,animals_on_background,25_ChromodorisKuiteri_30_MG_D_RAW,0.227910203,0.457737683,2.008412427,3.455687161,19.04287799,0.889198057,1.590206623,1.788360433,3.772594326,26.4440686,0.114459418,0.294976332,2.577125924,5.469723397,45.43147865,0.116664207,0.299414486,2.566463983,5.231092305,39.97887272,0.441882888,1.036873767,2.346489975,5.854094156,58.93871328,0.449363116,1.045158941,2.32586722,5.634404835,54.25911645,2.576417226,0.286268581,2.255258256,0.062646063,1.107995332,0.504270407,1.01308483,0.3741012,0.174457322,0.439185803,0.034681487,2.575879245,2.576955198,0.286208805,0.286328355,2.268986507,2.241877109,0.063027403,0.062274364,1.107857511,1.108132903,0.409097849,0.409199542,1.02030769,1.005809906,0.464362041,0.457763816,0.174618104,0.17430136,0.436729945,0.433481679,0.034158476,0.035204387,774.9004606,28.27531086,27.40555054,0.507810227,0.030895573,0.021274447,0.688592098,0.058294732,0.051581897,0.884846628,1.748226662,1.53885316,0.880236638,28.25140011,17.64966069,0.624735787,3.361364746,1.640939609,0.488176599,0.031011049,0.021228611,0.684549935,0.031009272,0.021240675,0.684978213,0.058963864,0.051481803,0.873107695,0.058949843,0.051496623,0.873566747,1.769328737,1.535929122,0.868085783,1.768863719,1.536228663,0.868483336,28.24995523,17.64844112,0.624724569,28.25284626,17.6508811,0.624747006,3.3613892,1.640872313,0.488153027,3.36134027,1.64100696,0.48820019,0.242780573,0.084984065,0.350044749,0.767309033,0.127434551,0.166079826,0.786183068,0.146932397,0.186893363,10.00185891,3.803993822,0.380328683,1.85150093,1.315234956,0.710361489,0.242791378,0.085879425,0.353716946,0.242770091,0.084106379,0.346444567,0.766568319,0.128893992,0.168144168,0.76802759,0.125998156,0.164054206,0.785209743,0.148610974,0.189262773,0.787127277,0.145278826,0.184568405,10.00520704,3.853555952,0.385155043,9.99861093,3.755286213,0.375580792,1.846527419,1.32044538,0.715096546,1.856325665,1.310141265,0.705771239,habitat_background_2024
Chromodoris kuiteri,high.yes,yes,2cm,animals_on_background,25_ChromodorisKuiteri_29_MG_D_RAW,0.32613092,0.636622318,1.952045266,1.739797024,7.755297577,1.223709748,2.374038357,1.94003387,1.992218525,10.66254367,0.160157682,0.378676693,2.36439919,3.323426207,20.76418667,0.170836183,0.41469492,2.427441968,3.41018032,21.51596561,0.590796259,1.399271946,2.368450925,3.690871491,27.43222356,0.635463686,1.552677907,2.443377868,3.881348031,29.565366,5.997418213,0.499784851,7.014802942,0.106284893,1.915863877,0.771000342,2.220304991,0.629630741,0.303034872,0.700315542,0.070852281,5.997143966,5.99768932,0.499761997,0.499807443,6.926833782,7.09730809,0.104952027,0.107534971,1.915768299,1.915959193,0.557884519,0.543324819,2.204275286,2.234460647,0.887065631,0.899213114,0.302357012,0.303671207,0.722475075,0.721268967,0.068465437,0.073239,172.168198,13.60590984,12.6539276,0.518126202,0.043987459,0.029333031,0.666849858,0.11241512,0.075982515,0.6759101,3.244014062,2.134911626,0.658108006,23.17542353,13.53975265,0.58422892,5.532554098,4.115789003,0.743922053,0.044211273,0.029595668,0.66941453,0.044222078,0.029617131,0.669736304,0.112720237,0.076216571,0.676156942,0.112701643,0.076215604,0.67625992,3.252408042,2.141429865,0.658413655,3.251916739,2.141529584,0.658543793,23.17452685,13.53854936,0.584199602,23.17632478,13.5409619,0.584258377,5.532582608,4.115807069,0.743921485,5.532525442,4.115770844,0.743922624,0.186522648,0.069557011,0.372914558,0.35966686,0.271670002,0.755337876,0.354600651,0.269245247,0.759291464,7.600145704,3.015932061,0.396825558,1.920819476,0.949433582,0.494285691,0.185210914,0.067642792,0.365220337,0.187748821,0.071365356,0.380110809,0.358738945,0.270450766,0.753892962,0.36053425,0.27316909,0.757678612,0.353598079,0.268068041,0.758115094,0.355537827,0.270701661,0.761386387,7.542000025,2.923192915,0.387588558,7.654498699,3.10287503,0.405366197,1.908025763,0.9369623,0.491063757,1.932778689,0.962037909,0.497748611,habitat_background_2024
Chromodoris kuiteri,high.yes,yes,2cm,animals_on_background,25_ChromodorisKuiteri_24_OI_D_RAW,0.099613679,0.296116767,2.972651649,5.078507012,36.08648285,1.032362266,1.883423381,1.824382237,3.729678773,23.97702236,0.049877562,0.189321998,3.795734817,7.647001029,81.47650055,0.050750975,0.193140232,3.805645759,7.537971583,77.76111039,0.520270632,1.249635191,2.401894541,5.7338377,52.79060575,0.514543268,1.240959743,2.411769467,5.693872671,51.71399591,2.683669924,0.335458741,2.21582017,0.079136435,1.121106801,0.539138408,0.983549698,0.410172083,0.207297588,0.474655245,0.035216298,2.683944089,2.683395486,0.335493011,0.335424436,2.216731827,2.214713929,0.079168994,0.079096926,1.121212698,1.121000719,0.467582013,0.467493611,0.986470258,0.980344018,0.474391917,0.471445818,0.207331002,0.207260681,0.470986965,0.469469714,0.035316438,0.035116165,750.5436134,27.31542675,27.47691333,0.498526376,0.017110111,0.008587255,0.501881912,0.016244113,0.028163733,1.733780862,0.485894761,0.813324726,1.673870129,28.6494631,14.49099384,0.50580333,3.291398397,2.543935478,0.772904149,0.017042037,0.008523811,0.500163862,0.017034914,0.008517268,0.499988919,0.016015774,0.027859835,1.739524735,0.015993735,0.02783267,1.740223327,0.479273826,0.805005446,1.679635735,0.478633884,0.804248754,1.680300497,28.6473253,14.48990272,0.505802987,28.65160028,14.49208421,0.505803657,3.291402393,2.543832506,0.772871926,3.291394402,2.544038417,0.772936363,0.287165263,0.02784609,0.096968867,0.865132731,0.130940751,0.151353366,0.862515691,0.141916069,0.164537376,11.83400854,1.377768947,0.116424535,1.016989654,0.850431848,0.836224681,0.287393824,0.028782021,0.100148363,0.286935416,0.026869886,0.093644368,0.866343837,0.129947867,0.149995719,0.863914814,0.131919351,0.152699489,0.863826039,0.140828278,0.163028517,0.861197974,0.142988313,0.166034196,11.84494551,1.421937985,0.120045971,11.82301005,1.331775501,0.112642677,1.009672596,0.848346978,0.84021987,1.024347866,0.852453636,0.832191547,habitat_background_2024
Chromodoris kuiteri,high.yes,yes,2cm,animals_on_background,25_ChromodorisKuiteri_17_MG_D_RAW,0.195279848,0.48764667,2.497168425,3.38959029,24.48941883,1.190856533,2.470768153,2.074782382,2.779904782,19.38154487,0.098256352,0.305685547,3.111102133,5.87220668,66.81719521,0.099713239,0.310228337,3.111205076,5.666798297,59.82138386,0.593075022,1.541322713,2.598866343,4.93921215,48.95039922,0.60028411,1.571765888,2.618369973,5.045574526,51.40574596,4.217403574,0.301243112,4.915941795,0.054021338,1.636719399,0.620190922,2.05441736,0.517447433,0.177632225,0.568819178,0.060535868,4.217720821,4.217085849,0.301265773,0.301220418,4.901426183,4.93020459,0.053861826,0.054178072,1.63681437,1.636624077,0.41629882,0.418357478,2.049663122,2.058595353,0.776664872,0.780049501,0.1775638,0.177699245,0.596481846,0.599203489,0.060252662,0.060818973,240.8491367,15.59677721,15.44223742,0.502489444,0.023094029,0.014695645,0.636339585,0.0422625,0.055296983,1.308417215,1.077520211,1.445427813,1.341439166,19.55071632,12.23452574,0.625784014,4.703458678,3.448982952,0.733286542,0.022956939,0.014641323,0.637773338,0.022949408,0.014629249,0.637456468,0.041693049,0.055141884,1.32256778,0.041682119,0.055139408,1.322855205,1.062894487,1.440776899,1.355522036,1.062589704,1.440697286,1.355835917,19.54984469,12.23419355,0.625794923,19.55158816,12.23485793,0.6257731,4.703415178,3.448942417,0.733284706,4.70350219,3.449023496,0.733288379,0.207794548,0.07408965,0.356552426,0.614436687,0.245138928,0.398965318,0.615952117,0.248220697,0.402987002,8.505463091,3.333986252,0.391981743,1.423016012,1.190553549,0.836641007,0.207148559,0.073324329,0.353969777,0.208434293,0.074904311,0.359366541,0.613990533,0.245295237,0.399509803,0.61487853,0.245216428,0.398804667,0.615463757,0.24838088,0.403567029,0.616435758,0.24829714,0.402794837,8.476223895,3.292088721,0.388390958,8.53441971,3.377860214,0.395792606,1.420293974,1.19168713,0.839042587,1.425711743,1.190556433,0.835061111,habitat_background_2024
Chromodoris kuiteri,high.yes,yes,2cm,animals_on_background,25_ChromodorisKuiteri_16_MG_D_RAW,0.302233298,0.523677219,1.732692003,2.009293458,9.023933616,1.38751135,2.508804969,1.808132934,2.374271232,12.2411226,0.155450502,0.34268035,2.204433863,3.624158208,22.59764137,0.152330597,0.334988598,2.199089377,3.627515072,22.49320066,0.704031582,1.634437591,2.321540159,4.080443509,28.91245055,0.686736319,1.604818044,2.336876616,4.201282104,30.81489189,4.905502679,0.445954789,5.753709653,0.104612903,1.757292949,0.732848081,2.026106372,0.601701328,0.275283846,0.667274704,0.070607094,4.903859394,4.907140163,0.445805399,0.446103651,5.760177228,5.746585636,0.104730495,0.104483375,1.757117817,1.757466937,0.521818666,0.52741869,2.024261288,2.027451286,0.844182526,0.845512858,0.275267947,0.275293513,0.683000596,0.686465774,0.071534489,0.069680145,173.2900167,12.97927096,13.35129048,0.492935595,0.051272466,0.0289383,0.564402345,0.128715683,0.057368379,0.445698435,3.64962805,1.573335698,0.431094807,20.44352483,13.49021868,0.659877335,3.238924627,1.433507538,0.442587495,0.051566148,0.029009349,0.562565758,0.051528028,0.028989295,0.562592748,0.129272322,0.057246691,0.442837958,0.129191884,0.057286067,0.443418467,3.665018809,1.569133427,0.428137892,3.662849055,1.570404385,0.428738493,20.44437533,13.489575,0.659818399,20.44267642,13.49086068,0.659936126,3.238860397,1.43320787,0.44250375,3.238988698,1.4338064,0.44267101,0.204786235,0.061652294,0.301056826,0.238265789,0.22211495,0.932215033,0.229141492,0.226451776,0.988261769,8.354467215,2.726327916,0.326331751,1.66024397,0.637852029,0.384191746,0.204692447,0.06098844,0.29795159,0.204882472,0.062365772,0.304397793,0.238902855,0.222310772,0.930548828,0.237612082,0.222053525,0.934521189,0.229772993,0.226638531,0.986358444,0.228493496,0.22640252,0.99084886,8.349121726,2.690760958,0.32228072,8.359952328,2.764100117,0.330635871,1.659711882,0.635996239,0.383196774,1.660789955,0.640158614,0.385454291,habitat_background_2024
Chromodoris kuiteri,high.yes,yes,2cm,animals_on_background,25_ChromodorisKuiteri_14_MG_D_RAW,0.236376088,0.387174904,1.637961384,3.005959213,19.64268582,1.116456731,1.925907966,1.725018008,2.779165334,14.75929938,0.120388646,0.25315108,2.102782024,4.924400875,46.24804053,0.121442695,0.254449092,2.095219403,4.714894323,41.09802019,0.556707013,1.250534405,2.246306181,4.515659058,33.2663863,0.562104494,1.267312397,2.254585064,4.562599725,34.47983127,2.514259348,0.157141209,3.036438941,0.025303658,1.235219137,0.445511131,1.548790063,0.442953443,0.091222434,0.444232287,0.048944882,2.51538319,2.513135085,0.157211449,0.157070943,3.015593352,3.056981842,0.025129945,0.025474849,1.235661465,1.234775904,0.356536534,0.359574987,1.537674171,1.559017236,0.554598725,0.562296609,0.091170697,0.091272896,0.455567629,0.460935798,0.04845468,0.049434975,377.6080677,19.6378415,19.22859331,0.505264802,0.102997978,0.035433808,0.344024305,0.221341543,0.025772621,0.116438244,5.812656869,0.662089007,0.113904712,29.91634749,23.98692034,0.801799764,3.729057996,2.237056284,0.599898496,0.102710298,0.035191459,0.342628343,0.10269726,0.035175847,0.342519819,0.221429401,0.025653688,0.115854933,0.221448666,0.025610925,0.115651746,5.816289049,0.659958446,0.113467271,5.816858961,0.658887201,0.113271992,29.91716854,23.98726039,0.801789125,29.91552578,23.98657999,0.80181041,3.729152026,2.23704841,0.599881258,3.728963891,2.23706416,0.599915748,0.206906162,0.059278803,0.286500909,0.054064268,0.087081319,1.610700047,0.055771257,0.083791409,1.502412041,8.435057187,2.559400863,0.303424246,1.327135261,0.840789625,0.633537251,0.207116629,0.059059178,0.28514938,0.206699914,0.059580632,0.288247008,0.053174158,0.085664544,1.611018345,0.054936532,0.088567735,1.612182858,0.054865186,0.082502224,1.503726304,0.056659162,0.085150305,1.502851458,8.443338664,2.546624056,0.301613397,8.426941748,2.575637277,0.30564318,1.318076033,0.827380592,0.62771841,1.336012857,0.854875183,0.639870476,habitat_background_2024
Chromodoris kuiteri,high.yes,yes,2cm,animals_on_background,25_ChromodorisKuiteri_28_MG_D_RAW,0.297720319,0.591886187,1.988061107,1.820550869,9.239382932,1.236046261,2.524235218,2.042185068,2.403313366,15.14812499,0.154702892,0.376761316,2.435386376,3.675655876,27.96982875,0.148278912,0.352482787,2.377160593,3.402714758,23.28274492,0.638194639,1.625513697,2.547050066,4.547773985,41.07769926,0.600200976,1.489852662,2.482256314,4.391053128,40.24471011,4.831841038,0.60398013,4.880058821,0.174287815,1.608102509,0.773333838,1.755310402,0.596144262,0.389133972,0.68473905,0.0516953,4.83172769,4.831952983,0.603965961,0.603994123,4.933489822,4.823556794,0.176196065,0.172269886,1.608072704,1.608132055,0.546138913,0.556375508,1.770329366,1.738620573,0.851348466,0.83609976,0.390081013,0.388132004,0.69874369,0.696237634,0.053168064,0.050223042,336.7756368,17.80828307,18.91117945,0.484982128,0.048520955,0.033615514,0.692804048,0.095739771,0.062029967,0.64790177,2.624774984,1.686981879,0.642714857,20.48282034,13.59418058,0.663686951,3.059701947,1.312181584,0.428859283,0.048698812,0.033823,0.694534387,0.048707634,0.033823707,0.694423112,0.095681018,0.062462044,0.652815424,0.095711,0.062449961,0.652484675,2.621936436,1.696719736,0.647124665,2.622797772,1.696382971,0.646783747,20.48394515,13.59504395,0.663692655,20.48169941,13.59332003,0.663681258,3.059661303,1.312208834,0.428873886,3.059742452,1.312154427,0.42884473,0.249632748,0.078543799,0.314637402,0.357773908,0.308897788,0.86338825,0.368386325,0.315000758,0.855082657,10.29640692,3.660487342,0.355511138,2.203302995,0.70220258,0.3187045,0.251230634,0.080969906,0.322293126,0.247941745,0.075970532,0.306404765,0.358431191,0.309816371,0.864367776,0.357078322,0.308397367,0.863668691,0.368878663,0.315976364,0.856586177,0.367865297,0.314449746,0.854795897,10.3725405,3.791779915,0.365559423,10.21583668,3.519748863,0.344538482,2.213909726,0.710974679,0.321139869,2.192078159,0.693682947,0.316449915,habitat_background_2024
Chromodoris kuiteri,high.yes,yes,2cm,animals_on_background,25_ChromodorisKuiteri_15_MG_D_RAW,0.302751252,1.012681184,3.344928143,12.91900021,257.5654142,1.434139988,3.080396981,2.147905369,5.948297357,61.14545073,0.161964793,0.706371541,4.361265988,17.82497779,471.059916,0.143792422,0.559149127,3.888585507,17.67740241,567.0753637,0.763169455,2.293165748,3.004792359,9.695360367,142.814095,0.673629785,1.756164653,2.607017522,7.537759443,97.57751879,2.507953973,0.078373562,4.862614923,0.009803659,1.369588925,0.39517983,2.284038856,0.443219409,0.04408861,0.41919962,0.040488844,2.503928332,2.511970787,0.07824776,0.078499087,5.209917435,4.508093925,0.010503866,0.009088899,1.365521712,1.37357262,0.266497133,0.273052295,2.37740173,2.162304496,0.685973137,0.623909195,0.044375813,0.043793993,0.476235135,0.448480745,0.042415718,0.038562049,562.8742091,22.57616589,24.93223216,0.475203686,0.027055291,0.025080753,0.927018416,0.060297976,0.091104464,1.510904173,1.818352909,3.396745142,1.868034046,23.06393285,14.32068516,0.620912541,17.41084836,16.43565177,0.94398914,0.026722797,0.024781898,0.927369159,0.026840021,0.025101683,0.93523335,0.057705831,0.084142307,1.458124883,0.058101584,0.085684973,1.474744178,1.731519824,3.115079583,1.799043556,1.744313708,3.162091866,1.812799986,23.06504039,14.31956511,0.620834166,23.06282979,14.3218005,0.6209906,17.40900152,16.43650764,0.944138446,17.41268772,16.43479912,0.943840456,0.320434506,0.127388567,0.397549465,0.592860313,0.316965515,0.534637769,0.588857693,0.311661544,0.529264621,13.65051814,6.472060857,0.474125655,3.017546299,3.093641523,1.025217583,0.327092414,0.135976985,0.415714272,0.313111547,0.116837204,0.373148818,0.595516879,0.317356239,0.53290889,0.589938386,0.316659938,0.536767815,0.591646863,0.312070449,0.527460667,0.585789916,0.311330243,0.531470813,14.03141079,7.086079275,0.505015453,13.23157848,5.694578578,0.430377871,3.102175779,3.352611426,1.080729032,2.924463263,2.779541633,0.95044505,habitat_background_2024
Chromodoris kuiteri,high.yes,yes,2cm,animals_on_background,25_ChromodorisKuiteri_31_MG_D_RAW,0.24173668,0.434105851,1.795779817,1.937412178,9.578383187,0.814525917,1.559872547,1.915068036,2.477226965,14.67758268,0.123737921,0.281580744,2.275622075,3.634080556,24.73954266,0.122787729,0.277033115,2.256195455,3.549251795,23.75314306,0.409380421,1.005225258,2.455479566,4.388744904,36.55795428,0.407159312,0.996418651,2.447245149,4.291258336,34.58076554,1.928518776,0.192851878,2.09855711,0.046634602,0.903657707,0.392453556,0.945853836,0.358405945,0.11974324,0.37542975,0.035683392,1.927973499,1.929063434,0.19279735,0.192906343,2.120865654,2.076078333,0.047130348,0.046135074,0.903266527,0.904047003,0.342268626,0.342564367,0.957354113,0.933552825,0.415773608,0.40543684,0.119963849,0.119520709,0.379021117,0.374000603,0.035815238,0.035551617,730.3180989,26.92107687,27.12811611,0.498084715,0.048885328,0.011943569,0.244318062,0.134907493,0.025305703,0.18757819,3.93503807,0.696608392,0.177027104,12.64539933,9.63036635,0.761570758,4.5730948,2.822629152,0.617225156,0.048868096,0.011782975,0.241117949,0.048852225,0.01178157,0.241167517,0.135182459,0.025043664,0.185258241,0.135152538,0.025086158,0.185613668,3.940895726,0.689195547,0.174882969,3.940029763,0.690442722,0.175237946,12.64469883,9.629277943,0.761526872,12.64609926,9.631453701,0.76161459,4.573004569,2.822695689,0.617251885,4.573184958,2.822562663,0.617198449,0.182066365,0.040168046,0.220623099,0.135130298,0.158685414,1.174314094,0.102805791,0.174940766,1.701662571,7.381168559,1.745745949,0.236513492,1.768796802,0.457629713,0.258723734,0.182591578,0.041174137,0.225498556,0.181537539,0.039121234,0.215499418,0.137605883,0.161539471,1.173928524,0.132637684,0.155716078,1.173995756,0.10546088,0.178039267,1.688201995,0.100132437,0.171719824,1.714927049,7.403751237,1.789355369,0.241682265,7.358430532,1.700380813,0.231079278,1.776078698,0.466440124,0.262623568,1.761464813,0.448455262,0.254592234,habitat_background_2024
Chromodoris kuiteri,high.yes,yes,2cm,animals_on_background,25_ChromodorisKuiteri_25_OI_D_RAW,0.174585207,0.456733634,2.616107296,3.311528323,19.43017431,0.956832206,1.907390195,1.993442721,2.33790234,14.79931998,0.089629826,0.294674802,3.287686871,5.500741606,48.32272811,0.086356069,0.281769663,3.26288201,5.508322904,47.32099171,0.48764296,1.216192781,2.494023045,4.254805214,37.51309089,0.47133035,1.170812878,2.484060017,4.343784434,39.68996637,2.996882868,0.374610359,2.508630383,0.089593942,1.20692014,0.5804059,1.143444768,0.388340453,0.23210215,0.484373177,0.043762689,2.996418868,2.997345793,0.374552358,0.374668224,2.524758636,2.491781878,0.090169951,0.08899221,1.206782407,1.207057349,0.40985139,0.417613183,1.149925721,1.13622048,0.552997378,0.546406551,0.232361155,0.231830217,0.481424384,0.482009867,0.044609371,0.042916264,477.6204418,21.4168145,22.30118965,0.489885458,0.022492708,0.010091816,0.448670552,0.035841602,0.052790748,1.472890312,1.030605246,1.507388527,1.462624543,21.35353828,12.42109833,0.581688064,3.665853195,2.569118533,0.700824173,0.022414709,0.010049385,0.44833887,0.022415817,0.010046941,0.448207675,0.03558213,0.052711928,1.481415735,0.03559521,0.052718838,1.481065499,1.023055736,1.505020677,1.471103308,1.023452229,1.505296525,1.470802918,21.35365818,12.42084327,0.581672853,21.35341862,12.42135286,0.581703243,3.665858484,2.569191822,0.700843154,3.665847916,2.569045394,0.70080523,0.217452932,0.053075441,0.244077836,0.77094704,0.148963376,0.193221283,0.767495344,0.145792901,0.189959329,8.87451317,2.365273864,0.266524351,1.645152326,1.277271881,0.776385178,0.217797086,0.053441807,0.245374297,0.217095309,0.052771024,0.243077682,0.771338691,0.148831587,0.192952316,0.770540062,0.149329674,0.193798715,0.767911047,0.145551709,0.189542408,0.767063371,0.146267682,0.190685265,8.889242127,2.377869669,0.267499708,8.859207783,2.355648572,0.265898332,1.654449132,1.281434154,0.774538261,1.635491681,1.274825201,0.779475197,habitat_background_2024
Chromodoris lochi,medium.yes,yes,2cm,animals_on_background,27_ChromodorisLochi_12_MG_D_RAW,0.267450787,0.540717395,2.021745385,3.106802749,16.7504218,1.142613452,2.145883099,1.878048167,3.711741714,27.00775206,0.134915428,0.345611686,2.561691364,5.006557449,39.18490752,0.136472627,0.350169041,2.565855509,5.022275048,39.40387614,0.567623147,1.382155853,2.434988533,5.943330218,62.29892231,0.577266878,1.407564992,2.438326268,5.96852632,62.44973216,4.691885749,0.312792383,7.269753795,0.06923575,1.799709264,0.664577512,2.497194221,0.612427048,0.191014067,0.63850228,0.050701458,4.692419107,4.691351723,0.31282794,0.312756782,7.263205141,7.27587381,0.069173382,0.069294036,1.799839749,1.799578272,0.445168668,0.44319752,2.494420044,2.499347703,0.921112926,0.922932559,0.191000661,0.191025409,0.683140797,0.68306504,0.050239428,0.051163332,350.5920679,18.9046852,18.5452476,0.504798908,0.032136845,0.023026608,0.716517398,0.073866648,0.069004345,0.934174577,1.975033855,1.807154248,0.914999124,24.37177944,15.12215116,0.620477926,3.919867604,2.093736245,0.534134429,0.031829396,0.02292405,0.72021629,0.031820876,0.02292356,0.720393758,0.072796807,0.068962788,0.94733259,0.072804428,0.068980452,0.947476051,1.94504903,1.806195941,0.928612037,1.945141004,1.8064784,0.928713341,24.37116817,15.12229443,0.620499367,24.37239111,15.12200778,0.620456471,3.919816905,2.093665985,0.534123413,3.919918336,2.093806547,0.534145451,0.230446865,0.084981025,0.368766242,0.474151716,0.320855913,0.676694616,0.480084223,0.32933377,0.685991653,9.481181811,3.803025772,0.401113052,2.230826063,1.209757112,0.542291097,0.23008339,0.084980969,0.369348561,0.230803657,0.085017407,0.368353814,0.474177707,0.320584439,0.676085008,0.474126202,0.321264938,0.677593722,0.480029672,0.329133283,0.685651955,0.480137772,0.329677041,0.686630089,9.465612539,3.802455139,0.401712528,9.496464795,3.805216932,0.400698261,2.230304335,1.209432852,0.542272565,2.231338198,1.210613911,0.542550615,habitat_background_2024
Chromodoris lochi,medium.yes,yes,2cm,animals_on_background,27_ChromodorisLochi_11_MG_D_RAW,0.291140371,0.535643975,1.839813465,3.38961784,18.42366159,1.102451316,1.900909259,1.724256873,3.545654652,22.04442547,0.145428242,0.346186065,2.380459675,5.235322643,41.02583122,0.149680383,0.361424116,2.414639165,5.12201089,38.49286808,0.54308392,1.220623203,2.247577508,5.24158971,43.68154775,0.562048833,1.29486408,2.303828429,5.428216632,47.8710032,2.383215621,0.238321562,2.310086368,0.051335253,1.113605405,0.483632683,1.204696169,0.379067264,0.144828407,0.431349973,0.034262585,2.383689356,2.382741194,0.238368936,0.238274119,2.31709002,2.303279217,0.051490889,0.051183983,1.113713132,1.11349732,0.360303409,0.355126574,1.202583519,1.205958165,0.522275386,0.523740976,0.144929912,0.144729051,0.441289397,0.439433775,0.033659125,0.03486594,794.7193634,28.70962567,27.68128615,0.509117954,0.034393869,0.017667962,0.513695093,0.086781734,0.06107954,0.703829444,2.459917372,1.728275473,0.702574604,17.92212548,10.25426677,0.572156845,4.874283179,2.668396521,0.547443885,0.03444774,0.017580107,0.510341383,0.034457799,0.017599379,0.510751681,0.08736136,0.060887624,0.696962871,0.0873915,0.060871614,0.696539305,2.476614488,1.723080667,0.695740365,2.47744766,1.722612193,0.69531729,17.92313163,10.25461802,0.572144323,17.92111826,10.25391502,0.572169374,4.874264024,2.668535681,0.547474586,4.874302354,2.668257204,0.54741315,0.278363663,0.056287886,0.202209889,0.692797169,0.246883924,0.356358159,0.693110072,0.240171703,0.346513076,11.48171946,2.533508504,0.220655845,2.589828413,1.214996635,0.469141751,0.278350833,0.05605927,0.201397889,0.278376048,0.056667244,0.203563648,0.692830266,0.248126292,0.358134314,0.692765223,0.246389358,0.355660692,0.693218085,0.24122493,0.347978414,0.693005815,0.23984115,0.346088222,11.48028085,2.517883234,0.219322442,11.48310803,2.555656237,0.222557885,2.581366285,1.216760511,0.471362983,2.597996226,1.216709366,0.468326072,habitat_background_2024
Chromodoris lochi,medium.yes,yes,2cm,animals_on_background,27_ChromodorisLochi_13_MG_D_RAW,0.293708436,0.511320811,1.74091292,2.21506293,10.26962678,1.106640009,2.028843953,1.833336891,2.782318204,15.77612588,0.147371116,0.328257013,2.227417572,3.893081031,25.26652293,0.151079199,0.335855433,2.223042181,3.854783211,24.95945325,0.542686534,1.277977354,2.354908909,4.584544794,36.14949165,0.566577321,1.350269002,2.383203407,4.683272838,37.31901136,3.848739558,0.384873956,3.750370632,0.08334157,1.45401597,0.631471112,1.499510268,0.509268584,0.234107763,0.570369848,0.046406489,3.848610198,3.848868193,0.38486102,0.384886819,3.72984234,3.769175535,0.082885385,0.083759456,1.453939353,1.454092507,0.49379164,0.493843655,1.4957467,1.502738381,0.649594538,0.652630986,0.233873203,0.234323138,0.571693089,0.573237321,0.045492166,0.047320728,422.4138842,20.98180685,20.13238837,0.51032999,0.050040963,0.03775129,0.754407757,0.105299658,0.048392788,0.45957213,2.834240518,1.35810332,0.479177159,18.43645795,14.0631499,0.762790225,5.806460292,3.4178617,0.588630857,0.050044859,0.037683452,0.752993468,0.050034118,0.037686359,0.753213227,0.104890504,0.048439645,0.461811539,0.104869637,0.048485553,0.462341194,2.825650788,1.361381371,0.481793921,2.825019968,1.362601335,0.482333347,18.43483624,14.06237794,0.762815452,18.43808262,14.06392301,0.762764942,5.806230967,3.417741512,0.588633406,5.806690036,3.417982086,0.5886283,0.248827449,0.063923808,0.256900147,0.252759822,0.270833851,1.071506733,0.251809338,0.28597031,1.135662052,10.21994534,2.844034691,0.278282769,2.457547236,0.520110506,0.211638051,0.248052675,0.063439533,0.255750248,0.249572215,0.064376616,0.25794785,0.254316512,0.271312312,1.066829323,0.251263422,0.270364203,1.076018949,0.253264122,0.286380317,1.130757546,0.250410899,0.285568253,1.140398659,10.18576538,2.818795309,0.276738684,10.2528015,2.867681845,0.279697392,2.456666059,0.51913749,0.211317891,2.458394284,0.521042642,0.211944294,habitat_background_2024
Chromodoris lochi,medium.yes,yes,2cm,animals_on_background,27_ChromodorisLochi_14_MG_D_RAW,0.320052743,0.594340896,1.857009221,1.54622203,6.884093162,1.274754119,2.499481769,1.960755986,2.033040473,10.54171677,0.162386092,0.372931838,2.296574994,3.177520333,19.8053849,0.163273974,0.372970675,2.284324105,3.126084592,19.10091814,0.636974338,1.568236915,2.462009568,3.918572076,29.20427654,0.640677668,1.56229735,2.43850758,3.788446201,27.37418088,3.26628099,0.46661157,3.804592061,0.181171051,1.433936933,0.736897813,1.629114102,0.601581943,0.32389131,0.669239878,0.051082461,3.265505359,3.267056403,0.466500766,0.466722343,3.817554233,3.790937075,0.181788297,0.180520813,1.433789812,1.434083718,0.529454665,0.529563196,1.633480537,1.624263191,0.83944294,0.834706161,0.324144531,0.323621578,0.684448803,0.682134679,0.050885526,0.051279332,345.0804274,18.6519537,18.50103388,0.502031059,0.051352253,0.023285983,0.453455921,0.112668,0.038192984,0.338986974,3.13600598,1.116907929,0.356156186,17.61658871,10.45196439,0.593302402,2.921956934,1.08101567,0.369962903,0.051473485,0.023149093,0.449728493,0.051469494,0.023164044,0.450053854,0.112926012,0.03796738,0.336214659,0.112904697,0.037999302,0.336560863,3.144118886,1.11069319,0.353260557,3.143563341,1.111560828,0.353598992,17.61563254,10.4511431,0.593287983,17.61754497,10.4527856,0.593316811,2.921957459,1.080972917,0.369948205,2.921956409,1.081058425,0.369977602,0.240261143,0.061360743,0.255391872,0.21450066,0.26884986,1.253375442,0.235947819,0.26252503,1.112640206,9.851801148,2.759181329,0.280068719,2.189081862,0.570444986,0.260586411,0.240621243,0.062051694,0.257881198,0.239903922,0.060665281,0.252873235,0.21730636,0.27089852,1.246620303,0.211717403,0.266770809,1.260032499,0.238456313,0.26470797,1.110090004,0.233459391,0.26031588,1.11503709,9.868610706,2.795245573,0.283246108,9.835126049,2.722823807,0.276846864,2.189768382,0.570807149,0.260670103,2.188400833,0.570084618,0.260502833,habitat_background_2024
Dendrodoris krusensterni,no.no,no,2cm,animals_on_background,36_Dendrodorisgunnamatta_1_NF_D_RAW,0.154097242,0.283549225,1.840066842,3.600423912,22.46977302,0.53835274,0.972334718,1.806129412,4.876066287,50.56116993,0.077899792,0.187976706,2.413057865,5.53198684,50.81190242,0.078428639,0.188178112,2.399354548,5.415103727,46.35547571,0.268645958,0.648005543,2.412117226,7.310412214,109.6195302,0.271056277,0.648063146,2.390880423,7.035478844,97.00223076,2.085783622,0.417156724,1.897293189,0.189729319,0.904373681,0.561918962,0.730810281,0.407872984,0.303443022,0.484895973,0.016508038,2.086323568,2.085243469,0.417264714,0.417048694,1.895821244,1.898678161,0.189582124,0.189867816,0.904535183,0.904211978,0.562019309,0.504650314,0.733049423,0.728504611,0.455469216,0.452645365,0.303423419,0.303458255,0.508744262,0.478647839,0.016287507,0.016728569,3549.998754,60.39675082,58.77797573,0.506791604,0.039388333,0.014749414,0.374461496,0.073054773,0.040053746,0.548270074,2.026176472,1.172029328,0.578443854,15.81170157,12.01333956,0.759775252,3.263817399,1.54743455,0.474117992,0.039492457,0.014682612,0.371782686,0.039498548,0.014677978,0.371608044,0.073314131,0.04001964,0.545865302,0.073332303,0.040014274,0.545656858,2.034641773,1.170753545,0.575410159,2.03519652,1.170599114,0.575177435,15.81241332,12.01388763,0.759775714,15.81098951,12.01279116,0.759774785,3.263852827,1.547601989,0.474164146,3.263781954,1.547267017,0.474071809,0.251397202,0.058369065,0.232178658,0.53883884,0.333489563,0.618904093,0.58455687,0.298743076,0.511059045,10.3158529,2.611032991,0.253108785,1.856927584,0.576496652,0.310457261,0.251680076,0.059762248,0.237453233,0.251121785,0.058186066,0.231704575,0.537626256,0.339915221,0.632251899,0.540019456,0.333914296,0.618337528,0.58344531,0.304562884,0.522007596,0.585639127,0.299062772,0.510660505,10.32832743,2.675231079,0.25901881,10.30370724,2.601046046,0.252437883,1.860817002,0.595369375,0.319950524,1.853140702,0.569723663,0.307436808,habitat_background_2024
Dendrodoris krusensterni,no.no,no,2cm,animals_on_background,35_DendrodorisKrusensterni_1_NP_D_RAW,0.190477903,0.348608923,1.830180391,2.558540242,13.95054252,0.724314168,1.395554703,1.926725673,3.136787285,23.01871202,0.096695526,0.222819788,2.304344342,4.381313264,33.60510161,0.097553753,0.225528477,2.31183803,4.378122282,33.48171588,0.360043787,0.890950227,2.474560757,5.134154404,49.81481022,0.365906849,0.909983656,2.48692709,5.395041194,58.94408517,2.01029262,0.28718466,4.389423026,0.209020144,1.056333958,0.54284827,1.754051864,0.664650913,0.248102402,0.603749592,0.023740724,2.010370246,2.010214798,0.287195749,0.287173543,4.3708145,4.406771877,0.208134024,0.20984628,1.056470593,1.05619701,0.400321198,0.400217532,1.745702675,1.76178198,0.897113711,0.905376839,0.247664887,0.248509911,0.648717455,0.652797185,0.023449102,0.024032297,1691.25393,41.6455557,40.61067026,0.506290621,0.070102933,0.022266512,0.31762597,0.116333128,0.036178453,0.310990113,3.39548708,0.966718077,0.284706746,15.23537958,11.03274016,0.724152628,3.195441301,1.291027607,0.404021694,0.070359588,0.022078666,0.313797538,0.070348333,0.022075826,0.313807377,0.116071592,0.035942526,0.309658249,0.116056942,0.035917393,0.309480782,3.388802062,0.959531559,0.283147715,3.388294747,0.958899825,0.283003663,15.2351995,11.03297937,0.724176888,15.23555975,11.03250084,0.724128356,3.195451562,1.29092393,0.403987951,3.195431036,1.29113132,0.404055448,0.223046722,0.106258077,0.476393806,0.115718455,0.132642134,1.146248745,0.113508017,0.118353438,1.042687921,9.182795973,4.544763096,0.494921493,2.459175389,0.819572854,0.333271412,0.222740543,0.106144994,0.476540969,0.223345421,0.106367367,0.476246014,0.115160236,0.13266855,1.152034368,0.116263037,0.132613921,1.140636985,0.113163219,0.118148983,1.044058164,0.113844391,0.118551518,1.041347026,9.169042102,4.534722625,0.494568852,9.19621384,4.554493847,0.495257497,2.451592603,0.816478424,0.33304001,2.466572928,0.822507926,0.333461831,habitat_background_2024
Dendrodoris krusensterni,no.no,no,2cm,animals_on_background,35_DendrodorisKrusensterni_4_GS_D_RAW,0.085538412,0.132937707,1.554128774,2.869289632,22.37714709,0.416256479,0.707790605,1.700371381,2.79463771,18.52086361,0.04641954,0.095249686,2.051930867,4.634352958,47.30312072,0.041582904,0.080989736,1.947669047,4.278371018,40.80340784,0.222393373,0.504787879,2.269797309,4.524317076,40.3805044,0.194999658,0.428531071,2.197599083,4.302380307,35.75873578,1.064881781,0.354960594,1.031384617,0.343794872,0.140598928,0.12797866,0.09005951,0.081975698,0.349377733,0.104977179,0.00198619,1.064605965,1.065157434,0.354868655,0.355052478,1.030808804,1.032109477,0.343602935,0.344036492,0.140145862,0.14105106,0.127566261,0.128390208,0.088763937,0.091665172,0.080796417,0.083437236,0.349235795,0.349544485,0.104181339,0.105913722,0.002213897,0.001758569,255832.793,450.6922075,567.6441456,0.44257696,0.100673452,0.009795625,0.097300971,0.176623241,0.007986816,0.045219508,4.490776431,0.061771019,0.013755087,17.33255761,7.240302541,0.417728457,2.799347539,1.129367523,0.403439554,0.10072796,0.009616199,0.095467029,0.100716233,0.00965502,0.095863595,0.176667866,0.007830335,0.044322349,0.176658307,0.007863551,0.044512773,4.491079031,0.059685566,0.013289805,4.491015589,0.060077923,0.013377358,17.33330155,7.240349198,0.41771322,17.3318143,7.240255809,0.417743676,2.799404173,1.12940573,0.403445041,2.799290952,1.129329342,0.40343407,0.284211662,0.027869196,0.09805789,0.117668914,0.049339342,0.419306516,0.030880132,0.059028214,1.911527258,11.70068336,1.347300595,0.115147172,1.906364323,0.231853154,0.12162059,0.284120751,0.027270765,0.09598301,0.284326068,0.028603887,0.100602408,0.117559072,0.048707666,0.41432503,0.117807142,0.050122447,0.425461871,0.03076705,0.058457966,1.900018553,0.03102244,0.059737649,1.92562706,11.69628575,1.318367602,0.112716774,11.70621752,1.382821393,0.118127088,1.905762629,0.228022355,0.119648875,1.907121522,0.236582614,0.124052197,habitat_background_2024
Dendrodoris krusensterni,no.no,no,2cm,animals_on_background,35_DendrodorisKrusensterni_3_CI_D_RAW,0.255333267,0.543534767,2.128726798,3.236686996,17.54721025,1.138256075,2.054346894,1.804819618,2.952145946,17.59787035,0.128289359,0.35093542,2.73549904,5.19496037,40.80964785,0.129697873,0.355251577,2.739070188,5.096708982,38.54395988,0.568100861,1.330896561,2.342711746,4.872057109,41.71894586,0.57287263,1.35107746,2.358425571,4.758026778,38.68901069,3.081505361,0.342389485,3.060803936,0.085022332,1.301301173,0.592247687,1.406361599,0.448529483,0.213705908,0.520388585,0.040274541,3.081320179,3.081690554,0.342368909,0.342410062,3.052208866,3.069262086,0.08478358,0.08525728,1.30125304,1.301349047,0.415007316,0.421006527,1.403330467,1.408897981,0.63868322,0.641217104,0.213576244,0.213833671,0.526845268,0.531111815,0.040078319,0.040470725,567.8629685,23.9511462,23.70921891,0.502538034,0.028898391,0.016778938,0.580618425,0.078650821,0.080035846,1.017609792,2.264283778,2.301223273,1.016313987,20.8271356,10.92002974,0.524317407,4.568965781,2.762436235,0.60460865,0.02877196,0.016632388,0.578076306,0.028773636,0.016637335,0.578214573,0.078165661,0.079813741,1.021084455,0.078161426,0.07979787,1.020936715,2.25050881,2.295485561,1.019985147,2.250421349,2.295150224,1.019875778,20.82711861,10.91978969,0.524306309,20.82715259,10.92026984,0.524328508,4.569001329,2.762471618,0.604611691,4.568930225,2.762400843,0.604605609,0.284750034,0.051510164,0.180896076,0.638974323,0.323778239,0.50671557,0.639514704,0.326265376,0.510176505,11.75234305,2.32227458,0.197600986,2.544750808,1.541786795,0.605869459,0.284839301,0.051598677,0.181150132,0.284661648,0.05147542,0.180830191,0.638496426,0.323807763,0.507141073,0.639447498,0.324083247,0.506817602,0.639106035,0.326208456,0.510413669,0.639919335,0.32665883,0.510468761,11.75658378,2.330006727,0.198187396,11.74814424,2.316980212,0.197220954,2.542864302,1.535813942,0.603970075,2.54661867,1.549276861,0.608366254,habitat_background_2024
Dendrodoris krusensterni,no.no,no,2cm,animals_on_background,35_DendrodorisKrusensterni_5_NP_D_RAW,0.168873068,0.394062733,2.333484774,5.84966947,58.58188811,0.641321273,1.495597281,2.332056249,6.717898798,69.40809122,0.092374123,0.272122975,2.945878846,8.632404087,120.7151651,0.078865122,0.239944068,3.042461143,9.897978606,173.8504595,0.353593702,1.107564698,3.132308889,10.40787726,156.2679375,0.288701204,0.858733706,2.974472205,9.761336457,148.7514812,7.977375726,0.346842423,9.928033145,0.039241238,2.378953252,0.758717155,2.775087129,0.667267407,0.19304183,0.712992281,0.026516354,7.968929778,7.985742072,0.346475208,0.347206177,10.36280089,9.317945364,0.040959687,0.036829824,2.378409342,2.379480968,0.576285897,0.578826071,2.801026491,2.699706008,0.893328547,0.861014508,0.193717448,0.192018,0.734807222,0.719920289,0.029317033,0.023716245,1362.973873,33.10986327,41.16519182,0.445773662,0.095833009,0.138883815,1.449227321,0.10053972,0.101935932,1.013887161,2.741555475,2.879330623,1.050254372,30.70488673,18.84445172,0.613728098,6.485543381,4.257715545,0.656493264,0.096306675,0.139720424,1.450786506,0.096449842,0.139737988,1.448815109,0.100778182,0.102330927,1.015407552,0.100553977,0.1021795,1.01616568,2.747456762,2.890503334,1.052065086,2.740725704,2.88634602,1.053132028,30.70828822,18.84272759,0.613603971,30.70150543,18.84616482,0.613851489,6.487000277,4.258108385,0.656406382,6.484095137,4.257324485,0.656579584,0.237267411,0.117848807,0.496691923,0.427993446,0.332790031,0.77755871,0.439109237,0.330602006,0.752892397,9.887558163,5.488675129,0.555109263,2.579091388,2.023508283,0.784581846,0.241818364,0.125009768,0.516957296,0.231642856,0.108165871,0.466951035,0.432672956,0.33135359,0.765829215,0.422210005,0.334699453,0.792732167,0.442996194,0.329034693,0.742748352,0.434305318,0.332697977,0.76604629,10.12411046,5.929113301,0.585642889,9.595201472,4.877922118,0.508370995,2.528618431,2.033971154,0.804380419,2.64147128,2.010158909,0.760999722,habitat_background_2024
Dendrodoris krusensterni,no.no,no,2cm,animals_on_background,35_DendrodorisKrusensterni_6_NF_N_RAW,0.150267426,0.289081495,1.923780173,2.476188632,15.65440606,0.807041137,1.680230491,2.081963871,3.15036995,23.61707066,0.076932167,0.182651294,2.37418627,4.26512266,36.51490541,0.076703612,0.184526998,2.405714581,4.585651522,42.77193417,0.405742033,1.065961332,2.627189801,5.308507094,55.61366942,0.40318812,1.076203751,2.669234776,5.544781604,60.03335554,1.131237209,0.125693023,3.590169297,0.099726925,0.307042798,0.139741199,1.476842158,0.594325005,0.112709974,0.367033102,0.007747559,1.131375847,1.131098563,0.125708427,0.125677618,3.607715383,3.572851528,0.100214316,0.099245876,0.307239446,0.306845716,0.123642249,0.1234838,1.476878186,1.476379099,0.672156229,0.671929085,0.112961372,0.112461747,0.397899239,0.397706442,0.007575998,0.007919095,16410.76944,130.9958166,125.2770498,0.511157574,0.092481813,0.027640688,0.29887701,0.147044765,0.010445919,0.071039043,3.913727386,0.228579498,0.058404553,27.99759256,13.97704179,0.499222987,3.056206184,1.138769922,0.372608997,0.09238088,0.026604024,0.287981931,0.092381188,0.026581216,0.287734073,0.147095572,0.010148847,0.068994921,0.147098566,0.010146994,0.068980914,3.915065324,0.221889055,0.056675697,3.915135983,0.222060278,0.056718408,27.99775254,13.97778233,0.499246585,27.99743255,13.97630105,0.499199383,3.056240331,1.138782631,0.372608993,3.05617203,1.138757209,0.372609002,0.383201912,0.104792281,0.273464922,0.109096522,0.127757843,1.171053303,0.062593879,0.131916206,2.107493702,16.34371161,4.82310345,0.295104537,2.266023756,1.124122279,0.496077005,0.382691074,0.104907592,0.274131276,0.383690546,0.104679319,0.272822252,0.10899993,0.127863361,1.173059109,0.109188916,0.127656755,1.169136575,0.062508223,0.131963191,2.111133295,0.062675812,0.131871192,2.104020468,16.31879463,4.816994195,0.29518076,16.3675455,4.828808668,0.295023384,2.254927961,1.123942525,0.498438329,2.276637239,1.124182402,0.493790747,habitat_background_2024
Dendrodoris krusensterni,no.no,no,2cm,animals_on_background,35_DendrodorisKrusensterni_8_NP_N_RAW,0.206316518,0.383429083,1.858450733,2.309386057,12.42068815,0.825481506,1.602784209,1.941635514,2.705259725,16.81902069,0.104471423,0.243861839,2.334244445,4.155807645,31.6523411,0.105243385,0.245072479,2.328625965,4.127696289,31.61152884,0.41028529,1.016543532,2.477650449,4.739398721,41.68658626,0.417018148,1.029866498,2.469596353,4.72611939,42.32440028,2.001259492,0.500314873,1.588577717,0.264762953,0.814587732,0.58760084,0.617321982,0.445303681,0.382538913,0.516452261,0.021060997,2.001104626,2.001414365,0.500276157,0.500353591,1.605245574,1.57200762,0.267540929,0.26200127,0.814502352,0.814672974,0.587539252,0.58766233,0.622398535,0.61194908,0.44896564,0.441427952,0.383908543,0.381177431,0.518252446,0.514545141,0.020917495,0.021204491,2160.596822,46.806871,46.15982174,0.503480006,0.073929088,0.027868552,0.376963292,0.125817728,0.009842578,0.078228862,3.560158477,0.327132407,0.091887035,20.11142363,9.665738032,0.48060934,3.017879958,1.17010891,0.387725465,0.074171404,0.027722408,0.373761399,0.074163525,0.027708312,0.373611047,0.125906009,0.009755606,0.077483246,0.125901883,0.009762493,0.077540483,3.56233079,0.322876703,0.090636362,3.562163286,0.323284852,0.090755203,20.11110605,9.665153754,0.480587877,20.11174128,9.666322398,0.480630805,3.017848132,1.170083448,0.387721117,3.017911791,1.170134375,0.387729813,0.304926307,0.045229836,0.148330383,0.059228743,0.034742665,0.586584535,0.056549176,0.095604415,1.690642037,12.6239852,2.07726968,0.164549439,2.793653067,0.516736853,0.184968155,0.304266377,0.045020609,0.147964458,0.305577266,0.045422752,0.148645717,0.059702371,0.0350818,0.587611506,0.058761554,0.034396347,0.585354614,0.057984131,0.096627659,1.666450067,0.055133728,0.094555794,1.715026305,12.59443316,2.063668749,0.163855628,12.65313552,2.090053289,0.165180661,2.787324518,0.520651191,0.186792456,2.799895587,0.512744433,0.183129841,habitat_background_2024
Discodoris sp,no.no,no,2cm,animals_on_background,42_DiscodorisSp_1_NF_N_RAW,0.132671378,0.292182109,2.202299503,2.036259916,13.63593866,0.621974428,1.429235477,2.297900705,2.555387226,20.4495476,0.067316294,0.177389571,2.63516543,3.935124263,36.84830507,0.067809772,0.180830615,2.666733863,4.179199226,41.94108786,0.310126596,0.867268077,2.796496942,4.758880915,53.78172803,0.313290183,0.89236454,2.848364191,5.08355746,60.93934726,1.185910193,0.296477548,1.545993261,0.257665544,0.326069397,0.235209351,0.626899459,0.452212371,0.277071546,0.343710861,0.005766768,1.186018404,1.185801972,0.296504601,0.296450493,1.564473218,1.528654947,0.260745536,0.254775825,0.32615453,0.325984182,0.235270761,0.235147882,0.64426282,0.609478153,0.464737388,0.439645554,0.278625069,0.275613159,0.350004075,0.337396718,0.005620605,0.005912905,29743.53756,176.9167953,168.1216162,0.512745217,0.081579427,0.016297346,0.199772745,0.090551101,0.00844337,0.093244256,2.582620422,0.209121767,0.080972707,20.12588249,6.096439885,0.302915407,2.596032755,0.811266726,0.3125025,0.081714235,0.015985599,0.195628084,0.081718844,0.015983659,0.195593306,0.09053606,0.008264247,0.091281271,0.090532546,0.008266489,0.091309584,2.583313176,0.203793229,0.078888317,2.583253876,0.204014721,0.078975869,20.12577164,6.096668658,0.302928443,20.12599334,6.096211075,0.30290237,2.596057487,0.811278635,0.31250411,2.59600802,0.811254814,0.312500889,0.345881087,0.053791341,0.155519751,0.164326378,0.170862627,1.039776022,0.118725332,0.214333043,1.805284847,14.46844001,2.442629308,0.168824649,2.905874536,0.59268019,0.203959318,0.346169903,0.055310455,0.159778346,0.345606599,0.05230474,0.151341843,0.165709362,0.171960773,1.037725155,0.163011999,0.169798456,1.041631641,0.12085315,0.215914837,1.786588407,0.116703068,0.212792529,1.823367049,14.48451271,2.52516229,0.174335329,14.45316463,2.361383462,0.163381759,2.90063865,0.59698184,0.205810483,2.910850687,0.588505228,0.202176371,habitat_background_2024
Discodoris sp,no.no,no,2cm,animals_on_background,127_TayuvaLilacina_8_NP_N_RAW,0.143787721,0.246789251,1.71634441,2.767320411,17.60589506,0.612893352,1.130096719,1.843871719,3.233870595,23.10037539,0.072303906,0.157559497,2.179128409,4.52298336,39.56721689,0.074504365,0.164444462,2.207178905,4.454514112,37.60649398,0.300975677,0.720350754,2.393385275,5.264960664,53.48729869,0.313511348,0.757830399,2.417234348,5.205124475,51.2452252,1.042968606,0.260742151,2.272338171,0.378723029,0.122772753,0.088561821,0.902912719,0.821866575,0.31973259,0.455214198,0.001774056,1.043026312,1.042910905,0.260756578,0.260727726,2.283834201,2.260513895,0.380639033,0.376752316,0.122890252,0.122655132,0.111859528,0.111645512,0.905732311,0.900017781,0.653347756,0.649225594,0.320697806,0.318740021,0.382603642,0.380435553,0.001723031,0.001825074,316872.1509,579.3725,546.9230089,0.514405407,0.090986473,0.018062341,0.198516774,0.106273967,0.014440286,0.135877922,3.102745381,0.27771878,0.089507435,16.73310095,5.693912891,0.340278404,2.997360524,0.624106515,0.208218701,0.090931599,0.017724473,0.194920939,0.090933354,0.017737307,0.195058314,0.106214311,0.01415429,0.133261606,0.106213808,0.014159181,0.133308285,3.101635457,0.272376374,0.087817017,3.10163318,0.27253839,0.087869317,16.73319238,5.694130748,0.340289565,16.73300952,5.693695032,0.340267244,2.997390196,0.624224969,0.208256159,2.997330853,0.623988041,0.208181236,0.320101342,0.074618128,0.233107826,0.174219918,0.185066654,1.062258873,0.128523905,0.127912423,0.99524227,13.32592425,3.286924423,0.246656394,2.54333398,0.585103966,0.230053926,0.319320217,0.074614886,0.233667904,0.320838688,0.074609935,0.232546565,0.171811611,0.185326748,1.078662538,0.176493247,0.184777608,1.046938686,0.126858729,0.128127338,1.010000176,0.130095753,0.127679337,0.981425865,13.29104909,3.286782369,0.247292922,13.35884476,3.28654923,0.246020467,2.546525737,0.587694415,0.230782829,2.540321111,0.582624074,0.229350562,habitat_background_2024
Discodoris sp,no.no,no,2cm,animals_on_background,84_JorunnaPantheris_1_NF_N_RAW,0.185835572,0.342446851,1.842741123,2.521638392,13.40689473,0.622141622,1.139261928,1.831193875,2.880756993,21.08900048,0.09429835,0.217210788,2.303442088,4.439049826,34.51562755,0.094264679,0.213838178,2.268486786,4.295243553,32.74390577,0.309981053,0.711714561,2.295993751,4.854659451,49.41275538,0.313342354,0.714859845,2.281401913,4.830898636,49.39965139,3.080354874,0.440050696,2.916303208,0.138871581,1.280307901,0.657948108,1.251955734,0.503824051,0.289461139,0.580886079,0.035870017,3.080329319,3.080378647,0.440047046,0.440054092,2.938400521,2.892252311,0.139923834,0.137726301,1.280243595,1.280371785,0.515207924,0.533956508,1.25759559,1.24565781,0.646276289,0.640141484,0.28998544,0.288890196,0.580742106,0.587048996,0.03585975,0.03588028,722.4505004,26.8864184,26.87046262,0.500148407,0.044994348,0.018496599,0.411087173,0.11479155,0.038135431,0.332214621,3.349470365,1.086001833,0.324230912,18.99452705,12.02279058,0.632960776,2.721817645,0.924351978,0.339608342,0.045043652,0.018392127,0.408317843,0.045035111,0.018402076,0.4086162,0.114963006,0.038083772,0.331269799,0.114956319,0.038082145,0.331274918,3.354247207,1.084857004,0.323427862,3.354017738,1.084739174,0.323414859,18.99382407,12.02155615,0.632919211,18.99522977,12.02402439,0.633002313,2.721689299,0.924322913,0.339613678,2.721945945,0.924381011,0.339603001,0.167450961,0.039419765,0.235410803,0.224272893,0.269471173,1.201532515,0.206139898,0.285313959,1.384079268,6.777141286,1.716396452,0.253262604,1.719363325,0.409926801,0.238417788,0.167548531,0.039585986,0.236265792,0.167353484,0.039415949,0.23552512,0.227280665,0.270276027,1.189172984,0.221267988,0.269744956,1.219087128,0.209157532,0.286210755,1.368398029,0.203125141,0.285562775,1.405846533,6.781282188,1.723632954,0.254175082,6.773004333,1.716231905,0.253393003,1.723083478,0.414382076,0.240488683,1.715646718,0.407075318,0.237272227,habitat_background_2024
Discodoris sp,no.no,no,2cm,animals_on_background,84_JorunnaPantheris_2_NF_N_RAW,0.172733594,0.355924993,2.060542977,2.74325668,18.81676924,0.637444768,1.358345162,2.130922129,3.269562589,27.29970771,0.087312806,0.225446053,2.582050251,5.054210718,51.13577263,0.087836518,0.222451888,2.532567241,4.665343774,44.53903189,0.317334698,0.85748655,2.702151875,5.903340466,73.38135806,0.321543176,0.857171491,2.66580526,5.440516515,62.79701751,2.57921427,0.515842854,2.629968564,0.262996856,1.117986032,0.694643778,1.228731096,0.559219621,0.389419855,0.6269317,0.0239209,2.57880647,2.579621997,0.515761294,0.515924399,2.677121568,2.583669686,0.267712157,0.258366969,1.117838868,1.118132981,0.537566864,0.50888425,1.237154176,1.21969622,0.768687109,0.757839871,0.391736725,0.387145684,0.653126986,0.63336206,0.023616374,0.024225289,1665.282304,41.34350355,40.27917718,0.506519795,0.07068647,0.027031313,0.382411411,0.095916933,0.028875937,0.301051499,2.720989876,0.581749638,0.213800736,15.62744355,7.432385103,0.475598269,3.190934837,1.437022106,0.450345175,0.070759829,0.02682765,0.379136724,0.070747405,0.026826383,0.379185399,0.095740732,0.028548117,0.298181517,0.095753341,0.028563181,0.298299571,2.718426923,0.575818065,0.211820321,2.718620523,0.576021228,0.211879967,15.6274143,7.431912715,0.475568931,15.62747281,7.432857541,0.47562761,3.190803109,1.436881939,0.450319838,3.191066587,1.437162269,0.450370504,0.230047973,0.054773736,0.238097018,0.212070219,0.142654605,0.672676278,0.168337451,0.129423782,0.768835345,9.398597946,2.354836468,0.250551889,2.376494646,0.451716886,0.190076964,0.229707899,0.055746206,0.242683016,0.230379348,0.054244802,0.235458613,0.215102231,0.145166187,0.67487067,0.209115757,0.141233459,0.675384111,0.170705725,0.132057599,0.773597951,0.166029751,0.127799901,0.769740969,9.384639054,2.394977526,0.25520188,9.412199807,2.333747738,0.247949235,2.384740358,0.460070403,0.192922639,2.368459838,0.446880115,0.188679625,habitat_background_2024
Discodoris sp,no.no,no,2cm,animals_on_background,84_JorunnaPantheris_3_NL_N_RAW,0.227456688,0.379120484,1.666780992,3.091352413,18.02514992,0.644799227,1.13224702,1.755968327,3.580515266,24.05119189,0.117620687,0.25351253,2.155339649,4.844782732,39.52728068,0.113339566,0.242009913,2.135264159,4.861083372,39.98773045,0.331066656,0.758138748,2.289988236,5.462122444,50.59104451,0.315212162,0.717631025,2.27666033,5.578017388,54.28667626,3.217227835,0.459603976,2.727272583,0.129870123,1.26819492,0.651723267,1.286281863,0.474984497,0.29473705,0.563353882,0.02396136,3.21732986,3.217125544,0.459618551,0.459589363,2.720502087,2.734316883,0.129547718,0.130205566,1.26820319,1.268186418,0.468308597,0.468302404,1.281600717,1.290689633,0.658612484,0.663283263,0.294583135,0.294897465,0.56346054,0.565792833,0.024680774,0.023241982,1660.740711,39.51736822,42.02558992,0.484620243,0.053315923,0.030394707,0.570086856,0.124037503,0.030179642,0.243310623,3.47864303,0.888287783,0.255354681,20.5963039,10.82413897,0.525537933,4.152885262,1.884057638,0.453674378,0.053139054,0.030217054,0.568641175,0.053138844,0.030189933,0.568133047,0.123881675,0.029777893,0.240373668,0.123886008,0.029787777,0.240445044,3.473667082,0.883465765,0.254332308,3.473946793,0.883510405,0.25432468,20.59748221,10.82477197,0.5255386,20.59512738,10.82350675,0.525537257,4.153011125,1.884128857,0.453677778,4.15275959,1.883986515,0.45367098,0.23809141,0.030346393,0.127456899,0.116847343,0.094605687,0.80965202,0.14020853,0.043616182,0.311080802,9.720423102,1.322555544,0.136059463,2.859258821,0.664727594,0.232482484,0.238267488,0.030276116,0.127067761,0.237904442,0.030419643,0.127864964,0.116428632,0.094052961,0.807816428,0.117291952,0.095186926,0.811538427,0.139818785,0.042731677,0.305621859,0.14062238,0.044532168,0.316679091,9.727933995,1.321514807,0.135847427,9.712447654,1.323609766,0.136279732,2.860381772,0.666867205,0.23313923,2.858066414,0.662445849,0.231781125,habitat_background_2024
Discodoris sp,no.no,no,2cm,animals_on_background,127_TayuvaLilacina_1_NP_D_RAW,0.027914634,0.176442275,6.320780443,13.29004354,250.8366877,1.720592619,4.119405062,2.394178039,3.531086711,23.00424677,0.013353449,0.104795175,7.847798119,19.81581302,567.185148,0.014746867,0.117914493,7.995901488,19.56655867,542.5969509,0.816603836,2.480781585,3.037925459,6.331097129,64.55504961,0.906219192,2.735690671,3.018795779,5.914754342,55.33463558,2.699602657,0.299955851,6.582565468,0.182849041,1.369664656,0.623361249,2.23828183,0.713852961,0.241402446,0.668607105,0.048463125,2.705296711,2.693896463,0.300588523,0.299321829,6.484464092,6.670933248,0.180124003,0.185303701,1.371540112,1.367771812,0.443714421,0.436222081,2.22146075,2.252035802,1.011030357,1.024945663,0.240356263,0.242312765,0.727372389,0.730583872,0.046414068,0.050512185,386.1921496,20.54519184,18.79720339,0.522215074,0.011291242,0.007699704,0.681918235,0.006183399,0.02327654,3.764359676,0.177181076,0.66901957,3.775908714,30.0812854,18.82646626,0.625853118,1.725145521,2.394118272,1.387777577,0.011481996,0.007674918,0.66843063,0.011500304,0.007671862,0.667100858,0.006289267,0.023349256,3.712555955,0.006299327,0.023356431,3.707766271,0.180211425,0.671214679,3.724595589,0.180498814,0.671431966,3.719869131,30.08101773,18.8263425,0.625854573,30.08155422,18.82659055,0.625851657,1.725101986,2.394195508,1.387857371,1.725189243,2.394040699,1.387697442,0.349015326,0.143900057,0.412302974,0.765609247,0.22683653,0.29628238,0.765281302,0.227576938,0.297376843,15.11123984,7.683661791,0.508473287,0.218101994,0.802200278,3.678096945,0.346716695,0.140960136,0.406557106,0.351127469,0.146644919,0.417640121,0.765458974,0.226422576,0.295799754,0.765747329,0.227430222,0.297004265,0.765112545,0.227199552,0.296949192,0.765436369,0.228137923,0.298049494,14.97429395,7.480302341,0.499542908,15.23707532,7.870442829,0.516532383,0.217889339,0.803814497,3.689095115,0.218297396,0.801479706,3.671503737,habitat_background_2024
Discodoris sp,no.no,no,2cm,animals_on_background,127_TayuvaLilacina_2_NP_D_RAW,0.25917149,0.54144525,2.089138934,2.762762182,16.78167216,0.984104956,1.96528278,1.99702559,2.50716741,13.96419661,0.127086536,0.332667742,2.617647412,5.014673817,46.68467804,0.13513612,0.352313599,2.607101639,4.592528625,37.93762552,0.474116203,1.196171888,2.522950871,4.621835297,38.37522513,0.511967114,1.284104582,2.508177862,4.306780157,33.29001392,2.436210634,0.348030091,3.99479656,0.190228408,1.233608194,0.633949206,1.604958204,0.625727053,0.269129249,0.62983813,0.029907431,2.436981901,2.435437425,0.348140272,0.347919632,4.060479618,3.929929403,0.193356172,0.187139495,1.233832194,1.233383287,0.496530602,0.480860678,1.612575682,1.596863304,0.82869997,0.820625405,0.270748222,0.267529564,0.662615286,0.650743041,0.028902737,0.03091222,1053.311159,33.59879975,31.34966625,0.517314755,0.03765727,0.014862434,0.394676346,0.109633383,0.057198638,0.521726473,3.061486044,1.531531527,0.500257556,14.40523551,9.605335982,0.66679479,4.95994768,2.685698099,0.541477103,0.037740191,0.014739938,0.390563428,0.037732075,0.014731547,0.39042504,0.110187876,0.056568103,0.513378652,0.110176465,0.056555325,0.51331584,3.077066436,1.513133024,0.491745322,3.076667859,1.512711988,0.491672178,14.40568913,9.605495312,0.666784853,14.40478092,9.605176279,0.666804746,4.960027873,2.685796065,0.541488099,4.959867314,2.685599915,0.541466081,0.271000744,0.097194246,0.35864937,0.493384203,0.339834467,0.688782625,0.484510455,0.349511456,0.721370308,11.2400571,4.316094052,0.383992182,2.569931314,1.745069399,0.679033478,0.269682929,0.098003696,0.36340341,0.272233008,0.096736451,0.355344313,0.496528653,0.339549511,0.68384676,0.490443885,0.341171195,0.695637576,0.48742447,0.349649448,0.717340776,0.481785612,0.350492901,0.727487273,11.18359302,4.348001231,0.388783929,11.29285562,4.299613995,0.380737533,2.56792985,1.780242604,0.693259827,2.571802846,1.717525101,0.667829225,habitat_background_2024
Discodoris sp,no.no,no,2cm,animals_on_background,123_SebadorisFragilis_2_NF_N_RAW,0.096527746,0.178640076,1.850660379,2.993987227,22.19020936,0.54894182,1.170415683,2.132130657,4.148214849,37.60390949,0.049289653,0.114737817,2.327827639,5.032990495,52.65420042,0.049887245,0.115195557,2.309118449,4.978668828,50.63520233,0.276661751,0.76201196,2.754309035,6.827336156,91.95518957,0.273481943,0.751802888,2.749003751,6.684878753,85.95621115,1.030721708,0.257680427,1.599574334,0.266595722,0.088400035,0.063767146,0.596266488,0.430115352,0.262138075,0.246941249,0.001960256,1.030693626,1.030749775,0.257673406,0.257687444,1.605747493,1.593229864,0.267624582,0.265538311,0.088325139,0.088474842,0.06371312,0.063821108,0.603399454,0.588181564,0.4352607,0.424283313,0.262648994,0.261612877,0.24948691,0.24405221,0.001990255,0.001930271,259279.7244,501.4480874,517.0619469,0.492334951,0.129277676,0.0177594,0.137374066,0.133861305,0.003710924,0.027722156,3.379267311,0.085068341,0.025173605,20.80883134,9.60667643,0.461663429,1.879306763,0.923199031,0.491244458,0.129191731,0.017128149,0.132579299,0.129193239,0.017168837,0.132892691,0.133880972,0.003618702,0.027029245,0.133880065,0.003625124,0.027077403,3.379832481,0.082470659,0.024400813,3.379813489,0.082595889,0.024438002,20.80872901,9.606539081,0.461659099,20.80893362,9.606813699,0.461667757,1.879298197,0.923193823,0.491243925,1.879315323,0.923204237,0.49124499,0.352263292,0.028070103,0.079685006,0.082507886,0.058704753,0.711504756,0.093401276,0.018218414,0.195055299,14.7383009,1.516428485,0.102890319,1.502117445,0.93457328,0.622170579,0.352814244,0.031955286,0.09057255,0.351695497,0.02338257,0.06648527,0.082856837,0.059310284,0.715816414,0.082148267,0.05807118,0.706906935,0.093727165,0.020530789,0.219048439,0.093065426,0.01546843,0.166210272,14.76902905,1.739047456,0.117749613,14.70663335,1.245003697,0.084655928,1.503593441,0.934630628,0.621597968,1.500596327,0.934510923,0.622759703,habitat_background_2024
Discodoris sp,no.no,no,2cm,animals_on_background,127_TayuvaLilacina_7_NP_N_RAW,0.233911628,0.442136733,1.890187059,2.165339195,12.00610081,0.838090642,1.655148062,1.974903404,2.77509476,19.63462987,0.122203087,0.288693526,2.36240779,4.001651298,31.31746446,0.114795,0.259670407,2.262035855,3.878354065,31.17165239,0.431976763,1.065426869,2.46639857,4.716600234,44.73169793,0.407463781,0.985967546,2.419767329,5.141847988,58.94009267,3.158107329,0.175450407,3.845602502,0.025134657,1.550079819,0.536290813,1.847803471,0.504373517,0.100292532,0.520332165,0.036898334,3.159480593,3.156734728,0.1755267,0.175374152,3.737534469,3.965816537,0.02442833,0.02592037,1.551313064,1.548842079,0.423443963,0.428933062,1.815237321,1.879286891,0.628029012,0.650188643,0.099977515,0.100647261,0.525736488,0.539560853,0.03829265,0.035503796,682.265238,25.11467182,27.16600252,0.480381559,0.072577024,0.036854607,0.507799923,0.071195487,0.053635749,0.753358838,1.909844001,1.48985799,0.780094075,26.69307358,20.50516248,0.768182893,5.198198343,5.427952908,1.044198884,0.072428517,0.036807744,0.508194087,0.072507166,0.036814876,0.507741202,0.07115624,0.053760666,0.755529877,0.071139856,0.053708276,0.754967459,1.909361578,1.494453132,0.782697813,1.908925896,1.492837828,0.782030267,26.69317956,20.50332908,0.768111159,26.69296789,20.50699071,0.768254426,5.198470984,5.42801778,1.044156598,5.197926447,5.427888198,1.044241055,0.20519404,0.089216959,0.434793133,0.276765223,0.209056166,0.755355617,0.27318378,0.190309694,0.69663614,8.411492399,3.858309115,0.458694953,1.90735897,0.943798615,0.494819606,0.204143323,0.088476147,0.433402111,0.206327471,0.090059216,0.436486792,0.272444665,0.206581553,0.758251418,0.281425905,0.211742315,0.752390988,0.268983345,0.187350379,0.696512936,0.277714883,0.193483909,0.696699821,8.365600258,3.821321077,0.456789825,8.460997268,3.899968417,0.460934839,1.904178167,0.938534912,0.492881879,1.910790173,0.9501077,0.49723288,habitat_background_2024
Discodoris sp,no.no,no,2cm,animals_on_background,84_JorunnaPantheris_5_NL_N_RAW,0.126448765,0.242496283,1.917743385,2.471472137,16.67083754,0.509757092,1.007320029,1.976078499,2.712033736,20.68513076,0.06476297,0.151624053,2.341215258,4.537142748,43.90892007,0.064220088,0.148416882,2.311066308,4.412467457,41.59651036,0.260497938,0.634262118,2.43480667,4.79465883,50.17356298,0.250134967,0.607289523,2.427847378,5.122597658,61.24942767,2.851934846,0.570386969,2.641974674,0.264197467,1.200950776,0.746192672,1.090557076,0.560435474,0.417292218,0.653314073,0.018281505,2.851478907,2.852389961,0.570295781,0.570477992,2.658684787,2.622036955,0.265868479,0.262203696,1.200820159,1.201080928,0.670190491,0.617233498,1.089750347,1.090232594,0.67709996,0.677399597,0.41808213,0.416340844,0.673645226,0.647316548,0.018702088,0.01786101,2885.211926,52.46996543,54.9878755,0.488284196,0.195181432,0.100229753,0.513520943,0.24958562,0.055610646,0.222811899,6.195111061,1.223456069,0.19748735,16.70394447,9.204716956,0.5510505,2.148765848,1.081134495,0.503142069,0.195619467,0.100539631,0.513955139,0.195563219,0.100527104,0.514038909,0.249875892,0.055672026,0.222798709,0.249838427,0.055686633,0.222890583,6.201578188,1.22593866,0.197681723,6.200817292,1.226109617,0.19773355,16.70292527,9.203650202,0.551020259,16.70496259,9.205782307,0.55108069,2.14874293,1.08112118,0.503141239,2.14878874,1.081147796,0.503142899,0.225713087,0.028139603,0.124669791,0.113456832,0.049354797,0.435009481,0.0905866,0.034490259,0.380743496,9.196188035,1.261241517,0.137148296,1.382510858,0.439037188,0.317565092,0.225768548,0.028457837,0.12604872,0.225655025,0.028222763,0.125070396,0.114355036,0.050193517,0.438927039,0.112516529,0.04919081,0.437187414,0.091059853,0.034830739,0.382503795,0.090091165,0.034635073,0.38444472,9.198459963,1.275057296,0.138616388,9.193809623,1.265429142,0.137639259,1.388302673,0.444003181,0.319817277,1.376447585,0.440240648,0.319838295,habitat_background_2024
Discodoris sp,no.no,no,2cm,animals_on_background,123_SebadorisFragilis_1_NL_D_RAW,0.219865556,0.43175121,1.963705537,1.660525671,8.157289169,0.961022542,1.945318201,2.024217036,2.05808161,11.89321829,0.109609625,0.265904902,2.425926583,3.344927363,22.90076161,0.113623113,0.275960194,2.428732906,3.264606187,21.63917001,0.473852987,1.202160235,2.536989885,4.008817805,33.60257666,0.489560146,1.242249848,2.537481569,3.898163636,31.26569677,1.611903662,0.230271952,2.450038999,0.116668524,0.772991234,0.397238914,1.192654718,0.542800554,0.173470238,0.470019734,0.019176174,1.612540599,1.611266539,0.230362943,0.230180934,2.438936202,2.460671679,0.116139819,0.117174842,0.773369288,0.772612667,0.351975531,0.351631178,1.189096612,1.195850331,0.611074778,0.614545503,0.173251381,0.173677888,0.481525154,0.483088341,0.018822218,0.019530115,2617.015807,52.1287004,50.2029743,0.509409238,0.057316675,0.022128857,0.386080619,0.117681801,0.045574162,0.387266013,3.462526071,1.28299408,0.370537016,19.75112375,10.65316992,0.539370319,3.413360438,1.498568354,0.439030211,0.057459995,0.021813069,0.379621837,0.057469469,0.021797144,0.379282148,0.118000917,0.045183333,0.382906626,0.1180257,0.045165877,0.382678319,3.473211853,1.274132116,0.366845494,3.473974509,1.27362789,0.366619814,19.75288146,10.65463598,0.539396544,19.74936485,10.65170232,0.539344045,3.413557366,1.498821357,0.439079001,3.413163376,1.498315105,0.438981361,0.32827565,0.052985276,0.161404832,0.384827473,0.241617904,0.62786033,0.371122015,0.256571397,0.691339739,13.68682588,2.540523352,0.185618154,2.615435456,0.532722032,0.203683876,0.327845934,0.052282526,0.159472853,0.328689773,0.053650154,0.163224286,0.3829406,0.240281504,0.627464166,0.386645881,0.242883252,0.62818011,0.369152969,0.255190554,0.691286743,0.373019613,0.257879136,0.691328624,13.66581025,2.50112209,0.183020402,13.70707895,2.577742783,0.188059235,2.616718951,0.534480566,0.204256008,2.614198533,0.531018494,0.203128602,habitat_background_2024
Discodoris sp,no.no,no,2cm,animals_on_background,127_TayuvaLilacina_3_NP_D_RAW,0.197177615,0.359500332,1.823230962,2.520879303,13.48796931,0.672441262,1.243835886,1.849731651,2.615812028,14.87209757,0.097543754,0.224034455,2.296758594,4.346292241,32.84781808,0.102532157,0.23570623,2.298851765,4.328173697,32.91593764,0.328234671,0.775377924,2.362266978,4.495758468,35.80582403,0.345608351,0.817821196,2.366323595,4.539683765,37.40837005,1.22690216,0.30672554,1.265616152,0.210936025,0.369051157,0.266214137,0.424567051,0.386457584,0.258830783,0.326335861,0.007798168,1.227268428,1.226535848,0.306817107,0.306633962,1.254682835,1.275884661,0.209113806,0.212647444,0.369443369,0.368658465,0.336281846,0.335567396,0.416180847,0.431839863,0.300211022,0.311506614,0.257965456,0.259640703,0.318246434,0.323537005,0.007563295,0.008033029,16203.53144,131.2175042,123.4860512,0.515177356,0.051996615,0.010827173,0.208228418,0.136256602,0.041369324,0.303613356,4.159093572,1.15008504,0.276523002,14.30034145,4.244519369,0.296812449,3.988235695,1.517646652,0.380530833,0.052052993,0.010675218,0.20508365,0.052056909,0.010659653,0.204769228,0.136461204,0.040875847,0.299541893,0.136470182,0.040795899,0.298936354,4.165967513,1.135940428,0.272671456,4.166367488,1.134026259,0.272185846,14.30141819,4.246907074,0.296957058,14.29926427,4.242128956,0.296667638,3.988520673,1.5180362,0.380601312,3.987950598,1.51725677,0.380460272,0.331417645,0.019333121,0.058334616,0.49290112,0.065536999,0.132961758,0.48959049,0.101691329,0.207706912,13.78071816,0.856255085,0.062134286,3.596117788,0.629451569,0.175036416,0.331818122,0.018723957,0.056428375,0.331040607,0.019878531,0.060048617,0.492919831,0.066800771,0.13552056,0.492883503,0.064324497,0.130506492,0.48994919,0.102687561,0.209588185,0.489252785,0.100742649,0.205911244,13.79847885,0.829440281,0.060110994,13.76399697,0.880263573,0.063954066,3.582975167,0.610432675,0.170370334,3.608491205,0.646480297,0.179155292,habitat_background_2024
Discodoris sp,no.no,no,2cm,animals_on_background,127_TayuvaLilacina_6_NF_N_RAW,0.172595673,0.327712356,1.89872869,1.961837438,9.840706098,0.602264199,1.182463551,1.963363507,2.601743835,19.51106058,0.088954016,0.208318306,2.34186509,3.630507822,25.40569728,0.086024106,0.202593121,2.35507384,3.757370283,26.99004233,0.307929654,0.758181292,2.462189925,4.650654611,48.42176074,0.295648957,0.725769967,2.454836892,4.640667274,49.03290533,1.594321041,0.318864208,1.94224777,0.194224777,0.685962828,0.426212669,0.834852795,0.465940217,0.256544493,0.446076443,0.018733817,1.593564581,1.595077155,0.318712916,0.319015431,1.951720733,1.932363779,0.195172073,0.193236378,0.685550424,0.686374494,0.382612977,0.383072899,0.83759588,0.831820105,0.520427582,0.51683889,0.256942495,0.256125904,0.451520279,0.449955895,0.019122964,0.018344698,2744.781705,51.29314862,53.51166343,0.489415969,0.047266844,0.011128322,0.235436104,0.099185228,0.025718295,0.259295619,2.730072869,0.628040776,0.230045426,16.17211553,7.94959582,0.491561899,2.894162863,0.905141342,0.312747204,0.047430363,0.010988761,0.231682,0.047419643,0.010996836,0.231904648,0.098998004,0.025306048,0.255621795,0.099000751,0.025331482,0.255871616,2.728921311,0.619512718,0.227017436,2.728790398,0.620172639,0.227270163,16.17118654,7.947463724,0.491458292,16.17304372,7.951725365,0.49166536,2.893963194,0.904841069,0.312665023,2.89436236,0.905441201,0.312829248,0.211597793,0.057007459,0.269414242,0.294641813,0.167946453,0.570002102,0.250287829,0.218814655,0.87425208,8.623394867,2.45572046,0.28477421,2.348831667,0.10933032,0.046546682,0.211662132,0.057485711,0.271591855,0.211530729,0.056504551,0.267122188,0.295496595,0.168213549,0.56925715,0.293750833,0.167662026,0.570762727,0.251538972,0.219269253,0.87171086,0.248983701,0.21833064,0.876887276,8.626682403,2.477626518,0.287205023,8.619968105,2.432671058,0.282213464,2.348701391,0.107363707,0.045711944,2.34896746,0.111343055,0.04740085,habitat_background_2024
Doriprismatica atromarginata,high.yes,yes,2cm,animals_on_background,47_DoriprismaticaAtromarginata_36_NF_D_RAW,0.188994541,0.309699505,1.638669049,3.354389156,19.0775084,0.822849191,1.428727845,1.736317979,3.774925111,25.13158922,0.096762236,0.202072381,2.088339295,4.993729658,39.09178772,0.095589224,0.203404695,2.12790404,5.330711661,45.21658901,0.416638132,0.947166711,2.27335579,5.735036882,54.2050222,0.407998447,0.931029443,2.281943597,5.788226038,54.87563747,3.289989096,0.548331516,3.681283554,0.245418904,1.338874063,0.747239842,1.393254006,0.605082527,0.39687521,0.676161184,0.030661302,3.289975261,3.290002911,0.54832921,0.548333819,3.668912905,3.693322357,0.244594194,0.24622149,1.338881658,1.338866465,0.581468916,0.581462318,1.391323376,1.395024423,0.776512361,0.778577955,0.396461702,0.397277655,0.678990638,0.680020136,0.030957101,0.030365547,999.5617961,31.30276591,31.9320599,0.49502415,0.08155599,0.046583925,0.571189495,0.107641888,0.030889974,0.286969831,2.824588622,0.646130367,0.228752025,23.87888045,14.79304416,0.619503255,2.929398619,1.285957,0.438983275,0.081616016,0.046286433,0.56712439,0.081612283,0.046277322,0.56703869,0.10753807,0.030753531,0.285978085,0.107538576,0.030753314,0.285974715,2.823509488,0.643347433,0.227853824,2.82352108,0.643323054,0.227844254,23.87890468,14.79297309,0.61949965,23.87885624,14.79311518,0.619506857,2.929392952,1.285958536,0.438984649,2.929404282,1.285955464,0.438981902,0.269354917,0.039371358,0.146169073,0.242575984,0.136898056,0.564351236,0.186911748,0.151992239,0.813176486,11.06747469,1.77309394,0.160207635,2.12473149,0.673537702,0.316998974,0.269633117,0.039369019,0.146009584,0.269071338,0.039371495,0.146323629,0.241581043,0.135832354,0.562264126,0.243590159,0.137967684,0.566392685,0.185917872,0.150725073,0.81070782,0.187924837,0.153265749,0.815569412,11.07963589,1.77691951,0.160377067,11.0550784,1.76909031,0.160025126,2.125211583,0.672975991,0.316663054,2.124242117,0.674109398,0.317341132,habitat_background_2024
Doriprismatica atromarginata,high.yes,yes,2cm,animals_on_background,47_DoriprismaticaAtromarginata_38_NF_D_RAW,0.188962737,0.314246567,1.663008129,3.07313476,16.66958197,0.695854336,1.217415271,1.749526028,3.543190733,23.46926374,0.096955825,0.21051386,2.171234795,4.823408705,36.88760688,0.094908116,0.204356107,2.153199495,4.789806118,36.57150971,0.352683069,0.818981949,2.322147051,5.589485623,53.62163934,0.344838314,0.784791748,2.275825267,5.269706004,46.72077515,1.392204091,0.348051023,1.090597092,0.181766182,0.479739646,0.346059004,0.222021316,0.160154526,0.264908602,0.253106765,0.010484213,1.392233526,1.392174654,0.348058381,0.348043664,1.08675695,1.094485301,0.181126158,0.182414217,0.47975503,0.479724247,0.346070102,0.346047896,0.214106733,0.229742307,0.154445361,0.165724044,0.26459227,0.26522894,0.250257731,0.25588597,0.010531036,0.01043738,8908.053793,93.95741623,94.80948019,0.497743079,0.056074644,0.012552265,0.223849211,0.11438908,0.011067446,0.096752644,3.236352955,0.297593386,0.091953316,12.27368647,8.353843746,0.680630368,3.081691314,1.187341447,0.385288897,0.056158383,0.012412789,0.221031809,0.056159665,0.012415432,0.22107382,0.114327049,0.01096263,0.095888334,0.11432592,0.010956318,0.095834064,3.235366484,0.294534656,0.091035948,3.235333702,0.294304344,0.090965684,12.27371187,8.353887353,0.680632513,12.27366107,8.353800135,0.680628224,3.081709578,1.187359288,0.385292403,3.081673048,1.187323603,0.38528539,0.292887422,0.037964781,0.129622436,0.069685163,0.048960435,0.702594826,0.038926887,0.060193147,1.546312886,12.082488,1.641693201,0.13587377,2.495560059,0.420047308,0.168317852,0.293317251,0.037113916,0.126531651,0.292453656,0.038798094,0.132664076,0.069046098,0.046721741,0.676674596,0.070330081,0.051109542,0.726709552,0.038145083,0.057337254,1.503136149,0.039715852,0.062930845,1.584527155,12.10089138,1.609133434,0.132976438,12.06391605,1.67363575,0.138730719,2.4898249,0.396493322,0.159245464,2.501347751,0.44244748,0.176883634,habitat_background_2024
Doriprismatica atromarginata,high.yes,yes,2cm,animals_on_background,47_DoriprismaticaAtromarginata_49_MG_D_RAW,0.277505129,0.501058447,1.805582649,2.326581939,12.53265783,0.813721954,1.604824209,1.972202178,3.178490752,22.4777115,0.135583889,0.304142589,2.243205964,4.196030138,32.8425418,0.14663383,0.333623814,2.275217219,4.067624578,30.18421431,0.39270662,0.972567119,2.476574291,5.267869578,52.93871871,0.422575608,1.055168947,2.496994448,5.157433313,50.04021202,3.584404428,0.298700369,3.785754184,0.057359912,1.492843122,0.600764267,1.729052907,0.513484111,0.17803014,0.557124189,0.036303484,3.584687353,3.584120045,0.298723946,0.29867667,3.822378803,3.751550972,0.05791483,0.056841681,1.492829465,1.492856264,0.448000553,0.448008596,1.736845741,1.719989836,0.698958144,0.692174829,0.178319388,0.177759176,0.573479349,0.570091713,0.034984312,0.037622524,705.5999744,27.58424093,25.57982205,0.518851257,0.048887809,0.026265218,0.537254974,0.107538119,0.037810134,0.351597505,2.723094663,0.946694424,0.347653879,18.20561035,11.17321568,0.613723762,4.455192844,2.597644044,0.583059844,0.048698882,0.025986531,0.533616583,0.04869114,0.025982065,0.533609698,0.107534512,0.037784769,0.351373417,0.107543869,0.037795039,0.351438343,2.721896031,0.946711727,0.347813332,2.72199643,0.947003775,0.347907795,18.20492153,11.17313669,0.613742645,18.206301,11.17329484,0.613704829,4.455011761,2.597537445,0.583059616,4.455374406,2.597750905,0.583060068,0.219706742,0.056038594,0.255060876,0.269881146,0.137290975,0.508709026,0.250393998,0.169636376,0.677477806,8.972069323,2.482486393,0.276690505,2.294982025,0.618218292,0.269378272,0.219246762,0.055515258,0.253209021,0.220134423,0.056585783,0.257051044,0.269694572,0.137214826,0.508778597,0.270054619,0.137530496,0.509269187,0.250182925,0.169275623,0.676607418,0.250590249,0.170179371,0.6791141,8.952074821,2.462351564,0.275059315,8.990659877,2.503948074,0.278505483,2.293099403,0.616711978,0.26894254,2.296732455,0.620369885,0.270109774,habitat_background_2024
Doriprismatica atromarginata,high.yes,yes,2cm,animals_on_background,47_DoriprismaticaAtromarginata_35_NF_N_RAW,0.236128624,0.423942401,1.795387592,2.047771643,9.613285154,1.041719364,1.968252684,1.889426992,2.594097011,14.52124087,0.121614892,0.27687406,2.27664603,3.688513818,23.67281922,0.118572101,0.268765101,2.266680762,3.743144316,24.69993959,0.532141532,1.289120706,2.422514744,4.435705052,34.50433366,0.512158995,1.242993945,2.426968885,4.603924329,37.83519641,2.00217118,0.286024454,1.949193688,0.092818747,0.886145831,0.455388873,0.777515795,0.324249271,0.189421601,0.389819072,0.028242128,2.001591649,2.002749149,0.285941664,0.286107021,1.9356237,1.963193323,0.092172557,0.093485396,0.885989156,0.886301838,0.369486177,0.369616575,0.771386763,0.783466061,0.396414379,0.40262191,0.189057111,0.189796209,0.382950278,0.386119243,0.029133691,0.027350907,1185.081942,33.32452136,35.56185935,0.483760665,0.038665006,0.015165267,0.39222202,0.079884466,0.032443461,0.40612979,2.421260956,0.980413816,0.404918691,14.51505114,10.02764334,0.690844506,4.450052168,2.085655965,0.468681239,0.038609712,0.015064229,0.390166835,0.038621575,0.015066233,0.390098879,0.079930433,0.032171786,0.40249733,0.079946128,0.032169414,0.402388648,2.423324951,0.972432025,0.401280078,2.423750009,0.972301546,0.401155871,14.51587372,10.02809669,0.690836589,14.51423039,10.02719089,0.6908524,4.450294204,2.085769872,0.468681345,4.449810669,2.085542271,0.468681125,0.298525067,0.037251132,0.124783932,0.383045627,0.351946327,0.918810454,0.379872855,0.381871785,1.005262101,12.33402864,1.650135097,0.133787195,2.162642804,0.372145207,0.172078906,0.298259291,0.037159721,0.124588645,0.298808057,0.037345931,0.12498301,0.37876832,0.350889195,0.92639531,0.387599989,0.353005789,0.910747675,0.375271418,0.380684333,1.014423998,0.384772342,0.383065277,0.995563441,12.32224081,1.645482601,0.133537611,12.34657999,1.654973053,0.134043035,2.157986694,0.35725927,0.165552119,2.167600506,0.387299362,0.178676541,habitat_background_2024
Doriprismatica atromarginata,high.yes,yes,2cm,animals_on_background,47_DoriprismaticaAtromarginata_39_NF_D_RAW,0.21719008,0.410840359,1.891616589,2.312098797,14.48161039,0.833103375,1.620706064,1.945384105,2.615649361,18.5868701,0.109869438,0.253876415,2.310710049,4.05232572,33.44106591,0.11160743,0.259481801,2.324950956,4.442060242,43.24028872,0.415671659,0.997372257,2.399423287,4.461268615,42.53937319,0.418945898,1.026769203,2.450839612,4.954320808,52.5847507,3.554572505,0.592428751,4.054437346,0.270295823,1.443096964,0.805407751,1.573700479,0.596311593,0.431362287,0.700859672,0.036883298,3.554476188,3.55466862,0.592412698,0.59244477,4.029536923,4.07913906,0.268635795,0.271942604,1.443151646,1.443042205,0.546843613,0.546802144,1.56523978,1.581838393,0.873576954,0.882840816,0.430524246,0.432193687,0.710210284,0.71482148,0.036817879,0.036948686,681.8676376,26.16071741,26.06456188,0.500920584,0.075505412,0.039992736,0.529667149,0.146228599,0.033566682,0.229549363,4.103884547,0.797599216,0.194352255,16.96553645,9.469546039,0.558163667,2.838213762,1.230783178,0.433647104,0.075311096,0.040029254,0.531518675,0.075315775,0.040016787,0.531320122,0.146214267,0.033495613,0.229085808,0.146223627,0.033490509,0.229036238,4.102791617,0.795604548,0.193917854,4.103079272,0.795328423,0.193836962,16.96630474,9.470031893,0.558167028,16.96476842,9.469060245,0.558160301,2.838310662,1.230754268,0.433622114,2.838116893,1.230812069,0.433672084,0.213294505,0.065060104,0.305024756,0.117865059,0.112501669,0.954495501,0.091917183,0.134227389,1.460307905,8.708183566,2.811125437,0.322814214,1.779917979,0.756030147,0.42475561,0.212807184,0.064440617,0.302812225,0.213779874,0.06566743,0.307173119,0.117780816,0.112391865,0.954245934,0.117948965,0.112610859,0.95474224,0.091686658,0.134023163,1.461752091,0.092146786,0.134430066,1.458868746,8.68663758,2.781600562,0.320216026,8.729643248,2.840052017,0.325334259,1.777792423,0.752399331,0.423221137,1.78203502,0.759622803,0.426267046,habitat_background_2024
Doriprismatica atromarginata,high.yes,yes,2cm,animals_on_background,47_DoriprismaticaAtromarginata_37_NF_D_RAW,0.199668654,0.36904498,1.848287015,2.612000096,12.56172054,0.730255727,1.387994794,1.900696898,3.650004172,27.76752085,0.101704347,0.24152966,2.37482139,4.316206456,28.81100211,0.100684997,0.239171418,2.375442469,4.404922899,30.57255877,0.367612442,0.90379344,2.458549652,5.555046067,55.16198594,0.36422116,0.904470042,2.483299001,6.070759043,69.29196966,1.937666263,0.276809466,1.458482581,0.069451551,0.82109971,0.42196178,0.692297786,0.278601124,0.173130509,0.350281452,0.02018951,1.937639808,1.937692673,0.276805687,0.276813239,1.450650932,1.466512446,0.069078616,0.069833926,0.821146273,0.821053095,0.342444594,0.330416072,0.683810982,0.70045874,0.35140933,0.359964585,0.172942151,0.173323582,0.346926962,0.345190329,0.020403986,0.019975063,2355.488313,48.01003145,49.06241969,0.494579367,0.03698666,0.017028886,0.460406157,0.07460868,0.038907553,0.521488289,2.207044723,1.241629447,0.562575572,23.94895564,16.78015897,0.700663496,3.449850351,1.184144962,0.343245313,0.036943965,0.016794633,0.45459747,0.03693792,0.016771294,0.454040031,0.074714917,0.038803862,0.519358964,0.074708619,0.038811631,0.519506745,2.211085649,1.238888024,0.560307569,2.210887045,1.239120824,0.560463198,23.94844621,16.77989578,0.70066741,23.94946477,16.78042199,0.700659583,3.449816587,1.184100589,0.34323581,3.449884097,1.184189307,0.343254809,0.283677347,0.056583977,0.19946597,0.505802739,0.18597434,0.36768156,0.563661602,0.23122576,0.410220883,11.71105451,2.554367509,0.218115927,2.451329775,0.482656828,0.196895919,0.282956874,0.056427822,0.199421985,0.284413193,0.056969094,0.20030398,0.506924498,0.185789647,0.366503587,0.504657046,0.186936102,0.370422058,0.565059837,0.230956447,0.408729185,0.562233534,0.232461429,0.413460626,11.67833937,2.537875502,0.217314759,11.74446766,2.581186101,0.219778893,2.449354478,0.487513454,0.199037525,2.453347217,0.479731862,0.195541772,habitat_background_2024
Doriprismatica atromarginata,high.yes,yes,2cm,animals_on_background,47_DoriprismaticaAtromarginata_20_MG_D_RAW,0.307383703,0.562608601,1.830313691,1.553453045,7.323336987,1.133672297,2.213786318,1.952756827,2.049105377,11.17113912,0.157604296,0.357296618,2.267048717,3.253643729,21.39892906,0.154643085,0.346089944,2.237991719,3.148788078,20.35964417,0.572287833,1.403911967,2.453157111,3.920939926,29.60369222,0.563809971,1.373323174,2.435790859,3.971990398,31.85292041,2.476828333,0.309603542,2.494024273,0.089072295,1.088590068,0.523501164,1.135781355,0.457072041,0.199337919,0.490286603,0.042424692,2.476283455,2.477372725,0.309535432,0.309671591,2.520600092,2.467010207,0.090021432,0.088107507,1.088380352,1.08879923,0.453889861,0.438165043,1.146637535,1.124116378,0.551416095,0.540585708,0.199778432,0.198889549,0.502652978,0.489375376,0.042922087,0.041927289,509.5281121,22.2980284,22.85081456,0.49387818,0.061023297,0.027568924,0.451777035,0.114214408,0.024402854,0.213658283,3.362352701,0.587332822,0.174679123,20.86804723,10.4803678,0.502220821,2.879160968,1.459601326,0.506953707,0.060656393,0.027458363,0.452687045,0.060666551,0.027470313,0.45280822,0.114045373,0.024275766,0.212860597,0.114048062,0.024295482,0.213028449,3.358419354,0.583973332,0.173883387,3.358370591,0.584521613,0.17404917,20.86771135,10.47986991,0.502205044,20.86838276,10.48086516,0.502236578,2.879129901,1.459567441,0.506947408,2.879192003,1.459635175,0.506959999,0.241400009,0.056985742,0.236063546,0.126919536,0.173454843,1.366652043,0.099271441,0.188745847,1.901310638,9.890154551,2.52231739,0.255033162,2.149673347,0.775505269,0.360754935,0.242143768,0.058050548,0.239735875,0.24063859,0.056118055,0.233204722,0.127990251,0.175516535,1.371327372,0.125823396,0.172069976,1.367551521,0.100260371,0.191048594,1.905524502,0.098259029,0.187179751,1.904962355,9.92292212,2.568322137,0.258827199,9.856608919,2.48509817,0.252125066,2.156202937,0.7834425,0.363343583,2.142988712,0.770608555,0.359595247,habitat_background_2024
Doriprismatica atromarginata,high.yes,yes,2cm,animals_on_background,47_DoriprismaticaAtromarginata_18_MG_D_RAW,0.337221826,0.533469026,1.581952843,2.557132569,12.25135412,1.087346331,1.986851914,1.827248465,3.674633228,23.99300134,0.173194145,0.359302634,2.074565707,4.206477168,29.04231747,0.170454954,0.352112547,2.065721988,4.110659633,26.40550474,0.548210457,1.319257102,2.406479274,5.647409497,51.94938156,0.541655798,1.306310455,2.411698462,5.721601353,53.60376791,3.120546414,0.346727379,3.885819608,0.107939434,1.311700058,0.596980423,1.605829787,0.505287158,0.227333406,0.551133791,0.054899604,3.120164393,3.120928108,0.346684933,0.34676979,3.888496465,3.883083133,0.108013791,0.10786342,1.311612581,1.311787379,0.418311274,0.424383488,1.606714426,1.604645672,0.731247248,0.730305718,0.227349362,0.227316605,0.574779261,0.577344603,0.055235633,0.054563633,296.3692848,17.10425516,17.32722542,0.496762116,0.049233842,0.02490861,0.505924571,0.135373095,0.035108617,0.259347079,3.981402527,1.008158138,0.253216833,18.37706907,13.1089357,0.713331144,4.17559698,2.783084181,0.666511686,0.049226257,0.024820771,0.50421813,0.049229733,0.024821228,0.504191796,0.135155217,0.035176034,0.260263974,0.135155567,0.035171392,0.260228952,3.978229218,1.012427856,0.254492087,3.978162518,1.012286951,0.254460934,18.37704572,13.10892735,0.713331596,18.37709241,13.10894404,0.713330692,4.17561606,2.783096926,0.666511692,4.175577918,2.783071448,0.666511679,0.190530482,0.087323552,0.458318016,0.139823369,0.130708001,0.93480798,0.144910221,0.124180489,0.85694776,7.795296386,3.799304291,0.4873842,2.034454625,0.639539533,0.314354287,0.190653813,0.087803079,0.460536709,0.190405654,0.087092504,0.457405031,0.14003654,0.130841608,0.934339055,0.139607611,0.130956695,0.938034068,0.145112242,0.124283859,0.856467085,0.144705747,0.12444064,0.859956445,7.801782501,3.826618375,0.490480012,7.788731545,3.782640842,0.485655568,2.034919601,0.639912589,0.314465785,2.033984006,0.641042103,0.315165754,habitat_background_2024
Doriprismatica atromarginata,high.yes,yes,2cm,animals_on_background,47_DoriprismaticaAtromarginata_22_MG_D_RAW,0.324618511,0.562090755,1.731542519,3.546721254,21.85757768,1.142161193,1.888994486,1.653877314,3.291740586,19.49091989,0.163268096,0.366729854,2.246181982,5.09621987,40.62853839,0.166716276,0.381738057,2.289746785,5.541491525,50.01860766,0.569700902,1.262471099,2.216024399,5.092692563,43.00939674,0.575420745,1.269437953,2.206103907,4.986013458,40.55171689,6.28751218,0.571592016,9.092102398,0.165310953,1.988256617,0.829167412,2.445983519,0.667651798,0.368451485,0.748409605,0.063870187,6.289442044,6.285577531,0.571767459,0.571416139,9.037798682,9.143918319,0.164323612,0.16625306,1.988400186,1.988112343,0.546626279,0.542672005,2.435021695,2.455856732,1.015482921,1.024171806,0.368045535,0.3688346,0.7810546,0.783421905,0.063655255,0.064085069,214.8231296,14.70962217,14.60425884,0.501797158,0.04873294,0.02793973,0.573323296,0.141648771,0.09569244,0.675561385,3.998680357,2.583333285,0.646046459,18.83181454,12.52208799,0.664943251,4.534028071,2.643718342,0.583083806,0.048880361,0.028087535,0.574617994,0.04891292,0.028105258,0.574597835,0.141945763,0.09655745,0.680241864,0.141982212,0.096480123,0.679522607,4.003345664,2.602742428,0.650141818,4.004391307,2.600798469,0.649486593,18.83366463,12.52333785,0.664944295,18.82996404,12.52083742,0.664942185,4.534588334,2.644104593,0.583096943,4.533467683,2.643331817,0.583070621,0.187808236,0.072935816,0.388352594,0.295430486,0.270415314,0.91532637,0.310213957,0.255569325,0.82384857,7.654549779,3.126351366,0.40843047,2.129852253,1.274397378,0.598350133,0.18772875,0.072602523,0.386741632,0.187887171,0.073289942,0.390074222,0.292272137,0.269677066,0.92269167,0.298566912,0.271201306,0.908343473,0.30727529,0.254844737,0.829369445,0.313132227,0.256339765,0.818631054,7.650721335,3.112337728,0.406803175,7.658351651,3.141261631,0.41017464,2.111849214,1.240162097,0.587239889,2.147730333,1.307660941,0.608857137,habitat_background_2024
Doriprismatica atromarginata,high.yes,yes,2cm,animals_on_background,47_DoriprismaticaAtromarginata_19_MG_D_RAW,0.259200294,0.475761817,1.835498758,1.918105647,9.491372109,0.679632398,1.332703829,1.960918629,2.611458507,16.96549219,0.132000124,0.300885559,2.279433902,3.687890879,25.75551636,0.130988876,0.29585605,2.258634925,3.597986147,24.65949684,0.343519666,0.851157498,2.47775479,4.866623567,47.52920613,0.337564488,0.818763778,2.425503294,4.47120845,39.12880212,2.608671012,0.434778502,2.34842612,0.156561741,1.050185291,0.586119571,1.03266259,0.448479665,0.295670122,0.517299618,0.03055393,2.608484414,2.608857546,0.434747402,0.434809591,2.360830199,2.33591707,0.15738868,0.155727805,1.050002443,1.050367869,0.456010267,0.45616897,1.043596492,1.021269291,0.582442292,0.569981244,0.296068041,0.295268698,0.519226279,0.513075107,0.030717226,0.030390638,1006.75891,31.55502295,31.90487015,0.497243557,0.042280068,0.014014376,0.331465314,0.116596617,0.034400595,0.295039391,3.035536841,0.869839404,0.286552083,18.95242256,11.24993436,0.593588198,3.663664071,1.379407609,0.376510396,0.042340589,0.013899799,0.32828544,0.042348259,0.01392941,0.328925211,0.116654293,0.034191298,0.293099357,0.116656411,0.034192132,0.293101186,3.039253195,0.864345185,0.284393938,3.039305555,0.864352914,0.284391582,18.95251366,11.25004057,0.593590949,18.95233149,11.24982817,0.593585448,3.663698613,1.379406581,0.376506565,3.663629542,1.379408635,0.376514224,0.181110487,0.0625633,0.345442724,0.269249492,0.190819125,0.708707468,0.231716587,0.242461592,1.046371326,7.358631276,2.660919752,0.361605257,2.682875446,0.314479033,0.117217157,0.181832112,0.063671467,0.350166242,0.180381124,0.061413364,0.340464473,0.268612422,0.190579114,0.709494791,0.269893392,0.191059005,0.707905457,0.231062279,0.242213242,1.048259557,0.232377911,0.242710356,1.044463971,7.390224276,2.71458476,0.367321026,7.326699503,2.605123844,0.35556581,2.684752123,0.319025865,0.118828797,2.680978646,0.309802812,0.115555867,habitat_background_2024
Doriprismatica atromarginata,high.yes,yes,2cm,animals_on_background,47_DoriprismaticaAtromarginata_17_MG_D_RAW,0.248931012,0.434750605,1.746470247,2.243824491,9.785360059,0.83961068,1.533397986,1.826320248,2.916151746,16.90667235,0.127482976,0.28523324,2.237422194,3.863995675,23.74861222,0.125199547,0.279621517,2.233406777,3.870463177,23.78854283,0.424806212,1.000914322,2.356166867,4.740901846,38.4012182,0.416754475,0.984486969,2.362270901,4.759274855,38.36713554,2.74966049,0.549932098,2.148313012,0.214831301,1.084770255,0.674005656,0.865705796,0.416316486,0.3823817,0.545161071,0.040836124,2.750029373,2.749291669,0.550005875,0.549858334,2.143170178,2.1533029,0.214317018,0.21533029,1.084846879,1.0846936,0.521701071,0.557422243,0.861220783,0.870060044,0.535106559,0.540598701,0.382161446,0.382594312,0.528403815,0.549010472,0.041333899,0.040338436,551.7724811,23.19321718,23.79025199,0.493646331,0.036048367,0.016084615,0.446195394,0.081574136,0.045685461,0.560048354,2.217305736,1.278743669,0.576710577,20.314147,12.65629167,0.623028458,3.090001415,0.950997243,0.307765957,0.035995555,0.015971144,0.443697677,0.035988156,0.015965519,0.44363259,0.081459543,0.04572733,0.561350187,0.081448028,0.045732722,0.561495757,2.214155127,1.280040968,0.578117112,2.213787657,1.280154873,0.578264527,20.31349959,12.65544666,0.623006716,20.31479361,12.65713556,0.623050167,3.089902843,0.950955382,0.307762227,3.090099866,0.951039039,0.307769677,0.210728973,0.050821128,0.241168203,0.378487084,0.380878317,1.006317873,0.403546631,0.378858028,0.938820941,8.585381656,2.243213972,0.261282965,2.300887776,0.218940072,0.095154607,0.210280045,0.050185413,0.238659892,0.211188898,0.051992906,0.246191471,0.380911881,0.380825766,0.999773922,0.376002888,0.384861254,1.023559302,0.405935755,0.378802067,0.933157679,0.401098983,0.382824001,0.954437726,8.565568209,2.209075821,0.257901842,8.605680455,2.301054708,0.267387886,2.301340884,0.216768174,0.094192119,2.300423568,0.22343364,0.097127174,habitat_background_2024
Doriprismatica atromarginata,high.yes,yes,2cm,animals_on_background,47_DoriprismaticaAtromarginata_25_MG_D_RAW,0.19993207,0.410448283,2.052938698,3.65546502,20.66151051,1.285956323,2.314809227,1.800068311,3.971128672,26.89812144,0.10195911,0.270173375,2.649820853,5.553361353,44.61885892,0.100985049,0.267749245,2.651375116,5.644696371,46.44982729,0.648744012,1.547012249,2.384626631,5.925953139,55.56905888,0.640237276,1.531789685,2.392534367,6.127837185,60.20697105,4.067293926,0.508411741,3.804652699,0.135880454,1.509345493,0.725841753,1.577050071,0.535602905,0.322146097,0.630722329,0.060373152,4.066507606,4.068079449,0.508313451,0.508509931,3.827768027,3.781116979,0.136706001,0.135039892,1.509149896,1.509540716,0.512542425,0.512675157,1.583207227,1.570159974,0.761361738,0.755087336,0.322509726,0.321774912,0.636952082,0.633881247,0.060886054,0.059860179,242.2450459,15.42412246,15.70559664,0.495479012,0.026007546,0.018884433,0.726113597,0.037130699,0.038937291,1.048654926,1.075220766,1.191911059,1.108526822,26.41983392,16.45345514,0.62276906,2.195577458,1.201433459,0.547206137,0.025940698,0.018855917,0.72688547,0.025945888,0.018866147,0.727134392,0.037008615,0.038994768,1.053667316,0.037010544,0.038999336,1.053735818,1.072062268,1.193686281,1.113448645,1.072111561,1.193777338,1.113482386,26.41935829,16.45314759,0.622768631,26.4203091,16.45376236,0.622769488,2.195578444,1.201442547,0.54721003,2.195576473,1.201424379,0.547202247,0.226933852,0.071159664,0.313570069,0.593098638,0.227586605,0.383724714,0.618888236,0.219001395,0.353862592,9.311679033,3.286529578,0.352947043,1.226237443,0.797082167,0.650022695,0.227203574,0.071578793,0.315042546,0.226659469,0.07072963,0.312052394,0.5934522,0.228017637,0.384222413,0.592738966,0.22714669,0.383215384,0.619119356,0.219559389,0.354631763,0.618653122,0.218432032,0.353076747,9.324323669,3.310829352,0.355074477,9.298815891,3.261571045,0.350751223,1.226722454,0.80030977,0.652396773,1.22574405,0.793785002,0.647594416,habitat_background_2024
Doriprismatica atromarginata,high.yes,yes,2cm,animals_on_background,47_DoriprismaticaAtromarginata_15_MG_D_RAW,0.20293265,0.40194196,1.980666788,3.698359742,21.76857845,0.793732146,1.42228051,1.791889767,4.924931539,43.20901503,0.103799953,0.257468978,2.480434431,5.588816864,46.74543927,0.101761513,0.254962705,2.505492479,5.878378136,55.10207673,0.402728909,0.931404068,2.312732085,7.454099178,95.81140771,0.392544986,0.898801438,2.289677543,7.274599927,93.8258257,2.711910354,0.301323373,3.232923358,0.089803427,1.269414459,0.577735418,1.579498284,0.503747791,0.1955634,0.540741604,0.033174885,2.710868734,2.71295127,0.301207637,0.30143903,3.233132039,3.232009205,0.089809223,0.089778033,1.269167277,1.269660974,0.404774236,0.417031242,1.580645225,1.577426973,0.719382643,0.717917954,0.19550843,0.195608532,0.56207844,0.567474598,0.033511091,0.032838721,849.4170456,28.84086641,29.45185604,0.494759297,0.037690697,0.033598504,0.891426974,0.065044876,0.063691165,0.979188041,1.72861502,1.696583793,0.981470005,24.80876587,14.3242985,0.577388596,3.767167031,1.634362925,0.43384403,0.037258403,0.033198142,0.891024282,0.037272437,0.033195628,0.890621324,0.063870089,0.063554285,0.995055521,0.063900472,0.063547559,0.994477149,1.69694863,1.69347089,0.997950592,1.69786699,1.693368644,0.99735059,24.81095052,14.32484281,0.577359694,24.806583,14.32375425,0.577417464,3.767311623,1.634394684,0.433835809,3.767022557,1.634331177,0.433852241,0.235094114,0.054828219,0.233218171,0.474873164,0.399444205,0.841159776,0.456110137,0.425896762,0.933758599,9.625787225,2.49970877,0.259688762,2.513635384,0.836249029,0.332685096,0.235590416,0.055006283,0.233482685,0.234587713,0.054759733,0.233429671,0.475854753,0.399096474,0.838693889,0.473871601,0.400664282,0.845512331,0.457031031,0.425606278,0.931241534,0.455170503,0.427116306,0.938365519,9.647178167,2.508415282,0.260015441,9.603960999,2.496004222,0.259893207,2.518355682,0.827059486,0.3284125,2.508819032,0.847330271,0.33774069,habitat_background_2024
Doriprismatica atromarginata,high.yes,yes,2cm,animals_on_background,47_DoriprismaticaAtromarginata_50_MG_D_RAW,0.251196153,0.435777088,1.734807966,2.878731132,14.67560646,0.843151169,1.623390126,1.925384421,3.802012108,25.26679654,0.127347201,0.288835797,2.268096934,4.557370767,32.04887007,0.127883895,0.288847478,2.258669696,4.63113496,33.85813791,0.425299399,1.084900492,2.550910007,5.958018621,58.06679613,0.419883381,1.05676979,2.516817377,5.71017202,52.16008438,2.868407114,0.573681423,2.529825358,0.252982536,1.142331733,0.709770613,1.081147822,0.492051578,0.413331979,0.600911096,0.037444807,2.868383928,2.868430233,0.573676786,0.573686047,2.535677135,2.523759853,0.253567713,0.252375985,1.142360038,1.142303436,0.519910459,0.549331834,1.08520526,1.076894088,0.674275939,0.669111918,0.41362225,0.413031016,0.597093199,0.609221876,0.037445544,0.037444071,660.7970141,25.7054471,25.70649759,0.499989784,0.041643043,0.019259912,0.462500116,0.088952476,0.024860212,0.279477458,2.305200796,0.793087356,0.344042635,18.0548959,10.27841775,0.569287013,3.434379569,1.739240118,0.506420471,0.041451586,0.019227152,0.463846,0.041451064,0.019222992,0.463751459,0.088594781,0.024816826,0.280116122,0.088595907,0.024814025,0.280080941,2.293664002,0.792884555,0.345684701,2.293715217,0.792820663,0.345649127,18.0551497,10.27852392,0.569284891,18.05464235,10.27831167,0.569289132,3.434391159,1.739240348,0.506418829,3.434367991,1.739239888,0.506422111,0.223299993,0.048221165,0.215947904,0.179610957,0.085167053,0.474175154,0.194645977,0.133144357,0.684033439,9.11222248,2.138082884,0.234639013,2.000439412,0.278561544,0.139250178,0.223549489,0.04916942,0.219948701,0.223050737,0.047626898,0.213524952,0.179118408,0.085241258,0.475893341,0.180103032,0.085762309,0.476184703,0.194020593,0.133221425,0.686635489,0.195270759,0.134115923,0.686820312,9.12405802,2.184858126,0.239461227,9.100398341,2.106756328,0.231501551,2.003290225,0.285956556,0.142743449,1.997591346,0.273080353,0.136704814,habitat_background_2024
Doriprismatica atromarginata,high.yes,yes,2cm,animals_on_background,47_DoriprismaticaAtromarginata_16_MG_D_RAW,0.197029573,0.50894034,2.583065744,5.476024589,49.4761996,1.016866589,1.799821642,1.769968313,3.817783164,26.03632573,0.100091295,0.331714648,3.314120852,8.030463949,101.9217319,0.098893493,0.323589409,3.272100109,8.324292268,113.4225392,0.514231766,1.195679992,2.325177226,5.741185483,53.12849756,0.504749281,1.1574586,2.29313571,5.870032018,59.34985062,2.739520836,0.19568006,3.545903503,0.038965973,1.330016007,0.503973897,1.651775197,0.490534625,0.117323016,0.497254261,0.032277569,2.739796444,2.739245328,0.195699746,0.195660381,3.509166746,3.582928206,0.038562272,0.039372837,1.330425889,1.329605111,0.399262976,0.39485842,1.634962508,1.667843643,0.619525195,0.63198462,0.117131009,0.117516609,0.509394086,0.51342152,0.032483849,0.032071351,898.9112672,29.78452909,30.18047607,0.496698516,0.02466092,0.01604445,0.650602222,0.048289926,0.070229069,1.454321309,1.412140527,1.99714955,1.414271109,20.32025644,12.24965765,0.602829875,6.574437074,4.174800364,0.635004992,0.024522193,0.015935704,0.649848261,0.024509576,0.015917403,0.649436112,0.04759107,0.06969322,1.464418002,0.047539895,0.069574238,1.463491607,1.39166063,1.981944147,1.42415766,1.390168956,1.978441459,1.423166192,20.31880491,12.24921519,0.602851164,20.32170691,12.25009959,0.602808595,6.574376627,4.174738211,0.635001377,6.574497477,4.17486247,0.635008605,0.295241964,0.071288341,0.241457346,0.702093741,0.314036143,0.447285205,0.704074222,0.310230727,0.440622192,12.24577164,3.201312696,0.261421884,2.35901867,1.715294406,0.727122014,0.295575412,0.070374315,0.238092587,0.294904332,0.072244709,0.244976764,0.706341853,0.311700213,0.441288042,0.697792307,0.3165219,0.453604744,0.708328946,0.307853562,0.434619485,0.699766093,0.312753945,0.446940696,12.25726601,3.146570761,0.256710653,12.234133,3.257724443,0.266281595,2.351662942,1.716036677,0.729712003,2.366466727,1.715617965,0.724970246,habitat_background_2024
Doriprismatica atromarginata,high.yes,yes,2cm,animals_on_background,47_DoriprismaticaAtromarginata_24_MG_D_RAW,0.257391167,0.465164927,1.807229563,1.897084351,9.074445293,0.900623973,1.756468501,1.950279532,2.660948957,16.97593058,0.129853452,0.293357711,2.259144491,3.587304906,23.98507341,0.131807368,0.296732413,2.251258154,3.527057934,23.14795078,0.447351495,1.104698424,2.469419319,4.75821034,44.91925005,0.455367894,1.122077544,2.464112113,4.587750875,40.45852236,2.461249538,0.492249908,2.281094953,0.228109495,1.017832812,0.632415084,0.964585516,0.538345427,0.360179701,0.585380255,0.031271683,2.460825198,2.46167391,0.49216504,0.492334782,2.28922911,2.272319118,0.228922911,0.227231912,1.017761235,1.017904304,0.568023361,0.568103209,0.965047754,0.96389484,0.599617883,0.598901537,0.360543975,0.359783347,0.583820622,0.583502373,0.03099185,0.031551477,959.7028236,31.26654748,30.69423716,0.504618327,0.050237372,0.02286623,0.455163731,0.106587401,0.026727051,0.250752441,2.901885099,0.775945793,0.2673937,23.15506751,14.62340689,0.631542399,3.316902411,1.367269044,0.412212623,0.050418537,0.022721823,0.450664067,0.050407254,0.022699126,0.450314672,0.106438811,0.026538314,0.249329295,0.106426961,0.026546239,0.249431525,2.900201399,0.772433853,0.266338004,2.899811128,0.772751998,0.266483562,23.15433031,14.62221837,0.631511176,23.15580504,14.62459579,0.631573628,3.316857658,1.367205005,0.412198878,3.316947183,1.367333107,0.412226373,0.234260374,0.088850749,0.379282025,0.207932852,0.125006031,0.601184612,0.201742531,0.169539428,0.840375239,9.627764646,3.883849951,0.403401007,2.39791932,0.357389808,0.149041632,0.233386194,0.089213644,0.382257591,0.235118931,0.088482804,0.376332112,0.209460806,0.125348082,0.598432157,0.206432205,0.124647304,0.603817144,0.203683047,0.169865314,0.833968835,0.199836695,0.169192762,0.846655122,9.591388434,3.900595314,0.406676816,9.663490754,3.866933617,0.400159085,2.39432767,0.359731165,0.15024308,2.401446782,0.355032832,0.147841224,habitat_background_2024
Doriprismatica atromarginata,high.yes,yes,2cm,animals_on_background,47_DoriprismaticaAtromarginata_51_MG_D_RAW,0.261117392,0.442408923,1.694291288,2.70587143,13.31401812,0.65792469,1.246068747,1.893938268,4.055637448,30.87770568,0.130557377,0.278081418,2.129955609,4.448015313,31.41779481,0.134420522,0.291303137,2.167103146,4.536990632,32.68555238,0.322224032,0.768563854,2.38518477,6.157716681,66.34760278,0.336777383,0.829912798,2.464277117,6.500264032,72.17054663,1.910858601,0.2729798,2.213604618,0.105409744,0.866267697,0.445173534,0.963647347,0.375698391,0.189194772,0.410435962,0.023089107,1.911733664,1.909983205,0.273104809,0.272854744,2.184168484,2.241667179,0.104008023,0.106746056,0.866793085,0.865740895,0.337937699,0.348399766,0.942432814,0.982238858,0.484314661,0.504770921,0.188556416,0.1898004,0.41112618,0.426585343,0.022652241,0.023525906,1790.821556,43.14574287,41.50633264,0.509683225,0.038160023,0.013723348,0.359626305,0.110403668,0.050619648,0.458496072,2.736617412,1.245193061,0.455011744,22.81504964,11.97138515,0.524714403,3.467788103,1.334703374,0.384886081,0.038080425,0.013527334,0.355230656,0.038065192,0.013498964,0.354627519,0.110709185,0.050483526,0.456001244,0.110717899,0.050489024,0.456015011,2.742886836,1.241458766,0.452610275,2.742936002,1.241575901,0.452644867,22.81476358,11.97206168,0.524750635,22.81533592,11.97070807,0.524678143,3.46760542,1.334691717,0.384902997,3.467970921,1.33471501,0.384869147,0.226938677,0.047817625,0.210707254,0.479298373,0.316124319,0.65955642,0.451680652,0.359306759,0.795488488,9.265353435,2.113413284,0.228098507,2.945424821,0.359365839,0.122008152,0.225946224,0.046506598,0.205830384,0.227894128,0.049197238,0.215877605,0.483587258,0.315579527,0.652580318,0.475169393,0.317693476,0.66858994,0.456306978,0.358778596,0.786265854,0.447226812,0.361009299,0.807217479,9.221828582,2.052238232,0.222541355,9.307255524,2.177359303,0.233942143,2.946647799,0.35077048,0.119040518,2.944247439,0.368729199,0.125237164,habitat_background_2024
Doriprismatica atromarginata,high.yes,yes,2cm,animals_on_background,47_DoriprismaticaAtromarginata_23_MG_D_RAW,0.156938433,0.393339425,2.506329508,4.376806172,28.2946496,1.112101097,1.996774616,1.795497389,3.969435892,29.51206084,0.079672811,0.252601917,3.170490822,6.582535103,60.95623275,0.07918599,0.251658576,3.178069433,6.766680191,65.96708249,0.561995365,1.312067736,2.334659355,5.99565416,61.65106304,0.552258683,1.292430414,2.340262733,6.232724918,66.93010987,4.855224793,0.809204132,5.034362171,0.335624145,1.640617127,0.915645853,1.792618227,0.679264602,0.572414138,0.797455228,0.057475746,4.854920775,4.855526945,0.809153463,0.809254491,5.043521893,5.024747119,0.336234793,0.334983141,1.640558305,1.640675662,0.621645573,0.621690042,1.790941193,1.793991639,0.999543312,1.001245797,0.572694128,0.572118816,0.810594442,0.81146792,0.058002665,0.056949099,268.9366562,16.24058715,16.55954023,0.495137929,0.022593975,0.015229455,0.674049379,0.034627876,0.049775991,1.437454348,1.025018507,1.48581784,1.449552208,18.22922899,11.45463083,0.628366171,1.77065025,1.388226161,0.784020537,0.022665863,0.015300088,0.67502783,0.022673584,0.015304523,0.67499354,0.035126659,0.050163138,1.428064592,0.035144795,0.050165702,1.427400608,1.039996755,1.497327959,1.439742915,1.040534316,1.497411328,1.439079235,18.22977174,11.45544857,0.628392321,18.22868713,11.45381434,0.628340059,1.770561256,1.388300761,0.784102079,1.7707391,1.388151672,0.783939131,0.211594801,0.082655718,0.390632086,0.608622088,0.195718425,0.321576277,0.625206232,0.177034449,0.283161684,8.674101415,3.672587087,0.423396835,0.990642995,1.136889299,1.147627657,0.211489933,0.081813858,0.386845164,0.211701554,0.083503847,0.394441351,0.607859624,0.196301211,0.322938394,0.609398256,0.195120082,0.320184838,0.624484149,0.177715849,0.284580241,0.625941294,0.176334828,0.281711447,8.66702742,3.623232276,0.418047861,8.681302549,3.722141953,0.428753857,0.991150914,1.136060136,1.146202984,0.990125947,1.137732493,1.149078556,habitat_background_2024
Doriprismatica atromarginata,high.yes,yes,2cm,animals_on_background,47_DoriprismaticaAtromarginata_26_MG_D_RAW,0.289438765,0.484430863,1.673690332,3.308656994,17.39509128,1.174730649,2.07402382,1.765531376,4.182964361,30.66580667,0.147003476,0.323100448,2.197910253,5.038245212,37.63307605,0.147492435,0.323654849,2.194382704,4.955990455,36.19219819,0.587205101,1.375234984,2.342001087,6.189223308,64.13279323,0.590474979,1.374885896,2.328440571,6.007987418,59.18306989,4.379644536,0.312831753,8.207850425,0.090196159,1.793906201,0.679752645,2.403467768,0.62425341,0.201513956,0.652003027,0.060017543,4.379242248,4.380046232,0.312803018,0.312860445,8.23020201,8.184481845,0.09044178,0.089939361,1.793745809,1.794066039,0.465890141,0.465973314,2.408670326,2.397569666,0.912701023,0.908494726,0.201622399,0.201399903,0.689295582,0.68723402,0.059822108,0.060213025,245.2942111,15.71622817,15.60770234,0.501732315,0.054352968,0.028012952,0.515389561,0.136844686,0.058229894,0.425518124,3.949028419,1.725187398,0.436863759,21.82274351,14.34368703,0.657281566,3.498111024,1.616386153,0.462074,0.054623204,0.027978023,0.51220033,0.054612651,0.027983852,0.512406034,0.137062222,0.057950684,0.422805664,0.137055524,0.057974049,0.42299681,3.954736553,1.715764378,0.433850487,3.95457412,1.716380949,0.43402422,21.82214802,14.34316742,0.657275691,21.82333939,14.34420694,0.657287443,3.498000919,1.616307376,0.462066024,3.498221201,1.61646497,0.462081977,0.203095243,0.080233955,0.395055809,0.256646574,0.246274452,0.959585971,0.272169979,0.234029392,0.859864825,8.31169256,3.521898154,0.423728155,2.094676132,0.85537587,0.4083571,0.203254344,0.080715223,0.397114382,0.202937136,0.079752498,0.392991149,0.258298125,0.247576728,0.958492161,0.255005349,0.244962189,0.960615887,0.273678526,0.235427411,0.860233407,0.270670864,0.232621889,0.859427147,8.319610167,3.546946225,0.426335628,8.303824457,3.496810809,0.42110847,2.09822486,0.863194554,0.411392778,2.091149593,0.84751958,0.405288834,habitat_background_2024
Doriprismatica atromarginata,high.yes,yes,2cm,animals_on_background,47_DoriprismaticaAtromarginata_21_MG_D_RAW,0.302029988,0.516528505,1.710189468,2.774657214,12.53416697,1.420388292,2.396092163,1.686927564,3.25808458,18.48963146,0.153821741,0.341525809,2.220270077,4.442103442,28.70354279,0.15289138,0.337765038,2.209183004,4.454077459,29.08868435,0.71053091,1.578802968,2.222004624,5.063452887,40.3687043,0.712912403,1.587389363,2.2266261,5.093466856,41.01142993,5.787431881,0.723428985,7.334382431,0.26194223,1.834736981,0.882321981,2.195487542,0.721127069,0.492685607,0.801724525,0.074177467,5.787250758,5.7876125,0.723406345,0.723451562,7.316755296,7.351093909,0.261312689,0.262539068,1.834711566,1.834762339,0.602627047,0.602643724,2.195342994,2.19522816,1.055736817,1.055681594,0.492359517,0.492995315,0.829181932,0.829162659,0.074263294,0.074091659,155.7800923,12.46560258,12.49679599,0.499375192,0.034842375,0.021759939,0.624525134,0.080611221,0.059297084,0.735593418,2.278358051,1.679267849,0.737051776,20.55053033,13.57097351,0.660370963,2.963980303,1.352901793,0.456447633,0.034839675,0.021853183,0.627249899,0.034838945,0.021858268,0.627408993,0.080383531,0.05947636,0.739907288,0.080371828,0.059476838,0.740020975,2.272360873,1.684631494,0.741357376,2.272005987,1.684618904,0.741467634,20.55029766,13.57078469,0.660369252,20.55076292,13.57116225,0.660372673,2.964008253,1.35288507,0.456437687,2.963952364,1.352918507,0.456457575,0.205223152,0.07786598,0.37942103,0.368425156,0.310679316,0.843263038,0.370021964,0.302160893,0.816602587,8.396893223,3.430495453,0.408543417,1.72646442,0.872942138,0.505624169,0.205046739,0.078086264,0.38082178,0.205399937,0.07764418,0.378014625,0.36710169,0.310427268,0.845616559,0.369751419,0.310925758,0.840904841,0.368636947,0.301948384,0.819094198,0.371409908,0.302367018,0.814105956,8.389956643,3.440548061,0.410079361,8.403844466,3.42037714,0.407001481,1.72851693,0.872993616,0.505053552,1.724407572,0.872885465,0.506194405,habitat_background_2024
Doriprismatica atromarginata,high.yes,yes,2cm,animals_on_background,47_DoriprismaticaAtromarginata_47_NF_D_RAW,0.202160313,0.336894513,1.666472058,2.93682846,16.14994272,0.661921825,1.169118233,1.766248201,3.669759718,29.79720841,0.102044008,0.219182132,2.147917707,4.741083559,36.97846655,0.103332084,0.222643549,2.154641041,4.710369014,36.41149585,0.32779072,0.751488437,2.292586063,5.661102391,61.92284284,0.335570375,0.771647424,2.299509975,5.665950278,65.76768206,3.229383623,0.358820403,2.822337044,0.078398251,1.309112516,0.595802782,1.271652881,0.42448816,0.218609327,0.510145471,0.035972119,3.229886588,3.228880077,0.358876288,0.358764453,2.816070849,2.828224762,0.07822419,0.078561799,1.309212169,1.309012699,0.437025759,0.436959174,1.272387066,1.27075768,0.57908831,0.578346744,0.218550239,0.218663126,0.508057034,0.507652959,0.035539217,0.036404969,718.3078227,27.13792962,26.46877757,0.506241309,0.052710903,0.022452744,0.425960151,0.12114627,0.021659552,0.178788431,3.430952296,0.573635895,0.167194366,19.44320946,13.50437987,0.694555079,4.067522769,2.115756179,0.520158411,0.052725931,0.022368567,0.424242231,0.052727254,0.022355446,0.423982743,0.121141795,0.021693406,0.179074494,0.121140996,0.021692696,0.179069818,3.42963306,0.575663967,0.167850017,3.429680177,0.575659204,0.167846322,19.44382489,13.50463707,0.694546322,19.44259355,13.50412244,0.69456384,4.06764051,2.115835505,0.520162856,4.067404935,2.115676781,0.520153959,0.188393706,0.04293739,0.22791308,0.033294566,0.069896558,2.099338338,0.057650644,0.05985778,1.038284677,7.646563592,1.876123199,0.245355077,1.919614706,0.552405687,0.287769043,0.188247334,0.042929708,0.228049488,0.18853658,0.04294438,0.227777442,0.033348696,0.070286701,2.107629658,0.033241729,0.069513584,2.091154305,0.057517542,0.060374912,1.049678235,0.057780565,0.059348358,1.027133574,7.640531549,1.877201178,0.245689867,7.652451481,1.875050683,0.245026145,1.921852851,0.554974454,0.288770524,1.917430048,0.549877487,0.286778382,habitat_background_2024
Doriprismatica atromarginata,high.yes,yes,2cm,animals_on_background,47_DoriprismaticaAtromarginata_30_NF_D_RAW,0.186287689,0.332836729,1.786681293,1.915775244,9.143553648,0.762145297,1.455533487,1.909784778,2.391525212,12.93864465,0.091247124,0.200583434,2.198243895,3.676884656,25.73343941,0.098577693,0.220910519,2.240978781,3.542992215,22.89080546,0.361011911,0.86385315,2.39286606,4.342589092,34.51070628,0.402754847,0.979667228,2.432415735,4.219658726,31.65575172,2.373840853,0.395640142,1.643515761,0.109567717,0.951025642,0.530777517,0.637483182,0.355786138,0.25260393,0.443281827,0.033106199,2.374135551,2.373544861,0.395689259,0.39559081,1.645519101,1.641733168,0.109701273,0.109448878,0.951108636,0.950942182,0.530823837,0.530730937,0.638952032,0.636082719,0.356605919,0.355004525,0.252695266,0.252519844,0.443714878,0.442867731,0.031148684,0.035064053,855.9606735,31.1040854,27.51923622,0.530575282,0.058364929,0.015890956,0.27226892,0.088120853,0.008166096,0.092669275,2.543786559,0.125520259,0.049343864,17.35323036,8.490816398,0.48929313,2.187630535,0.741627311,0.339009398,0.058394048,0.015852958,0.27148243,0.058400575,0.015852139,0.271438067,0.088101509,0.008137069,0.092360152,0.08809792,0.0081357,0.092348376,2.543841121,0.125049794,0.049157863,2.543836828,0.125152014,0.049198129,17.35353649,8.49103906,0.489297329,17.35292293,8.490592774,0.489288912,2.187705192,0.741682095,0.339022871,2.187555562,0.741572282,0.338995861,0.20149664,0.040228745,0.199649706,0.062469789,0.041801896,0.669153789,0.040378814,0.041691714,1.032514579,8.185540588,1.716331215,0.20967842,1.568942318,0.194137298,0.12373769,0.201495652,0.040012967,0.198579803,0.201497519,0.040419495,0.200595499,0.062611042,0.043370122,0.692691273,0.062344288,0.040356953,0.647323992,0.040541953,0.043362804,1.069578562,0.040233867,0.04014799,0.997865557,8.185298239,1.706038918,0.208427215,8.185755912,1.725424276,0.210783744,1.568413362,0.191147547,0.121873195,1.569412289,0.196754119,0.125368025,habitat_background_2024
Doriprismatica atromarginata,high.yes,yes,2cm,animals_on_background,47_DoriprismaticaAtromarginata_27_MG_D_RAW,0.330104146,0.718545289,2.176723009,3.523699224,20.8150339,1.300743061,2.484545202,1.910096834,3.363712324,20.72413548,0.165487166,0.457338748,2.763590425,5.576464559,47.84168728,0.16907153,0.465737256,2.75467583,5.467002879,45.9351196,0.643005669,1.591172843,2.474586025,5.455805256,48.95800098,0.660512457,1.640950023,2.484358935,5.395922966,47.21141081,5.372262064,0.282750635,7.904272901,0.046223818,1.946045993,0.660922507,2.582264859,0.625679859,0.164487227,0.643301183,0.059274231,5.375576982,5.368940073,0.282925104,0.282575793,7.84261528,7.963112336,0.045863247,0.046567908,1.946578286,1.945511597,0.47165372,0.475170462,2.571845292,2.591026204,0.873458513,0.879972797,0.164394176,0.164571851,0.672556116,0.677571629,0.058375569,0.060172806,251.9383852,16.13045415,15.61880297,0.508057687,0.032402514,0.024997581,0.771470396,0.095948299,0.110671649,1.153450873,2.737322601,3.112988041,1.137238278,31.88122971,38.50071649,1.207629594,5.437599255,3.203494663,0.58913769,0.032167689,0.024994208,0.776997337,0.03214908,0.024953818,0.776190715,0.094855558,0.110481323,1.164732204,0.094806628,0.110401468,1.164491024,2.706015519,3.106766589,1.148096368,2.704800164,3.104803438,1.147886443,31.88363097,38.50095875,1.207546242,31.87882408,38.50047363,1.207713105,5.437829408,3.203643048,0.589140042,5.437368684,3.203345984,0.589135328,0.227106433,0.095429561,0.420197525,0.519834682,0.28491811,0.548093692,0.515548317,0.292518954,0.567393869,9.350915311,4.182410529,0.447272849,2.395076213,1.541366755,0.643556454,0.226695235,0.095092603,0.41947332,0.227505311,0.095779748,0.421000055,0.520803177,0.283889428,0.545099262,0.518895205,0.285987398,0.551146736,0.516640834,0.291434412,0.564094809,0.514488535,0.293643466,0.570748318,9.332526214,4.16707486,0.446510919,9.368753436,4.198302163,0.448117478,2.401591758,1.547796557,0.644487787,2.388755887,1.535496603,0.642801808,habitat_background_2024
Doriprismatica atromarginata,high.yes,yes,2cm,animals_on_background,47_DoriprismaticaAtromarginata_31_NF_D_RAW,0.183231574,0.357256402,1.949753498,2.320012376,11.81444211,0.726831502,1.427228845,1.963630967,2.768255651,17.61363596,0.090226438,0.216891029,2.403852277,4.223395586,31.61379686,0.096065579,0.230794924,2.402472626,4.068243498,29.50973739,0.351519426,0.860287238,2.447339103,4.89300322,45.7851658,0.376718559,0.928848103,2.465628734,4.800880707,43.61398769,2.340225327,0.468045065,3.597984791,0.359798479,1.0874696,0.675682853,1.416753355,0.681314346,0.413921772,0.6784986,0.027263705,2.341809528,2.338637602,0.468361906,0.46772752,3.63438227,3.562460531,0.363438227,0.356246053,1.087982406,1.086954523,0.52320894,0.522714633,1.426100936,1.407406672,0.886086332,0.874470932,0.415900066,0.411986787,0.704647636,0.698592783,0.026155178,0.028372139,1275.087421,37.23334735,34.24584444,0.520897711,0.045897252,0.018321712,0.399189737,0.09139917,0.046143182,0.504853404,2.711202098,1.417732792,0.522916677,16.08457616,8.397443675,0.522080507,2.714529412,0.898409324,0.330963194,0.046124794,0.018330867,0.397418957,0.04613391,0.018337044,0.397474314,0.091560259,0.04624181,0.505042372,0.091544872,0.046271374,0.505450196,2.716432226,1.419308453,0.522489919,2.715972824,1.420069529,0.522858519,16.08284584,8.397368322,0.522131991,16.08631029,8.397518746,0.522028893,2.714429964,0.898289118,0.330931035,2.714629079,0.898529765,0.33099541,0.221057752,0.081129661,0.36700663,0.324856709,0.357363335,1.100064507,0.346111267,0.364525852,1.053204235,9.054972473,3.506588341,0.38725555,2.190213611,0.51973518,0.237298854,0.2208058,0.082083346,0.371744521,0.221289998,0.08023973,0.362599892,0.331790543,0.360393483,1.086207823,0.318465215,0.354409963,1.112868678,0.353259661,0.366949953,1.038754189,0.339521995,0.362134179,1.066600057,9.046570158,3.555239838,0.392993121,9.062717587,3.461115878,0.381907065,2.185032947,0.524453195,0.240020726,2.194989062,0.515295213,0.234759809,habitat_background_2024
Doriprismatica atromarginata,high.yes,yes,2cm,animals_on_background,47_DoriprismaticaAtromarginata_34_NP_D_RAW,0.255392551,0.428975925,1.679672816,3.081400323,17.24996206,1.004140216,1.773436513,1.766124376,4.161592983,31.24219964,0.127491873,0.270806441,2.12410748,4.925239948,40.1513676,0.132208329,0.27990535,2.117153677,4.862100608,38.89636255,0.496209995,1.129303487,2.275858001,6.490467103,71.6878186,0.509712283,1.159992511,2.275779005,6.348575662,67.92100131,2.652009815,0.378858545,2.662536198,0.126787438,1.173354596,0.602984982,1.285960942,0.453887789,0.252822992,0.528436386,0.03052268,2.652710125,2.651308619,0.378958589,0.378758374,2.678438454,2.647225091,0.127544688,0.126058338,1.173447811,1.173261104,0.414175591,0.414109692,1.293130121,1.278624577,0.664537426,0.657083051,0.253251639,0.252408356,0.539356508,0.535596371,0.030013926,0.031031081,1009.149789,32.31786742,31.22575435,0.508593412,0.043830351,0.028680459,0.654351571,0.090001327,0.037121349,0.412453355,2.5171364,1.114120594,0.442614311,22.59960399,10.63377859,0.470529421,4.315914579,2.969040769,0.687928529,0.043538655,0.028590283,0.656664363,0.0435312,0.028598971,0.656976417,0.089509188,0.036987117,0.41322146,0.089482439,0.036984729,0.413318297,2.501509654,1.111619333,0.44437939,2.500623001,1.11154794,0.444508404,22.5974327,10.63300978,0.470540611,22.60177605,10.63454709,0.470518205,4.315817505,2.968898153,0.687910958,4.316011688,2.969183425,0.687946104,0.27883357,0.063110584,0.226337826,0.196089356,0.162728754,0.829870407,0.222419563,0.177761736,0.799218081,11.51875942,2.912714169,0.252867003,2.227721288,0.481733362,0.216244898,0.278678011,0.063236842,0.226917227,0.278983927,0.062987922,0.225776167,0.196347538,0.16277158,0.82899731,0.195839811,0.162686936,0.830714321,0.222385762,0.177882263,0.799881526,0.222452232,0.177645156,0.798576641,11.51211691,2.917098944,0.253393791,11.52517975,2.90845446,0.252356538,2.227106502,0.483893293,0.217274429,2.228315511,0.479635639,0.215245838,habitat_background_2024
Doriprismatica atromarginata,high.yes,yes,2cm,animals_on_background,47_DoriprismaticaAtromarginata_48_NF_D_RAW,0.21488736,0.33313051,1.550256424,3.066319662,16.40130786,0.666969879,1.154072177,1.730321284,4.192314113,32.31284788,0.108375909,0.214344554,1.977787834,4.7313336,36.06023905,0.109674142,0.220901938,2.014166086,4.757297416,35.78919813,0.330501624,0.731981168,2.214758159,6.207975271,67.31916542,0.337864773,0.759315898,2.247395873,6.248810681,69.87813725,1.656923651,0.276153942,1.76523848,0.117682565,0.772222488,0.430985577,0.924958054,0.420966552,0.196918254,0.425976064,0.012802703,1.657312992,1.656534517,0.276218832,0.276089086,1.769115437,1.761284612,0.117941029,0.117418974,0.772559891,0.771885014,0.351607159,0.351300009,0.92536332,0.924286629,0.516455102,0.51585419,0.197079931,0.19675403,0.434031131,0.433577099,0.012800382,0.012805023,5945.722262,77.12267065,77.09435127,0.500091817,0.05249287,0.032956378,0.627825803,0.089996535,0.035664894,0.396291855,2.637357394,1.080137338,0.409552888,23.8440831,11.32646886,0.475022202,4.557824757,2.056140237,0.451123145,0.05245254,0.032720553,0.623812547,0.052434071,0.032682136,0.62329961,0.089973972,0.035317334,0.392528345,0.089956097,0.035268665,0.392065305,2.6383102,1.070598037,0.405789295,2.637888817,1.069411254,0.405404218,23.8435609,11.32691661,0.475051384,23.84460518,11.32602116,0.474993026,4.557800507,2.056159192,0.451129704,4.557849001,2.056121287,0.451116587,0.333153604,0.084308648,0.253062392,0.236481409,0.118479208,0.501008552,0.335762992,0.102629014,0.305659101,13.99544512,4.131061511,0.295171856,2.634935534,1.29269736,0.490599236,0.333845457,0.085189832,0.255177449,0.332462177,0.083412258,0.250892475,0.235454371,0.118893006,0.504951366,0.237507813,0.118054175,0.497053859,0.335034336,0.103080249,0.3076707,0.336491198,0.102170227,0.303634174,14.02982246,4.175596371,0.297622895,13.961089,4.085744136,0.292652252,2.631409648,1.284531289,0.488153294,2.638459244,1.300796432,0.493013654,habitat_background_2024
Doriprismatica atromarginata,high.yes,yes,2cm,animals_on_background,47_DoriprismaticaAtromarginata_33_NL_D_RAW,0.229370364,0.404254227,1.762451868,2.90566944,14.39521213,0.642544631,1.170832986,1.82218157,3.746261841,28.09237747,0.115715477,0.265294258,2.292642829,4.654075875,32.48863658,0.116942194,0.268726949,2.297946864,4.676396347,33.23957822,0.318957899,0.762458296,2.390466885,5.785349137,60.97468738,0.325056697,0.780684389,2.40168683,5.74328433,58.52617689,2.676501491,0.669125373,2.104566039,0.350761007,1.046384471,0.754806844,0.816065508,0.455454832,0.50994319,0.605130838,0.033440679,2.676885509,2.676116793,0.669221377,0.669029198,2.096281562,2.112147173,0.34938026,0.352024529,1.046440415,1.046328369,0.584029516,0.583966982,0.811640355,0.820057471,0.585474757,0.591546423,0.509300819,0.510526864,0.584752137,0.587756703,0.033082332,0.033799229,835.5144501,29.22761513,28.58647366,0.505544855,0.03773702,0.011507062,0.304927684,0.099223828,0.039235573,0.395424909,2.840004193,1.280754918,0.450969376,12.73801799,7.534672043,0.591510551,2.780550166,0.857295181,0.308318545,0.037708137,0.011485936,0.304600989,0.037706068,0.011485064,0.304594582,0.09915728,0.039273421,0.396071986,0.099161073,0.039272987,0.396052462,2.837949964,1.282058357,0.451755096,2.838093545,1.282055432,0.45173121,12.73805866,7.534505694,0.591495604,12.73797726,7.534838605,0.591525519,2.78050034,0.85726471,0.308313111,2.780600057,0.857325688,0.308323984,0.18277269,0.030563052,0.167218922,0.252855793,0.234162832,0.926072641,0.303903074,0.265538052,0.873759019,7.40279356,1.333152874,0.180087809,2.295401524,0.428829065,0.186820938,0.182516702,0.029707226,0.162764425,0.18302339,0.031376156,0.17143249,0.254892581,0.234006096,0.918057696,0.250861077,0.234295636,0.933965678,0.306204538,0.265426318,0.866826859,0.301649149,0.26562424,0.880573477,7.391653975,1.293746158,0.175027966,7.413703041,1.37054263,0.184866135,2.299073516,0.4285567,0.186404087,2.291805382,0.429059088,0.187214452,habitat_background_2024
Glossodoris vespa,high.yes,yes,2cm,animals_on_background,54_GlossodorisVespa_15_OI_D_RAW,0.158251092,0.392988801,2.483324412,3.553543543,21.59159583,1.080908206,2.209005589,2.04365697,3.087130445,18.88665945,0.079610054,0.248587577,3.122565112,5.698712552,50.20424091,0.080732514,0.251806922,3.119027382,5.681022646,49.86345593,0.536717147,1.40813454,2.623606397,5.230360992,46.29690425,0.546615153,1.430938505,2.617817117,5.170500948,45.49252123,2.237298935,0.223729894,2.959408718,0.065764638,1.056394582,0.458786338,1.296570019,0.389102774,0.144747266,0.423944556,0.027255537,2.237681084,2.236916638,0.223768108,0.223691664,2.940424912,2.978050039,0.065342776,0.06617889,1.056650644,1.056138207,0.320601622,0.316948796,1.286158803,1.305936158,0.558571671,0.567160867,0.144555442,0.144935277,0.439586646,0.442054831,0.026951328,0.02755973,1273.920615,36.10392317,35.28482513,0.505736885,0.021993191,0.015532219,0.70622855,0.040702751,0.040559663,0.996484572,1.14488504,1.194184207,1.043060364,28.44921773,13.84209118,0.486554369,4.740092802,2.691433802,0.567801922,0.021820737,0.015358174,0.703833869,0.021813933,0.015337773,0.703118202,0.040179278,0.040044141,0.996636644,0.04016697,0.040014276,0.996198524,1.129013977,1.178607574,1.043926469,1.12867781,1.177871748,1.043585456,28.44888555,13.84273249,0.486582593,28.44955011,13.84144947,0.486526128,4.740049296,2.691403225,0.567800682,4.740136333,2.691464396,0.567803161,0.351183473,0.075838875,0.215952289,0.635675994,0.342280447,0.538451115,0.652935534,0.335131531,0.513268942,14.76899153,3.450739914,0.233647633,1.820694827,0.908923982,0.499218193,0.351270985,0.07529442,0.214348532,0.351097897,0.076417201,0.217652119,0.636655145,0.341862583,0.536966654,0.634718509,0.342914425,0.540262211,0.653995616,0.33460673,0.511634515,0.65189891,0.335864222,0.515209056,14.77177396,3.429225689,0.232147181,14.76627067,3.473918025,0.235260351,1.819134593,0.904986052,0.497481635,1.822220536,0.913357274,0.501233114,habitat_background_2024
Glossodoris vespa,high.yes,yes,2cm,animals_on_background,54_GlossodorisVespa_11_OI_D_RAW,0.321608478,0.603069089,1.875165393,1.661553249,7.761635753,1.306138315,2.569184154,1.967007723,2.065749044,10.81680622,0.164190205,0.380357328,2.316565279,3.214881166,19.78915859,0.163269822,0.381683142,2.337744588,3.393598912,22.88543582,0.656207852,1.620179774,2.469003941,3.864850904,28.62270408,0.652998898,1.623523385,2.486257466,3.936793732,29.23545319,5.018410338,0.358457881,5.492179064,0.060353616,1.72442647,0.653425165,1.975956568,0.53209054,0.209405749,0.592757852,0.065208264,5.018897906,5.017921143,0.358492708,0.358422939,5.473210651,5.510457164,0.060145172,0.060554474,1.724392095,1.724460185,0.464348628,0.470705928,1.97321042,1.977952322,0.747695171,0.749491987,0.20931894,0.209488707,0.606021899,0.610098958,0.065486155,0.064930431,205.5094905,14.27040325,14.40109903,0.497720807,0.054398099,0.032262611,0.593083429,0.117465223,0.053883319,0.458717204,3.357482209,1.464765124,0.436268916,20.99191217,13.10706689,0.624386515,4.310330382,2.537871279,0.58878811,0.054675092,0.032357306,0.591810729,0.054699029,0.032380947,0.591983937,0.1177451,0.054092022,0.459399345,0.117784116,0.054053991,0.458924283,3.362618906,1.469886079,0.437125384,3.363725819,1.46881395,0.436662805,20.99365608,13.10816307,0.624386863,20.99016967,13.10597124,0.624386151,4.310411512,2.53814653,0.588840885,4.310249317,2.537596216,0.588735368,0.210473832,0.067212002,0.319336617,0.25257919,0.233399214,0.924063517,0.241570681,0.243586838,1.008346032,8.601300743,2.967626443,0.345020658,1.939470486,0.629224026,0.324430833,0.21050527,0.067033947,0.318443081,0.210442132,0.067434292,0.320441022,0.2499741,0.231970665,0.927978799,0.255206021,0.234951549,0.92063482,0.238867964,0.241977906,1.013019504,0.244295955,0.245324896,1.004211865,8.60256295,2.963502713,0.344490674,8.600028002,2.973685059,0.345776207,1.935260574,0.61946467,0.320093675,1.943715534,0.639295051,0.328903607,habitat_background_2024
Glossodoris vespa,high.yes,yes,2cm,animals_on_background,54_GlossodorisVespa_10_OI_D_RAW,0.274044488,0.553199936,2.018650112,2.286211562,11.17162312,1.114205624,2.139558719,1.92025482,2.341283544,13.1076103,0.138855826,0.349914589,2.519984938,4.093677194,28.74978064,0.139056923,0.348375324,2.505271331,4.070912707,28.52736751,0.558716195,1.3514083,2.418774168,4.226888212,33.28487545,0.55774381,1.344822,2.411182293,4.243876022,33.93774071,6.555996869,0.595999715,8.620843093,0.156742602,2.002863257,0.835258854,2.358084893,0.663250082,0.376371159,0.749254468,0.063042553,6.556736044,6.555249422,0.596066913,0.595931766,8.654153968,8.583572658,0.157348254,0.156064957,2.002917624,2.002807776,0.572833774,0.567953209,2.362605834,2.352535925,0.985283161,0.981083683,0.376707584,0.375998362,0.779058468,0.774518446,0.06293586,0.06314922,220.8887386,14.88919255,14.83550822,0.500903026,0.046060665,0.038966345,0.845978764,0.093996646,0.069507498,0.739467851,2.647517699,1.92407985,0.726748626,20.04757721,14.02054372,0.699363498,3.404804029,1.617899596,0.475181415,0.046168563,0.039293048,0.851077994,0.046135449,0.039291155,0.851647824,0.093780962,0.069687597,0.743088953,0.093733826,0.06968776,0.743464368,2.639725347,1.928194686,0.730452768,2.638501484,1.928289847,0.730827653,20.04626306,14.01895298,0.699329992,20.04889135,14.02213414,0.699396984,3.404706733,1.617834357,0.475175833,3.404901324,1.617964826,0.475186994,0.189692757,0.070260831,0.370392796,0.367676808,0.301918422,0.821151661,0.36365353,0.311406297,0.856326891,7.731087092,3.031886398,0.392168186,1.723613309,0.879584194,0.510314112,0.189638255,0.070404256,0.371255556,0.189747062,0.070210712,0.37002266,0.368993506,0.302441191,0.819638249,0.366364868,0.301790708,0.82374358,0.365042393,0.311948205,0.854553366,0.362269685,0.311271586,0.859226148,7.728677361,3.034892596,0.392679427,7.733488116,3.032897486,0.39217717,1.725203971,0.880801945,0.510549453,1.722028392,0.879530729,0.510752745,habitat_background_2024
Glossodoris vespa,high.yes,yes,2cm,animals_on_background,54_GlossodorisVespa_12_OI_D_RAW,0.323643399,0.579068072,1.789216385,2.361780851,10.90055069,1.14910507,2.090082135,1.818878177,2.834245949,16.12746726,0.163127474,0.368309681,2.257802888,4.056009732,26.69661048,0.165348284,0.374708962,2.266179927,4.029468058,26.32641478,0.572208661,1.328084272,2.320978975,4.738355802,38.76909777,0.579331223,1.346428315,2.324107974,4.693930219,38.04422711,3.266652267,0.408331533,3.176196273,0.113435581,1.356241306,0.652214202,1.40365986,0.518328597,0.260883557,0.585271399,0.040056578,3.266114382,3.267190214,0.408264298,0.408398777,3.177656719,3.17446778,0.11348774,0.113373849,1.356137084,1.356345435,0.528718854,0.500856829,1.405947502,1.401090491,0.67611783,0.673782101,0.260876019,0.260886313,0.602418342,0.587319465,0.039876834,0.040236333,574.3176835,24.07721671,23.85315921,0.502337323,0.048316397,0.0342595,0.709065695,0.121290743,0.073717493,0.607775098,3.400218434,1.833011734,0.539086465,24.23285584,16.09672567,0.664252112,3.915162312,1.419999357,0.362692334,0.048158848,0.03426766,0.711554816,0.048178421,0.034283216,0.711588623,0.120868916,0.073686795,0.609642229,0.120909787,0.073703911,0.609577714,3.389453187,1.832268621,0.540579415,3.390423089,1.832479545,0.540486983,24.2335079,16.09771344,0.664274999,24.2322035,16.09573738,0.66422921,3.915273302,1.419948769,0.362669132,3.915051272,1.420049955,0.362715545,0.278136057,0.050982714,0.183301347,0.37071861,0.291223674,0.785565294,0.351257759,0.305557988,0.869896763,11.4674154,2.359389229,0.205747254,2.594681322,0.53362888,0.20566259,0.278240621,0.05156587,0.185328333,0.27803242,0.050684353,0.182296558,0.368790258,0.291507435,0.790442339,0.372629852,0.292514956,0.785001403,0.34922226,0.305927367,0.876024818,0.353275198,0.306842648,0.868565497,11.47225088,2.382875854,0.207707788,11.46262282,2.349067811,0.204932837,2.596158313,0.539213694,0.207696769,2.593217436,0.531021117,0.204773078,habitat_background_2024
Glossodoris vespa,high.yes,yes,2cm,animals_on_background,54_GlossodorisVespa_16_OI_D_RAW,0.268400787,0.529793337,1.973888907,2.235861402,10.18229211,0.912734159,1.756543368,1.924485187,2.57023975,14.46666813,0.137660163,0.342064869,2.484850101,3.927404803,25.30484773,0.134143018,0.334380814,2.492718744,4.026191431,26.70922684,0.464567994,1.136266015,2.445855137,4.445475668,35.49095789,0.450221211,1.106862636,2.458486203,4.540042737,36.47161452,1.52215432,0.38053858,1.011587928,0.168597988,0.533898721,0.385126519,0.043134105,0.026800727,0.274568284,0.205963623,0.015787907,1.522018078,1.5222904,0.38050452,0.3805726,1.011362041,1.011825816,0.16856034,0.168637636,0.533825201,0.533972122,0.331684247,0.331775534,0.042272598,0.043966122,0.030493234,0.031714853,0.27453243,0.274605118,0.18108874,0.181745193,0.016202882,0.015373078,3888.876486,60.71741658,64.04878049,0.486649573,0.030885464,0.012710262,0.411528945,0.106386884,0.014821895,0.139320702,2.749448546,0.653021666,0.237510052,21.35155466,8.449153547,0.395716082,4.987013174,2.572265968,0.515792896,0.030767953,0.012614663,0.409993583,0.030770634,0.012616499,0.410017534,0.106251748,0.014693962,0.138293833,0.106255276,0.014701204,0.138357404,2.743386725,0.647870928,0.236157346,2.743538372,0.648079848,0.236220442,21.35204751,8.449120544,0.395705402,21.3510624,8.449186472,0.395726747,4.987073331,2.572295046,0.515792505,4.986953089,2.572236923,0.515793286,0.339027941,0.014228383,0.041968173,0.128107631,0.014361779,0.112107129,0.212698797,0.00998737,0.04695546,14.1233584,0.705009742,0.049917996,2.221029596,0.236582003,0.106519068,0.33893272,0.013805008,0.040730821,0.339128266,0.014660397,0.043229653,0.128084874,0.014229959,0.111097891,0.128131607,0.01449932,0.113159586,0.212675212,0.009758931,0.045886547,0.212723646,0.010222459,0.048055116,14.11867861,0.67362398,0.047711546,14.12828905,0.736592493,0.052136001,2.220463634,0.23288906,0.104883078,2.221625897,0.240409748,0.108213425,habitat_background_2024
Glossodoris vespa,high.yes,yes,2cm,animals_on_background,54_GlossodorisVespa_14_MG_D_RAW,0.354384857,0.667786425,1.884353725,2.264174421,11.3358672,1.038001392,1.976580965,1.904218029,2.561830364,14.89022597,0.182660541,0.436840088,2.391540538,4.082782295,30.00420188,0.176818262,0.419814279,2.374269905,4.000860857,27.48137272,0.52996343,1.29295824,2.43971219,4.500715389,37.34238869,0.509906401,1.231453393,2.415057727,4.405067547,35.41697764,3.674475347,0.13609168,4.491365699,0.012795914,1.413577035,0.428897756,1.701484726,0.471205596,0.074443797,0.450051676,0.056111392,3.673696136,3.675253107,0.13606282,0.136120485,4.527668635,4.453909026,0.012899341,0.0126892,1.413111024,1.414040232,0.39134399,0.404415036,1.714774614,1.68712105,0.520285039,0.511894587,0.07448108,0.074404842,0.455814515,0.458154811,0.05694868,0.055274201,283.0316264,16.55966955,17.09162285,0.492096094,0.041412311,0.018556211,0.44808441,0.142963215,0.066727738,0.466747605,4.119890664,1.930836978,0.468662189,44.3365583,35.26167307,0.79531823,4.810925635,4.356257168,0.905492518,0.041339844,0.018477403,0.446963542,0.041358084,0.018544281,0.448383451,0.142381079,0.067074308,0.471090044,0.142414427,0.067096395,0.47113482,4.103553709,1.94154085,0.473136454,4.104407914,1.942047086,0.473161325,44.33552111,35.26004161,0.795300038,44.33759352,35.26330133,0.795336385,4.810804582,4.356363364,0.905537377,4.81104646,4.356151166,0.905447745,0.183839158,0.07051607,0.383574809,0.259700015,0.222206803,0.855628765,0.261587932,0.227529634,0.869801725,7.487281751,3.034976644,0.405350933,2.491009389,0.911648029,0.365975349,0.184660659,0.071728837,0.388435941,0.182992869,0.069350876,0.3789813,0.260465258,0.222485547,0.854185116,0.258911681,0.222290989,0.858559137,0.262418489,0.227821824,0.868162241,0.260732312,0.227608475,0.872958449,7.523822614,3.09566445,0.411448357,7.449638278,2.975692394,0.399441192,2.499934044,0.926888835,0.370765316,2.481815435,0.897092133,0.361466095,habitat_background_2024
Glossodoris vespa,high.yes,yes,2cm,animals_on_background,54_GlossodorisVespa_13_OI_D_RAW,0.291281602,0.495230809,1.700178814,3.092464013,15.6052427,1.040930309,1.898623064,1.82396751,4.078612513,27.05501523,0.150303744,0.336047228,2.235787471,4.736042299,33.52211048,0.145743071,0.321011976,2.202588256,4.788285191,34.77821834,0.52979312,1.287076325,2.429394188,6.064450309,57.15374932,0.513583115,1.228966992,2.392927172,6.031593255,55.78080904,3.0906926,0.280972055,4.961087043,0.090201583,1.349635838,0.562841861,1.852415408,0.525305168,0.185586819,0.544073515,0.042785509,3.090445442,3.090939184,0.280949586,0.280994471,4.949464448,4.972468496,0.089990263,0.090408518,1.349554545,1.349716867,0.382704643,0.382750674,1.853691877,1.85081597,0.773049556,0.77185021,0.185469924,0.185701495,0.5778771,0.577300442,0.043272798,0.042298204,500.5892504,22.10920568,22.641666,0.494050839,0.03612702,0.018563018,0.513826425,0.085788475,0.045441436,0.529691609,2.183463229,1.238849337,0.567378154,17.25155667,11.58787706,0.671700374,4.800969166,2.62169731,0.546076681,0.035902249,0.018498509,0.515246523,0.035901184,0.018501203,0.515336848,0.084836968,0.045249372,0.533368559,0.084847613,0.045263526,0.53346847,2.158586222,1.235572295,0.572398861,2.158754476,1.235889717,0.572501287,17.25145843,11.58770077,0.67169398,17.25165481,11.58805318,0.671706761,4.800888718,2.621682295,0.546082705,4.801049536,2.621712306,0.546070664,0.227463568,0.085831734,0.377342776,0.300066466,0.207443911,0.691326537,0.314854803,0.215331951,0.683908739,9.352960376,3.808757148,0.407224771,2.352700197,0.973242761,0.41367054,0.227628956,0.086363689,0.379405548,0.227294364,0.085283728,0.375212684,0.300987944,0.207434509,0.689178797,0.299123724,0.207449165,0.693522942,0.315745388,0.215339013,0.682002085,0.313943667,0.215320799,0.685858076,9.361931079,3.841027662,0.410281557,9.343782659,3.775433769,0.404058389,2.353366429,0.973866715,0.413818563,2.35201859,0.972603508,0.413518631,habitat_background_2024
Glossodoris vespa,high.yes,yes,2cm,animals_on_background,54_GlossodorisVespa_5_MG_D_RAW,0.189063183,0.425448937,2.250300292,2.975017144,15.65567485,1.080019951,1.965236272,1.819629601,2.410044404,12.97004862,0.094913847,0.261984078,2.760230329,4.954970694,39.13694564,0.096278784,0.267586527,2.77928861,4.969358733,39.1459978,0.535999421,1.209841476,2.257169373,4.241940009,32.79239476,0.545817733,1.241229624,2.274073468,4.271476852,32.96241095,2.702030489,0.386004356,3.27530182,0.155966753,1.190514306,0.611803328,1.304781663,0.525082768,0.270985554,0.568443048,0.039976444,2.701578816,2.702482324,0.385939831,0.386068903,3.282826194,3.267504406,0.156325057,0.155595448,1.190424206,1.19060439,0.479061942,0.479134454,1.302319855,1.306647565,0.669260015,0.671484018,0.271132444,0.270832176,0.574160978,0.575309236,0.039712198,0.040240666,576.7328351,24.18118,23.85048352,0.503442484,0.024771524,0.013363952,0.5394885,0.041987396,0.0429746,1.023511894,1.190019679,1.357871938,1.141049986,16.2038821,12.31727254,0.760143308,3.044292247,1.654660743,0.543528876,0.024693504,0.013355594,0.540854539,0.024693095,0.013355969,0.540878696,0.041544743,0.042652708,1.026669188,0.041541859,0.042654308,1.026778998,1.175527057,1.347259525,1.146089762,1.175458418,1.347276327,1.14617098,16.20318105,12.31705244,0.760162613,16.20458348,12.31749269,0.760123993,3.044298118,1.654665955,0.54352954,3.044286373,1.654655528,0.543528212,0.260469127,0.064762304,0.248637161,0.661232609,0.29028673,0.439008491,0.69629655,0.276626328,0.397282347,10.71613693,2.851703847,0.266113047,1.739340279,1.143455034,0.657407322,0.259810351,0.064162049,0.246957246,0.261119193,0.065342116,0.250238658,0.659015205,0.292132132,0.443285876,0.663420693,0.288435927,0.434770773,0.69399513,0.278733507,0.401636114,0.698567539,0.274510526,0.39296204,10.68596277,2.812036678,0.263152393,10.74591211,2.889976023,0.268937247,1.734288166,1.141158033,0.657997936,1.744325589,1.145693326,0.656811626,habitat_background_2024
Glossodoris vespa,high.yes,yes,2cm,animals_on_background,54_GlossodorisVespa_19_MG_D_RAW,0.362304398,0.670830378,1.851565651,1.756298157,7.72523136,1.566205548,3.024921056,1.931369136,2.227771459,11.77060558,0.186522614,0.434082531,2.327238085,3.367741892,20.25589542,0.18214707,0.419654491,2.303932158,3.407007731,21.23651073,0.799266148,1.961681457,2.454353235,4.083984737,30.85169892,0.770322031,1.889494745,2.452863437,4.110368571,30.52821449,5.71272314,0.571272314,6.381020308,0.141800451,1.810615935,0.78634051,2.073347615,0.661250658,0.356536383,0.723795584,0.071655635,5.713787588,5.711661312,0.571378759,0.571166131,6.425569512,6.333530474,0.142790434,0.140745122,1.810786521,1.810445357,0.577512314,0.577403507,2.076674404,2.069284526,0.901888235,0.898678851,0.357084596,0.355955626,0.739700274,0.738041179,0.07312526,0.070187606,167.9146249,12.67516499,13.24752972,0.488960161,0.060238686,0.043384823,0.720215292,0.132866682,0.067581694,0.508642895,3.709664709,1.792074785,0.483082684,19.47532642,12.30750346,0.631953642,5.706519451,3.659521999,0.641287922,0.060209743,0.043669227,0.725285055,0.060157694,0.043601274,0.72478299,0.132329059,0.068132605,0.514872589,0.132281595,0.06813663,0.515087755,3.692616658,1.807376846,0.489456939,3.691539995,1.807736599,0.489697146,19.47495184,12.30808314,0.631995562,19.47569941,12.3069262,0.631911899,5.70613683,3.659175419,0.641270185,5.706900449,3.659867032,0.641305568,0.236017132,0.080384598,0.340587978,0.231928714,0.228531465,0.985352188,0.219490274,0.248082142,1.130264852,9.714935552,3.674458022,0.37822773,2.192488179,0.811489524,0.370122645,0.236415743,0.080529682,0.340627411,0.235602288,0.080231128,0.340536284,0.234500011,0.230332933,0.982229948,0.229252705,0.226609042,0.988468346,0.222235077,0.249943375,1.12468013,0.216633694,0.246096183,1.136001416,9.732424929,3.684624881,0.378592685,9.696733953,3.663754493,0.377833868,2.197191859,0.819308754,0.372889036,2.18759295,0.803240469,0.367180041,habitat_background_2024
Glossodoris vespa,high.yes,yes,2cm,animals_on_background,54_GlossodorisVespa_17_OI_D_RAW,0.301033992,0.528212648,1.754661144,2.334176779,10.68360487,1.115417301,2.022190735,1.812945463,2.645582108,14.03943421,0.150475514,0.339549722,2.256511468,4.021332727,25.81993503,0.155665976,0.351977122,2.261105037,3.995841129,25.55876972,0.550636459,1.298414664,2.35802523,4.492359445,34.28619421,0.567622798,1.342510409,2.365145326,4.400499251,32.01057739,2.310245583,0.385040931,1.580535739,0.105369049,0.917237292,0.51191988,0.597531311,0.333488575,0.24520499,0.422704227,0.03429851,2.310192149,2.31029905,0.385032025,0.385049842,1.581956918,1.579158209,0.105463795,0.105277214,0.917196378,0.917278162,0.511897045,0.51194269,0.597757392,0.597271812,0.333614753,0.333343745,0.24524791,0.245163528,0.422755899,0.422643217,0.033725825,0.034870905,792.9758767,28.65086842,27.67720214,0.508642816,0.04787496,0.017386892,0.36317298,0.130421877,0.04014109,0.307778806,3.891412216,1.252704142,0.321915046,24.25230687,11.69849814,0.482366408,3.38300089,1.07922823,0.319015059,0.048011735,0.017348978,0.36134869,0.048010374,0.017350125,0.361382823,0.130690859,0.039880857,0.305154141,0.130687849,0.039884652,0.305190207,3.900401983,1.245581292,0.319346902,3.90030361,1.245684495,0.319381417,24.25220531,11.69836855,0.482363084,24.25240849,11.69862782,0.482369733,3.382996947,1.079222346,0.319013692,3.383004835,1.079234117,0.319016428,0.286081101,0.02560681,0.08950892,0.257413261,0.325337834,1.263873634,0.280986741,0.307348257,1.09381765,11.78234358,1.226972078,0.104136505,2.530171974,0.441551782,0.174514534,0.28602889,0.025196966,0.088092382,0.286131573,0.025996735,0.090855876,0.257837457,0.325636601,1.262953046,0.257003202,0.32504813,1.264762958,0.281377096,0.307628356,1.093295654,0.280609395,0.307076683,1.094320748,11.77970744,1.206511214,0.10242285,11.78489186,1.246425454,0.105764692,2.530036102,0.440958738,0.174289504,2.530303318,0.442124258,0.174731723,habitat_background_2024
Glossodoris vespa,high.yes,yes,2cm,animals_on_background,54_GlossodorisVespa_7_MG_D_RAW,0.243646681,0.450079003,1.847260967,2.631259196,14.05773927,1.354495468,2.588271649,1.91087509,3.197240717,20.06921893,0.123217829,0.287742598,2.335235097,4.489993431,34.43956521,0.125377513,0.288589702,2.301766034,4.380819343,32.65083453,0.672715479,1.642356479,2.441383512,5.247700454,47.47744836,0.684445286,1.66342551,2.43032649,5.174827834,45.22927398,6.922062349,0.532466335,9.267058765,0.118808446,2.090582471,0.815057991,2.648946429,0.677129563,0.32563739,0.746093777,0.054248338,6.922806957,6.921315403,0.532523612,0.532408877,9.273779419,9.258921031,0.118894608,0.118704116,2.090582091,2.090582422,0.537173336,0.534399317,2.651849613,2.64511722,1.033879911,1.031255144,0.32570911,0.325556496,0.785526623,0.782827231,0.053693765,0.054802528,303.9693572,17.62413634,17.24733351,0.505402738,0.059230419,0.048861042,0.824931565,0.102358579,0.073001815,0.713196839,2.667043834,1.902252149,0.713243676,22.04600473,15.21389755,0.690097718,4.219517903,2.84685053,0.674686207,0.059211094,0.049052314,0.828431127,0.059194501,0.049023784,0.828181382,0.102420182,0.073466819,0.717308032,0.102429703,0.073484753,0.717416441,2.667440233,1.914485462,0.717723845,2.667620261,1.915011957,0.717872774,22.04667414,15.21448542,0.690103429,22.045335,15.21330934,0.690092001,4.219368745,2.846671967,0.674667738,4.219667133,2.84702916,0.674704679,0.269278584,0.094635973,0.351442629,0.373056227,0.316542533,0.848511593,0.368681953,0.323904751,0.878547888,11.17898903,4.325566389,0.386937171,2.069198648,1.159566419,0.560393957,0.269127941,0.09448778,0.351088705,0.269426076,0.094799811,0.351858335,0.373290228,0.316202035,0.84706754,0.372827118,0.316939715,0.850098342,0.368798525,0.32368901,0.877685208,0.368567819,0.324181705,0.879571381,11.17193645,4.320663873,0.386742611,11.18589416,4.33122856,0.3872045,2.069770663,1.161356081,0.56110375,2.068638594,1.158048707,0.559811999,habitat_background_2024
Glossodoris vespa,high.yes,yes,2cm,animals_on_background,54_GlossodorisVespa_18_MG_D_RAW,0.244056132,0.489587963,2.006046558,2.651244365,14.01378996,1.129347715,2.157927824,1.910773621,2.866393739,18.04209483,0.120759063,0.30851957,2.554835746,4.528082564,33.6785397,0.126846002,0.323147681,2.547559044,4.510661885,34.97376535,0.55025821,1.352223474,2.457434435,4.815188805,41.43874564,0.581679863,1.428650903,2.456077637,4.828663049,43.06866727,2.110384703,0.234487189,2.836243928,0.078784554,1.035066964,0.471079276,1.45944788,0.472153942,0.156635871,0.471616609,0.035765333,2.112226931,2.108538387,0.234691881,0.234282043,2.84953402,2.823722428,0.079153723,0.078436734,1.035797914,1.034333142,0.335096632,0.334622755,1.45963305,1.4587637,0.664307629,0.663911971,0.156922802,0.156359389,0.49970213,0.499267363,0.034490676,0.037039966,727.7671579,27.99334289,25.99786531,0.518479653,0.029656594,0.017872775,0.602657686,0.067908092,0.045735521,0.673491481,1.864119263,1.320830227,0.708554572,24.23072225,12.69909604,0.524090694,4.282842919,2.278631057,0.532037037,0.029374282,0.017744327,0.604076958,0.029350403,0.017707294,0.603306683,0.066904549,0.045409371,0.678718738,0.066831703,0.045382275,0.679053099,1.834197001,1.311131965,0.714826141,1.832068952,1.310417617,0.715266538,24.22622545,12.69899047,0.524183616,24.23523086,12.69920008,0.523997488,4.282714392,2.278655331,0.532058672,4.282971783,2.278606711,0.532015345,0.24604242,0.08899737,0.361715552,0.333550081,0.24452707,0.733104514,0.353520244,0.264747415,0.748888979,10.14983899,3.970647432,0.391202997,2.196096873,0.696275471,0.317051347,0.245418995,0.088339449,0.359953591,0.246622926,0.089601568,0.363314027,0.331770535,0.244935731,0.738268488,0.335207117,0.244133711,0.728307061,0.351696075,0.265087344,0.753739842,0.35521883,0.264418641,0.744382387,10.12033124,3.926942183,0.388025065,10.17731531,4.010711201,0.394083418,2.195447758,0.701709337,0.319620148,2.196701301,0.69117671,0.31464301,habitat_background_2024
Glossodoris vespa,high.yes,yes,2cm,animals_on_background,54_GlossodorisVespa_6_MG_D_RAW,0.309151186,0.581556068,1.881138076,1.581256686,7.228151166,1.163831573,2.234302907,1.919782002,1.733674211,8.615317948,0.156574823,0.364475968,2.327806996,3.17544324,19.80172354,0.158045107,0.367238077,2.323628265,3.173693413,19.89554443,0.58086939,1.394588613,2.400864355,3.367975867,22.40648202,0.585764113,1.409459366,2.406189342,3.435753346,23.76158633,3.16178242,0.351309158,2.798928491,0.077748014,1.22929396,0.559475792,1.210780737,0.404168539,0.214528586,0.481822165,0.049218565,3.161609837,3.161954932,0.351289982,0.351328326,2.794871241,2.802818616,0.077635312,0.077856073,1.229283568,1.229304292,0.410344936,0.417500346,1.207441675,1.213971212,0.549530388,0.552502109,0.214462647,0.214592199,0.479937662,0.485001227,0.049139525,0.049297589,373.1683118,19.35021713,19.28496767,0.500844431,0.045168412,0.019255028,0.426294107,0.135232341,0.04732622,0.349962291,4.01891747,1.476711845,0.367440202,19.45972968,14.57940275,0.749208904,3.992843356,2.168601662,0.543122149,0.045182917,0.01922285,0.425445092,0.045180147,0.019215402,0.425306319,0.134987525,0.047466819,0.351638562,0.134980322,0.047469132,0.351674463,4.014379111,1.482908952,0.369399329,4.0141146,1.48294627,0.369432968,19.45935964,14.57922058,0.74921379,19.46009971,14.57958491,0.749204019,3.992824967,2.168557419,0.543113569,3.992861744,2.168645902,0.543130727,0.223874392,0.054262361,0.242378598,0.203033836,0.206882836,1.018957433,0.224706772,0.194910337,0.86739859,9.147118484,2.422841625,0.264874849,2.204376309,0.670047399,0.303962348,0.22369487,0.05368767,0.240004029,0.224053302,0.054904586,0.245051446,0.203554257,0.206896283,1.016418356,0.202515187,0.207155181,1.022911834,0.225114531,0.194906256,0.865809306,0.224300401,0.195184036,0.870190315,9.138598177,2.394423237,0.262012093,9.155609788,2.454205969,0.268054889,2.204511693,0.667768921,0.302910129,2.204241386,0.673243528,0.305430944,habitat_background_2024
Glossodoris vespa,high.yes,yes,2cm,animals_on_background,54_GlossodorisVespa_9_MG_D_RAW,0.37861102,0.751981301,1.986157989,2.621983605,13.96401128,0.924305188,1.729246786,1.870861279,2.129952934,10.82182134,0.189889658,0.470634118,2.478461033,4.541387795,34.7780084,0.194385888,0.49188974,2.530480709,4.543142574,34.68963323,0.455050541,1.070311249,2.352071148,3.872339402,27.76882892,0.471373368,1.130621899,2.398569746,3.873422401,27.35368623,1.624191782,0.162419178,2.260308746,0.050229083,0.758168994,0.329268611,1.122370546,0.381183157,0.106324131,0.355225884,0.022732295,1.624508235,1.623874958,0.162450823,0.162387496,2.227006404,2.291676859,0.049489031,0.050926152,0.758511749,0.757825388,0.262427055,0.257375138,1.109920896,1.133290618,0.48203252,0.492181862,0.105969927,0.106656824,0.372229788,0.3747785,0.022130096,0.023334554,1849.456438,44.18733234,41.85490141,0.513553989,0.04626045,0.013493334,0.291681854,0.203361857,0.07565316,0.372012537,5.930909669,2.224432076,0.375057487,11.64984345,6.981283665,0.599259869,7.508032952,5.25799875,0.700316419,0.046252021,0.013288331,0.287302715,0.046240724,0.013271841,0.287016282,0.204194331,0.074836565,0.366496779,0.204195725,0.074849428,0.366557272,5.956701531,2.201017981,0.369502815,5.956846153,2.201323137,0.369545071,11.64916016,6.981267264,0.599293612,11.65052765,6.981300012,0.59922608,7.507983856,5.257995376,0.700320549,7.508082114,5.258002128,0.700312283,0.278505509,0.056687937,0.203543323,0.471095801,0.313930583,0.666383743,0.48603662,0.298251383,0.613639737,11.48051377,2.445857319,0.213044239,4.250114005,2.242899646,0.527726937,0.279151441,0.056876698,0.203748537,0.277892859,0.056584858,0.203621132,0.475866195,0.312904327,0.657546869,0.466571192,0.315285246,0.675749492,0.490435433,0.297261509,0.606117521,0.481864446,0.299556222,0.621660769,11.50864317,2.453832676,0.213216505,11.45383368,2.441564615,0.213165712,4.278793012,2.2279316,0.520691605,4.222912629,2.259866527,0.535144041,habitat_background_2024
Glossodoris vespa,high.yes,yes,2cm,animals_on_background,54_GlossodorisVespa_8_MG_D_RAW,0.124910463,0.301282502,2.411987716,4.42471763,29.70309193,0.960857591,1.780974776,1.853526259,4.522120406,37.04531032,0.062619515,0.190501964,3.042214009,6.805420889,69.38493521,0.063947124,0.195199554,3.052514989,6.631874198,63.68598927,0.478133768,1.165934505,2.438511109,7.125353459,88.04430307,0.484725705,1.166437574,2.406386875,6.770634072,77.50521308,3.236581307,0.647316261,2.876784818,0.287678482,1.25916409,0.782362637,1.126142433,0.541560035,0.467497372,0.661961336,0.028574734,3.236378385,3.236784133,0.647275677,0.647356827,2.879276448,2.874277353,0.287927645,0.287427735,1.259135814,1.259192328,0.605516332,0.64709685,1.126412231,1.12581993,0.69987927,0.699511252,0.467601661,0.467392281,0.652697801,0.673304051,0.028465447,0.028684025,1155.741428,34.13031079,33.86261071,0.501968588,0.024617039,0.016876741,0.6855715,0.038375818,0.048040478,1.251842445,1.123283679,1.434548081,1.277102221,25.51643042,14.22485121,0.557478102,2.282687655,1.18665255,0.519848849,0.024552528,0.016834675,0.685659536,0.024549597,0.016834185,0.685721432,0.03822274,0.048003934,1.255899868,0.038213244,0.048001131,1.256138627,1.118794057,1.433515515,1.281304193,1.118512894,1.433429683,1.281549538,25.51544779,14.22414715,0.557471978,25.5174133,14.22555533,0.557484223,2.282722812,1.186650434,0.519839916,2.282652489,1.186654665,0.519857784,0.336905566,0.058063878,0.172344668,0.711745717,0.351228927,0.493475295,0.724970924,0.344548782,0.475258759,14.07866522,2.695121993,0.191433062,1.573152415,1.165481739,0.740857484,0.336914395,0.058197343,0.17273629,0.336896805,0.058531459,0.173737056,0.711525174,0.351538732,0.49406366,0.711964586,0.35455763,0.49799897,0.724756148,0.344813577,0.475764956,0.72518407,0.347853465,0.479676098,14.07941439,2.702971688,0.191980406,14.07792173,2.715157443,0.192866355,1.570691133,1.165286688,0.74189423,1.575595026,1.177749205,0.747494873,habitat_background_2024
Hypselodoris bennetti,medium.yes,yes,2cm,animals_on_background,73_HypselodorisBennetti_24_NF_D_RAW,0.233548677,0.437036848,1.871288049,2.319424085,12.37382235,0.975909758,1.915416862,1.96269875,2.962906707,18.97569832,0.11812825,0.277612821,2.350096793,4.143430413,31.29077501,0.118962254,0.281314057,2.364733745,4.095726284,30.15300848,0.483144046,1.20904417,2.50245073,5.108801367,47.80404847,0.494799086,1.234405227,2.494760523,4.966560957,44.65741081,5.378568608,0.537856861,4.95179498,0.110039888,1.831024996,0.795204052,1.876723921,0.598541662,0.323948375,0.696872857,0.050584277,5.376801906,5.380334561,0.537680191,0.538033456,4.976970113,4.926774789,0.110599336,0.109483884,1.830708974,1.831340345,0.583866162,0.592466902,1.887161291,1.865929544,0.819583735,0.810362905,0.324139763,0.32375867,0.701724949,0.701414903,0.049991483,0.051177117,352.3228561,19.00340745,18.53998326,0.506171848,0.040552566,0.020788308,0.512626207,0.105547068,0.084693,0.802419258,3.122680838,2.557262373,0.818931715,16.96202016,11.71377187,0.690588253,4.496631022,2.403959948,0.534613566,0.040634263,0.020895884,0.51424297,0.040642262,0.020892838,0.51406681,0.106047602,0.085541473,0.806632795,0.106171018,0.085673308,0.806936853,3.139007532,2.582739325,0.822788508,3.142742411,2.586652768,0.823055927,16.96300369,11.71441466,0.690586106,16.96103533,11.71312809,0.690590395,4.496123034,2.403882519,0.534656748,4.497139685,2.404037357,0.53457031,0.20144129,0.064346014,0.319428125,0.35834939,0.291118135,0.812386299,0.36532294,0.318818148,0.872702242,8.210251195,2.766027489,0.336899252,1.970167448,0.918941652,0.466428198,0.200934362,0.064572266,0.321359998,0.201936513,0.064186512,0.317854909,0.359417501,0.290575315,0.808461787,0.357305944,0.291945247,0.81707358,0.366611442,0.318198665,0.867945264,0.364064192,0.319747408,0.878272061,8.188920971,2.771320941,0.338423212,8.231088858,2.763536473,0.33574373,1.984302003,0.939741598,0.47358799,1.956359291,0.898861474,0.459456235,habitat_background_2024
Hypselodoris bennetti,medium.yes,yes,2cm,animals_on_background,73_HypselodorisBennetti_16_NL_D_RAW,0.242199679,0.485323361,2.003815046,2.886884467,15.61116438,0.959620404,1.759668171,1.833712751,2.498554123,13.36030274,0.121432557,0.308487088,2.540398523,4.827535561,37.76332417,0.123962617,0.315257113,2.543162783,4.774408732,36.78891739,0.476588367,1.125069432,2.360673298,4.448837682,35.04811089,0.485220786,1.139865581,2.349168901,4.243934108,31.13964374,2.545805435,0.424300906,3.594567167,0.239637811,1.189013689,0.663601175,1.440837179,0.740443838,0.331969358,0.702022506,0.033096675,2.546425256,2.545185905,0.424404209,0.424197651,3.579098728,3.609243119,0.238606582,0.240616208,1.189176925,1.188850376,0.61111605,0.610948238,1.439270938,1.442198969,0.803272405,0.80490657,0.331505396,0.332406929,0.707194228,0.707927404,0.033074399,0.033118942,853.4885385,29.23486541,29.19420105,0.500347981,0.041159934,0.021678354,0.526685838,0.121491507,0.061124972,0.50312136,3.440631457,1.670274165,0.485455704,22.22107769,12.94895983,0.582733206,3.18066795,1.216760194,0.382548639,0.041123349,0.021547413,0.523970294,0.041115939,0.021543058,0.523958789,0.121738433,0.060435894,0.496440545,0.121724979,0.0604179,0.496347587,3.448160521,1.650410165,0.478634958,3.447878375,1.650033731,0.478564947,22.22151395,12.94922721,0.582733797,22.22064157,12.94869253,0.582732613,3.180714723,1.216901207,0.382587347,3.180621195,1.216619214,0.382509937,0.268668027,0.075868747,0.282388445,0.421698722,0.35625738,0.844814939,0.410334812,0.36953034,0.900558104,11.08291039,3.32804975,0.300286625,2.077164481,1.020366044,0.491230258,0.269360535,0.075883382,0.281716778,0.267976733,0.075846777,0.283034934,0.423906405,0.356780876,0.841650118,0.419494908,0.355718091,0.847967602,0.412871956,0.369772697,0.895611077,0.407802114,0.369267966,0.905507729,11.11298419,3.329929567,0.299643148,11.05288929,3.325855754,0.300903743,2.084710423,1.019541457,0.489056632,2.069631764,1.021123637,0.493384212,habitat_background_2024
Hypselodoris bennetti,medium.yes,yes,2cm,animals_on_background,73_HypselodorisBennetti_18_NL_D_RAW,0.219142248,0.399276333,1.821996152,2.961550338,19.5222291,0.836545554,1.629742657,1.948181602,4.746571069,45.61491342,0.115288121,0.263114762,2.282236532,5.37536809,55.07023921,0.106506883,0.230025596,2.159725167,4.630902599,40.99545376,0.435015466,1.09773622,2.523441823,8.335214742,126.9482753,0.402620992,0.971498969,2.412936702,7.301609669,95.56744089,3.095264616,0.442180659,2.562245449,0.122011688,1.239219138,0.636832661,1.171165776,0.422408764,0.282096174,0.529620713,0.027517984,3.094594654,3.09593168,0.442084951,0.442275954,2.592681874,2.528686262,0.123461042,0.120413632,1.238581005,1.239847603,0.446723669,0.457837747,1.2033518,1.128065255,0.618400495,0.579710865,0.282772996,0.281344793,0.532562082,0.518774306,0.02879765,0.026238829,1251.585956,33.72505526,37.11145752,0.476097057,0.042684175,0.02761525,0.646966932,0.09225357,0.05390722,0.584337493,2.717556356,1.671771718,0.615174627,23.4265541,11.56547556,0.493690857,3.387873159,1.483732588,0.437953996,0.042629319,0.027566289,0.646650924,0.042673323,0.027696744,0.649041189,0.092149376,0.05393899,0.585342973,0.092139075,0.053931526,0.585327409,2.714450749,1.67281939,0.61626441,2.71390531,1.672571403,0.61629689,23.42648806,11.56440642,0.49364661,23.42661994,11.56654137,0.493734965,3.387930198,1.483640857,0.437919547,3.387816293,1.483824033,0.43798834,0.284220893,0.060708275,0.213595399,0.404007328,0.333078438,0.824436626,0.416015042,0.362139788,0.870496862,11.76342038,3.010347657,0.255907513,2.874838214,0.841529784,0.292722484,0.285585979,0.066937633,0.234386973,0.282723283,0.053114154,0.187866218,0.401607737,0.331307808,0.824953749,0.406639875,0.33573602,0.82563477,0.413978303,0.360079957,0.869803937,0.418249511,0.365184652,0.873126311,11.84374658,3.388677664,0.286115347,11.67529599,2.533557813,0.217001592,2.904435263,0.873355742,0.300697266,2.842367839,0.805624522,0.283434294,habitat_background_2024
Hypselodoris bennetti,medium.yes,yes,2cm,animals_on_background,73_HypselodorisBennetti_21_NF_D_RAW,0.233274124,0.491606996,2.107421891,6.652924944,82.28737372,0.871963846,1.999921618,2.293583188,11.52957501,238.2562545,0.117086609,0.316071149,2.699464535,9.803784701,174.3504008,0.120079707,0.325372591,2.709638457,9.874321626,181.2995232,0.410219185,1.022008419,2.491371581,9.680870885,222.5023818,0.46340518,1.60833173,3.470681383,18.56582362,504.9344267,5.269130452,0.18818323,6.930049573,0.018333464,1.995828076,0.598951256,2.432548758,0.540589255,0.103258347,0.569770255,0.041796824,5.27905569,5.259190994,0.188537703,0.18782825,6.643720724,7.207750476,0.017575981,0.019068123,1.999390634,1.991952197,0.448862763,0.448370147,2.352142845,2.488815637,0.705881898,0.746897626,0.103056842,0.103448186,0.577372331,0.597633886,0.0403715,0.043222028,526.179934,23.7699491,22.13635089,0.517792745,0.074171333,0.052799728,0.711861654,0.121051971,0.08862428,0.732117617,3.315081522,2.449582419,0.738920718,30.41217603,24.64575397,0.810391007,6.902963876,6.364483974,0.921992942,0.07425356,0.053081638,0.714869944,0.074338286,0.053033634,0.713409417,0.120674735,0.087806453,0.727629135,0.120802215,0.087741291,0.72632187,3.303927941,2.427258883,0.734658542,3.307341754,2.42529548,0.733306583,30.432458,24.66136693,0.810363952,30.39183536,24.63006848,0.810417278,6.90298805,6.364800775,0.922035607,6.902939631,6.364166241,0.921950152,0.215469398,0.092998962,0.431610999,0.196509621,0.249685227,1.270600527,0.199955994,0.254492339,1.27274174,8.958925285,5.166341264,0.576669757,2.130740928,1.749944765,0.821284625,0.209723653,0.072834912,0.347289924,0.220835751,0.108267854,0.490264159,0.190931101,0.24314098,1.273448795,0.20171979,0.255675867,1.267480332,0.194447636,0.248419216,1.277563567,0.205100634,0.260073696,1.268029703,8.590129888,3.416562853,0.397731222,9.303369099,6.364090383,0.684062979,2.152938276,1.766401001,0.820460587,2.110009273,1.735187223,0.822359999,habitat_background_2024
Hypselodoris bennetti,medium.yes,yes,2cm,animals_on_background,73_HypselodorisBennetti_22_NF_D_RAW,0.223203717,0.428072891,1.917857361,2.660482261,17.07576904,1.152686216,2.22519898,1.930446421,3.012289267,19.92673552,0.113308546,0.277156941,2.446037404,4.784342227,45.87798552,0.113198747,0.272415717,2.406525906,4.448916497,39.66586621,0.576623842,1.423752882,2.469118995,5.032857502,46.85420743,0.578589364,1.434209336,2.478803491,5.227534273,51.3005722,2.411822987,0.200985249,2.48652584,0.037674634,1.071375817,0.431153346,1.174177926,0.374479379,0.119329941,0.402816363,0.038730803,2.411143852,2.41250185,0.200928654,0.201041821,2.496008457,2.476638634,0.03781831,0.037524828,1.071229137,1.071521404,0.34655918,0.351950569,1.175731056,1.171773937,0.473148984,0.471556522,0.119373482,0.119283324,0.409854082,0.411753545,0.038741934,0.038719673,615.9948406,24.81182453,24.8266644,0.499850521,0.032718229,0.015505075,0.47389714,0.065174498,0.041558588,0.637651068,1.847989187,1.241397452,0.671755799,20.96170003,13.78131736,0.657452275,4.261909199,2.53135249,0.593948011,0.03283407,0.015379029,0.468386324,0.03282239,0.015354471,0.467804777,0.065767944,0.041447539,0.630208834,0.065742337,0.041461232,0.630662571,1.866478878,1.237948673,0.663253513,1.865701204,1.238166318,0.663646631,20.95963429,13.780203,0.657463905,20.96376541,13.7824311,0.657440628,4.26193926,2.531209975,0.593910382,4.261879143,2.531494973,0.593985631,0.262595513,0.068251291,0.259910349,0.564263792,0.155729948,0.275987845,0.60005579,0.158960918,0.264910232,10.82349767,3.087689351,0.285276483,1.724898274,0.906701432,0.525655017,0.262248337,0.06827012,0.260326226,0.262942836,0.068449483,0.260320775,0.564077499,0.155454151,0.275590059,0.564450164,0.156504275,0.277268543,0.599545084,0.158864222,0.264974605,0.600566713,0.15956554,0.265691615,10.80860347,3.090796524,0.285957065,10.8383982,3.094406792,0.285504069,1.720664074,0.916341108,0.532550846,1.729134277,0.899849931,0.520404889,habitat_background_2024
Hypselodoris bennetti,medium.yes,yes,2cm,animals_on_background,73_HypselodorisBennetti_20_NP_D_RAW,0.192775711,0.400889725,2.079565536,5.717299507,51.11379804,0.497441283,0.849743977,1.708229705,5.924796925,84.63531377,0.098452456,0.253695654,2.576834173,8.082448106,102.0863071,0.096968658,0.256453093,2.64470085,8.587267351,115.3165408,0.252301583,0.550957959,2.183727716,8.736853173,173.8368032,0.246103037,0.529873633,2.153056049,8.480423202,178.4672003,4.796691039,0.685241577,3.99882322,0.190420153,1.627388179,0.836312087,1.58646795,0.618518235,0.437830865,0.727415161,0.020134251,4.797422382,4.7959588,0.685346055,0.685136971,3.959755338,4.037919032,0.188559778,0.192281859,1.627511703,1.62726456,0.634520014,0.63442366,1.581138534,1.591145136,0.812544472,0.817686848,0.436952916,0.438709415,0.723532243,0.726055254,0.020472325,0.01979621,2369.102519,47.84642993,49.5147187,0.491432472,0.042147241,0.02197697,0.521433188,0.145828397,0.126191084,0.865339583,4.282696796,3.738756684,0.872991216,19.74213441,16.59390571,0.840532506,5.535855045,2.812118398,0.507982665,0.042192887,0.022007713,0.521597705,0.042187525,0.021995691,0.521379032,0.145782649,0.126380117,0.866907815,0.145761598,0.126351438,0.866836257,4.281746051,3.744388239,0.874500308,4.281079547,3.743528839,0.874435711,19.74272541,16.59372858,0.840498373,19.74154388,16.59408267,0.840566613,5.536009026,2.812263174,0.507994687,5.535701186,2.81197372,0.507970648,0.220397458,0.134141336,0.608633771,0.481686992,0.370954247,0.770114728,0.486469697,0.384221849,0.789816613,9.105834555,5.620259759,0.617215229,3.602225516,1.444110333,0.400893927,0.22107741,0.133452295,0.603645098,0.219694354,0.134846229,0.613790142,0.486099153,0.370933901,0.763082796,0.477124604,0.370915495,0.777397543,0.491077533,0.38413411,0.782227008,0.481704972,0.384249607,0.797686611,9.133292863,5.591972225,0.612262446,9.077441336,5.649209432,0.622334998,3.600799143,1.445696102,0.401493125,3.603700455,1.442467132,0.400273871,habitat_background_2024
Hypselodoris bennetti,medium.yes,yes,2cm,animals_on_background,73_HypselodorisBennetti_19_NL_D_RAW,0.230858034,0.41378025,1.792358022,2.60819841,15.68054895,0.981560111,1.707117016,1.73918744,2.524654704,13.4325251,0.113780056,0.255650374,2.246882116,4.170667344,31.01357266,0.120635931,0.277495302,2.300270741,4.728967783,46.0898251,0.476865626,1.059120196,2.221003441,4.284278832,32.36255279,0.506872561,1.136745119,2.24266454,4.288193704,31.788039,3.124594669,0.446370667,2.808402043,0.133733431,1.25904995,0.647023682,1.237006302,0.497807957,0.290052049,0.57241582,0.043243901,3.124456718,3.124732403,0.44635096,0.446390343,2.814506726,2.802285003,0.13402413,0.133442143,1.259058776,1.259040803,0.506682525,0.506675292,1.227805911,1.244183265,0.630967422,0.639383717,0.290187545,0.289916243,0.568824974,0.573029505,0.041751246,0.044736231,490.086496,22.95138077,21.35324672,0.518035746,0.037857487,0.014921347,0.394145195,0.085650553,0.048959295,0.571616794,2.528810419,1.435664398,0.567723222,13.49789286,9.301787011,0.689128822,4.254269306,3.208470889,0.754176724,0.038009925,0.014923263,0.392614907,0.038007033,0.014928096,0.392771932,0.086146742,0.048839125,0.566929448,0.086130552,0.048844926,0.567103367,2.542912789,1.430928403,0.562712339,2.542423338,1.431083342,0.56288161,13.49677554,9.300895096,0.689119788,13.49901343,9.302681276,0.689137864,4.254244233,3.208371719,0.754157858,4.254294451,3.208570345,0.754195644,0.215238537,0.045699851,0.21232188,0.421004122,0.303492816,0.720878492,0.414943992,0.337441451,0.813221681,8.768695167,1.987646684,0.226675309,1.823121823,0.79711734,0.437226591,0.21461892,0.044787223,0.208682546,0.215816684,0.046527143,0.215586405,0.422586768,0.303434701,0.718041179,0.419527398,0.303538914,0.723525841,0.416783685,0.337380867,0.809486741,0.413227425,0.337488104,0.816712742,8.741555464,1.943879489,0.222372265,8.794018474,2.027275399,0.230528899,1.815871422,0.787032727,0.433418753,1.829886972,0.806349151,0.440655168,habitat_background_2024
Hypselodoris bennetti,medium.yes,yes,2cm,animals_on_background,73_HypselodorisBennetti_23_NF_D_RAW,0.159588192,0.335419598,2.101782059,3.769336845,20.57473659,0.95548661,1.666717507,1.744365112,3.808733473,23.11729935,0.07876736,0.211263933,2.682125342,5.724053633,45.42284844,0.082762003,0.223533242,2.7009163,5.733503821,46.14178375,0.467323676,1.078459765,2.307736201,5.765125539,50.2127287,0.490371192,1.128142734,2.300589334,5.657549201,47.94904583,3.268200024,0.544700004,2.653106714,0.176873781,1.372556717,0.766038489,1.295341799,0.562559796,0.360786892,0.664299143,0.037292222,3.26904055,3.267358159,0.544840092,0.544559693,2.652821198,2.653205674,0.176854747,0.176880378,1.372789794,1.372322983,0.596195033,0.595992299,1.296209752,1.294050654,0.723428437,0.722223421,0.360847419,0.360720036,0.659811735,0.65910786,0.036466697,0.038117601,666.7556574,26.42228032,25.23459933,0.511495865,0.027182152,0.020362297,0.749105386,0.043753765,0.043561483,0.995605359,1.217520567,1.230594782,1.010738393,21.10306218,11.15095947,0.528404806,1.835048092,0.809665092,0.441222819,0.027151129,0.020342752,0.749241495,0.027147577,0.020342586,0.749333399,0.043772707,0.043538436,0.994648006,0.04376713,0.043532194,0.994632121,1.217953884,1.229750208,1.009685362,1.217776981,1.229546009,1.009664355,21.10306887,11.15134125,0.52842273,21.10305548,11.15057708,0.528386853,1.835063065,0.809694557,0.441235275,1.835033095,0.809635581,0.441210343,0.264282728,0.043447755,0.16439877,0.72034556,0.319296748,0.443254968,0.73085713,0.320925677,0.439108635,10.85096443,1.913585357,0.176351639,1.510310368,0.893638483,0.591691948,0.264040778,0.043287131,0.163941083,0.264514157,0.043599446,0.164828404,0.720374222,0.319516189,0.443541953,0.720318144,0.319086705,0.442980241,0.730838203,0.321244871,0.439556758,0.730875235,0.320620063,0.43867961,10.84024174,1.904050311,0.175646481,10.86122091,1.922599407,0.177015036,1.507737773,0.895558992,0.593975298,1.512771109,0.89178989,0.589507484,habitat_background_2024
Hypselodoris bennetti,medium.yes,yes,2cm,animals_on_background,73_HypselodorisBennetti_13_NL_N_RAW,0.208591279,0.382246214,1.832512922,3.318957456,18.06240536,0.881162468,1.542870898,1.750949404,4.091124213,37.11027757,0.108441973,0.253853369,2.340914346,5.063416665,38.67040953,0.103262,0.243067752,2.353893526,5.226009596,41.77419154,0.455115893,1.018430368,2.237738528,5.929152862,73.49302488,0.42801489,0.979984841,2.289604555,6.434322844,84.97832637,3.9467121,0.438523567,3.75676905,0.104354696,1.499425992,0.682418178,1.525363495,0.50101897,0.271439131,0.591718574,0.045809588,3.946162387,3.94725627,0.438462487,0.43858403,3.766261168,3.745892347,0.104618366,0.104052565,1.499416749,1.49943464,0.492496534,0.492502411,1.524411684,1.525947803,0.693789656,0.694488774,0.271540427,0.271318298,0.593143095,0.593495592,0.047622345,0.043996986,434.5449976,19.99854575,21.72882984,0.479266799,0.035796845,0.016859962,0.470990164,0.087133845,0.053073741,0.609105925,2.529632063,1.494715035,0.590882388,28.46143844,18.36961257,0.645421088,2.728685868,1.085474966,0.397801366,0.035846522,0.01683835,0.469734546,0.035838988,0.016849595,0.470147066,0.087055141,0.053074224,0.609662148,0.08704275,0.053071975,0.609723097,2.527545095,1.494939554,0.591459103,2.527216823,1.494887167,0.591515201,28.46190589,18.36975754,0.645415582,28.4609728,18.36946815,0.645426573,2.728689134,1.085437653,0.397787216,2.728682615,1.085512132,0.397815461,0.199985865,0.072826828,0.364159878,0.394876139,0.336686845,0.852639122,0.382121181,0.341351803,0.893307727,8.165505989,3.18041531,0.389493966,1.683308621,0.705896134,0.419350394,0.200091946,0.072355772,0.361612616,0.199871053,0.073333065,0.36690188,0.396493463,0.336158243,0.847827958,0.393125697,0.337248844,0.857865173,0.383724513,0.340782853,0.888092476,0.380385881,0.341957622,0.89897559,8.168752904,3.154888007,0.386214156,8.161991826,3.207810927,0.39301815,1.687962952,0.704460188,0.417343394,1.6782712,0.707410754,0.421511585,habitat_background_2024
Hypselodoris bennetti,medium.yes,yes,2cm,animals_on_background,73_HypselodorisBennetti_12_NL_N_RAW,0.185852588,0.380416589,2.046872708,2.818226648,14.72461673,0.805253254,1.537850331,1.909772265,3.44564114,31.98029346,0.091237981,0.235641584,2.582713718,4.900564094,39.52689285,0.097206556,0.251511585,2.587393244,4.614697838,33.52228387,0.38863499,0.944937924,2.431427812,5.903384276,81.80281384,0.418350888,1.015513265,2.427419886,5.412775659,64.99241161,3.467345788,0.385260643,3.456351441,0.096009762,1.392095242,0.633569848,1.471575611,0.483351869,0.240635203,0.558460859,0.041383142,3.468464323,3.46622005,0.385384925,0.385135561,3.46375257,3.448857862,0.096215349,0.095801607,1.392224979,1.39196426,0.457288461,0.464649085,1.474709729,1.468028393,0.671169322,0.668128515,0.240800137,0.240468584,0.564228891,0.5663888,0.039758215,0.043008003,537.418663,24.15203449,22.25148624,0.520478492,0.031648393,0.013811881,0.436416504,0.074035015,0.052591264,0.710356635,2.149268524,1.520615324,0.707503649,24.34356709,15.35329732,0.630692177,2.785456689,1.144813811,0.410996809,0.031677373,0.013773213,0.434796574,0.031686342,0.013788766,0.435164341,0.073991994,0.05267689,0.711926898,0.074004141,0.052686935,0.711945778,2.146667019,1.522110968,0.709057788,2.14687984,1.52228612,0.709069084,24.34389354,15.3537254,0.630701304,24.34323953,15.35286779,0.630683018,2.785551868,1.144867865,0.411002171,2.785361191,1.144759564,0.410991425,0.198136182,0.070105661,0.353825636,0.463365155,0.33411835,0.721069218,0.455019645,0.352148494,0.77391932,8.085195853,3.084537015,0.381504304,1.683707683,0.808064409,0.479931533,0.198055652,0.070323432,0.355069047,0.198210624,0.069991207,0.353115315,0.462436355,0.335576357,0.725670363,0.464223738,0.333179199,0.717712541,0.453895521,0.353582207,0.778994704,0.456058785,0.351253936,0.770194429,8.082817351,3.104646464,0.384104493,8.087394541,3.06966828,0.379562078,1.673966591,0.807459623,0.482363046,1.692712352,0.80952601,0.478241923,habitat_background_2024
Phyllidia ocellata,medium.yes,yes,2cm,animals_on_background,104_PhyllidiaOcellata_13_OI_D_RAW,0.238938833,0.559712258,2.342491807,2.589677269,12.6542124,1.195360351,2.433491862,2.035780976,2.343006612,13.85388,0.120892814,0.356979844,2.952862404,4.569059381,32.90749782,0.120029044,0.352017904,2.932772713,4.514710924,32.17539853,0.599797569,1.542989867,2.572517706,4.417555451,38.11034238,0.598472539,1.529099897,2.555004276,4.278166769,35.3284046,2.067047901,0.41340958,2.539966403,0.25399664,0.978097134,0.607725918,1.113085604,0.535281027,0.33370311,0.571503473,0.033836082,2.06688382,2.067211862,0.413376764,0.413442372,2.558886729,2.520851303,0.255888673,0.25208513,0.978021076,0.978173114,0.470328719,0.470401834,1.120608267,1.105216948,0.696273064,0.6867099,0.334632718,0.332763751,0.583300891,0.578555867,0.034080312,0.033591906,815.3862122,28.34245401,28.76907596,0.49626501,0.02474983,0.011980104,0.484047931,0.066958931,0.066601595,0.994663359,1.938330162,1.966062584,1.014307377,21.42051407,11.25759112,0.525551865,2.989494137,1.471586581,0.492252707,0.024589078,0.011892962,0.4836685,0.024590153,0.011895144,0.483736062,0.065881688,0.066048351,1.002529728,0.065886938,0.066055194,1.002553716,1.907130032,1.950461949,1.022721008,1.907301363,1.950693266,1.022750418,21.42029363,11.25724191,0.525540971,21.42073436,11.25794006,0.52556275,2.989458876,1.471560783,0.492249883,2.989529372,1.471612359,0.492255528,0.289589405,0.112386027,0.388087496,0.554481628,0.301915964,0.544501293,0.562510935,0.291177619,0.517639037,12.08787136,5.013861562,0.41478449,2.632278092,1.116914321,0.424314712,0.290246915,0.112738667,0.388423308,0.288922484,0.1120227,0.387725796,0.55540331,0.30186975,0.543514495,0.553546755,0.301959547,0.545499625,0.563445428,0.291165791,0.516759523,0.561563068,0.291186114,0.518527892,12.11813181,5.032332334,0.415272949,12.05717784,4.994842638,0.414262998,2.635625128,1.12235397,0.425839759,2.628883155,1.111357855,0.42274905,habitat_background_2024
Phyllidia ocellata,medium.yes,yes,2cm,animals_on_background,104_PhyllidiaOcellata_22_OI_D_RAW,0.288337379,0.529064413,1.834879733,2.824674229,13.09146364,1.051459006,1.848224254,1.757771101,3.100896798,17.63625621,0.145936952,0.3501363,2.399229902,4.561548917,30.18530794,0.145580812,0.348599916,2.394545759,4.558138415,30.33684712,0.527941508,1.226455341,2.323089436,4.974158686,40.14919715,0.5260952,1.219427899,2.31788448,4.893070472,38.60498796,3.072890509,0.512148418,2.857501109,0.190500074,1.235178426,0.689366205,1.247696263,0.541867602,0.351324246,0.615616904,0.049287808,3.072946769,3.072833971,0.512157795,0.512138995,2.86634944,2.84850009,0.191089963,0.189900006,1.235287459,1.235069309,0.562203551,0.536383786,1.248863009,1.246255143,0.697003717,0.695548239,0.351623879,0.351019501,0.629603634,0.615966012,0.049514531,0.049061113,372.0728845,19.19609136,19.38274192,0.49758092,0.032066128,0.013656753,0.425893424,0.091001265,0.067950015,0.746693084,2.61314048,1.941941576,0.74314473,17.97176311,10.02894981,0.558039284,2.787378771,1.321732291,0.474184673,0.032165723,0.013708382,0.42617981,0.032160212,0.01370374,0.426108514,0.091450742,0.068345098,0.74734329,0.091426335,0.068341856,0.74750733,2.625712882,1.953178149,0.743865852,2.62500246,1.953064431,0.744023848,17.97188733,10.02898779,0.558037539,17.97163896,10.02891186,0.558041027,2.787423583,1.321728282,0.474175611,2.787333986,1.321736296,0.474193729,0.214515949,0.065509328,0.305382087,0.514958209,0.223640169,0.434287997,0.51231448,0.225124893,0.439427152,8.763625562,2.876804973,0.328266532,2.134713191,0.747447771,0.350139669,0.21488301,0.066481905,0.30938651,0.214145544,0.064936049,0.303233248,0.516470305,0.224933077,0.435519864,0.513432333,0.223729403,0.435752461,0.513800885,0.226493531,0.440819659,0.510814531,0.225147955,0.440762629,8.780046433,2.922114762,0.332813133,8.747055058,2.848970808,0.325706285,2.137806704,0.759403506,0.355225524,2.131591488,0.740041544,0.347177941,habitat_background_2024
Phyllidia ocellata,medium.yes,yes,2cm,animals_on_background,104_PhyllidiaOcellata_12_MG_D_RAW,0.305668125,0.58572633,1.916216586,2.256167014,12.21835981,1.211906749,2.269510225,1.872677272,2.209560625,11.23974518,0.158781959,0.386080056,2.43151085,4.157867887,34.81198621,0.150641723,0.361241435,2.398017151,3.873097289,25.61187127,0.621631502,1.472360955,2.36854302,3.861708259,26.50304991,0.593036246,1.41480937,2.385704716,4.088605724,30.25262472,3.156929769,0.263077481,2.888758363,0.043769066,1.270509486,0.51129063,1.273608922,0.412032168,0.153423273,0.461661399,0.052664991,3.156599079,3.157257419,0.263049923,0.263104785,2.883124853,2.894591504,0.04368371,0.043857447,1.270635996,1.270382406,0.41107038,0.417268203,1.271779443,1.275181982,0.511801698,0.51317098,0.153366817,0.153481116,0.461436039,0.465219592,0.054018431,0.051311481,323.7798434,17.51220013,18.48881586,0.486436275,0.038490569,0.015889142,0.412806108,0.107346681,0.057596701,0.536548502,3.199863028,1.771280733,0.553548923,17.51261009,11.58268324,0.661391031,5.992535485,4.881734975,0.814635973,0.038702413,0.015925747,0.411492346,0.038687267,0.01590101,0.41101404,0.107886953,0.057613587,0.534018108,0.107870986,0.057620218,0.534158625,3.218830001,1.773345397,0.550928566,3.218247207,1.773410099,0.551048439,17.51215303,11.58338477,0.661448353,17.51306586,11.5819836,0.661333869,5.9924455,4.881533345,0.814614558,5.992625218,4.88193603,0.814657325,0.233564383,0.053211243,0.22782259,0.404330117,0.271368566,0.671155955,0.42263902,0.254499087,0.602166564,9.55642499,2.3876015,0.249842541,2.182080812,0.776407882,0.355810783,0.233663546,0.053678767,0.229726748,0.233459984,0.052774206,0.226052468,0.404208247,0.271111637,0.670722675,0.404458423,0.271947244,0.672373794,0.422589362,0.254205787,0.60154327,0.4226913,0.255096889,0.603506364,9.561410493,2.410424879,0.252099299,9.5511762,2.366006803,0.247718894,2.190333818,0.791520867,0.36136997,2.173391959,0.760933946,0.350113537,habitat_background_2024
Phyllidia ocellata,medium.yes,yes,2cm,animals_on_background,104_PhyllidiaOcellata_14_OI_D_RAW,0.281641681,0.490913717,1.743043557,3.241847372,16.30787664,1.104164844,1.910040385,1.729850752,3.659775962,22.57037254,0.145446069,0.334386315,2.299039891,4.927036577,35.03106365,0.140152862,0.321272861,2.292303258,4.968576704,35.68683087,0.565603795,1.303171749,2.304036431,5.499093538,48.19085393,0.541360585,1.239729326,2.290025098,5.384848961,45.13719876,2.870168959,0.220782228,2.694222664,0.034541316,1.226254895,0.478081523,1.280544501,0.376498144,0.127661772,0.427289833,0.039691297,2.869823227,2.870513616,0.220755633,0.22080874,2.69300444,2.695354125,0.034525698,0.034555822,1.226222295,1.226287262,0.360526649,0.364175684,1.276856561,1.284111194,0.497809657,0.50063803,0.127640665,0.127682281,0.429168153,0.432406857,0.040878651,0.038503999,585.8934562,23.46264659,24.97132853,0.484425376,0.038076967,0.015665442,0.411415165,0.119366086,0.060783549,0.509219588,3.485720763,1.800885484,0.516646515,16.73208029,11.9404255,0.713624684,5.27652972,2.898806373,0.549377437,0.038133564,0.015604657,0.409210553,0.038126262,0.01560243,0.409230515,0.119703357,0.06054581,0.505798766,0.119669352,0.060566233,0.506113151,3.49618178,1.794519176,0.513279712,3.495209104,1.795113377,0.513592556,16.73120173,11.93972298,0.713620167,16.73295664,11.94112615,0.713629181,5.27663743,2.898926404,0.54938897,5.27642228,2.898686634,0.54936593,0.263675267,0.060943833,0.231132155,0.417235009,0.362709421,0.869316843,0.432784473,0.341292072,0.788595926,10.85274163,2.714743262,0.250143545,2.504280956,1.203833327,0.480710171,0.263923658,0.061118214,0.231575352,0.26341157,0.060793162,0.230791541,0.419173326,0.36287442,0.865690628,0.415177247,0.362738163,0.873694706,0.43465327,0.341456113,0.785582753,0.430800516,0.341309226,0.79226745,10.86390069,2.724890037,0.250820595,10.84089492,2.705486383,0.249563011,2.508619552,1.206032505,0.480755443,2.499675004,1.202191441,0.480939098,habitat_background_2024
Phyllidia ocellata,medium.yes,yes,2cm,animals_on_background,104_PhyllidiaOcellata_5_MG_D_RAW,0.306628954,0.475841451,1.551847746,2.718267282,13.94484536,1.131540242,1.916231512,1.69347182,3.224048648,19.33353343,0.157943227,0.31584281,1.999723668,4.412936281,31.91117118,0.155505713,0.306644841,1.971920104,4.369862099,31.34773139,0.572172687,1.263588729,2.208404487,5.173347279,45.23960428,0.561646309,1.225859311,2.182617942,5.000905849,41.26056284,4.47756785,0.373130654,5.396161002,0.081760015,1.670450819,0.672238862,2.001613439,0.594427558,0.227445335,0.63333321,0.061795695,4.477670824,4.477464774,0.373139235,0.373122065,5.405011497,5.386962013,0.081894114,0.081620637,1.670411977,1.670489371,0.496069268,0.506848318,2.005534834,1.997358048,0.80708659,0.803796009,0.227516674,0.227371351,0.651577929,0.655322163,0.062342718,0.061248723,230.5217467,15.04036571,15.32687111,0.495282656,0.063131394,0.029466942,0.466755758,0.135169994,0.028589029,0.21150426,3.945719637,0.834959137,0.21161137,16.48145808,10.13623837,0.615008595,3.380042893,2.0780232,0.614791962,0.063288268,0.029474529,0.465718691,0.063275806,0.029468147,0.465709543,0.135255288,0.028496386,0.210685926,0.135244405,0.028523382,0.210902488,3.947964626,0.832146115,0.210778513,3.947706499,0.832969891,0.211000968,16.48161611,10.13618523,0.614999474,16.48130025,10.13629144,0.615017704,3.379982384,2.077950438,0.61478144,3.380103326,2.078095866,0.614802468,0.186005072,0.065476531,0.352014759,0.099543322,0.165865511,1.666264568,0.093846957,0.173732303,1.851230007,7.574460544,2.858119594,0.377336389,1.644228445,0.705609337,0.429143127,0.186201675,0.066113986,0.35506655,0.185804977,0.064906591,0.349326438,0.100051683,0.166701024,1.666149123,0.09902593,0.165227845,1.668531108,0.094321206,0.17453754,1.850459169,0.093364282,0.173136694,1.854421086,7.583991658,2.89177059,0.381299284,7.564760089,2.827166829,0.373728551,1.644326833,0.709345873,0.43138983,1.644128309,0.702716105,0.427409529,habitat_background_2024
Phyllidia ocellata,medium.yes,yes,2cm,animals_on_background,104_PhyllidiaOcellata_21_OI_D_RAW,0.334235799,0.676736376,2.024727388,2.426663779,11.76019758,0.96444061,1.791220833,1.857264009,2.006161001,9.89260803,0.165136476,0.42000453,2.543378306,4.308054357,30.53866339,0.17261857,0.444253442,2.573613267,4.254971554,29.45274766,0.472943735,1.106674649,2.339971053,3.733947187,26.11094127,0.493730621,1.166908326,2.363451394,3.670713876,24.74110628,3.048297982,0.381037248,2.182950743,0.077962527,1.151341291,0.553678124,0.902804715,0.392083106,0.229499887,0.472880615,0.043177782,3.048294121,3.04830139,0.381036765,0.381037674,2.173659919,2.191611498,0.077630711,0.078271839,1.151420122,1.151261995,0.500055405,0.499986732,0.893702214,0.911123367,0.429779917,0.438157721,0.229333738,0.229654756,0.464917661,0.469072226,0.042086181,0.044269382,491.3816747,22.76076821,21.58897583,0.513210813,0.038505988,0.015162307,0.393764918,0.147347663,0.076736632,0.520786218,4.350817656,2.308259624,0.530534673,21.27376124,12.98461213,0.610358083,4.362698498,2.163902144,0.496000846,0.038501496,0.015180955,0.394295187,0.038504419,0.015179622,0.394230657,0.147006875,0.076934898,0.52334218,0.147008942,0.076936601,0.523346406,4.341142343,2.31474724,0.533211551,4.341234963,2.314818315,0.533216547,21.2737851,12.98483877,0.610368052,21.27373732,12.98438497,0.610348091,4.362711471,2.163885181,0.495995482,4.362685495,2.163919147,0.496006221,0.219508627,0.051768606,0.235838594,0.335718525,0.287599108,0.856667377,0.345442001,0.287669134,0.832756682,8.956533101,2.289192311,0.255589109,2.930951946,1.309459192,0.446769246,0.218999765,0.050902457,0.232431559,0.219992394,0.052573737,0.238979795,0.33355409,0.287752316,0.862685617,0.337776218,0.287436589,0.850967515,0.343277039,0.287788555,0.838356553,0.347500195,0.287538764,0.827449216,8.933899811,2.247290176,0.251546382,8.9780502,2.328102178,0.259310443,2.919927,1.306788978,0.447541661,2.941433182,1.31189723,0.44600613,habitat_background_2024
Phyllidia ocellata,medium.yes,yes,2cm,animals_on_background,104_PhyllidiaOcellata_11_OI_D_RAW,0.276172202,0.542305567,1.963650084,2.309936078,11.52029771,1.032996041,2.00133159,1.937404899,2.663104781,17.04927045,0.142631853,0.350731199,2.458996298,4.15444219,29.72979669,0.137806897,0.327168609,2.374109097,4.074093941,29.58551496,0.530317113,1.304543354,2.459930712,4.792245132,44.05883816,0.504696223,1.180491018,2.339012984,4.501005366,41.51388934,4.216483253,0.421648325,5.062724053,0.112504979,1.661414337,0.721543079,1.924471408,0.605550287,0.267076652,0.663546683,0.049741067,4.215954014,4.21701113,0.421595401,0.421701113,5.128947711,4.994550548,0.113976616,0.110990012,1.661368584,1.661459789,0.522762883,0.545720987,1.942161194,1.905009134,0.843469889,0.827334955,0.267786009,0.266345563,0.683116386,0.686527971,0.050664707,0.048817302,365.0936363,18.73760567,19.48454049,0.490229031,0.046838983,0.036192425,0.772698778,0.105327353,0.061487794,0.583778023,3.079823975,1.807381425,0.58684569,23.18512177,15.43121476,0.665565396,3.655262368,2.118699558,0.579629954,0.046879516,0.036110973,0.77029323,0.046882878,0.036126796,0.770575463,0.105704824,0.061495466,0.581765934,0.105699188,0.061491443,0.581758901,3.090572928,1.807391706,0.584807978,3.090423242,1.807280025,0.584800166,23.18542344,15.43162543,0.665574449,23.18482065,15.43080481,0.665556359,3.655280651,2.118665523,0.579617743,3.655244118,2.11873353,0.579642142,0.217965783,0.06422256,0.294645143,0.377436819,0.330345455,0.875233782,0.377590557,0.331362464,0.877570845,8.912433644,2.857716179,0.320643754,2.199528706,1.048978403,0.476910531,0.219300208,0.066232046,0.302015429,0.216580673,0.062229861,0.287328782,0.378617975,0.331537814,0.8756526,0.3762108,0.33012539,0.877501097,0.378864079,0.332429908,0.877438444,0.376268662,0.331275815,0.880423614,8.972586769,2.955931521,0.329440283,8.849995693,2.759196223,0.311773736,2.208182659,1.052615325,0.47668852,2.190546046,1.048371752,0.478589233,habitat_background_2024
Phyllidia ocellata,medium.yes,yes,2cm,animals_on_background,104_PhyllidiaOcellata_10_MG_D_RAW,0.291054853,0.498326811,1.712140535,4.009733778,47.69847776,0.985617854,1.695990479,1.72073839,3.418961896,24.87295439,0.146566067,0.313550349,2.139310654,5.398559898,61.76638152,0.149959867,0.334365416,2.229699339,7.310389245,155.1667313,0.487011065,1.07030457,2.197700727,5.287160919,51.87862268,0.500763903,1.125286901,2.247140606,5.509821984,56.61762542,3.897214921,0.229247937,5.980657207,0.043975421,1.618521433,0.571267052,2.090939456,0.540126811,0.136611679,0.555696931,0.047936963,3.897301368,3.897128019,0.229253022,0.229242825,5.946358114,6.013367287,0.043723221,0.044215936,1.618739715,1.618301432,0.42523857,0.422682948,2.083125704,2.097725182,0.735251974,0.740404949,0.136488122,0.13672938,0.580245272,0.581543949,0.047204316,0.048669578,394.5407596,20.18450355,19.54671606,0.508026276,0.056696048,0.023381991,0.412409547,0.14777549,0.05878149,0.39777564,4.192205983,1.548855606,0.369460759,13.99862652,11.42704897,0.816297867,6.932894961,5.261761962,0.758955962,0.056647106,0.023353148,0.41225669,0.056639293,0.023348378,0.41222934,0.147797655,0.058720089,0.397300545,0.147752669,0.058666052,0.397055784,4.192060385,1.545909503,0.36877081,4.190853341,1.544426246,0.368523096,13.99775939,11.4264349,0.816304566,13.99949496,11.42766387,0.816291152,6.933077526,5.261799401,0.758941377,6.932712123,5.26172446,0.758970568,0.199179388,0.102860496,0.516421386,0.259131932,0.182841413,0.70559198,0.244047551,0.188491518,0.772355703,8.162059525,4.32053413,0.529343619,2.483656268,1.156971382,0.465833939,0.199022761,0.102415449,0.514591638,0.199331294,0.103407728,0.518773175,0.259748912,0.183948077,0.708176506,0.258533553,0.181971826,0.703861547,0.244631987,0.189636749,0.775191958,0.243480735,0.187591106,0.770455642,8.154495291,4.300895174,0.527426287,8.169395712,4.344424184,0.5317926,2.473354781,1.129602596,0.45670868,2.493647185,1.184112417,0.474851625,habitat_background_2024
Phyllidia ocellata,medium.yes,yes,2cm,animals_on_background,104_PhyllidiaOcellata_24_MG_D_RAW,0.288753077,0.515661415,1.785821368,2.413030711,11.67094744,1.249114949,2.303606488,1.844190953,3.112965025,19.46424102,0.149375255,0.337156677,2.257111981,4.076343434,27.03476965,0.145007749,0.324775463,2.239711086,4.184950226,29.65744091,0.63412494,1.514034068,2.38759584,5.197538716,46.60090933,0.617629717,1.446414448,2.341879622,5.135682917,46.96291196,5.383114756,0.489374069,5.934833503,0.107906064,1.76185042,0.734748694,2.020025828,0.593916084,0.298640066,0.664332389,0.058002731,5.384485054,5.381745043,0.489498641,0.489249549,5.935804258,5.932943711,0.107923714,0.107871704,1.762089421,1.761611397,0.518079142,0.517938596,2.02306845,2.016328317,0.843685074,0.84087422,0.298711178,0.298560627,0.680882108,0.679406408,0.058692397,0.057313429,263.7914055,16.03798179,16.44791776,0.493690555,0.042840177,0.028691041,0.669722753,0.086449303,0.053816791,0.622524286,2.359485814,1.513658128,0.641520334,22.46269116,14.69267475,0.654092363,4.051561223,2.192279974,0.541095112,0.042718576,0.028768181,0.673434938,0.042695841,0.02874973,0.673361361,0.085949163,0.054070037,0.629093243,0.085933116,0.054073574,0.629251868,2.345815431,1.520527752,0.648187292,2.345254228,1.520536581,0.648346163,22.46284635,14.69312747,0.654107999,22.46253628,14.69222291,0.654076758,4.051480387,2.192238033,0.541095556,4.051641898,2.192321828,0.541094668,0.230089463,0.076100787,0.330744335,0.336303335,0.327455634,0.973691308,0.336596575,0.340576955,1.011825373,9.453222945,3.461666034,0.366188976,2.048004625,0.84823392,0.414175783,0.230753513,0.077548711,0.336067305,0.229409796,0.074583376,0.325109814,0.336002173,0.326542433,0.971846195,0.336611579,0.328387385,0.975567703,0.336324312,0.339880345,1.010573225,0.336875241,0.341288242,1.01309981,9.485187914,3.534702282,0.372654956,9.420506235,3.384957438,0.359317998,2.056111883,0.84754579,0.412208011,2.039706704,0.84885471,0.416165083,habitat_background_2024
Phyllidia ocellata,medium.yes,yes,2cm,animals_on_background,104_PhyllidiaOcellata_27_OI_D_RAW,0.23897191,0.419160503,1.754015787,2.770561904,15.37636818,0.887724894,1.68135663,1.894006399,3.379473068,22.74842276,0.118306757,0.26029271,2.200150841,4.542537594,35.72045151,0.125741055,0.282640645,2.247799218,4.529021716,34.80890442,0.427619797,1.043748814,2.440833709,5.494584977,54.03712374,0.462275381,1.140037828,2.46614437,5.394692965,50.56622119,2.787109861,0.557421972,2.807053721,0.280705372,1.217863133,0.75670091,1.247086822,0.567573672,0.419063672,0.662137291,0.028803989,2.788923631,2.785290856,0.557784726,0.557058171,2.789393958,2.822917352,0.278939396,0.282291735,1.218245511,1.217479166,0.554447426,0.554098647,1.237660776,1.255094475,0.769001877,0.779834043,0.418362061,0.419674953,0.661724651,0.666966345,0.027556785,0.030051362,1138.990959,35.28870327,32.27636195,0.522292151,0.071052422,0.032950737,0.463752483,0.157592468,0.060594222,0.384499478,4.275429496,1.552153989,0.363040483,18.53272032,9.58514667,0.51720128,3.503454766,1.54707099,0.441584405,0.071162648,0.032765984,0.460437953,0.071201955,0.032759846,0.460097573,0.157869716,0.060629739,0.384049208,0.157937041,0.060601376,0.38370591,4.281278697,1.552843365,0.362705508,4.282842874,1.551973381,0.362369909,18.53271739,9.58560486,0.517226085,18.53272326,9.584687218,0.517176406,3.503533226,1.54683327,0.441506665,3.503376093,1.547309312,0.441662348,0.255251871,0.048017343,0.188117498,0.248713869,0.275792038,1.108872775,0.229514429,0.291563685,1.270350129,10.47025914,2.151977801,0.20553243,2.450826959,0.582885772,0.237832283,0.255134796,0.046754702,0.183254903,0.255359242,0.049146544,0.192460409,0.244323079,0.27187018,1.112748664,0.252740724,0.279272163,1.104974929,0.225118643,0.287323245,1.276319197,0.233545866,0.295334444,1.264567205,10.46338973,2.0895176,0.199697962,10.47655918,2.207686844,0.210726328,2.442459479,0.580447164,0.237648636,2.458500892,0.584994963,0.237947834,habitat_background_2024
Phyllidia ocellata,medium.yes,yes,2cm,animals_on_background,104_PhyllidiaOcellata_26_MG_D_RAW,0.293250654,0.592485545,2.020406562,1.962393613,9.328736521,1.181704532,2.36837397,2.004201479,2.453446746,15.07910288,0.14781061,0.366084409,2.476712666,3.750404523,26.21783269,0.150157607,0.37018127,2.465284819,3.652804736,24.69110339,0.585009338,1.458186214,2.492586219,4.494570903,39.12793982,0.598933887,1.491770861,2.490710398,4.589206486,42.1250313,4.241473951,0.530184244,4.65484366,0.166244416,1.628165189,0.782981948,1.805922479,0.602831733,0.34821433,0.692906841,0.047129846,4.242858493,4.240087905,0.530357312,0.530010988,4.621525726,4.687459516,0.16505449,0.167409268,1.628404756,1.627925204,0.553044151,0.543414783,1.799611219,1.811776725,0.86543006,0.871280432,0.347705901,0.348710128,0.709237106,0.707347608,0.046665531,0.047594189,408.8059301,20.42909285,20.01096833,0.505169682,0.042640356,0.031710378,0.743670573,0.099847434,0.068684057,0.687890052,2.885473326,2.004129561,0.694558339,25.14291734,14.28121686,0.568001583,3.670812132,1.598922765,0.435577389,0.042430686,0.031574033,0.744132036,0.042420699,0.031554991,0.743858346,0.099484283,0.068648986,0.690048563,0.099479131,0.068634587,0.689939553,2.875052628,2.003632354,0.696902844,2.874908703,2.0032707,0.696811936,25.14363674,14.2823274,0.5680295,25.1421972,14.28010504,0.567973631,3.670750468,1.598996759,0.435604864,3.670873859,1.598848689,0.435549885,0.263792245,0.06460487,0.244908148,0.40330267,0.345319071,0.856228082,0.406043686,0.354360453,0.872715093,10.86785343,2.936494648,0.27020006,2.322553141,1.084417178,0.46690737,0.263994945,0.064338073,0.243709488,0.263593489,0.064951375,0.246407356,0.403107348,0.345768161,0.857757028,0.403494192,0.345348515,0.855894638,0.405997483,0.354678105,0.873596806,0.406088991,0.354530914,0.873037493,10.87580351,2.922391714,0.268705821,10.86005801,2.954164703,0.27202108,2.328273566,1.080319971,0.464000445,2.316943996,1.089844307,0.470380082,habitat_background_2024
Phyllidia ocellata,medium.yes,yes,2cm,animals_on_background,104_PhyllidiaOcellata_15_OI_D_RAW,0.259989965,0.452794081,1.741582918,2.622284594,12.74755173,0.867794051,1.507627333,1.737310058,2.736393226,15.7801853,0.137440413,0.310949601,2.262432095,4.226817232,28.05154792,0.12655382,0.281572326,2.224921585,4.395091855,30.93566477,0.455365268,1.041459614,2.287086184,4.427069774,34.56719502,0.41451074,0.930842887,2.245642388,4.526748062,36.65119357,1.198647641,0.29966191,1.044367446,0.174061241,0.311056903,0.224380126,0.112760322,0.081339379,0.236861576,0.152859752,0.008954973,1.198062667,1.19923226,0.299515667,0.299808065,1.044348942,1.044387657,0.174058157,0.174064609,0.31043613,0.311676187,0.223932333,0.224826845,0.113420647,0.111890369,0.081815703,0.08071184,0.236786912,0.236936337,0.152874018,0.152769342,0.009387374,0.008522626,12276.34547,105.5260626,116.334725,0.47564089,0.045736827,0.00873663,0.191019603,0.14865915,0.044931777,0.302246967,4.370669094,1.324706312,0.30309005,22.96526993,10.78446274,0.46959878,3.665666089,1.181201627,0.322233831,0.045828902,0.008548282,0.18652601,0.045817233,0.008571197,0.187073642,0.149189094,0.044070635,0.295401186,0.149123575,0.044179085,0.296258221,4.386335709,1.299305867,0.296216695,4.384400465,1.302503208,0.297076697,22.965156,10.78481494,0.469616446,22.96538375,10.78411087,0.469581131,3.665950007,1.180918389,0.322131613,3.665382455,1.181484423,0.322335919,0.348529778,0.016042359,0.046028662,0.694120223,0.098163641,0.141421669,0.698181247,0.086257164,0.123545518,14.55511011,0.783645756,0.053839906,4.003832086,0.294003762,0.073430592,0.348571686,0.016734558,0.048008943,0.348483624,0.015243518,0.043742424,0.69423407,0.097698125,0.140727932,0.693994841,0.098673581,0.142182009,0.69827215,0.085861989,0.122963502,0.698081134,0.086690148,0.124183486,14.55756652,0.828135577,0.056886951,14.5524048,0.731511042,0.050267365,4.003906588,0.293735565,0.073362242,4.003750034,0.294298823,0.073505793,habitat_background_2024
Phyllidia ocellata,medium.yes,yes,2cm,animals_on_background,104_PhyllidiaOcellata_19_OI_D_RAW,0.292524639,0.560997383,1.917778223,3.317426799,15.85416458,1.119360762,1.891088187,1.689435838,3.4765337,20.26116287,0.150382006,0.37734774,2.509261238,5.037667736,34.29829234,0.144820005,0.365236863,2.522005589,5.137852482,35.88114971,0.572393035,1.288533806,2.25113467,5.189017352,41.08122227,0.549689419,1.234373551,2.245583613,5.284347802,44.30596334,3.102118481,0.517019747,2.666867239,0.177791149,1.218209964,0.679895927,1.160461792,0.483950156,0.347405448,0.581923041,0.047569554,3.101479803,3.102754267,0.5169133,0.517125711,2.674135298,2.65917546,0.178275687,0.177278364,1.218117359,1.218302076,0.529021647,0.508071428,1.161770002,1.158921115,0.648396184,0.64680619,0.347594494,0.347202038,0.588708916,0.577438809,0.048749598,0.046389753,401.1184736,19.51298958,20.5564848,0.486978925,0.029315091,0.012448902,0.424658486,0.087265794,0.078990071,0.905166469,2.523459025,2.300143561,0.911504224,20.03590876,11.10839987,0.554424559,3.352348773,1.626945364,0.485315065,0.029445661,0.012474718,0.42365217,0.029436969,0.012469262,0.42359191,0.088245864,0.079283021,0.89843328,0.088190056,0.079268868,0.898841334,2.552231781,2.308743252,0.904597799,2.550606452,2.308341538,0.905016741,20.03565485,11.10750484,0.554386913,20.036162,11.10929243,0.554462099,3.352527793,1.626850972,0.485260995,3.352170233,1.627039473,0.485368988,0.232819613,0.052502257,0.225506158,0.661248147,0.146344823,0.221316043,0.6647708,0.144442042,0.217280967,9.521599991,2.349806262,0.246786912,2.407228272,1.415007232,0.587815974,0.233052358,0.053124452,0.227950715,0.232575079,0.052124474,0.224118915,0.662160661,0.146989243,0.221984258,0.660289412,0.146435075,0.221774077,0.665687164,0.145003603,0.217825445,0.663808019,0.144608608,0.217847034,9.531751291,2.374256594,0.24908923,9.5109345,2.336496519,0.245664242,2.409493037,1.424627369,0.591256064,2.40484879,1.412393564,0.587310757,habitat_background_2024
Phyllidia ocellata,medium.yes,yes,2cm,animals_on_background,104_PhyllidiaOcellata_23_OI_D_RAW,0.272130096,0.55019837,2.021821098,2.279425046,10.299924,0.909538415,1.732035103,1.904301208,2.416178812,14.2788463,0.137606775,0.346382192,2.517188507,4.011154222,25.99759917,0.137688568,0.352751084,2.561948961,4.147294396,27.62186659,0.455817254,1.083355879,2.376732934,4.216742407,34.48120326,0.455680168,1.107054319,2.429454683,4.458554884,38.59598979,2.259059643,0.37650994,1.487406725,0.099160448,0.908078054,0.506808012,0.613074121,0.279022057,0.237835194,0.392915034,0.028682008,2.259264988,2.258854254,0.376544165,0.376475709,1.493182478,1.481606734,0.099545499,0.098773782,0.908129034,0.908026928,0.413307335,0.413260864,0.615417464,0.610450688,0.343471026,0.340699016,0.238044832,0.237624746,0.37838918,0.37697994,0.028748347,0.028615657,1146.849064,33.78460818,33.94590396,0.498809283,0.033583,0.012685287,0.377729403,0.097295119,0.064961313,0.667672889,2.794451684,1.844689923,0.660125896,17.64471764,9.264627412,0.525065212,2.632810314,1.268939357,0.481971432,0.03361915,0.012598068,0.374728944,0.033625187,0.012605448,0.374881128,0.097620762,0.064930501,0.665130034,0.097640366,0.06492288,0.664918441,2.803792795,1.843801838,0.657609878,2.804342976,1.843575108,0.657400013,17.64508002,9.265399638,0.525098193,17.64435524,9.263855064,0.525032224,2.632856134,1.268934888,0.481961347,2.632764491,1.268943825,0.481981518,0.275361579,0.029368073,0.106652763,0.615605985,0.177775016,0.28878052,0.609590219,0.179238198,0.294030633,11.31934761,1.368488224,0.120898153,2.897774961,0.838679349,0.289421836,0.275204716,0.028701067,0.104289882,0.275519199,0.030022447,0.108966806,0.615908027,0.178915292,0.290490275,0.615302486,0.176621237,0.28704782,0.609930229,0.180339945,0.295673072,0.609248567,0.178123535,0.292365948,11.31164063,1.327453767,0.117352894,11.32709179,1.408469304,0.124345183,2.891859819,0.843161202,0.291563649,2.903718648,0.83410408,0.287253753,habitat_background_2024
Phyllidia ocellata,medium.yes,yes,2cm,animals_on_background,104_PhyllidiaOcellata_25_MG_D_RAW,0.345111507,0.641856361,1.859852103,2.804270933,16.36036068,1.173636535,2.281665066,1.944098532,3.560538154,26.4566513,0.172954319,0.402375768,2.32648581,4.762778898,40.45132271,0.178168237,0.416361611,2.33690145,4.684414998,38.8973007,0.575234551,1.432712291,2.490657575,6.031466103,67.26621165,0.600709011,1.480676884,2.464882092,5.718892415,60.9138506,8.650737552,0.360447398,11.31850489,0.041009076,2.351344315,0.739869254,2.956043905,0.624138523,0.200728237,0.682003888,0.059065226,8.649647966,8.651826295,0.360401999,0.360492762,11.30767824,11.32500128,0.040969849,0.041032613,2.351251572,2.351436232,0.501188919,0.499293163,2.954314756,2.955758005,0.929598715,0.930052844,0.200685924,0.200762688,0.715393817,0.714673004,0.057950289,0.06018014,253.868979,16.25616929,15.61677751,0.510030321,0.055640958,0.034273708,0.615979839,0.132677972,0.084663769,0.638114739,3.554388814,2.297480973,0.64637863,18.68401495,13.78503614,0.737798389,5.872859083,3.32834365,0.566733103,0.05565076,0.034321059,0.616722205,0.055647398,0.034337487,0.61705468,0.132621076,0.085182479,0.642299716,0.132564172,0.085159931,0.642405333,3.551131694,2.310673807,0.6506866,3.549486967,2.309933303,0.650779486,18.68225487,13.78376871,0.737800057,18.68577917,13.78630619,0.737796699,5.873051004,3.328454545,0.566733465,5.872666711,3.32823248,0.566732737,0.212241134,0.087755208,0.413469368,0.314388019,0.266683673,0.848262838,0.30491888,0.272229501,0.892793194,8.717957491,3.921719222,0.449843811,2.650928365,1.377578612,0.519658935,0.212466047,0.088332694,0.415749694,0.212024559,0.087222882,0.411381033,0.315142164,0.266452499,0.845499365,0.313661832,0.26698797,0.85119687,0.305839447,0.271918066,0.889087622,0.304032442,0.272611713,0.896653369,8.729094832,3.951082054,0.45263365,8.707233047,3.894454689,0.447266619,2.651605012,1.379720964,0.520334272,2.650276803,1.37594723,0.51917114,habitat_background_2024
Phyllidia ocellata,medium.yes,yes,2cm,animals_on_background,104_PhyllidiaOcellata_6_MG_D_RAW,0.296028033,0.500687125,1.691350374,2.786574122,13.40052516,1.228635156,2.22846005,1.81376875,3.546237893,22.86905862,0.149569298,0.330927184,2.212534186,4.521466343,31.28965833,0.151473402,0.331577834,2.18901688,4.410781428,29.42519465,0.614701761,1.466775373,2.386157753,5.499764027,50.23120631,0.616739332,1.471256297,2.385539921,5.511344932,50.51505756,3.225990012,0.537665002,2.784526227,0.185635082,1.267720101,0.70752806,1.18231122,0.538093025,0.361650042,0.622810543,0.043699173,3.226518672,3.225461646,0.537753112,0.537576941,2.7671209,2.802086706,0.184474727,0.18680578,1.267852695,1.267587535,0.577024628,0.576903949,1.174027815,1.190454925,0.655237399,0.664405544,0.361113919,0.362191361,0.616131014,0.620654746,0.043822324,0.043576112,478.9003215,21.81941955,21.94835295,0.498527074,0.048738234,0.025935295,0.53213448,0.128106232,0.058098739,0.453520001,3.638668167,1.614976243,0.443837187,21.30462875,10.96096775,0.514487621,3.284800862,1.237096406,0.376612299,0.048862032,0.025944177,0.530968041,0.048857934,0.025926904,0.530659028,0.1283707,0.057991848,0.451752995,0.128383006,0.057983304,0.451643137,3.645866775,1.61185524,0.442104811,3.646250364,1.61165136,0.442002386,21.30515794,10.96164321,0.514506545,21.30410007,10.96029289,0.51446871,3.284755344,1.237140984,0.37663109,3.284846336,1.237051868,0.376593527,0.2794433,0.048856922,0.17483662,0.311787918,0.286822756,0.919929026,0.300984574,0.290946696,0.966649859,11.5235349,2.338477671,0.202930584,2.440267798,0.531272858,0.217710883,0.279000015,0.047783108,0.17126561,0.279888763,0.049908284,0.178314711,0.310520865,0.286419642,0.922384529,0.313061197,0.287220946,0.917459425,0.299715177,0.290541209,0.969391044,0.302260207,0.291347338,0.963895782,11.50235317,2.283653348,0.198537926,11.5448207,2.392093472,0.207200574,2.439662134,0.527370175,0.21616525,2.440876438,0.53516527,0.219251274,habitat_background_2024
Phyllidia ocellata,medium.yes,yes,2cm,animals_on_background,104_PhyllidiaOcellata_20_OI_D_RAW,0.301084808,0.593397136,1.970863756,1.8447872,8.184800776,0.989532868,1.960262072,1.980997434,2.130332357,11.44069013,0.154705541,0.381371538,2.465144651,3.509825285,21.71733292,0.150220435,0.369857563,2.462098862,3.57400167,22.67561334,0.504016092,1.255107554,2.490213259,3.928019861,29.19953043,0.487977925,1.217120784,2.494212794,4.011764653,30.63985816,2.767653549,0.55353071,3.088348619,0.308834862,1.151172277,0.715263551,1.265246658,0.608455027,0.431182786,0.661859289,0.046910473,2.766557782,2.768747347,0.553311556,0.553749469,3.100783619,3.075447555,0.310078362,0.307544755,1.150918293,1.151425637,0.553474704,0.553718686,1.267619535,1.262719792,0.787616301,0.78457192,0.431694959,0.430647112,0.670545503,0.669145303,0.047594647,0.046226399,412.8753455,20.01076627,20.63266043,0.492349388,0.036930031,0.012646572,0.342446836,0.114233294,0.062253284,0.5449662,3.327013917,1.827189029,0.549197892,18.76208944,13.16490615,0.701675909,3.042126394,1.446236542,0.475403173,0.037115149,0.012683203,0.341725784,0.037105136,0.012684685,0.341857946,0.114836328,0.062402272,0.543401839,0.114792542,0.062412555,0.543698698,3.345268823,1.831761173,0.547567705,3.343973324,1.832052173,0.547866862,18.76344654,13.16587076,0.701676567,18.76073448,13.16394283,0.701675238,3.042440376,1.446231227,0.475352365,3.041812908,1.446241763,0.475453884,0.199668039,0.068199096,0.341562409,0.390269259,0.236514169,0.606028179,0.393980402,0.233501263,0.592672279,8.138963646,2.932794652,0.36034006,2.223914986,0.701381948,0.315381636,0.199873445,0.06831346,0.34178357,0.199456583,0.068080424,0.341329543,0.391591512,0.236660079,0.604354467,0.388908067,0.236355036,0.607740122,0.395290631,0.233663488,0.591118203,0.392631587,0.233325359,0.594260286,8.147684776,2.937852009,0.36057507,8.129985682,2.927548216,0.360092666,2.223126901,0.704262408,0.316789117,2.22472628,0.698403188,0.313927693,habitat_background_2024
Phyllidia ocellata,medium.yes,yes,2cm,animals_on_background,104_PhyllidiaOcellata_18_OI_D_RAW,0.263703775,0.585239603,2.21930688,3.223404031,16.95718872,1.021613431,1.856555155,1.817277552,2.761965236,16.18474578,0.132721902,0.37655286,2.837156906,5.21686696,40.09488892,0.133277353,0.378832733,2.8424389,5.235123078,40.25447474,0.511739761,1.19961875,2.344196876,4.717086767,39.86084914,0.512103395,1.19345995,2.330505835,4.564074816,36.82728752,3.617272784,0.602878797,2.979576411,0.198638427,1.366534333,0.762677333,1.25335525,0.544325269,0.400758612,0.653501301,0.045345654,3.61739291,3.617152234,0.602898818,0.602858706,2.975426799,2.983717882,0.198361787,0.198914525,1.366580586,1.366487983,0.621957628,0.593458191,1.251564056,1.254963266,0.6985112,0.700408335,0.400630302,0.400886616,0.660234414,0.646933263,0.045324189,0.045367118,443.2217653,21.06327417,21.04239644,0.500247921,0.027657055,0.012933005,0.467620472,0.078255749,0.081132236,1.036757526,2.256633059,2.354495984,1.043366787,19.76523347,11.4011099,0.576826473,3.002183409,1.84464164,0.61443336,0.027664135,0.012963659,0.468608875,0.027657817,0.012960861,0.468614757,0.078398103,0.081259087,1.03649302,0.078359766,0.081253004,1.036922498,2.260852119,2.35817151,1.043045447,2.259738262,2.357986603,1.043477753,19.76501325,11.40132058,0.576843559,19.76545368,11.40089922,0.576809387,3.002259144,1.844590261,0.614400747,3.002107676,1.844693012,0.614465972,0.22731751,0.054674703,0.240521301,0.651850129,0.295310331,0.453034091,0.656528666,0.288068506,0.438775214,9.291509026,2.444931368,0.263136091,2.210290575,1.584972861,0.717088006,0.227182706,0.054959825,0.241919053,0.227452175,0.054729413,0.240619429,0.651519966,0.297289968,0.45630216,0.652179954,0.295171183,0.452591621,0.656200646,0.290003547,0.441943404,0.656856351,0.28792883,0.43834368,9.285924376,2.460938168,0.265018114,9.297087973,2.444149108,0.26289405,2.208398882,1.593572478,0.721596307,2.212180337,1.586235851,0.717046357,habitat_background_2024
Phyllidia ocellata,medium.yes,yes,2cm,animals_on_background,104_PhyllidiaOcellata_16_OI_D_RAW,0.302764807,0.602652666,1.990497744,2.504141343,11.7258593,1.131815492,2.117199935,1.870622861,2.556909557,14.22096237,0.157219261,0.399466841,2.540826351,4.27906327,28.53179247,0.148960788,0.376343351,2.526459178,4.387957373,30.26077989,0.584287733,1.407705272,2.409267203,4.413379544,34.18938996,0.550175433,1.31276868,2.386091058,4.492781884,36.03819468,4.596112553,0.656587508,4.664437847,0.222116088,1.559254463,0.801298284,1.700630505,0.684384061,0.439351798,0.742841172,0.064383046,4.596114578,4.596108413,0.656587797,0.656586916,4.71909037,4.606879493,0.224718589,0.219375214,1.559290209,1.55921856,0.627504542,0.627475708,1.712903834,1.687188533,0.880258441,0.86704339,0.440653193,0.437981065,0.753881491,0.747259549,0.066121001,0.062645352,211.332493,14.12378801,14.96287631,0.485576065,0.03348685,0.014374761,0.429265855,0.096654816,0.071582061,0.74059487,2.854480646,2.155055083,0.754972743,14.90022913,9.785554721,0.65673854,2.969813926,1.501697465,0.505653722,0.033593203,0.014500885,0.431661277,0.033590054,0.014494007,0.431496974,0.096823389,0.071853341,0.742107269,0.096823265,0.071836643,0.741935767,2.861821244,2.164882004,0.756470031,2.861740944,2.16434924,0.756305089,14.90107724,9.785937023,0.656726817,14.89938428,9.785173794,0.656750212,2.969909418,1.501829425,0.505681896,2.969718802,1.501565995,0.505625648,0.183962704,0.061680464,0.335287875,0.433765991,0.290156852,0.668924853,0.445204632,0.27652418,0.621117032,7.480010752,2.660892728,0.355733811,1.968475201,0.985772793,0.500779889,0.184990445,0.062938267,0.340224421,0.182878106,0.060303921,0.329749266,0.434900604,0.290180602,0.667234305,0.432568608,0.290126536,0.670706405,0.446383893,0.276605157,0.619657567,0.443960132,0.276432746,0.622652184,7.524239329,2.716018477,0.360969177,7.433335328,2.600560927,0.349851152,1.979617327,0.995113208,0.502679581,1.956716662,0.975668154,0.498625157,habitat_background_2024
Phyllidia ocellata,medium.yes,yes,2cm,animals_on_background,104_PhyllidiaOcellata_17_OI_D_RAW,0.316358312,0.612528156,1.9361848,4.097663199,32.24724987,1.013030112,1.803457658,1.780260662,3.357803741,20.60766227,0.16140192,0.403893898,2.502410736,6.032602144,63.13102151,0.158797043,0.401005637,2.525271435,6.326888818,72.16204117,0.513369674,1.208408306,2.353875517,5.283275791,45.80693016,0.502339952,1.171235898,2.331560319,5.163602858,44.2014413,1.4451434,0.131376673,3.273891777,0.059525305,0.735313855,0.306649695,1.750077386,0.530996362,0.095450989,0.418823029,0.019891263,1.44480793,1.445478818,0.131346175,0.131407165,3.306020717,3.241120429,0.060109468,0.058929462,0.735094089,0.735532819,0.223037158,0.223170275,1.751794052,1.74683938,0.730554863,0.728488604,0.095727822,0.095168314,0.476796011,0.475829439,0.020024007,0.01975853,2427.967591,48.94005344,49.61105311,0.496595677,0.041404592,0.013740537,0.331860211,0.151373539,0.092617581,0.611847894,4.551365543,2.628184181,0.577449593,11.53923942,9.754530165,0.845335625,7.891268727,6.28054378,0.795885173,0.041523587,0.013442358,0.323728252,0.041519811,0.013455239,0.324067917,0.151851377,0.090382022,0.595200543,0.151773781,0.090258667,0.594692086,4.569341253,2.56553703,0.561467592,4.567026654,2.562150011,0.561010523,11.53739347,9.753261636,0.845360926,11.5410847,9.755797685,0.845310292,7.891259216,6.280452725,0.795874594,7.891278235,6.2806348,0.795895749,0.303705114,0.143632023,0.472932514,0.614252556,0.316125398,0.514650522,0.617456188,0.322454805,0.522231068,12.80558746,6.259494861,0.488809661,3.496493762,2.047956056,0.585717063,0.304695795,0.143727005,0.47170656,0.302701213,0.143528465,0.47415887,0.615010257,0.316235337,0.514195225,0.613484744,0.316012029,0.515109842,0.617954095,0.32294397,0.522601878,0.616951638,0.321957538,0.521852149,12.85143242,6.270223724,0.487900766,12.75913077,6.248247721,0.489707946,3.486662446,2.040084987,0.585111125,3.50645626,2.055851607,0.586304649,habitat_background_2024
Phyllidia ocellata,medium.yes,yes,2cm,animals_on_background,104_PhyllidiaOcellata_7_MG_D_RAW,0.279182702,0.465947834,1.668970999,3.047141365,15.54645488,1.167764014,2.070451069,1.773004687,3.923981724,26.58669627,0.142099689,0.308405591,2.170346697,4.732877779,34.16331173,0.141597134,0.308516392,2.178832182,4.70756193,33.43100032,0.583795153,1.355497446,2.321871703,5.873119579,56.25543419,0.586581242,1.377344761,2.348088658,5.944714458,56.87328825,2.497064117,0.208088676,4.258845965,0.064527969,1.28573963,0.517419691,1.96089705,0.576531389,0.136308323,0.54697554,0.044682066,2.496364495,2.49776328,0.208030375,0.20814694,4.246758185,4.270206835,0.064344821,0.064700104,1.285627047,1.285851401,0.381798069,0.381864697,1.955872803,1.965081145,0.787101119,0.790806828,0.136187598,0.136423522,0.584449594,0.586335762,0.044591265,0.044772846,457.1212089,21.42591685,21.33496607,0.501063481,0.040833589,0.01815514,0.444612883,0.114935205,0.056545615,0.4919782,3.333406893,1.616540186,0.484951354,16.86706162,11.50668628,0.682198627,3.952251857,2.129950778,0.538920812,0.041101533,0.017909777,0.43574475,0.041086279,0.017910569,0.435925801,0.116298977,0.055828207,0.480040398,0.116249443,0.055841076,0.480355646,3.373283075,1.596030245,0.473138545,3.371889263,1.596401331,0.473444175,16.86745268,11.50749338,0.68223066,16.86667058,11.50587913,0.682166589,3.952271841,2.12974767,0.538866696,3.952231872,2.13015386,0.538974921,0.241882536,0.073644861,0.304465392,0.409038856,0.225999885,0.552514466,0.403007719,0.239397747,0.594027698,9.94385478,3.30235222,0.332099804,1.993618361,1.00970399,0.506468043,0.241614243,0.073224915,0.303065389,0.242149681,0.074146588,0.306201469,0.409834746,0.225686726,0.550677384,0.408246372,0.22657634,0.554999029,0.403870116,0.239156024,0.592160734,0.402149012,0.239918937,0.596592134,9.931097467,3.278493459,0.330123984,9.956557494,3.329781383,0.33443099,1.987943134,1.003891951,0.504990276,1.999269299,1.01661746,0.508494509,habitat_background_2024
Phyllidia ocellata,medium.yes,yes,2cm,animals_on_background,104_PhyllidiaOcellata_8_MG_D_RAW,0.243770566,0.431104494,1.768484611,1.778213614,9.051570485,1.254120735,2.402348489,1.915563967,2.117701952,10.61444169,0.124316583,0.272088486,2.188674109,3.377405064,22.99871532,0.125418704,0.277041337,2.208931594,3.454909665,24.07968687,0.624493087,1.519070006,2.432484903,3.897099627,27.40068441,0.632503246,1.546160393,2.444509815,3.931662884,27.88462415,2.766833605,0.345854201,2.125548888,0.07591246,1.083643365,0.521122303,0.853513357,0.315176342,0.21088333,0.418149323,0.044864999,2.766688231,2.766979045,0.345836029,0.345872381,2.128373053,2.122715527,0.076013323,0.075811269,1.083504687,1.083781561,0.410565043,0.400207338,0.85556167,0.851080313,0.411438193,0.409283116,0.210924676,0.210841825,0.411001618,0.404745227,0.04456357,0.045166383,453.2462345,21.43985375,21.14036037,0.503516814,0.117624331,0.048002669,0.408101528,0.197514011,0.019046317,0.096430208,5.164533014,0.373599912,0.072339534,17.41947789,13.60101189,0.780793316,3.639605245,1.855809575,0.509893093,0.117648224,0.048011265,0.408091709,0.117640586,0.048013021,0.408133136,0.197528114,0.018938946,0.095879751,0.197516499,0.018962531,0.096004793,5.164927539,0.370178913,0.071671657,5.164663684,0.370908979,0.071816676,17.41946897,13.60114732,0.78080149,17.41948681,13.6008764,0.780785137,3.639632375,1.85581787,0.509891571,3.639578102,1.855801276,0.509894615,0.262062053,0.0339805,0.129665854,0.070135548,0.056966104,0.812228689,0.043943591,0.056735207,1.29109174,10.74998329,1.557920379,0.144923051,1.337589722,0.4581514,0.342520126,0.262084495,0.033933937,0.129477086,0.262039914,0.034111417,0.130176416,0.070600939,0.058566617,0.829544456,0.069676438,0.055493512,0.796445885,0.044263455,0.058490485,1.321417076,0.043628042,0.055103212,1.263022809,10.75083354,1.556159022,0.144747755,10.74914451,1.5635581,0.145458841,1.339255246,0.457186246,0.341373497,1.335946671,0.460239544,0.344504428,habitat_background_2024
Phyllidia ocellata,medium.yes,yes,2cm,animals_on_background,104_PhyllidiaOcellata_9_MG_D_RAW,0.316184838,0.700988157,2.217020152,2.465479625,11.83992729,1.135130944,2.187717935,1.92728244,2.189636833,12.7067073,0.156130742,0.435977655,2.792388289,4.447670863,32.27776653,0.162656783,0.453678218,2.789174905,4.263098102,28.69389459,0.558842364,1.348442195,2.412920499,4.117043088,34.89123954,0.578825172,1.401263451,2.420875108,3.965110647,31.03906919,2.107187893,0.162091376,3.206555826,0.04110969,1.082045567,0.421858452,1.548843019,0.422769744,0.101600533,0.422314098,0.039841222,2.108086534,2.106288133,0.162160503,0.162022164,3.200298829,3.212225161,0.041029472,0.041182374,1.082212423,1.081877869,0.297508396,0.297416424,1.554022357,1.542942267,0.605868631,0.601548823,0.101594987,0.101602269,0.451688514,0.449482624,0.039090285,0.040591966,581.0011751,24.58180365,23.63541681,0.509813785,0.026848737,0.013172884,0.490633283,0.072503095,0.070849902,0.977198322,2.11460664,2.114694886,1.000041731,18.35865817,12.40108937,0.675489965,4.864949939,2.80167012,0.575888787,0.026655007,0.013102018,0.491540616,0.026655054,0.013137121,0.492856663,0.071010065,0.070508097,0.992931023,0.070963545,0.070505623,0.993547085,2.071062211,2.104851809,1.016315105,2.06957292,2.104599578,1.016924583,18.35729782,12.40117057,0.675544445,18.36002029,12.40100791,0.675435414,4.864703526,2.801421502,0.575866851,4.865196674,2.801919017,0.57591074,0.224372514,0.086281604,0.384546228,0.522282395,0.266694279,0.510632335,0.534362197,0.25676369,0.480504966,9.215573553,3.770378639,0.409131197,3.064251837,1.089589746,0.355581004,0.224179165,0.08669002,0.38669972,0.224558662,0.08594507,0.382728813,0.52047769,0.267260598,0.513490979,0.524019888,0.266317732,0.508220658,0.53250403,0.257394079,0.483365504,0.536151162,0.25631722,0.478068944,9.209207459,3.799668506,0.412594517,9.221702559,3.744535289,0.406056828,3.056343021,1.089084982,0.356335979,3.071866109,1.090760291,0.355080675,habitat_background_2024
Phyllidia varicosa,high.yes,yes,2cm,animals_on_background,106_PhyllidiaVaricosa_19_MG_D_RAW,0.176486411,0.445702487,2.525420986,3.271135216,20.46211108,0.841091023,1.838520177,2.1858754,3.18345067,23.20909997,0.087373534,0.265598287,3.039802522,5.426879871,50.02510609,0.091610474,0.285119127,3.112298336,5.542525116,52.43365991,0.402177699,1.066198064,2.651062122,5.509946734,60.75514865,0.440215588,1.198392976,2.722286553,5.594117743,60.16294746,4.484046001,0.4484046,7.65351465,0.170078103,1.712706662,0.743819052,2.299907916,0.683013323,0.309241352,0.713416188,0.033562379,4.483729796,4.484361399,0.44837298,0.44843614,7.72923504,7.573256925,0.171760779,0.168294598,1.712645325,1.712767452,0.513967651,0.514004302,2.303231722,2.294641295,1.000280827,0.996550052,0.310066879,0.308365369,0.757124239,0.755277177,0.032358252,0.034766434,830.2364897,29.90401777,27.76337601,0.518560244,0.029157273,0.022772819,0.781033916,0.064512703,0.076008352,1.178192027,1.690131044,1.951932563,1.15490013,21.39307485,13.60853591,0.636118744,4.721463662,2.651585431,0.561602423,0.028957969,0.02274447,0.785430418,0.028948832,0.022733969,0.785315569,0.063704769,0.076059436,1.193936286,0.06373678,0.07612002,1.194287187,1.667776441,1.952295349,1.17059775,1.668345223,1.953416767,1.170870836,21.39236376,13.60792711,0.63611143,21.39378767,13.60914612,0.636126072,4.721046684,2.6512354,0.561577883,4.721881656,2.651936195,0.561626993,0.257095112,0.098553728,0.383335674,0.531791319,0.359535306,0.676083443,0.524964659,0.377268826,0.718655665,10.63643693,4.311701632,0.405370864,2.188698774,1.25433664,0.573096972,0.254423229,0.098013577,0.385238319,0.259581772,0.099107516,0.381796898,0.525179463,0.358545419,0.682710282,0.537944824,0.360783112,0.670669363,0.5183443,0.376282792,0.725932149,0.531126077,0.378540049,0.712712227,10.51802337,4.271047145,0.406069372,10.74664176,4.351462024,0.404913658,2.202642384,1.250603906,0.567774376,2.175721771,1.259198043,0.578749572,habitat_background_2024
Phyllidia varicosa,high.yes,yes,2cm,animals_on_background,106_PhyllidiaVaricosa_20_MG_D_RAW,0.316269005,0.607893346,1.922076891,2.675842592,21.24293307,0.988203295,1.931069215,1.954121409,2.384043333,13.91578146,0.15845821,0.378531484,2.388841091,4.757884461,53.5513228,0.163078558,0.391622782,2.401436378,4.720087434,51.95477925,0.48494666,1.1964316,2.467140611,4.341090269,36.18242957,0.505372304,1.252306104,2.477987208,4.345182851,36.14368002,2.643963467,0.240360315,3.151796615,0.057305393,1.249045538,0.520892448,1.452258597,0.477007027,0.148832854,0.498949737,0.033757446,2.644483557,2.643442984,0.240407596,0.240312999,3.151820409,3.15140705,0.057305826,0.05729831,1.249344071,1.248746045,0.410357978,0.41684167,1.445949669,1.457411016,0.603007848,0.607787601,0.148856711,0.148805654,0.506682913,0.512314636,0.033170017,0.034344714,819.5333701,29.14770856,28.11656252,0.509003398,0.048772861,0.030957299,0.634723867,0.112540656,0.053281098,0.473438666,3.300096827,1.521295903,0.460985232,22.04572624,13.30967114,0.603730219,5.478140057,2.759133279,0.50366242,0.048601375,0.030850915,0.634774531,0.048576607,0.030758061,0.633186696,0.112480816,0.053231788,0.473252154,0.112485384,0.053239824,0.473304369,3.299953254,1.52059411,0.460792621,3.300191122,1.520735869,0.460802364,22.04576243,13.30979989,0.603735068,22.04569,13.30954226,0.603725366,5.47803669,2.759159126,0.503676642,5.478243521,2.759107403,0.503648184,0.263352577,0.05246407,0.199216089,0.236307702,0.195758158,0.828403628,0.26157125,0.256759944,0.981606134,10.82506761,2.336659955,0.215856384,2.811272638,1.421848798,0.505766954,0.26288517,0.052470032,0.199592969,0.263803874,0.052519855,0.199086748,0.235346186,0.195820723,0.832053946,0.237236077,0.1959381,0.825920331,0.259946504,0.256878176,0.98819631,0.263139995,0.256956883,0.976502576,10.80486406,2.336083696,0.216206672,10.84457478,2.339968997,0.215773236,2.812811997,1.424155351,0.506310181,2.809786337,1.421394381,0.505872764,habitat_background_2024
Phyllidia varicosa,high.yes,yes,2cm,animals_on_background,106_PhyllidiaVaricosa_12_MG_D_RAW,0.273928151,0.449551231,1.641128263,2.507945893,12.43517483,0.948015439,1.727000949,1.82170129,3.333917754,21.02038255,0.139680566,0.293813343,2.103466162,4.17853804,29.11600705,0.138932924,0.292137975,2.10272674,4.194315016,29.25727051,0.476032876,1.119605144,2.351949206,5.244003591,46.54259041,0.474057217,1.119697479,2.361945853,5.33037242,48.10221484,1.371457891,0.171432236,1.368338266,0.048869224,0.524395262,0.252180815,0.654637242,0.263445406,0.11015073,0.25781311,0.012986706,1.371496863,1.371418914,0.171437108,0.171427364,1.36699414,1.36964416,0.048821219,0.048915863,0.524444388,0.524346051,0.218710297,0.211012374,0.64949664,0.659332988,0.31234186,0.317072144,0.110129164,0.110171614,0.265526079,0.264042259,0.01292163,0.013051779,5776.423392,76.38962024,75.61790953,0.502538396,0.052230318,0.026177731,0.501198001,0.101032451,0.033260515,0.329206254,2.980884486,0.751882732,0.252234776,21.33013764,8.744171674,0.409944456,4.23859487,2.193763137,0.517568488,0.051918349,0.02583071,0.497525656,0.051917274,0.025828351,0.49749051,0.10074105,0.032846488,0.326048695,0.100739095,0.032836049,0.325951394,2.97460711,0.742439518,0.249592464,2.974554156,0.742078893,0.249475671,21.33007187,8.744284657,0.409951017,21.33020342,8.744058681,0.409937895,4.238607562,2.193785786,0.517572281,4.238582178,2.193740487,0.517564694,0.368713487,0.074345495,0.201634867,0.197278785,0.079007452,0.400486306,0.15340606,0.074622338,0.486436699,15.56893616,3.419325919,0.219624892,3.116968504,0.707996755,0.227142736,0.368431873,0.074608443,0.202502685,0.368992277,0.074389851,0.20160273,0.197286246,0.07818026,0.396278309,0.197271399,0.080130549,0.406194459,0.153260271,0.074038887,0.483092497,0.153550387,0.075492805,0.491648422,15.55610989,3.435156789,0.220823639,15.5816338,3.417683004,0.219340478,3.114388025,0.693835062,0.222783756,3.119523106,0.724456345,0.232233043,habitat_background_2024
Phyllidia varicosa,high.yes,yes,2cm,animals_on_background,106_PhyllidiaVaricosa_13_MG_D_RAW,0.263344845,0.462428298,1.755980061,3.223239085,17.63265715,1.277528173,2.379849422,1.862854748,4.033916437,29.13878234,0.135358039,0.312435394,2.308214543,5.162223755,41.26679921,0.132809788,0.299816844,2.257490572,4.844457199,35.67839161,0.646329695,1.595903423,2.469178558,6.061975098,60.20201244,0.634414153,1.547270585,2.438896702,6.088073332,62.59616564,4.773020591,0.681860084,5.42820531,0.258485967,1.675979198,0.861282932,1.863616449,0.672157552,0.470173026,0.766720242,0.049780468,4.773347625,4.772691246,0.681906804,0.681813035,5.445044106,5.409806221,0.259287815,0.25760982,1.675991193,1.675966768,0.618892217,0.604477236,1.870082606,1.85656947,0.961032352,0.954087973,0.470597309,0.469711428,0.789962284,0.779282605,0.05027629,0.049284774,364.3944341,18.89009133,19.29024205,0.494759727,0.054915928,0.039217836,0.714143195,0.118631601,0.062832441,0.529643374,3.38689274,1.806987513,0.53352369,25.5564164,16.81265319,0.657864269,2.995664273,1.457052594,0.486387145,0.055164869,0.03942418,0.714660987,0.05512018,0.039409312,0.714970666,0.118983794,0.062533233,0.525560928,0.118917829,0.062564391,0.526114474,3.395180947,1.797644223,0.529469342,3.393393266,1.798555486,0.530016813,25.55772237,16.81542987,0.657939296,25.55511214,16.80987954,0.657789308,2.995699278,1.457022872,0.48637154,2.995629314,1.457082275,0.48640273,0.261492175,0.077325889,0.295710144,0.328768986,0.32827252,0.998489923,0.343876105,0.310659791,0.90340616,10.7988158,3.575396911,0.331091573,1.830314092,1.033229328,0.564509301,0.262559901,0.078299129,0.298214345,0.260403249,0.076486006,0.293721395,0.332536333,0.329735331,0.991576855,0.324926841,0.327479507,1.007856127,0.347538276,0.312009173,0.897769237,0.340141222,0.309942564,0.911217292,10.84715095,3.624712977,0.334162675,10.74952098,3.532102971,0.32858236,1.838347364,1.041868526,0.566741926,1.822121323,1.026673325,0.563449487,habitat_background_2024
Phyllidia varicosa,high.yes,yes,2cm,animals_on_background,106_PhyllidiaVaricosa_11_MG_D_RAW,0.334012751,0.58035757,1.737531185,2.49002166,12.86579172,1.538295087,2.808491368,1.82571692,3.036296507,18.2145111,0.169479865,0.373862815,2.205942361,4.161273131,29.5715493,0.170635294,0.379422184,2.223585612,4.179260277,30.14512936,0.767631792,1.808045063,2.355354588,4.910917315,41.07545246,0.774084835,1.835067356,2.37062822,4.966413251,42.56387453,3.983534059,0.306425697,4.171411463,0.053479634,1.54300974,0.601575129,1.733368866,0.487538445,0.179952665,0.544556787,0.057492218,3.983761084,3.983306801,0.30644316,0.306408215,4.158741984,4.183630552,0.053317205,0.053636289,1.543007638,1.543011487,0.449334126,0.441300772,1.731761124,1.734370455,0.675163866,0.676181169,0.179880183,0.180022252,0.562248996,0.558740971,0.0572379,0.057746471,268.7575996,16.47094159,16.31707563,0.502346375,0.046576752,0.030038108,0.644916325,0.111104215,0.066143767,0.595330853,3.149935698,1.832964697,0.581905433,21.62102932,13.36776361,0.618276004,6.030202781,4.21890602,0.699629212,0.046765516,0.03001496,0.641818214,0.04676853,0.030016436,0.641808414,0.111623727,0.065959185,0.590906488,0.111633739,0.065939435,0.590676583,3.164663062,1.828436539,0.577766575,3.164926494,1.827808222,0.57751996,21.620945,13.36758793,0.618270289,21.62111367,13.36793935,0.61828172,6.030236385,4.2190338,0.699646503,6.030169167,4.2187782,0.699611915,0.280564402,0.077909791,0.27768951,0.379429573,0.28646962,0.755000771,0.368289774,0.287891749,0.781699003,11.63595059,3.667315394,0.315171104,2.191766093,1.02352112,0.466984649,0.280645927,0.077744098,0.277018444,0.280483616,0.078288789,0.279120722,0.37735197,0.286813867,0.76006988,0.381488345,0.286908709,0.752077259,0.366188291,0.288233571,0.787118478,0.370372211,0.288336905,0.778505774,11.63826584,3.654199379,0.313981432,11.63365633,3.690371661,0.317215118,2.188610833,1.023531607,0.46766268,2.194892755,1.026338832,0.46760318,habitat_background_2024
Phyllidia varicosa,high.yes,yes,2cm,animals_on_background,106_PhyllidiaVaricosa_14_MG_D_RAW,0.280960633,0.558110241,1.986435735,3.263522684,21.45937355,1.223321109,2.270934755,1.856368486,2.86029535,16.92078788,0.144785577,0.369727896,2.5536238,5.322746915,49.49478541,0.141357815,0.357715072,2.530564521,5.249579341,47.94202424,0.622111371,1.515157334,2.435508181,4.838192969,41.46816933,0.604125596,1.453886781,2.406596892,4.609814447,35.97091812,3.330264628,0.222017642,5.116420597,0.048727815,1.519142688,0.560972868,2.021510188,0.531045291,0.135372729,0.546009079,0.043291011,3.329345024,3.331183297,0.221956335,0.222078886,5.149995887,5.082043288,0.04904758,0.048400412,1.518894844,1.51939002,0.401379157,0.40151001,2.031572934,2.010123438,0.750197664,0.742277022,0.135501957,0.135239649,0.57578841,0.571893516,0.043757236,0.042824824,488.4432619,21.85336301,22.35094258,0.49437182,0.035920686,0.026149597,0.727981555,0.086256434,0.056299865,0.652703367,2.270738089,1.600628956,0.704893692,19.62539966,14.00161716,0.71344367,6.344144485,3.706148133,0.584184068,0.035781506,0.02586044,0.722732004,0.035794367,0.025897005,0.723493872,0.086123225,0.055782888,0.647710165,0.08614463,0.055800641,0.64775531,2.264865125,1.587303267,0.700837877,2.265505258,1.587648793,0.700792368,19.62561153,14.00156516,0.713433319,19.62518801,14.00166911,0.713454011,6.344252642,3.706266524,0.58419277,6.344036443,3.70602986,0.584175374,0.225622615,0.110072167,0.487859638,0.464745579,0.345802606,0.744068629,0.490787433,0.323077631,0.658284237,9.319270852,4.787860607,0.513759143,2.58049259,1.522542354,0.590020045,0.226360149,0.111357793,0.491949635,0.224869083,0.108795864,0.483818687,0.464705492,0.345993465,0.744543526,0.464786536,0.345788195,0.743972057,0.490518411,0.323408735,0.659320277,0.49106229,0.322907666,0.657569665,9.355653652,4.858111099,0.519270088,9.282098877,4.717248066,0.508209202,2.581114899,1.524858889,0.590775285,2.579856783,1.520968064,0.589555232,habitat_background_2024
Phyllidia varicosa,high.yes,yes,2cm,animals_on_background,106_PhyllidiaVaricosa_17_MG_D_RAW,0.262533993,0.441383806,1.681244404,3.466459798,22.05336521,1.328712762,2.35646455,1.773494331,3.32306811,19.30985992,0.134773965,0.290549652,2.155829229,5.33092975,47.80419819,0.133903685,0.287779757,2.149154873,5.343865159,47.83350654,0.66247852,1.538163975,2.321832223,5.173406319,42.59263024,0.669222528,1.558639188,2.329029766,5.224498368,43.03221751,2.941239132,0.245103261,2.458891324,0.037255929,1.266664767,0.509743401,1.326324326,0.379328316,0.141179595,0.444535859,0.043286849,2.941231563,2.941246566,0.24510263,0.245103881,2.45742857,2.460306908,0.037233766,0.037277377,1.266604516,1.26672485,0.365464811,0.365499532,1.327674809,1.324512112,0.534295648,0.533022885,0.141168198,0.141190629,0.449880229,0.449261209,0.043023634,0.043550041,488.5036386,22.2430389,21.96209073,0.503177778,0.177340243,0.083119757,0.46870217,0.175863938,0.02792801,0.158804644,4.488292913,0.603187261,0.134391242,25.67653535,14.91219665,0.580771371,4.235489624,2.057869794,0.485863495,0.178106788,0.083070366,0.466407636,0.178098381,0.083072866,0.466443692,0.176005906,0.027736236,0.15758696,0.176003736,0.02775112,0.15767347,4.489456971,0.598231212,0.133252466,4.489419864,0.598788638,0.133377732,25.67677203,14.91229695,0.580769924,25.67629855,14.91209629,0.580772819,4.235499391,2.057859954,0.485860052,4.235479853,2.057879638,0.485866941,0.292709034,0.059087139,0.201863054,0.089381868,0.133039046,1.488434388,0.086858766,0.114414624,1.317249021,12.11850033,2.750225538,0.226944379,1.653500168,1.02783655,0.621612607,0.292375649,0.058183021,0.199000913,0.29303836,0.060021533,0.204824831,0.089847168,0.134293218,1.494685037,0.088922231,0.131917177,1.483511772,0.087421069,0.115796538,1.324583866,0.086303307,0.113142577,1.310987737,12.10179814,2.70419333,0.223453845,12.13499923,2.79748017,0.230529901,1.651697667,1.027940453,0.622353881,1.655280729,1.028728929,0.621483058,habitat_background_2024
Phyllidia varicosa,high.yes,yes,2cm,animals_on_background,106_PhyllidiaVaricosa_18_MG_D_RAW,0.245915908,0.421115169,1.712435653,3.242348751,18.16939482,0.767746607,1.421866659,1.851999927,4.677526211,41.22942325,0.124946754,0.272516452,2.18106067,5.070326293,40.54426537,0.125147268,0.272045701,2.173804553,5.125610045,42.13808428,0.380636885,0.898198147,2.359724405,6.653905238,77.33626687,0.388607088,0.941640278,2.423116578,7.605468856,105.7556648,4.611337732,0.419212521,5.590025143,0.101636821,1.741127885,0.726106726,2.135657767,0.582945771,0.260424671,0.654526248,0.041950971,4.610772978,4.611901827,0.41916118,0.419263802,5.575876494,5.601673835,0.101379573,0.101848615,1.741020774,1.741234234,0.482154625,0.482213741,2.124186092,2.144731435,0.885854406,0.894422479,0.260270376,0.260556209,0.684004516,0.68831811,0.041782777,0.04211914,521.5532689,22.93330632,22.74217514,0.502092273,0.042175394,0.023321631,0.552967703,0.118383865,0.066676981,0.563226931,2.896483079,1.603741187,0.553685675,20.43988337,12.54615771,0.613807696,3.730692295,1.997542412,0.535434781,0.041966905,0.023234358,0.553635262,0.041973764,0.023242002,0.553726885,0.117963842,0.066929046,0.567369164,0.117964344,0.066917538,0.567269191,2.885849478,1.61025361,0.557982536,2.886053878,1.610080069,0.557882887,20.44053794,12.54632621,0.613796283,20.43922867,12.54598914,0.61381911,3.730777873,1.997654285,0.535452486,3.730606699,1.997430505,0.535417069,0.188851815,0.065344205,0.346007821,0.335680741,0.27428592,0.817103535,0.328411984,0.277637998,0.845395453,7.691235449,2.837221833,0.368890258,2.344838924,1.136748276,0.484787362,0.187694455,0.063569063,0.338683756,0.189999767,0.067128531,0.353308491,0.332568622,0.273768031,0.823192607,0.33876756,0.275151032,0.812211866,0.325277833,0.276928369,0.851359489,0.331520657,0.278696907,0.840662267,7.640079477,2.753167667,0.360358511,7.741975547,2.921203544,0.377320172,2.347571658,1.135951009,0.483883423,2.342128405,1.139142311,0.486370563,habitat_background_2024
Phyllidiella pustulosa,high.yes,yes,2cm,animals_on_background,108_PhyllidiellaPustulosa_29_OI_D_RAW,0.259951881,0.537930141,2.069345056,3.329379596,16.59255975,1.073842828,1.859961323,1.732061037,3.227333357,18.9948,0.133397987,0.358919274,2.690589887,5.189224643,37.39537451,0.128760791,0.343002362,2.663872745,5.227076712,38.15573885,0.547090972,1.246365847,2.278169283,4.948842139,39.53445225,0.529327777,1.203140953,2.272960169,5.179023992,44.58229001,2.573487499,0.643371875,1.996957268,0.332826211,1.018388965,0.734612355,0.723420979,0.521837929,0.488099043,0.628225142,0.037531597,2.573632554,2.573342615,0.643408138,0.643335654,1.995649374,1.998308242,0.332608229,0.333051374,1.018410015,1.018367921,0.734627539,0.734597175,0.722947999,0.723910531,0.521496747,0.522191067,0.488008184,0.488193514,0.628062143,0.628394121,0.038423814,0.036639749,657.9902455,25.02552672,26.2927631,0.48765317,0.026020408,0.011178984,0.429623676,0.070687495,0.075230103,1.064263254,2.033291245,2.17525538,1.069819872,18.03373481,9.520453552,0.527924673,2.834961823,1.543668534,0.544511225,0.026039349,0.011172094,0.429046601,0.026035668,0.011170802,0.429057641,0.070792056,0.075230368,1.062695059,0.070765839,0.075217705,1.062909806,2.036300854,2.175282252,1.068251898,2.035542322,2.174914793,1.068469454,18.03348559,9.52002476,0.527908191,18.03398346,9.520881344,0.527941116,2.835091587,1.543662146,0.544484049,2.834832353,1.543674893,0.544538336,0.275874073,0.025921631,0.093961824,0.748535605,0.180662495,0.241354578,0.749762378,0.177363815,0.236560035,11.33720984,1.208390373,0.106586223,2.646571062,1.538194828,0.581202919,0.275835214,0.02584286,0.093689488,0.275914807,0.026003864,0.09424599,0.748165906,0.18061393,0.241408929,0.748923146,0.180712307,0.241296197,0.749399447,0.177315382,0.236609972,0.750142823,0.177413507,0.236506304,11.33546845,1.204524211,0.106261529,11.33903526,1.212426293,0.106924995,2.649451122,1.537636862,0.580360532,2.643552018,1.538771787,0.582084929,habitat_background_2024
Phyllidiella pustulosa,high.yes,yes,2cm,animals_on_background,108_PhyllidiellaPustulosa_1_MG_D_RAW,0.186873241,0.369322115,1.976324235,3.13145376,21.3796189,0.789202506,1.652678655,2.094112274,3.991194311,34.86978645,0.096247901,0.239448336,2.487829182,5.21018219,50.7072425,0.094143678,0.233443739,2.479653891,5.182378016,49.80122744,0.399521369,1.07959368,2.70221761,6.708035272,87.52716616,0.391562777,1.050905228,2.68387418,6.483891685,80.89932304,4.281580496,0.713596749,4.1627313,0.27751542,1.534852426,0.856617449,1.554835966,0.648416961,0.495556085,0.752517205,0.03105328,4.28175144,4.281409125,0.71362524,0.713568187,4.168715091,4.156355992,0.277914339,0.277090399,1.534867463,1.534837305,0.640089449,0.640076872,1.557912207,1.551590847,0.869487358,0.86595934,0.49576979,0.495329293,0.754788403,0.753018106,0.031248793,0.030857776,973.6478637,31.0012364,31.40674298,0.496751164,0.072829878,0.052787942,0.724811613,0.141675579,0.051023227,0.360141299,3.983006265,1.324745215,0.33259933,23.37661808,14.38438725,0.615332261,3.165065969,1.347154132,0.425632245,0.072297488,0.052829814,0.730728203,0.072278615,0.052818902,0.730768043,0.140935019,0.051237824,0.363556374,0.140931263,0.05123957,0.363578452,3.963691197,1.329126902,0.335325543,3.963703693,1.329263669,0.33535899,23.37708001,14.38528994,0.615358716,23.37615636,14.38348488,0.615305812,3.16500689,1.347213002,0.42565879,3.165125021,1.347095283,0.425605711,0.23317756,0.065224899,0.279722024,0.107644795,0.147617631,1.371340171,0.1224505,0.127098159,1.037955416,9.559584622,2.989500327,0.312722827,1.712258175,0.902516894,0.527091596,0.23358552,0.065787111,0.281640366,0.232764449,0.06464772,0.277738804,0.108548675,0.148546457,1.368477848,0.1067295,0.146664838,1.374173381,0.12331464,0.127927732,1.037409114,0.121575447,0.126245927,1.038416308,9.578333366,3.02187271,0.315490451,9.540599129,2.95622468,0.309857341,1.717040362,0.903101594,0.525964103,1.707415601,0.901896001,0.528222889,habitat_background_2024
Phyllidiella pustulosa,high.yes,yes,2cm,animals_on_background,108_PhyllidiellaPustulosa_28_OI_D_RAW,0.271112034,0.511197112,1.885556703,3.327535454,18.45750415,0.906857282,1.713309174,1.889282038,3.873628507,29.68435626,0.138726506,0.338915732,2.443049582,5.17648744,40.52198027,0.136485308,0.33636346,2.464466443,5.292476106,42.27272129,0.459407796,1.139798504,2.481016895,6.027499408,66.94074028,0.449665469,1.124637623,2.501054006,6.020852822,63.30526568,2.886191576,0.288619158,3.318625199,0.073747227,1.430985125,0.621468943,1.615007683,0.490014448,0.181183192,0.555741696,0.028343192,2.885112906,2.887269628,0.288511291,0.288726963,3.326998492,3.309572644,0.0739333,0.073546059,1.430598101,1.431371216,0.43406217,0.434296743,1.613868303,1.614791835,0.700894098,0.701295183,0.181222295,0.181136511,0.567478134,0.567795963,0.028632174,0.028054269,1175.364186,33.92574496,34.64519902,0.494753944,0.049424625,0.023161058,0.468613735,0.153686856,0.058106811,0.378085758,4.48931468,1.695948781,0.377774538,19.26289992,12.2512033,0.635999946,3.475934871,1.574691923,0.453026878,0.049380369,0.023028413,0.466347532,0.049388434,0.023064211,0.466996204,0.153876099,0.057674206,0.374809385,0.153844873,0.057709883,0.375117359,4.496348751,1.68462143,0.374664316,4.495343109,1.685523356,0.374948767,19.26173115,12.25034326,0.635993887,19.26406775,12.25206247,0.63600599,3.475897482,1.574572608,0.452997425,3.475972229,1.574811133,0.453056304,0.266350443,0.07257058,0.272462772,0.327447543,0.305681344,0.933527677,0.318580459,0.321996964,1.010724151,10.98293569,3.17670718,0.289240261,2.759273895,1.377984021,0.499400956,0.26650168,0.071960704,0.270019701,0.266196122,0.073187321,0.274937592,0.328525211,0.305853201,0.930988522,0.326347898,0.305501815,0.936123126,0.319605872,0.322235333,1.008227199,0.317534135,0.321750055,1.01327706,10.98769182,3.141617815,0.285921545,10.97808257,3.212109517,0.292592946,2.763804444,1.381486722,0.499849664,2.754650952,1.374384698,0.498932432,habitat_background_2024
Phyllidiella pustulosa,high.yes,yes,2cm,animals_on_background,108_PhyllidiellaPustulosa_27_OI_D_RAW,0.191672375,0.44435173,2.318287813,3.964146881,22.38576026,0.997742685,1.730464995,1.734380037,3.55691801,22.63067916,0.096346336,0.286680197,2.975517359,5.970352836,48.70024398,0.09719977,0.29293018,3.013692106,6.064633609,50.42999652,0.495916141,1.131625023,2.281887861,5.378014287,48.05147518,0.504225293,1.166258367,2.312970777,5.465205188,49.29822741,3.268433192,0.466919027,3.31700414,0.157952578,1.312267863,0.67437228,1.339273515,0.507481782,0.312435803,0.590927031,0.046674926,3.269005244,3.267860524,0.467000749,0.466837218,3.311698161,3.322098339,0.157699912,0.158195159,1.312351016,1.312184557,0.511647925,0.497217147,1.338285103,1.339881217,0.687742496,0.688562736,0.312350331,0.312516188,0.59969521,0.592889942,0.046221401,0.047128378,417.2115884,20.63499967,20.21863799,0.505095772,0.023790954,0.013423265,0.564217175,0.048637111,0.05597025,1.150772504,1.396638876,1.604765139,1.149019383,25.19853295,16.14980073,0.64090242,3.097044064,1.505443043,0.486090288,0.023819097,0.013420958,0.563453696,0.02381941,0.013421532,0.563470372,0.04894905,0.055912533,1.142259828,0.04895043,0.055902268,1.142017905,1.405557126,1.603101427,1.140545195,1.40559907,1.602814304,1.14030689,25.19858389,16.14986514,0.64090368,25.19848196,16.14973627,0.640901158,3.097084661,1.505497188,0.4861014,3.097003436,1.505388851,0.486079167,0.225463272,0.056644899,0.251237813,0.725900022,0.207272576,0.285538738,0.72355216,0.207223746,0.286397798,9.213728976,2.492318747,0.270500549,1.489205171,1.124291068,0.754960492,0.225359474,0.056646513,0.251360688,0.225565056,0.056807232,0.251844116,0.725841943,0.208216669,0.286862273,0.725956975,0.206951251,0.285073714,0.723484212,0.208172056,0.287735451,0.723618791,0.206898136,0.285921453,9.20939308,2.497640711,0.271205788,9.217980746,2.494347326,0.270595849,1.49116065,1.126154423,0.755220052,1.487287632,1.125730461,0.756901649,habitat_background_2024
Phyllidiella pustulosa,high.yes,yes,2cm,animals_on_background,108_PhyllidiellaPustulosa_39_MG_D_RAW,0.296548526,0.46780274,1.577491368,2.747994027,12.4088464,1.147940245,1.88807491,1.644750168,3.288287274,18.4530004,0.149305091,0.309317207,2.071712394,4.36602304,28.35864697,0.152456915,0.315145606,2.067112573,4.230322118,26.0849736,0.564484104,1.223966786,2.168292744,4.984072732,39.18784588,0.586141547,1.28549139,2.193141564,5.027662939,39.57671986,1.831851714,0.366370343,3.685570773,0.368557077,0.853961475,0.530596097,1.370791696,0.659211461,0.36746371,0.594903779,0.030115193,1.832494069,1.831209289,0.366498814,0.366241858,3.66320959,3.706880874,0.366320959,0.370688087,0.854329525,0.853593066,0.410845656,0.410491494,1.365390852,1.375748073,0.848365036,0.854800339,0.366409886,0.368464973,0.629605346,0.632645917,0.029651846,0.030578317,1037.468679,32.72471324,31.70291123,0.507929844,0.041462173,0.018567872,0.447826792,0.100546938,0.051160657,0.508823628,2.854271777,1.463425452,0.512714124,20.14992387,11.29393217,0.560495029,2.633913669,0.739929822,0.280924098,0.041589161,0.018334881,0.440857203,0.041586634,0.018313776,0.440376486,0.101315864,0.050885239,0.502243547,0.101335911,0.050875859,0.502051624,2.876151432,1.455873461,0.506188042,2.876735625,1.455610699,0.505993907,20.15071037,11.2949805,0.560525177,20.14913699,11.29288318,0.560464857,2.633863301,0.739967712,0.280943856,2.633964061,0.739891909,0.28090433,0.289940985,0.102076691,0.352060236,0.48175531,0.235764726,0.489386876,0.490863042,0.237349479,0.483535037,12.07093049,4.513871485,0.373945612,2.246994798,0.870330551,0.387330915,0.289153864,0.101649784,0.351542196,0.290703891,0.102482175,0.352531142,0.482955412,0.234092361,0.484708019,0.480592127,0.237367781,0.493906928,0.492007565,0.235756882,0.479173286,0.489753729,0.238876969,0.487749158,12.03470015,4.489348096,0.373033648,12.10604623,4.537198432,0.3747878,2.246121593,0.870598067,0.387600595,2.247841141,0.87007023,0.38706927,habitat_background_2024
Phyllidiella pustulosa,high.yes,yes,2cm,animals_on_background,108_PhyllidiellaPustulosa_30_OI_D_RAW,0.326340294,0.607746488,1.862309063,3.084992861,15.16723394,1.132491143,1.943161218,1.715829064,3.095624183,17.6727404,0.164131962,0.397632331,2.422638009,4.909193866,34.92813068,0.165752128,0.403181034,2.432433534,4.832279048,33.66770334,0.562674143,1.264767285,2.247779289,4.883912122,39.45370468,0.572508953,1.301823788,2.273892454,4.884948507,39.10008113,1.888586898,0.37771738,1.064317837,0.106431784,0.694159003,0.431305239,0.168601635,0.094098364,0.242074582,0.262701801,0.025324833,1.888384449,1.888789193,0.37767689,0.377757839,1.063816864,1.064811465,0.106381686,0.106481146,0.694112669,0.694205269,0.387391656,0.387443338,0.16671916,0.170216358,0.103588439,0.10576137,0.242029288,0.242119493,0.245490048,0.246602354,0.025142644,0.025506934,1481.325944,38.77306469,38.20502598,0.503689613,0.033484746,0.01162105,0.347055063,0.10438852,0.073992861,0.708821822,3.116448517,2.232356225,0.716314168,16.69295561,9.092132632,0.544668832,4.122736986,2.511017345,0.609065617,0.03355248,0.011585818,0.345304377,0.033548054,0.01158732,0.345394685,0.104867163,0.073847075,0.704196369,0.104836684,0.073854813,0.704474902,3.130911881,2.228002551,0.711614583,3.129994353,2.228247671,0.711901499,16.69259322,9.092670792,0.544712896,16.69331797,9.091594485,0.544624772,4.122792075,2.510736319,0.608989314,4.122681903,2.511298306,0.609141905,0.34047452,0.016595748,0.048742994,0.780655196,0.057154005,0.073212866,0.7908997,0.057272554,0.072414434,14.18968615,0.784537019,0.055289244,4.097789447,0.501184277,0.12230601,0.340346346,0.015823345,0.046491891,0.340600802,0.017321985,0.050857145,0.78063601,0.05706989,0.073106915,0.780674098,0.057236748,0.073317084,0.79087014,0.057291701,0.072441351,0.790928823,0.057253665,0.072387885,14.18319846,0.732345487,0.05163472,14.19607805,0.83270588,0.05865746,4.098249691,0.501528515,0.122376271,4.097335998,0.500844394,0.122236593,habitat_background_2024
Phyllidiella pustulosa,high.yes,yes,2cm,animals_on_background,108_PhyllidiellaPustulosa_25_MG_D_RAW,0.314747118,0.516485869,1.640955038,3.029721889,16.18748548,1.239658801,2.039168917,1.644943686,3.535007097,21.97930469,0.160743025,0.344313313,2.142010915,4.820402569,40.47677994,0.159207774,0.338323029,2.125040889,4.575440138,31.18492404,0.623476465,1.353904782,2.171541121,5.34045781,47.1127677,0.618972787,1.340645345,2.165919687,5.297244689,45.65556886,3.260084097,0.271673675,2.860298035,0.043337849,1.309399754,0.526941225,1.281947719,0.40885029,0.157505762,0.467895757,0.043234062,3.259935962,3.260232202,0.27166133,0.271686017,2.855323185,2.865110907,0.043262472,0.043410771,1.309239014,1.309560128,0.417554275,0.423662938,1.284859929,1.278543909,0.517065673,0.514523919,0.157461901,0.157548394,0.467309974,0.469093429,0.043236135,0.043231989,489.7329549,22.12880193,22.13101986,0.499974944,0.040393819,0.022465804,0.556169362,0.094430191,0.05466801,0.578925128,2.783038365,1.591761682,0.571951038,22.46965047,12.9467996,0.57619052,5.262193456,3.680277857,0.69938095,0.040484795,0.022375746,0.552695051,0.040489139,0.022394501,0.55309897,0.094696718,0.05448155,0.575326699,0.094703558,0.054507387,0.575557962,2.791450863,1.587151086,0.568575685,2.791609763,1.587725377,0.568749041,22.46933624,12.94621415,0.576172523,22.46996465,12.94738492,0.576208513,5.262154328,3.680242199,0.699379374,5.262232578,3.680313509,0.699382525,0.280142824,0.045864199,0.163717201,0.429042403,0.364899042,0.850496453,0.427663053,0.359782903,0.841276562,11.54796912,2.133098736,0.184716353,2.230612735,0.947099452,0.42459161,0.280280412,0.04622579,0.164926938,0.280005244,0.045546397,0.162662657,0.42685659,0.364701113,0.854387915,0.431228089,0.36546091,0.847488649,0.425487045,0.359595925,0.845139538,0.429838934,0.360328454,0.838287148,11.55455218,2.151241869,0.186181328,11.54138644,2.116967681,0.183424036,2.233048123,0.951175437,0.425953846,2.228177489,0.943975197,0.423653502,habitat_background_2024
Phyllidiella pustulosa,high.yes,yes,2cm,animals_on_background,108_PhyllidiellaPustulosa_37_MG_D_RAW,0.298512226,0.495964357,1.661454083,3.12540625,19.03467141,1.487410515,2.664930559,1.791657738,3.54215212,21.47536631,0.150165832,0.319738836,2.129238274,4.851810318,41.25972157,0.154694467,0.334004488,2.159123678,4.804858396,39.41604916,0.72941972,1.699749837,2.330276781,5.361040455,45.10133961,0.76151675,1.810445705,2.377420725,5.503303688,47.63061073,4.229519611,0.234973312,4.89751803,0.032009922,1.607659772,0.556212109,1.881730739,0.500300617,0.133491617,0.528256363,0.04947803,4.23095215,4.228084044,0.235052897,0.234893558,4.865500603,4.928382657,0.031800658,0.032211651,1.608011261,1.60730714,0.430217602,0.427338905,1.871322215,1.891203213,0.647433054,0.654311407,0.133426777,0.133552605,0.538825328,0.540825156,0.048429039,0.050526839,369.2290738,19.64876813,18.7914617,0.511151162,0.069871206,0.049557333,0.70926689,0.115748798,0.055717804,0.481368319,3.203178761,1.45344126,0.453749656,20.9729479,15.25237347,0.727240326,6.631066304,4.504354784,0.679280613,0.069931849,0.049553263,0.708593632,0.069924414,0.049504692,0.707974357,0.115618517,0.055823685,0.482826508,0.115626213,0.055798808,0.482579225,3.198167542,1.455346826,0.455056468,3.198426398,1.454468395,0.454744995,20.97418673,15.25299931,0.72722721,20.97170655,15.25174623,0.727253464,6.631203398,4.504534066,0.679293606,6.630928931,4.504175126,0.679267592,0.298180967,0.07966135,0.267157729,0.275768031,0.267790326,0.971070957,0.253184631,0.286886624,1.133112318,12.42119377,3.812902856,0.306967505,2.1693451,0.774509814,0.357024714,0.297519677,0.078495846,0.263834132,0.298814692,0.080778011,0.27032811,0.275327476,0.267624986,0.972024259,0.276190222,0.26802058,0.970420236,0.252686496,0.286761766,1.134851965,0.253662002,0.287083213,1.131754897,12.38734581,3.743933556,0.30223856,12.45363081,3.878544365,0.311438843,2.167243433,0.774034054,0.357151413,2.171359162,0.775169966,0.35699758,habitat_background_2024
Phyllidiella pustulosa,high.yes,yes,2cm,animals_on_background,108_PhyllidiellaPustulosa_31_OI_D_RAW,0.298422828,0.51409481,1.72270605,3.006321081,14.38296786,1.106195535,1.86176798,1.683036969,3.251051435,18.62246401,0.154456043,0.349952483,2.265709234,4.634587558,31.05191889,0.148102887,0.334750828,2.260258627,4.716857956,32.42960423,0.567449983,1.268358514,2.235189976,4.902042807,37.81676423,0.541593649,1.211802927,2.237476249,5.052095566,41.79661122,2.520667174,0.840222391,1.920126183,0.640042061,0.99777569,0.908214573,0.734916594,0.668949913,0.740132226,0.788582243,0.037381678,2.520029921,2.521302673,0.840009974,0.840434224,1.922947032,1.917040282,0.640982344,0.639013427,0.997622663,0.997928228,0.908075281,0.908353419,0.740356095,0.728913647,0.673901159,0.663485794,0.740496159,0.739723826,0.79098822,0.785919606,0.03828423,0.036479402,663.498748,25.1204155,26.41272984,0.487461329,0.036778851,0.015571737,0.423388345,0.109212785,0.069513097,0.636492304,3.206760085,2.079934364,0.648609285,14.28390891,6.093577078,0.426604308,3.199217239,1.22977785,0.384399607,0.036945376,0.01557419,0.421546379,0.036935336,0.015575987,0.421709643,0.109902143,0.069511975,0.63248971,0.109857739,0.069524199,0.632856638,3.227673747,2.079986249,0.644422706,3.226341658,2.080330501,0.644795475,14.28448425,6.093730606,0.426597874,14.28333482,6.0934238,0.426610723,3.199377719,1.229751899,0.384372215,3.199057108,1.229803712,0.384426933,0.268006947,0.040174481,0.149900894,0.513559459,0.275387114,0.536232191,0.522508832,0.264763406,0.506715658,11.00716421,1.870673622,0.169950551,2.579183815,0.590525953,0.22895846,0.268550381,0.042065052,0.15663747,0.267436802,0.038077744,0.142380344,0.513236907,0.275598665,0.536981385,0.513897866,0.275164381,0.535445657,0.522217605,0.265005583,0.507461987,0.522814374,0.264508571,0.505932093,11.0324541,1.960272556,0.177682367,10.98063124,1.771224689,0.161304451,2.585667212,0.599798959,0.231970671,2.57238174,0.580521243,0.225674609,habitat_background_2024
Phyllidiella pustulosa,high.yes,yes,2cm,animals_on_background,108_PhyllidiellaPustulosa_38_MG_D_RAW,0.125319222,0.348272487,2.779082731,3.845136649,24.30565401,0.696738456,1.384163033,1.986632173,2.776756196,17.56965678,0.064015382,0.22237939,3.473843068,6.211061909,59.47001737,0.062699115,0.215072256,3.430227936,6.147687902,57.47905388,0.357500331,0.888320799,2.48481112,4.783701007,43.6893065,0.340667778,0.841818995,2.471084881,4.850975513,43.91779026,1.459957573,0.243326262,1.457966004,0.097197734,0.577607503,0.322368886,0.628624116,0.262156618,0.170261998,0.292262752,0.015726159,1.459810378,1.460104667,0.24330173,0.243350778,1.445571083,1.4708306,0.096371406,0.098055373,0.577561203,0.57765368,0.24086173,0.240900296,0.61891455,0.637785736,0.345422787,0.355954997,0.169836568,0.170703076,0.293142258,0.298427646,0.01596351,0.015488851,3918.178848,61.64286516,63.56256864,0.492333785,0.022584033,0.00939455,0.41598195,0.030280519,0.042011444,1.387408331,0.84823933,1.276216244,1.504547359,20.43333742,8.986010779,0.439772055,3.75275407,1.71899989,0.45806356,0.022455338,0.009256203,0.412205018,0.022456479,0.009254806,0.41212186,0.029665217,0.041456269,1.397470591,0.029676193,0.041466774,1.397307724,0.829522889,1.259521938,1.518369119,0.829856477,1.259829695,1.518129616,20.4338957,8.985890864,0.439754171,20.43277951,8.986130571,0.439789925,3.752763442,1.718939032,0.458046199,3.752744704,1.719060705,0.458080909,0.293504225,0.04210895,0.143469656,0.681240796,0.260842983,0.382893955,0.710432526,0.276661522,0.389426881,12.11898828,1.865212115,0.153908237,2.765941216,0.41403683,0.149691117,0.293893012,0.042574034,0.144862354,0.293103595,0.041620085,0.141997866,0.684760089,0.257405771,0.375906505,0.677614304,0.264284217,0.390021602,0.714153293,0.273004487,0.382277151,0.706598421,0.280323231,0.396722131,12.1370175,1.896311328,0.156241954,12.10040989,1.83240945,0.151433668,2.77258829,0.399425655,0.144062376,2.759091669,0.428453608,0.15528792,habitat_background_2024
Phyllidiella pustulosa,high.yes,yes,2cm,animals_on_background,108_PhyllidiellaPustulosa_24_MG_D_RAW,0.078343236,0.310260673,3.960273887,6.011799794,51.05032028,0.792644589,1.738793566,2.193661055,3.439108306,25.92264802,0.040280271,0.198786631,4.935086763,9.240625117,119.5144742,0.038845627,0.18865977,4.856654052,9.162433188,118.0461994,0.408531462,1.131069175,2.768621953,5.985113364,67.3488351,0.385587357,1.040988364,2.699747136,5.792496122,63.27196874,3.933748728,0.437083192,3.576350039,0.099343057,1.464417246,0.666485011,1.515293001,0.50581723,0.268213124,0.58615112,0.035871342,3.932782346,3.934709875,0.436975816,0.437189986,3.598262817,3.5527063,0.099951745,0.098686286,1.464114443,1.46471833,0.488733408,0.497452432,1.525972193,1.503197577,0.694499874,0.6841347,0.268463781,0.267938136,0.591616641,0.590793566,0.037245485,0.034497301,723.4529514,25.84889155,27.98777464,0.480135443,0.015183056,0.011120223,0.732410037,0.021723447,0.033274063,1.531711954,0.576733551,0.907440781,1.573414238,26.19050813,14.7180607,0.561961632,2.927734733,2.440299731,0.833511214,0.015162207,0.011023319,0.72702605,0.015167402,0.011035012,0.727547928,0.02184672,0.033130036,1.516476393,0.021851543,0.033165951,1.517785288,0.579703639,0.902467575,1.556774039,0.579894055,0.903731076,1.5584417,26.19178273,14.7185852,0.56195431,26.18923726,14.71753759,0.561968928,2.92766098,2.440273789,0.83352335,2.927808271,2.440325595,0.833499112,0.226647904,0.090283508,0.398342567,0.826755919,0.182282187,0.220478842,0.828533342,0.18060442,0.217980871,9.325107722,3.992419012,0.428136503,0.730392574,0.911673811,1.248196988,0.227535117,0.091037431,0.400102772,0.225690083,0.089576209,0.396899179,0.826705822,0.183372911,0.221811564,0.826810003,0.181348619,0.219335299,0.828517715,0.181683152,0.219286985,0.828550213,0.179681596,0.216862652,9.364702707,4.028849311,0.430216467,9.282361632,3.957729303,0.426370945,0.736660978,0.91758635,1.245601949,0.723625309,0.906452438,1.252654414,habitat_background_2024
Phyllidiella pustulosa,high.yes,yes,2cm,animals_on_background,108_PhyllidiellaPustulosa_3_MG_D_RAW,0.280514722,0.525390201,1.872950546,2.831570406,13.80392803,1.332085834,2.434808577,1.827816582,3.228256311,19.7785959,0.139993107,0.338743377,2.419714682,4.627524909,32.39019305,0.144521631,0.349511781,2.418404619,4.539234503,31.04014107,0.654806754,1.558685338,2.38037456,5.171230628,45.66736891,0.68066934,1.631023239,2.396204948,5.061423315,42.07014937,2.763542653,0.230295221,2.825868644,0.042816192,1.234287487,0.496713825,1.403532177,0.421202292,0.136555706,0.458958058,0.040788161,2.76407644,2.763008396,0.230339703,0.2302507,2.804489604,2.846567231,0.042492267,0.043129807,1.234536376,1.234038053,0.370486377,0.370336829,1.391260079,1.414620168,0.559884243,0.569285034,0.136415985,0.136690253,0.46518531,0.469810932,0.039982045,0.041593727,553.26877,24.01122667,23.04208684,0.510298317,0.032339429,0.019598414,0.606022257,0.083507122,0.063891271,0.76509966,2.411632665,1.81080775,0.750863835,19.29639849,12.06071941,0.625024375,3.869800716,2.138383959,0.55258245,0.032372182,0.019516803,0.602888088,0.032371624,0.019516219,0.602880454,0.083747519,0.063728382,0.760958451,0.083751249,0.06371649,0.760782566,2.419144944,1.8067688,0.746862566,2.419289349,1.806485854,0.746701032,19.29686465,12.06111084,0.625029561,19.29593186,12.06032756,0.625019183,3.869830719,2.138459841,0.552597774,3.869770684,2.138307998,0.552567109,0.30506225,0.05691618,0.186572346,0.599789619,0.220410824,0.367480225,0.594418159,0.225319042,0.379058141,12.65961359,2.678146987,0.211550453,2.386970878,1.071095612,0.448725882,0.304706338,0.056408676,0.18512472,0.305404139,0.057397307,0.187938863,0.600097398,0.219733231,0.366162613,0.599493966,0.221059344,0.368743234,0.594890869,0.224374526,0.377169222,0.593964074,0.226221663,0.380867587,12.64297839,2.658037311,0.210238223,12.67559333,2.697222924,0.212788692,2.386348359,1.067596974,0.447376834,2.387568869,1.074445315,0.450016471,habitat_background_2024
Phyllidiella pustulosa,high.yes,yes,2cm,animals_on_background,108_PhyllidiellaPustulosa_35_MG_D_RAW,0.294434031,0.542769362,1.843432841,2.951377946,14.76356434,1.307593869,2.357185773,1.802689527,3.305493563,20.09825773,0.146941878,0.350685865,2.386561744,4.753292125,34.09028418,0.15195014,0.362112346,2.383099782,4.660951223,32.65186047,0.642414816,1.51581492,2.359557846,5.267616154,46.51621529,0.668481603,1.58189317,2.366397465,5.091933809,41.93038917,2.521021901,0.315127738,3.274649464,0.116951767,1.179885801,0.567405131,1.41761677,0.481455646,0.216039752,0.524430389,0.038240477,2.522053759,2.519989048,0.31525672,0.314998631,3.260319619,3.288051236,0.116439986,0.117430401,1.180191442,1.179579628,0.400820479,0.400612693,1.414376064,1.420412646,0.680171111,0.683074093,0.215848353,0.216214516,0.540495795,0.541843393,0.037368713,0.03911172,632.8748105,25.76035444,24.56778349,0.511847954,0.033854054,0.02033743,0.600738377,0.092029601,0.058394165,0.634515032,2.655876411,1.669039587,0.628432701,20.58116318,11.76208363,0.571497516,3.964235582,1.973384042,0.497796864,0.033686502,0.020193195,0.599444698,0.033676055,0.02018381,0.599351974,0.091476156,0.057999417,0.63403863,0.091446342,0.057978029,0.634011466,2.640282541,1.658159599,0.628023544,2.639434342,1.657561339,0.627998702,20.58050838,11.76272188,0.571546711,20.58181877,11.76144453,0.57144826,3.964209423,1.973326927,0.497785741,3.964261773,1.973441225,0.497808,0.299058917,0.077378377,0.258739576,0.458087303,0.321142068,0.701049922,0.455566884,0.319206532,0.700679841,12.43521479,3.556147284,0.285973933,2.405002327,0.649475301,0.270051839,0.298300481,0.077189558,0.258764444,0.299783121,0.077550938,0.258690142,0.455849959,0.321009276,0.704199419,0.460223664,0.321253465,0.698037693,0.453374815,0.319008913,0.703631748,0.457660014,0.319380295,0.697854925,12.40160732,3.551172478,0.28634776,12.4673054,3.560578572,0.285593274,2.402741811,0.645561723,0.268677109,2.407160815,0.653182649,0.271349818,habitat_background_2024
Phyllidiella pustulosa,high.yes,yes,2cm,animals_on_background,108_PhyllidiellaPustulosa_36_MG_D_RAW,0.27199009,0.48397829,1.779396777,3.095862425,15.29594508,1.417940122,2.393865719,1.688269964,3.290653915,18.77023451,0.137927856,0.319434836,2.315955935,4.825627121,34.24438275,0.138254378,0.320287472,2.316653369,4.747874113,32.80081859,0.711715156,1.594605086,2.240510226,5.065557621,40.57732749,0.709700092,1.590833439,2.241557323,4.957939776,38.60280834,2.421281497,0.302660187,2.369445305,0.084623047,1.071529381,0.515296708,1.04979794,0.397792776,0.193641617,0.456544742,0.034770672,2.421148041,2.421414709,0.302643505,0.302676839,2.372797382,2.366009344,0.084742764,0.084500334,1.071455203,1.071603404,0.405999215,0.406055371,1.051142962,1.048242285,0.505492913,0.504097982,0.193693134,0.193588586,0.455746064,0.455076677,0.034927562,0.034613822,770.6251143,27.63068397,27.89019321,0.497662958,0.035294576,0.025402655,0.719732533,0.081387001,0.049840216,0.612385461,2.371034594,1.415099702,0.596827944,29.48244241,15.3059313,0.519154115,3.156954861,1.31804206,0.417504246,0.035178872,0.025183654,0.715874417,0.035173438,0.025199557,0.716437113,0.08126695,0.04954701,0.609682163,0.081242816,0.049551714,0.609921176,2.368166958,1.407599784,0.594383677,2.367454914,1.407739967,0.594621659,29.48119783,15.30558855,0.519164405,29.48368626,15.30627372,0.519143827,3.157010112,1.318048211,0.417498888,3.156899643,1.318035909,0.417509601,0.367549935,0.037074122,0.100868259,0.530501625,0.311620832,0.587407874,0.525573119,0.31753823,0.604175173,15.45257432,1.815579391,0.117493652,2.289473084,0.382879026,0.167234561,0.367642444,0.037059791,0.100803896,0.367456611,0.037088322,0.100932522,0.531509326,0.311909987,0.58683822,0.529485048,0.311325299,0.587977508,0.526617574,0.317777134,0.603430553,0.524519464,0.317293288,0.604921856,15.45647619,1.804620246,0.116754959,15.44863809,1.826559348,0.118234328,2.288753084,0.383903981,0.167734992,2.290199424,0.381840773,0.166728176,habitat_background_2024
Phyllidiella pustulosa,high.yes,yes,2cm,animals_on_background,108_PhyllidiellaPustulosa_22_MG_D_RAW,0.075548214,0.286645456,3.79420559,6.121817862,50.34303069,0.88335327,1.758427798,1.990628051,3.767436589,28.27237144,0.03861783,0.183490819,4.751453396,9.063298043,109.7056633,0.037518383,0.179469641,4.78351217,9.208912202,112.9639417,0.450181259,1.16115524,2.579306041,6.298857538,71.17759965,0.435064992,1.097448337,2.522492861,5.858432952,61.07580876,2.445687203,0.349383886,2.211041169,0.105287675,1.012990775,0.52057428,0.950246712,0.396283659,0.22733578,0.458428969,0.026491242,2.445231009,2.446142517,0.349318716,0.349448931,2.229847286,2.191692299,0.106183204,0.1043663,1.012703381,1.013277461,0.422330113,0.422569523,0.963548385,0.935731411,0.495165918,0.480870821,0.22775096,0.226907615,0.458748015,0.451720172,0.026908841,0.026073687,1350.77238,36.16250667,37.3528415,0.491904175,0.013842677,0.008534048,0.616502683,0.013966978,0.033453878,2.395212352,0.408178453,0.993165465,2.433164854,31.91617015,18.0206035,0.564622992,2.220357099,1.336835897,0.602081484,0.013761391,0.00841381,0.611406952,0.013769756,0.008427292,0.612014579,0.013631469,0.033013726,2.421875835,0.013659696,0.033049703,2.419505062,0.398177595,0.980146129,2.461580315,0.399003895,0.981182407,2.459079769,31.91913115,18.0214581,0.564597389,31.91321201,18.01974911,0.564648557,2.220344518,1.336916157,0.602121043,2.220369667,1.33675571,0.602041962,0.310948028,0.038799068,0.124776698,0.901517465,0.158096791,0.175367419,0.906725353,0.162802634,0.179550107,12.8938604,1.920646179,0.148958196,1.172674398,1.23470791,1.052899179,0.31160658,0.041223417,0.132293154,0.310268454,0.036113326,0.116393805,0.900866492,0.158903554,0.176389682,0.902189217,0.157256829,0.174305817,0.906032155,0.163771246,0.180756549,0.907440678,0.161793599,0.178296612,12.92758619,2.054685366,0.158938052,12.85905806,1.77098821,0.137723012,1.182828895,1.235078561,1.044173478,1.162195764,1.234228969,1.061980268,habitat_background_2024
Phyllidiella pustulosa,high.yes,yes,2cm,animals_on_background,108_PhyllidiellaPustulosa_4_MG_D_RAW,0.300315712,0.521015873,1.734893818,3.191110733,18.92024614,1.472626018,2.634589883,1.789042059,3.530763472,21.28475174,0.150341984,0.33525133,2.229924883,4.945634672,40.61417262,0.155650455,0.350505137,2.251873519,4.907361131,40.02717296,0.722364265,1.685374226,2.333136215,5.366936747,45.19186469,0.753777083,1.78685246,2.370531688,5.463648043,46.83261897,4.90183238,0.306364524,7.818643052,0.065155359,1.811085908,0.653211164,2.27380033,0.593892218,0.185759941,0.623551691,0.062128887,4.904093721,4.89956621,0.306505858,0.306222888,7.783374835,7.852175732,0.064861457,0.065434798,1.811346728,1.810824084,0.478661722,0.472967796,2.264850578,2.281883918,0.816872174,0.823015653,0.185683657,0.185828843,0.647766948,0.647991725,0.061075388,0.063182062,227.9428069,15.37320739,14.82727717,0.509038435,0.053590771,0.039187923,0.731243882,0.110196598,0.068378735,0.620515844,3.1577038,1.917011763,0.607090432,19.46506388,13.49451125,0.693268275,6.766865574,4.228302827,0.624853971,0.053637096,0.039273782,0.732213048,0.053634433,0.039263811,0.732063504,0.110179742,0.068378774,0.620611126,0.110177238,0.068373217,0.6205748,3.159559388,1.919134017,0.607405585,3.159650953,1.919091397,0.607374494,19.46539094,13.49434357,0.693248012,19.4647362,13.49467925,0.693288577,6.766963175,4.228376209,0.624855803,6.766767784,4.228229298,0.624852135,0.249408395,0.090231971,0.361784018,0.335072332,0.291560191,0.870141052,0.319705096,0.30539067,0.955226155,10.31633976,4.153543458,0.40261794,1.885326326,1.056209647,0.560226435,0.24829271,0.088809264,0.357679707,0.250486548,0.09161465,0.365746785,0.335334801,0.291583612,0.869529828,0.334818692,0.291679626,0.871156936,0.319957278,0.30551967,0.95487645,0.319461398,0.305414955,0.956030861,10.26304799,4.073593006,0.396918441,10.36783881,4.230631281,0.408053342,1.877720178,1.05373459,0.561177647,1.892676607,1.059054693,0.559553961,habitat_background_2024
Phyllidiella pustulosa,high.yes,yes,2cm,animals_on_background,108_PhyllidiellaPustulosa_2_MG_D_RAW,0.271271383,0.477941004,1.761855594,3.194084636,15.83359958,1.416401126,2.375764344,1.677324523,3.448551787,20.04548718,0.137564683,0.316889613,2.303568087,4.912485541,34.94105305,0.137939265,0.317767765,2.303678831,4.830869062,33.40393918,0.709919939,1.586298245,2.234474845,5.202232489,42.24934731,0.710020805,1.590842725,2.240557902,5.134470453,41.06099086,2.115257191,0.264407149,1.273513289,0.045482617,0.819302971,0.394001445,0.438277538,0.190341516,0.154944883,0.29217148,0.025766956,2.115229081,2.115285149,0.264403635,0.264410644,1.277768077,1.269317014,0.045634574,0.045332751,0.819239604,0.819366236,0.355791239,0.355846235,0.442065391,0.434337767,0.212588516,0.208872314,0.155019105,0.154871697,0.284189877,0.282359275,0.025623197,0.025910685,1429.596629,38.0271367,37.59411708,0.502863081,0.035437104,0.024650471,0.695611893,0.078451113,0.058318453,0.743373173,2.247592499,1.594936074,0.709619771,30.53556717,15.9087686,0.520991423,3.561971693,1.53092079,0.429795889,0.035305652,0.024377138,0.690459929,0.035306861,0.024411302,0.691403899,0.078207137,0.058200185,0.744179972,0.078193081,0.058204567,0.744369782,2.241307581,1.592725102,0.710623172,2.240886419,1.592797423,0.710789002,30.53463248,15.90876978,0.52100741,30.53650194,15.90876736,0.520975434,3.562032093,1.530901569,0.429783205,3.561911289,1.530940011,0.429808574,0.425161275,0.024468815,0.057551844,0.598346327,0.137797868,0.230297842,0.57801769,0.147117575,0.254520887,18.17355599,1.239912811,0.068226208,2.974942969,0.252361866,0.084829144,0.424962969,0.024583227,0.057847928,0.425357339,0.024353404,0.057253989,0.597649306,0.138575674,0.231867875,0.59903547,0.137020639,0.228735436,0.577265115,0.147984192,0.25635395,0.578761759,0.146251476,0.2526972,18.16362869,1.233869049,0.067930757,18.18337108,1.245773026,0.068511665,2.974681383,0.256332439,0.086171393,2.9752016,0.248373477,0.083481226,habitat_background_2024
Phyllidiella pustulosa,high.yes,yes,2cm,animals_on_background,108_PhyllidiellaPustulosa_40_MG_D_RAW,0.350228367,0.58899915,1.681757404,3.488343689,20.6706849,1.104655727,1.901137075,1.721022241,4.117622998,29.38308105,0.174153318,0.379238374,2.177612107,5.247519076,43.12058465,0.182100647,0.397853512,2.184800105,5.319198639,44.61697856,0.543457399,1.249023606,2.298291656,6.505757704,70.53451337,0.56362911,1.273615308,2.259669146,6.01008359,58.11599522,4.169281,0.320713923,5.007773215,0.064202221,1.680093481,0.655020138,2.198277637,0.548563729,0.192458072,0.601791933,0.051938207,4.16881105,4.169750637,0.320677773,0.320750049,5.030362954,4.985379981,0.064491833,0.063915128,1.67990105,1.680285406,0.421135064,0.423214575,2.202490955,2.192886872,0.858687891,0.854943535,0.192584803,0.192332588,0.639911478,0.639079055,0.050541501,0.053334448,333.4391779,18.7857204,17.74960826,0.514179592,0.043147794,0.031326888,0.726036838,0.111381545,0.065139823,0.584834974,2.987906431,1.758148584,0.588421567,18.33286226,12.21007211,0.666021047,5.358820818,3.361996656,0.627376203,0.04296659,0.031329901,0.729168909,0.042994814,0.031372469,0.729680311,0.110521287,0.065201069,0.589941276,0.110514374,0.065173006,0.589724242,2.965021399,1.7608246,0.593865731,2.964984155,1.760131357,0.59363938,18.33357154,12.21051099,0.666019219,18.33215112,12.20963202,0.666022876,5.359098287,3.362074511,0.627358248,5.358542623,3.36191857,0.627394202,0.209602867,0.081877531,0.390631732,0.338754082,0.264558384,0.780974749,0.302610204,0.303187523,1.001907797,8.588779554,3.602911571,0.419490516,2.901290316,1.103349371,0.380296093,0.209680124,0.082506993,0.393489814,0.20952968,0.081318687,0.388101041,0.335401939,0.263814947,0.78656357,0.341929625,0.26535629,0.776055276,0.298748915,0.30229051,1.011854754,0.30626807,0.304143877,0.99306427,8.593615941,3.634570003,0.42293838,8.584197962,3.574505828,0.416405335,2.888979447,1.088198299,0.376672219,2.912952614,1.117948191,0.383785231,habitat_background_2024
Aphelodoris varia,no.no,no,30cm,animals_on_background,3_AphelodorisVaria_28_NP_D_RAW,0.142765099,0.296600841,2.077544455,4.533448397,33.19182621,1.264301117,2.307104626,1.824806287,3.925583295,25.37300659,0.074991427,0.204170579,2.722585603,6.657408455,66.54568685,0.069506932,0.187534059,2.698062663,6.743009976,69.78610934,0.663618597,1.629317509,2.455201703,5.922244007,53.43916022,0.602689806,1.46419717,2.429437422,5.889233007,52.44396604,2.259118239,0.451823648,2.375756713,0.237575671,1.073100539,0.666754853,1.123880797,0.577560479,0.34469966,0.622157666,0.034791373,2.257117523,2.261106543,0.451423505,0.452221309,2.397775719,2.349964686,0.239777572,0.234996469,1.071993372,1.074197514,0.550895617,0.552028322,1.142895094,1.096092137,0.710120648,0.681040336,0.345600538,0.343608889,0.630508133,0.616534329,0.037325706,0.032258526,773.724205,25.79118774,29.99955693,0.462284343,0.027870094,0.024359597,0.874040723,0.050097562,0.046615347,0.930491344,1.342960219,1.232425582,0.91769329,23.46038661,11.49573594,0.490006245,2.806940031,1.70302667,0.606720005,0.027740219,0.024328055,0.876995757,0.027803959,0.02438664,0.877092344,0.049920951,0.046522386,0.931921061,0.050047595,0.046605661,0.931226778,1.336946906,1.227465959,0.918111223,1.34048475,1.229742693,0.91738656,23.46621286,11.49638971,0.489912445,23.45459426,11.49508229,0.490099388,2.807137714,1.7031293,0.606713839,2.806743498,1.702924603,0.606726124,0.33254124,0.087477215,0.263056741,0.617413263,0.31525768,0.510610475,0.631586051,0.319042957,0.505145668,13.94761442,4.085949394,0.292949695,1.476709314,0.760443938,0.514958449,0.33567929,0.091929775,0.273861921,0.328912392,0.081852652,0.248858522,0.619734088,0.313166021,0.505323214,0.614729457,0.317634641,0.516706395,0.634056503,0.316525623,0.499207282,0.628729215,0.321901888,0.51198812,14.11095446,4.379298655,0.310347445,13.75872763,3.707519236,0.269466722,1.498205073,0.804430106,0.536929237,1.45185157,0.705217893,0.485736908,habitat_background_2024
Aphelodoris varia,no.no,no,30cm,animals_on_background,3_AphelodorisVaria_30_NF_D_RAW,0.174071713,0.341769556,1.963383651,2.720231601,16.7932124,0.977431603,1.877026539,1.920366124,2.726199202,17.83766176,0.087386178,0.208839038,2.389840632,4.26125669,33.87666193,0.089535674,0.226149557,2.525803913,5.125853492,46.75919888,0.495651261,1.17377543,2.36814777,4.484541824,39.44418687,0.483454946,1.216140405,2.515519628,5.067088055,46.17145777,2.54873767,0.637184417,2.284543042,0.380757174,1.049220356,0.756852502,0.963192296,0.598465022,0.508970796,0.677658762,0.030628183,2.545149717,2.552300237,0.636287429,0.638075059,2.202686463,2.361824264,0.36711441,0.393637377,1.048748849,1.049682995,0.651624298,0.652204715,0.902538396,1.01431643,0.651043834,0.731674641,0.50170092,0.515856218,0.651334066,0.691939678,0.030196591,0.031057752,1001.967561,32.11632101,31.19808028,0.507251437,0.081824344,0.032833409,0.401267005,0.140944552,0.031995425,0.227007179,3.810845261,0.612777532,0.160798324,18.09360837,9.906233779,0.547499071,2.548711246,0.93273444,0.365963167,0.082385135,0.032789191,0.397998869,0.082278372,0.032794703,0.398582305,0.141482865,0.031946788,0.225799697,0.141397069,0.031904727,0.225639239,3.819497276,0.610856724,0.159931185,3.818267338,0.609215136,0.159552771,18.10208337,9.910471497,0.547476845,18.0851656,9.902000761,0.547520602,2.549501465,0.932889405,0.365910519,2.547924033,0.93257915,0.366015289,0.259346472,0.066964313,0.258204063,0.134762713,0.096863743,0.718772581,0.103101075,0.097715497,0.947764097,10.67681599,3.113552084,0.291618034,1.805837957,0.299098961,0.165628904,0.254426646,0.057805979,0.227200962,0.264107455,0.074380115,0.281628228,0.128658616,0.088250533,0.685927888,0.140669732,0.10410018,0.740032548,0.098121516,0.086111259,0.877598136,0.107919862,0.107487653,0.995995088,10.44992807,2.681301491,0.256585641,10.89637856,3.463471419,0.317855276,1.783588768,0.237602184,0.133215788,1.827368804,0.346729986,0.189742752,habitat_background_2024
Aphelodoris varia,no.no,no,30cm,animals_on_background,3_AphelodorisVaria_39_NP_D_RAW,0.201522929,0.392737504,1.948847734,3.280391809,18.92795438,0.765551065,1.459960254,1.907071025,3.611729435,26.20595894,0.101388813,0.253363332,2.498927886,5.198567853,42.46946641,0.101716187,0.264336769,2.598767973,5.436039614,45.14742624,0.381976472,0.925999077,2.424230667,5.263241247,47.70778052,0.383591738,1.000126529,2.60726817,6.175503526,65.58717407,3.094072128,0.386759016,2.592383431,0.092585123,1.199947633,0.577052833,1.216450562,0.528297766,0.239672069,0.5526753,0.043023159,3.095233835,3.092906528,0.386904229,0.386613316,2.522173988,2.66477649,0.090077642,0.095170589,1.200800468,1.199089848,0.521501017,0.520758104,1.170472509,1.257396774,0.562878295,0.60468003,0.238490936,0.240891952,0.542189656,0.562719067,0.043302212,0.042744469,494.7805817,22.0935085,22.39483972,0.496613369,0.073472352,0.022898188,0.311657204,0.107471553,0.02769797,0.257723731,3.058524533,0.575782164,0.188254879,15.80608798,8.632558267,0.546154006,2.559292346,1.56512176,0.611544735,0.073318435,0.022587632,0.308075755,0.073329278,0.022478801,0.306546058,0.107369137,0.027452882,0.255686905,0.107412122,0.027501089,0.256033386,3.056165333,0.570256122,0.186592039,3.057291804,0.571288099,0.186860835,15.809398,8.635492483,0.546225257,15.8027842,8.62962714,0.546082705,2.559792886,1.565419888,0.61154162,2.55879275,1.564823954,0.611547752,0.159334311,0.047971234,0.301072846,0.122488172,0.077663767,0.634051156,0.093440556,0.053675756,0.574437461,6.4470602,2.036896367,0.315941887,1.566645943,0.593718324,0.378974156,0.157487677,0.044461422,0.282316831,0.161202602,0.051203063,0.317631741,0.122334353,0.077017238,0.629563457,0.122643795,0.078312105,0.638532956,0.093232466,0.053278868,0.571462603,0.093651087,0.054073429,0.577392433,6.368397198,1.885266514,0.296034694,6.526645756,2.176383449,0.33346125,1.566345569,0.575326185,0.367304761,1.566949839,0.611763548,0.390416804,habitat_background_2024
Aphelodoris varia,no.no,no,30cm,animals_on_background,3_AphelodorisVaria_31_NF_D_RAW,0.065623289,0.160873457,2.45146896,4.444760847,35.71847547,0.395714617,0.91889248,2.322109016,3.914099792,30.93200132,0.031846183,0.092884726,2.916667482,6.901798494,81.10756256,0.034980358,0.111658513,3.192034591,7.589811372,89.22265018,0.196394354,0.547804,2.789306259,6.330922645,75.53313187,0.200183689,0.610746419,3.050929981,6.935968054,77.84050531,1.118622342,0.372874114,1.280333279,0.42677776,0.228007958,0.207541787,0.392761452,0.35750688,0.399825937,0.282524334,0.005105875,1.119685104,1.117560905,0.373228368,0.372520302,1.295515793,1.268729156,0.431838598,0.422909719,0.229457617,0.226554542,0.208861323,0.326849114,0.417948848,0.367723867,0.380433436,0.334716688,0.402533483,0.39771501,0.29464738,0.330782901,0.004454472,0.005756199,38603.08409,223.4935065,172.7257525,0.564065228,0.089574556,0.012218397,0.136404768,0.179420126,0.00989246,0.055135733,4.731214956,0.134766104,0.02848446,15.78014202,5.394526395,0.341855377,2.354938454,0.528978071,0.224625009,0.089688088,0.011947924,0.133216398,0.089728091,0.011852423,0.132092667,0.179511932,0.009665713,0.053844406,0.179543975,0.009587878,0.053401279,4.732393348,0.131187685,0.027721213,4.732790429,0.130091337,0.027487238,15.77746816,5.395541725,0.341977665,15.78281495,5.39350924,0.341733034,2.354558471,0.529417506,0.224847891,2.355318305,0.528538013,0.224401947,0.278389018,0.033338217,0.119754067,0.097364165,0.007094795,0.072868647,0.04882261,0.029713965,0.608610753,11.44704561,1.448982088,0.126581315,1.911897679,0.357156793,0.186807483,0.279248276,0.037164244,0.133086746,0.277725176,0.0346703,0.124836719,0.097822909,0.010703176,0.109413797,0.097009751,0.000619254,0.006383421,0.049397658,0.030992354,0.627405331,0.048378341,0.033111604,0.684430337,11.48752294,1.639439605,0.142714806,11.41577383,1.479524519,0.129603524,1.915252651,0.365309697,0.190737079,1.909305711,0.404948113,0.212091815,habitat_background_2024
Aphelodoris varia,no.no,no,30cm,animals_on_background,3_AphelodorisVaria_10_NF_D_RAW,0.166553773,0.314341552,1.887327709,1.801574537,8.191458942,0.598812752,1.100896556,1.838465449,1.925574505,10.4310158,0.083575384,0.196249268,2.348170686,3.322255573,19.72901637,0.084746494,0.201805251,2.381281404,3.664535861,24.73173281,0.297815183,0.681167872,2.287216741,3.53852168,24.79262523,0.301398157,0.70574373,2.341566176,3.978875301,32.64579869,1.236101364,0.412033788,1.304877941,0.434959314,0.353516308,0.321784411,0.395902756,0.571166943,0.423496551,0.446475677,0.005457045,1.236872201,1.235332159,0.412290734,0.411777386,1.352,1.263420915,0.450666667,0.421140305,0.354121752,0.352910441,0.510889695,0.509142143,0.429323022,0.363376663,0.390786655,0.330759693,0.4314787,0.416458846,0.450838175,0.419950918,0.005165465,0.00574794,33313.91566,192.5934066,172.9753695,0.526832211,0.032052453,0.008535559,0.266299704,0.082856905,0.006719389,0.081096305,2.071479043,0.302243337,0.145907021,14.6716342,5.739541626,0.391199886,2.15921073,0.15369687,0.071181969,0.03199727,0.008412291,0.262906522,0.03198546,0.008402205,0.262688278,0.082837357,0.006629292,0.080027803,0.082824139,0.006618572,0.07991115,2.070218614,0.299574276,0.14470659,2.069636724,0.298755986,0.144351896,14.66980919,5.739569298,0.39125044,14.673456,5.739513135,0.391149375,2.159124981,0.153912753,0.071284782,2.159296327,0.153480994,0.071079171,0.254376126,0.014781016,0.05810693,0.125490306,0.117320843,0.934899652,0.188325146,0.079395364,0.421586635,10.40467077,0.628479213,0.060403566,2.128544863,0.275714547,0.129531941,0.253801811,0.015603039,0.061477258,0.254891029,0.013962954,0.054780093,0.130048795,0.123845464,0.952299976,0.121403385,0.110827673,0.912887835,0.191410044,0.083810817,0.43786008,0.185559375,0.075001195,0.40418974,10.38025128,0.663431131,0.06391282,10.42656411,0.593695773,0.056940692,2.117832004,0.291047994,0.137427328,2.138149496,0.260455013,0.121813284,habitat_background_2024
Aphelodoris varia,no.no,no,30cm,animals_on_background,3_AphelodorisVaria_29_NF_D_RAW,0.101241694,0.239846146,2.36904516,3.60965938,20.89344985,0.875665263,1.493791268,1.705893029,2.182773821,11.00022257,0.051327447,0.154101851,3.002328374,5.92160132,52.17234216,0.050371727,0.148836529,2.9547633,5.500349631,43.39803212,0.454075154,0.959508696,2.113105479,3.528670056,22.31957325,0.422901741,0.925455501,2.188346396,3.946256428,27.4055737,2.630692261,0.87689742,2.005838036,0.668612679,1.029872193,0.937430069,0.703922525,0.640737895,0.77275505,0.789083982,0.032211161,2.631168293,2.630209265,0.877056098,0.876736422,1.994363277,2.007942049,0.664787759,0.669314016,1.030036015,1.029706418,0.937579185,0.937279174,0.696955625,0.708112562,0.634396349,0.644551831,0.770921928,0.773025219,0.785987767,0.790915502,0.032278398,0.032144257,902.7046975,29.98047193,30.1097561,0.49892425,0.019551039,0.008058196,0.412162061,0.030717565,0.043649466,1.420993709,0.846033166,1.230317118,1.454218543,12.26763821,5.197327323,0.423661608,1.524265969,1.156206418,0.758533249,0.019538536,0.008049109,0.411960718,0.019560022,0.008051464,0.411628609,0.030633434,0.043598867,1.423244551,0.030737456,0.043645073,1.419931195,0.843649949,1.228895077,1.456640968,0.846565989,1.230219554,1.45318802,12.26717154,5.197110805,0.423660074,12.2681025,5.197542666,0.423663127,1.523671009,1.156453909,0.75899187,1.524857892,1.155959682,0.75807699,0.240857141,0.011294354,0.046892336,0.824093512,0.053204425,0.064561151,0.833441636,0.043971703,0.052759186,9.828635373,0.512898217,0.052184072,1.170801843,1.146212046,0.978997473,0.24052626,0.008468668,0.035208911,0.241187753,0.013528972,0.056093113,0.82604656,0.052821783,0.063945286,0.822142051,0.053477273,0.065046269,0.835033347,0.043576738,0.052185626,0.83185122,0.044277192,0.053227297,9.814002763,0.381931694,0.038917015,9.843256086,0.616052359,0.062586237,1.124540498,1.143610401,1.016957951,1.217025577,1.146011348,0.941649353,habitat_background_2024
Aphelodoris varia,no.no,no,30cm,animals_on_background,3_AphelodorisVaria_32_NF_D_RAW,0.19435349,0.348247313,1.791824334,1.702050495,7.008047614,0.936713897,1.673010468,1.786042113,1.78170009,7.687158446,0.10111058,0.231699843,2.291548947,3.271662533,18.39288095,0.095574829,0.217238779,2.272970636,3.486229462,20.88190932,0.486549486,1.111044117,2.283517194,3.323917962,19.11793436,0.450522379,1.035351912,2.298114278,3.686562775,23.72805507,2.616996576,0.654249144,3.124678609,0.520779768,1.13034288,0.815370034,1.245542833,0.898469234,0.587514456,0.856919634,0.044454621,2.618870252,2.615129879,0.654717563,0.65378247,3.123178406,3.118729004,0.520529734,0.519788167,1.130928716,1.129758013,0.815792625,0.814948141,1.248104618,1.240467739,0.900317172,0.894808327,0.587623649,0.586785319,0.858054898,0.854878234,0.045637158,0.043273124,462.3433887,20.91196911,22.10903173,0.486087462,0.040252435,0.014486821,0.359899239,0.084093855,0.028177218,0.335068696,2.370272142,0.919185314,0.387797375,10.86985919,5.666914278,0.521342014,1.910271971,0.672990761,0.352301019,0.040382282,0.014509407,0.359301321,0.040370698,0.014486006,0.358824755,0.08421893,0.028235314,0.335260895,0.084216448,0.028238858,0.335312854,2.375786432,0.921221247,0.387754233,2.375660136,0.921247198,0.387785771,10.8711561,5.668163925,0.521394769,10.86856662,5.665668149,0.521289361,1.910433164,0.673136664,0.352347665,1.910111317,0.672845265,0.352254478,0.188373265,0.067825303,0.36005801,0.20280665,0.175618255,0.86593933,0.246671893,0.182425585,0.739547515,7.657076645,2.849234519,0.372104741,1.505493278,0.409597736,0.272068791,0.186924378,0.066670492,0.356670931,0.18989996,0.068977335,0.363229854,0.198471995,0.174784568,0.880651035,0.207374086,0.176338801,0.850341544,0.241836789,0.181153512,0.749073426,0.251766653,0.183572811,0.729138706,7.595787982,2.799760052,0.36859376,7.721656644,2.898583956,0.375383689,1.496622606,0.401160069,0.268043572,1.514840325,0.418032941,0.275958419,habitat_background_2024
Aphelodoris varia,no.no,no,30cm,animals_on_background,3_AphelodorisVaria_17_NL_D_RAW,0.10062852,0.19869046,1.97449452,4.344493012,33.04295088,0.554475354,1.194703454,2.154655648,5.777371569,58.5156996,0.050418547,0.123670564,2.452878377,6.731719348,77.35751362,0.0518184,0.13535111,2.612027981,6.685384424,68.66068136,0.273823992,0.769914242,2.811712137,9.563957855,154.0195405,0.281155206,0.780337204,2.775467737,8.015966033,103.6787738,1.073874343,0.268468586,2.881645675,0.480274279,0.18731613,0.135120026,1.213778083,0.875555811,0.374371432,0.505337918,0.004601916,1.073854121,1.073894563,0.26846353,0.268473641,2.896374607,2.856022485,0.482729101,0.476003748,0.187262324,0.187369219,0.135081213,0.135158322,1.210207922,1.212513838,0.872980484,0.874643851,0.375596316,0.372238694,0.504030848,0.504901086,0.004506442,0.004697472,46805.3647,220.9045643,211.8804781,0.510425599,0.076778514,0.012096381,0.157549035,0.117805241,0.019474014,0.165306853,3.36887415,0.551715339,0.163768462,26.89213724,10.53236835,0.391652335,3.02145649,0.510804436,0.169059008,0.076920694,0.011693723,0.152023112,0.076916402,0.011715601,0.152316035,0.118015153,0.018850056,0.15972573,0.118003119,0.018909722,0.160247641,3.374748307,0.534093469,0.158261719,3.374392145,0.53584367,0.158797095,26.89213291,10.53192692,0.391635983,26.89214158,10.53281022,0.391668703,3.021494788,0.510583215,0.168983649,3.02141815,0.511025789,0.169134414,0.382419371,0.165732546,0.433379056,0.50716927,0.351277354,0.692623499,0.497975863,0.362400011,0.727746138,16.6425532,8.39076423,0.504175299,2.241741236,1.026383159,0.457850863,0.384289684,0.17134067,0.445863309,0.380623572,0.160135764,0.420719513,0.515720946,0.355426412,0.689183588,0.498958299,0.346982603,0.695414034,0.506580556,0.366527726,0.723532954,0.489713986,0.358132706,0.731309941,16.76700717,8.668279999,0.516984332,16.52305754,8.112984308,0.491009868,2.238624233,1.055899592,0.47167344,2.244734057,0.997208664,0.444243567,habitat_background_2024
Aphelodoris varia,no.no,no,30cm,animals_on_background,3_AphelodorisVaria_16_NP_N_RAW,0.175517132,0.360759986,2.055411809,2.990542943,22.71026976,0.669101204,1.219689444,1.822877371,1.728017619,8.451734237,0.089695754,0.229369891,2.557198993,5.245741767,58.24426251,0.087375022,0.219950802,2.517318988,4.650920384,44.50354153,0.336654596,0.757972121,2.251483063,3.33046928,22.04281659,0.332891233,0.762581284,2.290782121,3.498432969,24.34209779,1.248635022,0.416211674,1.468520547,0.489506849,0.400028123,0.36412129,0.49929582,0.720331604,0.452859262,0.542226447,0.010749234,1.246772218,1.250495653,0.415590739,0.416831884,1.500462243,1.431602852,0.500154081,0.477200951,0.398151105,0.401894739,0.574410625,0.579811547,0.515940951,0.478811407,0.469629693,0.435832925,0.45787241,0.447016418,0.522020159,0.507822236,0.011547196,0.009952059,8515.746009,85.60111317,99.48172043,0.462501635,0.032654159,0.006161004,0.188674415,0.078583961,0.03998717,0.508846452,2.415358227,1.264251338,0.523421878,9.647448978,5.751901808,0.596209612,4.375522691,2.467629697,0.563962267,0.032723385,0.006020838,0.183991913,0.032705349,0.006059191,0.185266045,0.078798535,0.039166868,0.497050716,0.078748796,0.039411004,0.500464843,2.422094812,1.23833846,0.511267542,2.420535535,1.246054902,0.5147848,9.643074545,5.749654487,0.596247023,9.651812063,5.754137456,0.596171726,4.374761668,2.46684807,0.563881705,4.37628174,2.4684087,0.564042456,0.281191944,0.116859768,0.415587183,0.75314181,0.18043704,0.239579104,0.784205801,0.197002889,0.251213252,11.63374666,4.932089429,0.423946779,3.105029109,2.16206638,0.696311147,0.278647274,0.119485123,0.428804207,0.284141573,0.113598236,0.399794493,0.749212717,0.184490714,0.246246105,0.757696177,0.17540108,0.231492629,0.77991598,0.201428729,0.25826978,0.789178302,0.19150458,0.24266326,11.52634834,5.042893062,0.437510035,11.75823632,4.794435838,0.407751274,3.152109011,2.210639062,0.701320625,3.050456921,2.101723557,0.688986473,habitat_background_2024
Aphelodoris varia,no.no,no,30cm,animals_on_background,3_AphelodorisVaria_12_NF_D_RAW,0.196495109,0.382983121,1.949072036,1.841594744,8.498279064,1.056854481,1.960784841,1.855302576,1.656157232,7.434731488,0.102581589,0.248567546,2.423120458,3.558406357,23.20695131,0.096148911,0.231740319,2.410223015,3.558601669,23.62622716,0.546166455,1.24963446,2.288010272,3.151019103,18.8304885,0.510003711,1.183223369,2.320028941,3.382073569,21.812765,3.880957064,0.776191413,3.322977888,0.332297789,1.400958414,0.870464404,1.309636795,0.673020178,0.554244601,0.771742291,0.055397407,3.881404548,3.880497515,0.77628091,0.776099503,3.340921936,3.293059397,0.334092194,0.32930594,1.401132935,1.400781768,0.78198718,0.719859429,1.316985902,1.299662286,0.81828935,0.807525582,0.555186552,0.552702721,0.800138265,0.763692505,0.056266561,0.054528546,290.8194627,16.77254509,17.33901809,0.49169676,0.029956399,0.013150865,0.439000207,0.0544239,0.038381013,0.705223496,1.57127751,1.153898973,0.734369941,14.20623969,8.412349953,0.592158807,1.680146052,0.698073911,0.415484065,0.029933873,0.013155441,0.439483412,0.029899252,0.013133448,0.439256746,0.054326835,0.038477017,0.708250668,0.054242937,0.03847092,0.709233713,1.567748299,1.1561733,0.737473803,1.565369886,1.15614205,0.738574353,14.20480358,8.409869535,0.592044057,14.20767269,8.414823941,0.592273212,1.680301142,0.698024584,0.41541636,1.679991299,0.698123085,0.415551608,0.184653301,0.036587594,0.198142106,0.390438643,0.216437052,0.554343316,0.402820445,0.247507151,0.614435425,7.483450842,1.562844782,0.208840121,1.20107418,0.442456614,0.368384086,0.184813117,0.038167378,0.206518773,0.184488447,0.035475496,0.19229115,0.395245921,0.217378434,0.549982738,0.385479817,0.218451849,0.566701132,0.409373232,0.248283397,0.606496414,0.396061084,0.250048308,0.631337734,7.490720657,1.629630487,0.217553232,7.475951849,1.516085867,0.202795028,1.211806801,0.455388294,0.375792819,1.190003218,0.435260479,0.365764119,habitat_background_2024
Aphelodoris varia,no.no,no,30cm,animals_on_background,3_AphelodorisVaria_25_NP_D_RAW,0.240300441,0.466595879,1.941718777,1.500662764,7.243627923,1.122412947,2.224274031,1.98168957,1.741189401,9.754960108,0.122595285,0.297661963,2.428004975,3.36026779,23.79475846,0.12090166,0.283658922,2.34619542,2.829242556,16.48999491,0.567776974,1.410455349,2.484171452,3.690466468,30.37086258,0.555014276,1.356956002,2.444902879,3.408405268,25.9529632,2.195136939,0.548784235,2.545710549,0.424285091,0.971109576,0.700507485,1.013094402,0.730793135,0.486534663,0.71565031,0.028779733,2.195168496,2.195103962,0.548792124,0.54877599,2.56563883,2.523764715,0.427606472,0.420627452,0.970921324,0.971296958,0.700371689,0.700642652,1.018333028,1.007349507,0.734572005,0.726649069,0.488199298,0.484701721,0.717471847,0.713645861,0.028941574,0.028617917,1138.872936,33.55237045,33.94314381,0.49710519,0.048249634,0.024345966,0.504583433,0.123608036,0.041792151,0.33810222,3.520316739,1.081871196,0.307322118,16.46077757,7.728183691,0.469490804,2.943594816,1.258747293,0.427622472,0.047988699,0.023985003,0.499805223,0.048022784,0.024010603,0.499983563,0.123411315,0.04153044,0.336520519,0.123472436,0.041531078,0.336359106,3.515684607,1.07624403,0.306126445,3.517272077,1.076037485,0.305929556,16.46290882,7.729581405,0.469514925,16.45864738,7.726785629,0.469466625,2.943870857,1.258925277,0.427642834,2.943318912,1.25856929,0.427602081,0.269408107,0.037059157,0.137557692,0.202838811,0.124274465,0.612675967,0.185366177,0.121718136,0.656636168,11.06173339,1.598862503,0.14453996,2.057383648,0.182920401,0.088909233,0.269251772,0.037446431,0.139075893,0.269566184,0.036662504,0.136005575,0.200832604,0.124107468,0.617964739,0.204867384,0.12439924,0.607218374,0.183285221,0.121496266,0.662880863,0.187470332,0.121893916,0.65020377,11.05523092,1.614977244,0.146082633,11.06830835,1.582365033,0.142963584,2.056637642,0.183613402,0.089278441,2.05813797,0.182212854,0.088532866,habitat_background_2024
Aphelodoris varia,no.no,no,30cm,animals_on_background,3_AphelodorisVaria_33_NF_D_RAW,0.115621738,0.203722666,1.761975471,2.255244659,11.05819983,0.778386428,1.390129533,1.785911834,2.443428846,13.34102731,0.059518097,0.134062554,2.252467088,3.779569206,23.92624322,0.058345901,0.132995087,2.279424677,4.039829737,28.40232342,0.399236405,0.934835979,2.341559954,4.172465209,30.18836108,0.379984431,0.901326745,2.372009667,4.484337086,36.04239827,1.110327821,0.370109274,1.231385078,0.410461693,0.213440043,0.1942815,0.335873015,0.484562333,0.390285483,0.339421917,0.00602099,1.109354663,1.11130004,0.369784888,0.370433347,1.230761445,1.232081911,0.410253815,0.41069397,0.212100137,0.214773694,0.305995816,0.309852943,0.335314718,0.336495758,0.30521661,0.306291638,0.390019351,0.390563658,0.305606213,0.30807229,0.006357131,0.005685218,27336.68834,156.3036649,174.8947368,0.471933633,0.093336231,0.014191205,0.152043904,0.165064889,0.007899203,0.047855141,4.334232709,0.119034082,0.027463704,15.08396759,4.444962948,0.294681285,1.887349766,0.364348486,0.193047676,0.093459895,0.013549958,0.144981522,0.093427513,0.013659193,0.146200974,0.165181494,0.007600864,0.046015225,0.16515721,0.007661173,0.046387155,4.335851007,0.112977751,0.02605665,4.33554268,0.113870144,0.026264335,15.08129504,4.437451718,0.294235456,15.08663539,4.452445828,0.29512517,1.887137332,0.364179823,0.192980032,1.887561823,0.364516586,0.193115045,0.303588716,0.052833701,0.174030518,0.096214488,0.033728417,0.350554454,0.054335569,0.070912412,1.305082713,12.56267754,2.417078593,0.192401547,2.08287178,0.242295108,0.116327424,0.303556985,0.05277582,0.173858032,0.303624157,0.052898233,0.17422274,0.096194232,0.033691466,0.350244145,0.096237113,0.033769613,0.350900107,0.054292981,0.070834724,1.304675532,0.054383137,0.070999024,1.305533805,12.56122593,2.41443059,0.192212974,12.56429894,2.420030819,0.192611687,2.083017294,0.242029665,0.116191865,2.082709247,0.242591048,0.116478596,habitat_background_2024
Aphelodoris varia,no.no,no,30cm,animals_on_background,3_AphelodorisVaria_20_NL_N_RAW,0.166895983,0.314307288,1.883252567,2.693683178,12.52842501,0.966387864,1.565873875,1.620336857,2.13564109,9.38700927,0.083590336,0.200163629,2.394578577,4.626684937,32.86366334,0.084543166,0.198597057,2.349061037,4.222703993,26.95745236,0.4737816,0.981733654,2.072122795,3.825998457,24.29883836,0.491424353,1.015432731,2.066305273,3.649914267,21.85087791,2.984167843,0.746041961,2.678408451,0.446401409,1.19797771,0.864158251,1.038174353,0.94498702,0.596221685,0.904572635,0.03441872,2.978765309,2.989584517,0.744691327,0.747396129,2.711013733,2.638320091,0.451835622,0.439720015,1.196347642,1.199600469,1.088962552,1.091923404,1.046735879,1.027125364,0.755060331,0.740914334,0.598263475,0.593558072,0.922011442,0.916418869,0.032799066,0.036037629,788.7858329,29.48867314,26.74877331,0.524360102,0.03291177,0.01703657,0.517643672,0.070919664,0.051436714,0.725281414,2.070935003,1.500247818,0.72443018,16.74453805,8.236922846,0.491916995,2.2675948,1.03890969,0.45815491,0.03303936,0.017000737,0.514560123,0.033031263,0.017035914,0.515751213,0.071398415,0.051233969,0.717578519,0.071334105,0.05129493,0.719080021,2.084833213,1.494373352,0.716783166,2.083019816,1.496232255,0.718299578,16.73747744,8.230257673,0.491726289,16.75161913,8.243593825,0.492107286,2.26742321,1.038406343,0.45796759,2.267766886,1.039414214,0.458342619,0.273479919,0.017849066,0.065266458,0.542538516,0.380725385,0.701748122,0.543097835,0.368880889,0.679216276,11.22750487,0.768788339,0.068473659,1.752626365,0.970748525,0.553882188,0.272926699,0.018460718,0.067639841,0.273983191,0.017250731,0.062962736,0.556085954,0.373262845,0.671232283,0.530214203,0.386771519,0.729462765,0.556381214,0.361758982,0.65019985,0.531013741,0.37462921,0.705498147,11.20377216,0.79505071,0.07096277,11.24909489,0.743105383,0.066059127,1.723982973,1.002719994,0.581629871,1.778683699,0.93958313,0.528246326,habitat_background_2024
Aphelodoris varia,no.no,no,30cm,animals_on_background,3_AphelodorisVaria_34_NF_D_RAW,0.208546882,0.394410593,1.891232268,1.641466894,7.510012877,0.651628283,1.162219511,1.783562103,1.441869821,7.185496363,0.105855691,0.239511214,2.26262011,3.035383399,18.44047213,0.105351881,0.252197205,2.393855733,3.636831958,24.90447505,0.336032482,0.709498635,2.111398967,2.625056829,16.08779926,0.313702013,0.723537709,2.306449051,3.584592813,26.0805027,1.803182702,0.36063654,1.417141941,0.141714194,0.712542172,0.442727344,0.510886144,0.317431409,0.251175367,0.380079376,0.019398032,1.805108789,1.801266815,0.361021758,0.360253363,1.33885457,1.495468926,0.133885457,0.149546893,0.714894113,0.710157099,0.444188687,1.024540124,0.485528498,0.513400783,0.301675818,0.318993842,0.247453607,0.254900128,0.372932252,0.671766983,0.019721378,0.019075904,2556.01,49.70639535,51.42215569,0.491516934,0.036010362,0.007155721,0.198712824,0.097829563,0.033018892,0.337514463,2.941389094,0.96907939,0.329463175,23.6250906,18.07835624,0.765218494,2.412433323,1.143553999,0.474025121,0.036042926,0.007084208,0.196549193,0.036027604,0.007010172,0.194577789,0.097929833,0.032901038,0.335965426,0.09784243,0.032813936,0.335375318,2.94459519,0.965852386,0.328008546,2.942100257,0.963039666,0.327330676,23.63036985,18.08177149,0.765192065,23.6198347,18.07495355,0.76524471,2.413491463,1.145090031,0.474453732,2.411379864,1.142021494,0.473596678,0.174364386,0.049077403,0.281464605,0.327729325,0.064817995,0.19777905,0.317221545,0.054693509,0.172414232,7.072247081,2.24828507,0.317902506,2.070569636,0.854741326,0.412804916,0.174371919,0.060036066,0.344298935,0.174356626,0.04339683,0.248896936,0.331221371,0.065727277,0.198439119,0.324132726,0.080471085,0.248265843,0.319354625,0.058388946,0.182834197,0.3150246,0.063863455,0.202725296,7.09003799,2.825171724,0.398470604,7.053923509,1.806441821,0.256090361,1.982941233,0.777095989,0.39189058,2.160821645,1.160009144,0.536837063,habitat_background_2024
Aphelodoris varia,no.no,no,30cm,animals_on_background,3_AphelodorisVaria_24_NP_D_RAW,0.142669983,0.248194041,1.739637416,2.29837253,11.02420666,0.663963561,1.095933816,1.650593316,1.956694779,8.671760814,0.071595097,0.158008161,2.206969023,3.991104673,27.51179574,0.073073944,0.160933767,2.202341317,3.912299063,25.42429774,0.334373016,0.709281494,2.121228269,3.506207609,21.0405938,0.330752906,0.70485054,2.131048672,3.622835731,22.60267806,2.258976104,0.564744026,1.925581038,0.320930173,0.960651201,0.692963362,0.826331903,0.752159713,0.442837099,0.722561537,0.019209433,2.263063452,2.254899252,0.565765863,0.563724813,1.837521178,2.010458657,0.30625353,0.335076443,0.962782236,0.958509327,0.876362157,0.872472788,0.787412819,0.859837919,0.567998285,0.620241951,0.436009696,0.449400628,0.722180221,0.74635737,0.018617803,0.019799623,2609.562517,52.71203156,49.50601295,0.515682254,0.06322609,0.019438418,0.30744299,0.113536991,0.014599899,0.12859156,3.384171119,0.434558095,0.128409019,15.20364527,7.874250705,0.517918602,2.797449915,0.83892786,0.299890216,0.063365908,0.019382786,0.305886666,0.063445459,0.019315311,0.304439608,0.113517385,0.014503644,0.127765838,0.11358233,0.014207673,0.125086996,3.385039242,0.43192652,0.127598674,3.387640565,0.421737664,0.124493037,15.20185884,7.87343164,0.517925586,15.20542949,7.875068135,0.517911588,2.79721354,0.838864731,0.29989299,2.797685999,0.838990817,0.299887413,0.216299507,0.002494384,0.011532085,0.086321926,0.209835497,2.430848173,0.066516522,0.227669058,3.422744466,8.790868083,0.104771305,0.011918198,2.146464521,0.380604066,0.177316728,0.216223464,0.002328634,0.01076957,0.216370837,0.002637434,0.012189414,0.077326495,0.194889763,2.520349093,0.094759824,0.22245065,2.347520719,0.05691342,0.21132375,3.713074191,0.075524428,0.241479751,3.197372804,8.787672014,0.097807095,0.011130035,8.79386606,0.11078145,0.012597582,2.146179846,0.37047375,0.172620086,2.146731553,0.389867039,0.181609591,habitat_background_2024
Aphelodoris varia,no.no,no,30cm,animals_on_background,3_AphelodorisVaria_21_NL_N_RAW,0.169970444,0.350043339,2.059436511,2.52472358,15.57845694,0.794748618,1.599637869,2.012759547,2.730548868,19.69256792,0.084767268,0.217942919,2.571074013,4.592339216,40.60765683,0.086978948,0.225285442,2.590114573,4.789400119,43.49966675,0.399764664,1.005206918,2.514496675,5.094919298,55.52796846,0.395637012,1.01931316,2.576384741,5.122353394,51.47072494,2.742989304,0.685747326,2.00128846,0.333548077,1.123641616,0.810536094,0.83587577,0.760846915,0.509647701,0.785691504,0.025276885,2.741199471,2.744759553,0.685299868,0.686189888,2.013914697,1.982229078,0.33565245,0.330371513,1.123731752,1.123545252,1.022864721,1.022694961,0.827933164,0.839227295,0.597227535,0.605374529,0.510476159,0.508280701,0.810046128,0.814034745,0.0248754,0.025677635,1487.433967,39.20035939,37.94439618,0.508140302,0.047241005,0.02387752,0.505440561,0.102085285,0.050198113,0.49172722,2.976230271,1.398423849,0.469864131,17.04538841,8.496334799,0.498453576,3.403906293,1.658355515,0.487191882,0.047361071,0.023898336,0.504598723,0.047265538,0.023819248,0.503945345,0.102131125,0.050289071,0.492397112,0.101977044,0.050139072,0.491670184,2.977322758,1.401232497,0.470635068,2.97338618,1.398977751,0.47049985,17.04621391,8.494632862,0.498329594,17.04456375,8.498034574,0.498577417,3.403999535,1.657832315,0.487024836,3.403813144,1.658878015,0.487358719,0.268112133,0.028679993,0.106970141,0.234048284,0.25998855,1.110832967,0.238948415,0.283332011,1.185745514,11.00066426,1.259839204,0.114523921,2.260065278,0.603848076,0.267181697,0.266686924,0.026909321,0.100902289,0.269490288,0.030198138,0.112056498,0.242303317,0.265691979,1.096526381,0.226065789,0.253969338,1.123431098,0.249343725,0.290694895,1.165840025,0.228896303,0.275466444,1.203455191,10.93832608,1.181158943,0.107983519,11.06094436,1.327337661,0.1200022,2.245217652,0.560346188,0.249573215,2.274422713,0.642632213,0.282547395,habitat_background_2024
Aphelodoris varia,no.no,no,30cm,animals_on_background,3_AphelodorisVaria_22_NP_D_RAW,0.212189675,0.359202252,1.692835676,2.982242201,15.90567334,0.669393765,1.170618311,1.748773848,4.108250908,35.25525971,0.105235389,0.232829678,2.212465591,4.551441752,31.85065184,0.110425565,0.242764133,2.198441387,4.893122115,38.30417775,0.331970428,0.773374508,2.329648801,7.034580211,100.6718603,0.33785098,0.777190434,2.300394201,5.875555409,58.10955118,3.359143954,0.671828791,4.949628651,0.494962865,1.365961343,0.848719502,1.718947191,0.782326581,0.583395828,0.815523041,0.032081178,3.360160429,3.358119767,0.672032086,0.671623953,4.688992874,5.173693101,0.468899287,0.51736931,1.36631497,1.365604481,0.621836741,0.656716937,1.669754611,1.753074687,1.037476872,1.089246546,0.570465687,0.594496632,0.829656806,0.872981742,0.031792781,0.032368485,910.3898993,30.45368171,29.89424753,0.504635074,0.04639133,0.016628727,0.358444713,0.14080437,0.058864189,0.418056552,4.232270234,1.8419301,0.435210891,12.27654539,7.397093937,0.602538719,3.249551516,1.510834836,0.464936416,0.046624713,0.016604145,0.356123275,0.046642191,0.016598147,0.355861214,0.141648638,0.058466219,0.412755247,0.141688937,0.058424658,0.412344527,4.259510017,1.831853983,0.430062138,4.260940709,1.83068707,0.429643873,12.27707243,7.397529523,0.602548333,12.27602003,7.396659666,0.60252913,3.249490332,1.510758412,0.464921651,3.249612504,1.51091101,0.464951131,0.174005674,0.064119635,0.368491635,0.306741621,0.261829035,0.853581704,0.314860047,0.251236723,0.797931417,7.066231717,2.72835732,0.386112065,2.077337547,0.775699656,0.373410502,0.168962869,0.05964337,0.352996908,0.178940063,0.068344806,0.38194245,0.29004064,0.250657766,0.864216016,0.323083545,0.273343096,0.846044622,0.297771527,0.239731685,0.805085991,0.331581178,0.262850906,0.792719624,6.853175974,2.535787448,0.370016392,7.274706947,2.910210462,0.400045044,2.044291702,0.734772581,0.359426485,2.109672936,0.818715502,0.38807698,habitat_background_2024
Aphelodoris varia,no.no,no,30cm,animals_on_background,3_AphelodorisVaria_19_NL_D_RAW,0.131074956,0.273222865,2.084478018,2.190531339,11.92477852,0.813736398,1.520600386,1.868664582,1.480710607,7.528520162,0.069589034,0.184076372,2.645192245,4.378781844,35.29781023,0.062950008,0.159094625,2.52731698,3.67702595,26.08478525,0.428018836,0.999515796,2.33521451,3.362360808,24.58241765,0.381403704,0.886503787,2.324318768,2.970510477,18.72606088,1.985735448,0.661911816,1.02209675,0.340698917,0.693085323,0.630873448,0.060227918,0.086890518,0.501305366,0.358881983,0.016333452,1.985670759,1.985793576,0.661890253,0.661931192,1.025473573,1.017465917,0.341824524,0.339155306,0.693614913,0.692543426,1.000674795,0.999128966,0.067540141,0.049739645,0.061477685,0.045274976,0.501857389,0.500543249,0.53107624,0.522201971,0.018983941,0.013700255,3720.231833,51.67610063,71.99134199,0.417863421,0.027454417,0.008072844,0.294045373,0.063311583,0.039934988,0.630769067,1.693593541,1.14229275,0.674478688,7.608240228,3.307294603,0.434699024,2.268828603,0.525504428,0.231619272,0.027504009,0.008068179,0.293345578,0.0274886,0.00807051,0.293594806,0.063542865,0.039903326,0.627974924,0.063454333,0.039907654,0.628919284,1.700173087,1.141319644,0.671296148,1.697610514,1.141384048,0.672347419,7.609004929,3.306156936,0.434505821,7.607484584,3.308418149,0.434889892,2.268679171,0.52530087,0.231544802,2.268976264,0.525705435,0.231692787,0.245123336,0.011858769,0.048378783,0.53564102,0.065934834,0.123095192,0.574762038,0.067378039,0.117227712,10.00939041,0.495634178,0.049516919,1.902840227,0.068092282,0.035784551,0.244990286,0.012711714,0.051886603,0.245306495,0.010567133,0.043077264,0.534901262,0.070677214,0.132131328,0.536659388,0.058753329,0.109479738,0.574006088,0.072224222,0.125824835,0.575802697,0.060039343,0.104270687,10.00382962,0.531282794,0.053107941,10.01704551,0.441650585,0.044089905,1.90360419,0.072989837,0.038342969,1.901788536,0.060675792,0.031904594,habitat_background_2024
Chromodoris elisabethina,medium.yes,yes,30cm,animals_on_background,24_ChromodorisElisabethina_40_MG_D_RAW,0.220924775,0.363448243,1.645122159,2.914866451,16.76111616,0.947073352,1.626424652,1.717316456,3.200831454,20.22200806,0.111039569,0.241915318,2.178640638,4.782641987,39.65263171,0.114353837,0.247676646,2.16587962,4.496751218,33.63649501,0.47179685,1.086956287,2.303865077,5.084308905,44.78002541,0.477597581,1.096290892,2.295428067,5.030902211,43.38861772,1.880279996,0.626759999,1.050271434,0.350090478,0.678331979,0.617444376,0.116465199,0.106011193,0.488425238,0.361727784,0.030558351,1.881354801,1.879202879,0.627118267,0.62640096,1.044942155,1.055539397,0.348314052,0.351846466,0.678810661,0.677851713,0.979316775,0.617007219,0.105678691,0.126541812,0.09619289,0.115183321,0.487716159,0.489123713,0.537754833,0.36609527,0.030308079,0.030808515,1006.500945,31.99450298,31.45855856,0.504223157,0.036441326,0.009613475,0.263806948,0.100082674,0.01365183,0.136405524,2.628671402,0.54431787,0.207069575,14.08420939,7.633167453,0.541966343,2.145550425,1.150322966,0.536143524,0.036484104,0.009542239,0.261545108,0.036493217,0.009515113,0.260736474,0.100170822,0.013624092,0.136008591,0.100193698,0.013616982,0.135906569,2.632110498,0.543196409,0.20637295,2.63299103,0.542908771,0.206194691,14.0865773,7.635974841,0.542074535,14.08184129,7.630357687,0.541857953,2.14564064,1.150385664,0.536150203,2.145460203,1.150260247,0.536136837,0.215209088,0.034177563,0.158810967,0.117623968,0.010688631,0.090871195,0.179779787,0.029988243,0.166805419,8.755203418,1.512782325,0.172786656,1.249686044,0.341284929,0.273096536,0.214718891,0.036948178,0.17207698,0.215691115,0.03618327,0.16775503,0.117768496,0.011688873,0.099252969,0.117481849,0.011214454,0.095456909,0.180153072,0.032974559,0.18303634,0.179412723,0.031325611,0.174600831,8.733282972,1.630613488,0.186712545,8.776758523,1.605158621,0.182887408,1.24506846,0.373192253,0.299736332,1.254226667,0.358097383,0.285512493,habitat_background_2024
Chromodoris elisabethina,medium.yes,yes,30cm,animals_on_background,24_ChromodorisElisabethina_41_MG_D_RAW,0.213356007,0.365075074,1.711107546,2.429182416,12.83823884,1.040251425,1.851592949,1.779947525,2.99751575,20.79466815,0.108878284,0.240137636,2.205560446,4.049940431,28.36563274,0.108980785,0.240815909,2.209709802,4.166765192,30.02674302,0.530007156,1.237323138,2.334540438,4.955709286,47.34583895,0.512880387,1.206134473,2.351687653,4.888108615,44.40800406,1.743346082,0.29055768,1.16666232,0.077777488,0.672076882,0.37509325,0.41836332,0.174471056,0.184167584,0.274782153,0.033960139,1.743042954,1.743647511,0.290507159,0.290607919,1.166734563,1.166478014,0.077782304,0.077765201,0.671171199,0.672972115,0.27990013,0.292268076,0.417259715,0.412991625,0.232877081,0.230495014,0.184144732,0.18418656,0.256388605,0.261381545,0.03513116,0.032792097,810.0772725,27.46475925,29.49515287,0.482176995,0.035834557,0.012071739,0.33687423,0.091658291,0.011804475,0.128787857,2.569951829,0.443934896,0.172740552,17.81528791,9.016555041,0.50611335,3.526699758,1.760846602,0.499290193,0.035663313,0.01166918,0.327204041,0.035686677,0.011785107,0.330238289,0.091501408,0.011417856,0.12478339,0.091520247,0.011516449,0.125834981,2.564032547,0.436697987,0.170316866,2.564348185,0.438035716,0.170817566,17.81521567,9.016264722,0.506099106,17.8153598,9.016843912,0.506127522,3.52678538,1.76084753,0.499278334,3.526614561,1.760845674,0.499301991,0.198742062,0.059354136,0.298649092,0.084392602,0.051479249,0.609997176,0.14270134,0.030463976,0.213480657,8.106926961,2.776038247,0.342427934,1.15521828,0.719926467,0.623195183,0.19798829,0.05763854,0.291120956,0.199547548,0.061430869,0.307850783,0.085746286,0.053939055,0.62905413,0.082946048,0.04891302,0.589696811,0.14343684,0.031300471,0.218217794,0.14191538,0.029670382,0.209070938,8.073181849,2.70534636,0.335102864,8.142987174,2.863510025,0.35165351,1.151484778,0.715291608,0.621190676,1.159207921,0.728474693,0.62842453,habitat_background_2024
Chromodoris elisabethina,medium.yes,yes,30cm,animals_on_background,24_ChromodorisElisabethina_38_MG_D_RAW,0.235622924,0.432110516,1.833906943,2.078564862,11.73192808,1.299764694,2.351978821,1.809542013,1.802701912,8.33197025,0.11971171,0.278674753,2.327882151,3.813110816,29.02763134,0.119073036,0.276204375,2.319621512,3.877326173,30.20180441,0.649259234,1.502388366,2.314003847,3.397982287,20.63760743,0.652276644,1.520504137,2.331072486,3.615392921,24.38529564,2.582724917,0.430454153,1.96179732,0.130786488,1.061806046,0.592605238,0.9326949,0.479310363,0.28062032,0.5359578,0.048685636,2.582509492,2.582938328,0.430418249,0.430489721,1.913254614,2.011955676,0.127550308,0.134130378,1.061798639,1.061813031,0.545656561,0.545663957,0.904324495,0.960104457,0.50471311,0.5358445,0.278984278,0.28231005,0.525184835,0.540754228,0.049177097,0.048195141,381.8399902,19.33466934,19.74897959,0.494699698,0.038994423,0.013816319,0.354315265,0.088854869,0.034983927,0.393719866,2.57541327,0.987566421,0.383459398,15.77860329,8.051803554,0.510298878,2.907435011,1.401595661,0.482072911,0.039068668,0.01373417,0.351539235,0.039068973,0.0137305,0.351442573,0.089043853,0.034743121,0.390179895,0.089047506,0.034754146,0.390287693,2.581288087,0.981883458,0.380385073,2.581372049,0.982285325,0.38052838,15.77837597,8.051182588,0.510266874,15.77882992,8.052422603,0.510330782,2.907468506,1.401657462,0.482088614,2.907401617,1.401534041,0.482057254,0.227880862,0.043011365,0.188744964,0.273183198,0.090215929,0.330239671,0.27353814,0.112456376,0.411117718,9.298366645,1.892424531,0.203522253,1.754137311,0.50298027,0.286739394,0.226548089,0.040483021,0.178695043,0.229238114,0.045394911,0.198025147,0.271328483,0.088510639,0.326212117,0.27507198,0.091875152,0.334004039,0.271411219,0.110462734,0.406993986,0.275704126,0.114403549,0.414950443,9.23957354,1.77670465,0.192292928,9.358239624,2.001342391,0.213858853,1.751884373,0.493614974,0.281762302,1.75643163,0.512329796,0.291687867,habitat_background_2024
Chromodoris elisabethina,medium.yes,yes,30cm,animals_on_background,24_ChromodorisElisabethina_37_MG_D_RAW,0.243591871,0.475019197,1.950061777,5.513799655,74.91227421,1.054543637,1.847813711,1.75224016,2.138996346,11.55461459,0.12244253,0.302020549,2.466631078,8.850372453,175.9371892,0.126030216,0.315080767,2.500041478,8.9779956,173.0751331,0.536796647,1.189705127,2.216305063,3.74403447,26.74088645,0.517890742,1.182975196,2.284217695,4.109735068,32.97080551,2.173238842,0.434647768,1.585165049,0.158516505,0.891354086,0.553829432,0.742475006,0.461325659,0.296582137,0.507577546,0.037296242,2.173856584,2.172622788,0.434771317,0.434524558,1.533350353,1.639227165,0.153335035,0.163922717,0.891614142,0.891091403,0.553991014,0.553666219,0.704524582,0.778536033,0.437745735,0.483731635,0.294053176,0.299223637,0.495868375,0.518698927,0.037616453,0.036976999,666.3084943,25.58411215,26.04383886,0.495547696,0.043224933,0.014656386,0.339072495,0.108888979,0.037573195,0.345059672,3.183280993,0.922885563,0.289916462,16.27065523,7.184742903,0.44157674,3.931185599,3.587785157,0.912647105,0.043269578,0.014451669,0.33399146,0.043298621,0.0144689,0.334165387,0.109008768,0.036979613,0.339235214,0.109056282,0.036964518,0.338949004,3.186471647,0.907492753,0.28479549,3.187914188,0.90639462,0.284322151,16.27331995,7.187856122,0.441695742,16.26800033,7.181638584,0.441457981,3.931369092,3.588001501,0.912659538,3.931002783,3.587569587,0.91263471,0.237327946,0.062455227,0.263160022,0.191843306,0.118974869,0.620166902,0.171854347,0.154384194,0.898343257,9.722489917,2.819123625,0.289959018,1.678259368,1.440112184,0.858098701,0.234878517,0.058195953,0.247770438,0.239812201,0.066381682,0.276806942,0.187234452,0.112979599,0.603412447,0.196517688,0.124543884,0.63375407,0.165715243,0.147605132,0.890715477,0.178080738,0.160669072,0.902226001,9.611519253,2.607368611,0.271275388,9.835038362,3.01354223,0.306408793,1.637079094,1.317697858,0.804907877,1.720025144,1.553057667,0.902927304,habitat_background_2024
Chromodoris elisabethina,medium.yes,yes,30cm,animals_on_background,24_ChromodorisElisabethina_36_MG_D_RAW,0.243954318,0.422107133,1.730271208,3.138247411,17.64187827,1.107596477,1.854203312,1.674078376,3.001774345,16.49389724,0.124374801,0.279588011,2.247947407,4.827649878,37.13397989,0.122614649,0.281978301,2.299711368,5.135560285,41.21549187,0.557458835,1.241417929,2.226923052,4.845498544,38.28602039,0.55227008,1.23412963,2.234648725,4.768016012,35.17509951,3.615606302,0.60260105,3.088498333,0.205899889,1.363588802,0.761033401,1.311102647,0.59670853,0.40425047,0.678870965,0.061061246,3.615641316,3.615562442,0.602606886,0.60259374,3.068092844,3.109140892,0.204539523,0.207276059,1.363373037,1.363800888,0.700635144,0.620692533,1.297662461,1.321942467,0.724239209,0.737790139,0.403573204,0.4049349,0.712437176,0.679241336,0.062172903,0.059950529,236.526235,15.08417744,15.68041983,0.490309602,0.03057477,0.010867409,0.355437141,0.078647847,0.047911539,0.609190728,2.294517698,1.383143297,0.602803499,11.05132579,7.277430237,0.658511963,2.55516266,1.492253089,0.584014909,0.030662346,0.01091318,0.355914728,0.030655881,0.010907181,0.355794073,0.079026019,0.048044838,0.607962267,0.079014548,0.048060302,0.608246248,2.305068967,1.386898684,0.6016734,2.304800245,1.387348311,0.601938634,11.05236622,7.277845029,0.658487502,11.0502887,7.277016576,0.658536331,2.555150024,1.491953565,0.583900574,2.555175256,1.492551592,0.584128853,0.171999312,0.047182374,0.274317225,0.36421323,0.118801356,0.326186274,0.368046744,0.131936266,0.358476928,6.967609041,2.006881348,0.288030131,1.540152425,0.551695887,0.358208628,0.171714427,0.047481413,0.276513828,0.172294508,0.047750209,0.277142954,0.364228014,0.121555969,0.333735914,0.364197911,0.118213857,0.324586861,0.368106187,0.135106548,0.367031452,0.36798515,0.131169523,0.356453304,6.955229571,2.016598408,0.289939877,6.980436555,2.034008926,0.291387066,1.534860403,0.539565449,0.351540406,1.54563598,0.573404131,0.37098265,habitat_background_2024
Chromodoris elisabethina,medium.yes,yes,30cm,animals_on_background,24_ChromodorisElisabethina_35_MG_D_RAW,0.265203776,0.499920068,1.885041293,1.934953479,9.4793988,0.990927403,1.889044538,1.906339992,1.903844033,8.753684199,0.133431832,0.320797143,2.404202489,3.988395173,29.04963082,0.136483844,0.317975134,2.329763914,3.40691839,21.41101054,0.494926923,1.204877675,2.434455712,3.761471709,24.62187993,0.496208055,1.195466382,2.409203901,3.610432939,23.51879657,2.464666076,0.616166519,2.05904199,0.343173665,1.000892996,0.721991681,0.759730122,0.691536159,0.479670092,0.70676392,0.032733867,2.464832165,2.464500612,0.616208041,0.616125153,2.049091471,2.069772253,0.341515245,0.344962042,1.001001776,1.000784461,0.911151083,0.910953273,0.750619983,0.76931931,0.541457863,0.554946577,0.478861643,0.480543598,0.726304473,0.732949925,0.034644336,0.030824091,876.1277444,27.86474695,31.44215686,0.469839853,0.035206632,0.011683426,0.33185299,0.108563747,0.051097234,0.470665718,2.905474179,1.574063136,0.541757744,11.38186505,5.366278263,0.471476181,2.847822439,1.250485306,0.439102273,0.035272508,0.011669468,0.330837489,0.035267998,0.011667309,0.330818589,0.108897688,0.051039039,0.468687992,0.108885138,0.051035829,0.46871254,2.91542797,1.573364257,0.539668369,2.915020978,1.573250265,0.539704611,11.38168816,5.366398182,0.471494044,11.38204118,5.36615885,0.471458393,2.847913718,1.250473459,0.439084039,2.847731554,1.250497093,0.439120426,0.221510776,0.018184553,0.082093309,0.350973985,0.104313813,0.297212378,0.39258756,0.092853806,0.236517444,9.012175705,0.777323913,0.086252636,2.625132702,1.189190919,0.453002211,0.221348383,0.017179696,0.07761383,0.22169323,0.019248618,0.086825468,0.351879738,0.104444246,0.296818019,0.349956346,0.104152978,0.297617059,0.393647904,0.092628524,0.235308059,0.391396231,0.093084656,0.237827164,9.005069733,0.733503203,0.081454472,9.020159474,0.823672024,0.091314574,2.617376417,1.190150118,0.454711103,2.633847117,1.188021698,0.451059475,habitat_background_2024
Chromodoris elisabethina,medium.yes,yes,30cm,animals_on_background,24_ChromodorisElisabethina_34_MG_D_RAW,0.262253509,0.570371493,2.174886027,2.775626855,17.3229421,1.509140372,3.047077054,2.019081267,2.393138831,13.64786893,0.147148938,0.4046865,2.750182954,4.901628293,43.07019747,0.118198766,0.314529142,2.661018839,4.694546363,41.88777942,0.831341227,2.14474241,2.579858113,4.545067928,37.22035382,0.677399165,1.73695133,2.564147432,4.410136974,35.16207052,2.722863447,0.388980492,2.595882479,0.123613451,1.251730425,0.64326219,1.400042201,0.583862947,0.256296972,0.613562569,0.049900462,2.724776114,2.720976839,0.389253731,0.388710977,2.645999324,2.52787314,0.125999968,0.120374911,1.252861127,1.250605394,0.522483672,0.521542958,1.424326522,1.354560848,0.731959039,0.696106574,0.257626849,0.254542944,0.627221355,0.608824766,0.056771816,0.043066585,369.1690344,16.61437403,22.21985816,0.427828055,0.028386575,0.017710163,0.623892226,0.066420128,0.059943305,0.902487045,1.957889826,1.605083899,0.819802972,21.03238646,10.28330784,0.488927296,3.219980122,1.962189892,0.609379505,0.028179434,0.017671234,0.627096852,0.028231044,0.017665951,0.625763298,0.065714555,0.060011685,0.913217561,0.065938383,0.060142746,0.91210526,1.936587516,1.605403992,0.828986027,1.942864481,1.607821596,0.827552108,21.04725202,10.29508454,0.489141506,21.01781373,10.27172566,0.488715229,3.219867336,1.962210059,0.609407113,3.220090687,1.962170115,0.609352439,0.280341508,0.089020915,0.317544539,0.442576423,0.191094511,0.431777432,0.43228914,0.196703012,0.455026495,11.66161686,4.292724416,0.368107139,2.195880781,0.99865039,0.45478352,0.282481259,0.093610287,0.331385832,0.277536202,0.082526336,0.297353408,0.450652148,0.191499439,0.42493848,0.431988795,0.18999116,0.439805759,0.439902301,0.197364001,0.448654169,0.422307953,0.195339214,0.462551587,11.77353592,4.54840808,0.38632473,11.51488609,3.927095413,0.341045094,2.227706176,1.0789972,0.484353463,2.154156302,0.880381337,0.408689627,habitat_background_2024
Chromodoris elisabethina,medium.yes,yes,30cm,animals_on_background,24_ChromodorisElisabethina_18_MG_D_RAW,0.18795621,0.324740851,1.72774739,1.666951495,7.282472568,1.190078801,2.039735525,1.71394997,1.63091765,7.176630901,0.095580665,0.213084757,2.229370941,3.299456812,19.77065395,0.095676575,0.202363539,2.115079247,3.014086718,16.50963844,0.627961912,1.388761925,2.21153847,3.318553807,19.96496562,0.558737952,1.221193057,2.185627542,3.02890251,16.40950553,2.691969773,0.538393955,2.73970505,0.273970505,1.186150368,0.736996661,1.137784513,0.706945266,0.40618223,0.721970964,0.047619048,2.69752611,2.686499225,0.539505222,0.537299845,2.559458027,2.927994482,0.255945803,0.292799448,1.187692184,1.184622113,0.737954645,0.854524224,1.10271067,1.168143574,0.685152662,0.725808411,0.397725512,0.415049647,0.711553654,0.790166318,0.051511149,0.04375963,402.3689164,18.413273,21.85211268,0.457297818,0.041206248,0.015838935,0.384381874,0.09059308,0.023176193,0.255827407,2.610889499,0.64375729,0.246566272,14.45463818,7.628766178,0.527772891,1.319686729,0.484141498,0.366860928,0.041214363,0.015655323,0.379851154,0.041287772,0.015636091,0.378709967,0.090803002,0.023007135,0.253374167,0.090943751,0.022885404,0.251643502,2.616512934,0.638859896,0.244164624,2.620429469,0.635329817,0.242452554,14.45995863,7.638552856,0.528255513,14.44940518,7.619123558,0.527296692,1.32002052,0.484195023,0.366808709,1.319358424,0.484088566,0.366912097,0.201389275,0.035162355,0.174598944,0.122005776,0.129618243,1.062394319,0.120416831,0.129612723,1.076367158,8.175740058,1.465889958,0.179297525,0.89918982,0.079216675,0.088097834,0.203259462,0.03408326,0.167683508,0.199206292,0.037417307,0.187831952,0.112091429,0.126862117,1.131773578,0.133578333,0.135902665,1.017400516,0.110594221,0.126154253,1.140694798,0.131882308,0.136730855,1.036764198,8.253408172,1.424537806,0.172599946,8.085081678,1.555814749,0.192430307,0.894788796,0.0804299,0.089887022,0.90432693,0.079919636,0.088374717,habitat_background_2024
Chromodoris elisabethina,medium.yes,yes,30cm,animals_on_background,24_ChromodorisElisabethina_25_MG_D_RAW,0.277766312,0.474893761,1.709688108,3.17430044,21.25947356,1.490806349,2.864648985,1.921543323,3.954619441,26.80292148,0.143524269,0.320148176,2.230620491,5.079432156,46.14578261,0.139878957,0.313642752,2.242243996,5.253719385,51.08316426,0.774177152,2.006181113,2.591372154,6.475129125,64.80648719,0.718261447,1.80678245,2.515494126,6.048660295,58.07776521,2.840373704,0.473395617,2.713506454,0.18090043,1.208882608,0.67469023,1.35857501,0.566569786,0.327148024,0.620630008,0.057958212,2.838782636,2.841946461,0.473130439,0.473657744,2.722181839,2.701478104,0.181478789,0.18009854,1.208421831,1.209336036,0.503951046,0.504332299,1.354072348,1.356788651,0.755722166,0.757238164,0.327304614,0.326878142,0.629836606,0.630785232,0.059933877,0.055986186,264.4743155,15.68505452,16.86154901,0.481926002,0.034636171,0.021293883,0.614787421,0.079428461,0.028360105,0.35705218,2.263074925,0.857361265,0.378847936,14.92205979,9.689721727,0.649355509,2.836733544,1.983472724,0.699210093,0.034385315,0.02108126,0.613089067,0.034446169,0.021154482,0.614131632,0.079114993,0.028363466,0.358509359,0.079161366,0.0282657,0.357064333,2.25339756,0.857293157,0.380444699,2.254787208,0.854413338,0.378933025,14.924788,9.691061485,0.649326576,14.91934799,9.688388932,0.649384205,2.83718025,1.983757292,0.699200304,2.836289526,1.983189709,0.69921977,0.237256485,0.095741461,0.403535698,0.200962234,0.173290994,0.862306267,0.219459319,0.176284402,0.803266878,9.81291391,4.497158869,0.458289853,1.46538654,0.87146917,0.594702589,0.240003243,0.099819649,0.415909583,0.234321465,0.091081753,0.388704267,0.198596833,0.173666534,0.874467793,0.203489761,0.172849466,0.849425865,0.217269236,0.176488031,0.81230106,0.22179951,0.176033435,0.793660161,9.94534427,4.716090956,0.474200875,9.671406761,4.245759152,0.439001198,1.450437933,0.845836798,0.583159595,1.481359726,0.897747664,0.60602948,habitat_background_2024
Chromodoris elisabethina,medium.yes,yes,30cm,animals_on_background,24_ChromodorisElisabethina_20_MG_D_RAW,0.245851184,0.478558607,1.946537739,1.866429314,8.820126022,1.648004011,3.443896787,2.089738109,2.929779617,19.62315982,0.12697578,0.313887902,2.472029711,3.772390054,26.05233155,0.121864551,0.295277337,2.422996137,3.481529075,22.0189944,0.840230946,2.29096073,2.726584567,5.708150803,59.26033297,0.805114587,2.123615654,2.637656414,4.778366144,41.9128342,1.363746371,0.340936593,3.215223574,0.535870596,0.544245845,0.392590391,1.241072371,0.895244478,0.438403594,0.643917434,0.021696449,1.365451586,1.362046203,0.341362897,0.340511551,3.159091597,3.23020681,0.526515266,0.538367802,0.545574082,0.542913934,0.393548511,0.39162962,1.237710319,1.2369572,0.89281927,0.892276009,0.433939081,0.439439676,0.64318389,0.641952815,0.021521855,0.021870638,2033.322574,45.46439629,44.72340426,0.50410805,0.026423457,0.018897766,0.715189029,0.073529492,0.033846855,0.460316731,2.091368881,0.967106774,0.462427639,24.50161215,11.22885785,0.458290572,2.814757136,0.994604526,0.353353586,0.0260232,0.018304498,0.703391517,0.025973484,0.018265068,0.703219762,0.072727344,0.032903125,0.452417528,0.072635795,0.032811305,0.451723631,2.068393732,0.940975304,0.454930456,2.065621002,0.937728988,0.453969526,24.49547143,11.22933865,0.458425088,24.50774077,11.22837351,0.458156205,2.814150467,0.994728617,0.353473856,2.815362609,0.994480173,0.353233424,0.380822865,0.131557321,0.345455414,0.282356007,0.161991951,0.573715265,0.282480439,0.171494482,0.607102152,16.36540616,6.561217635,0.400919939,2.05341968,0.569547156,0.277365198,0.384939789,0.131288685,0.341062912,0.376781022,0.131653644,0.349416866,0.292330565,0.155932569,0.533411788,0.272563357,0.166956846,0.612543255,0.292203383,0.166540587,0.569947498,0.272934813,0.175525404,0.643103758,16.5604103,6.558035947,0.396006852,16.17395832,6.556821623,0.40539375,2.07583749,0.563478945,0.27144656,2.031410705,0.574308539,0.282714144,habitat_background_2024
Chromodoris elisabethina,medium.yes,yes,30cm,animals_on_background,24_ChromodorisElisabethina_24_MG_D_RAW,0.257517641,0.39892477,1.549116276,2.781927455,13.00385989,1.366053319,2.202810444,1.612536212,2.725020541,11.78668249,0.130507839,0.265394846,2.033554828,4.058557579,23.92442031,0.132570519,0.274306643,2.069137571,4.558727733,30.81474966,0.692256726,1.470522658,2.124244666,4.090139279,23.55842402,0.675439975,1.51144071,2.237712846,4.402019345,26.83602455,2.915572059,0.728893015,2.699907898,0.44998465,1.200177622,0.865745151,1.175631655,0.730461017,0.589438832,0.798103084,0.048392512,2.919755043,2.911365684,0.729938761,0.727841421,2.742240086,2.66057391,0.457040014,0.443428985,1.200968701,1.199380894,0.746203809,0.745217249,1.192814658,1.15867648,0.860433896,0.835808406,0.593489387,0.585635203,0.803318853,0.790512828,0.046998487,0.049782099,387.0434518,20.27728086,19.08754209,0.5151117,0.051064984,0.021970877,0.43025329,0.095335213,0.015257017,0.160035482,2.601180315,0.491769412,0.189056256,13.52278495,6.603624395,0.488333166,2.0647458,0.927272798,0.449097801,0.051107036,0.021922439,0.428951497,0.051130522,0.021886968,0.428060724,0.095329132,0.01524372,0.159906208,0.095327632,0.015228073,0.159744581,2.601709428,0.491595865,0.188951102,2.60209767,0.491262782,0.188794905,13.52449787,6.605836761,0.4884349,13.52107249,6.601411281,0.488231336,2.065141003,0.928226083,0.449473465,2.064350702,0.926318561,0.448721508,0.234955103,0.049871737,0.212260712,0.078589396,0.075425005,0.959735134,0.102954486,0.07323546,0.711338207,9.605634928,2.24102437,0.233303096,1.631105673,0.515827344,0.316243977,0.236086428,0.052499636,0.222374647,0.233890438,0.047234495,0.201951374,0.079381108,0.075598404,0.952347555,0.077844334,0.075251949,0.966697826,0.103744237,0.073647941,0.709899109,0.10221127,0.072835374,0.712596306,9.656739778,2.360042811,0.244393332,9.557541307,2.121528118,0.221974256,1.637591985,0.532257089,0.325024239,1.625001551,0.499776605,0.30755454,habitat_background_2024
Chromodoris elisabethina,medium.yes,yes,30cm,animals_on_background,24_ChromodorisElisabethina_23_MG_D_RAW,0.309771906,0.526961457,1.701127333,3.864298372,25.4094378,1.803000691,3.123477912,1.732377546,3.452370375,18.82118333,0.157201928,0.351939637,2.238774302,5.77840374,53.65113643,0.158518594,0.361427859,2.280034474,5.875901665,53.54748003,0.92126472,2.17200902,2.357638336,5.282860314,40.55426907,0.886253878,2.051638814,2.314956092,5.257540576,41.08401351,6.6177986,0.509061431,10.16950659,0.13037829,2.104692684,0.820559158,2.738147602,0.790062393,0.31971986,0.805310775,0.090161567,6.629309943,6.606273307,0.509946919,0.50817487,10.10685301,10.17757009,0.129575039,0.130481668,2.105410673,2.103958212,0.607493107,0.607074016,2.734353526,2.73060473,1.066045814,1.064584267,0.319760979,0.319328269,0.836769461,0.835829141,0.091466471,0.088859825,101.8494715,9.93296796,10.25367965,0.492056341,0.049588588,0.031365826,0.632521061,0.106141767,0.060593483,0.570873134,3.000983474,1.568510117,0.522665363,16.36290468,10.53807714,0.6440224,3.174387368,1.956027074,0.616190416,0.049481185,0.031363054,0.633837969,0.049535745,0.031436609,0.634624742,0.106020921,0.060935823,0.574752813,0.106016236,0.060686502,0.572426487,2.995726421,1.578067239,0.526772815,2.996248609,1.571911679,0.524626586,16.36861574,10.54255956,0.644071541,16.35722376,10.53361315,0.643973164,3.175401679,1.957174446,0.61635492,3.17337841,1.954884524,0.616026288,0.211705089,0.101100196,0.477552033,0.232080272,0.133889737,0.576911323,0.227454597,0.139187991,0.611937471,8.727353828,4.518217736,0.517707638,1.889802615,1.020924941,0.540228346,0.214697528,0.105688239,0.492265747,0.208632335,0.096061402,0.460433911,0.234087044,0.133848525,0.571789547,0.230019639,0.133899739,0.582123072,0.229275049,0.138658636,0.604769845,0.225585285,0.139703988,0.619295659,8.868554374,4.746359592,0.535189772,8.582363484,4.26627361,0.497097754,1.905828146,1.003647191,0.526619986,1.873346962,1.038101586,0.554142722,habitat_background_2024
Chromodoris elisabethina,medium.yes,yes,30cm,animals_on_background,24_ChromodorisElisabethina_21_MG_D_RAW,0.382487445,0.706386336,1.846822284,2.837766877,14.83887335,1.959915913,3.7873457,1.932402138,2.931494134,14.54106505,0.19780909,0.473364382,2.393036547,4.570598466,31.81412965,0.190497167,0.453606004,2.381169297,4.885963066,37.89105004,0.984207659,2.461140569,2.500631393,4.71311647,32.71058753,0.977904011,2.478873716,2.534884497,4.833809634,34.10032085,5.173428322,0.517342832,8.403191933,0.186737599,1.856224864,0.806148216,2.457327435,0.783712954,0.352040215,0.794930585,0.072683643,5.164336644,5.182335211,0.516433664,0.518233521,8.57331211,8.126674452,0.190518047,0.180592766,1.855079249,1.857330895,0.600146804,0.592356664,2.452950688,2.442784132,1.065302948,1.060887669,0.353475856,0.349413143,0.832724876,0.826622167,0.073193954,0.072173534,162.7805217,12.66233062,12.85549451,0.496215119,0.080624768,0.076840324,0.95306103,0.130535463,0.050202192,0.384586616,3.417668688,1.081075753,0.316319647,21.38807912,14.035083,0.656210542,3.8409354,2.216686327,0.577121481,0.08023785,0.077267981,0.962986687,0.07997156,0.077026611,0.963175045,0.131272652,0.050269522,0.382939791,0.131187222,0.050464402,0.384674673,3.428172163,1.079796237,0.314977249,3.425084991,1.08704239,0.317376764,21.37562085,14.02663682,0.656197868,21.40051875,14.04349923,0.656222374,3.839517034,2.21725785,0.57748353,3.842351644,2.216114506,0.576759941,0.283458204,0.113334884,0.399829259,0.176993114,0.15254127,0.86184861,0.146877504,0.140704878,0.957974325,11.87210886,5.304793602,0.446828248,2.45363949,1.397780545,0.569676414,0.280965726,0.112399527,0.400047111,0.28598492,0.114333027,0.399786907,0.18718871,0.157206469,0.839828799,0.16665747,0.147084562,0.882556074,0.157635422,0.147060881,0.932917736,0.135971813,0.133199101,0.979608184,11.75686255,5.243920149,0.446030574,11.98893821,5.368523316,0.447789723,2.497757214,1.389160509,0.556163146,2.408915753,1.406425235,0.583841603,habitat_background_2024
Chromodoris elisabethina,medium.yes,yes,30cm,animals_on_background,24_ChromodorisElisabethina_33_MG_D_RAW,0.248380102,0.469559646,1.890488177,3.015774794,22.56628998,1.409781762,2.433094212,1.72586586,1.767414196,8.207272585,0.121177393,0.295918304,2.442025665,5.598045105,64.240773,0.130926559,0.307242041,2.346674687,4.984513999,50.95547075,0.672321186,1.469600034,2.185860069,3.20907199,18.84128071,0.737746514,1.623606274,2.200764412,3.538957295,23.8317717,2.953099439,0.36913743,2.573983099,0.091927968,1.312497729,0.631177988,1.329238764,0.57728106,0.230532699,0.604229524,0.049745926,2.960919887,2.94524734,0.370114986,0.368155917,2.408479494,2.726273222,0.086017125,0.097366901,1.314948499,1.310019712,0.571074877,0.568934332,1.260808309,1.379327715,0.606320632,0.663316418,0.228066055,0.232761409,0.588697754,0.616125375,0.046463513,0.053024201,366.5135405,20.52226415,17.85931308,0.534690485,0.038242312,0.01935323,0.506068526,0.082407037,0.043740281,0.53078332,2.382416985,1.156607037,0.485476323,20.26438644,10.21800822,0.504234769,3.524809442,2.200070947,0.624167344,0.038323999,0.019327672,0.504322946,0.038379825,0.01927619,0.502247994,0.082489705,0.0432018,0.523723539,0.082667713,0.043026952,0.520480727,2.385587693,1.144026259,0.479557412,2.391026776,1.138522268,0.476164583,20.27178241,10.22846432,0.5045666,20.25694861,10.20747597,0.503899979,3.524767787,2.201093606,0.624464855,3.524851333,2.199042022,0.62386802,0.261209556,0.047406335,0.181487752,0.325049666,0.227118529,0.698719464,0.313478359,0.256406701,0.817940676,10.72397949,2.097014207,0.195544407,1.399725435,0.98769056,0.705631644,0.259783882,0.042487826,0.163550662,0.262457257,0.051289419,0.195420085,0.312113879,0.21793614,0.698258407,0.336370616,0.234209759,0.696284835,0.299548282,0.247583604,0.826523198,0.325669476,0.263215143,0.808227859,10.65660173,1.867893003,0.175280361,10.78294616,2.276890306,0.211156605,1.397517162,0.989358637,0.707940242,1.401658039,0.986223895,0.703612341,habitat_background_2024
Chromodoris elisabethina,medium.yes,yes,30cm,animals_on_background,24_ChromodorisElisabethina_32_MG_D_RAW,0.266579727,0.411610144,1.544041433,2.47880701,10.54715038,1.300471122,2.026864292,1.558561553,2.521628862,11.0864783,0.136486126,0.285028626,2.088334058,3.930933676,22.30401706,0.134617677,0.270311957,2.007997482,4.016724955,24.04306425,0.669160735,1.409574465,2.106481136,4.123693719,25.7288752,0.633427245,1.324082703,2.09034694,3.974814834,23.16867576,2.952967556,0.738241889,2.624608195,0.437434699,1.130117225,0.815207258,1.079590375,0.670787215,0.587838294,0.742997236,0.06067152,2.952436246,2.953470528,0.738109061,0.738367632,2.652577101,2.58963727,0.442096183,0.431606212,1.129871496,1.130355151,0.815030002,0.702329144,1.078978792,1.077557215,0.778318676,0.777293225,0.590102622,0.584986922,0.796674339,0.739811185,0.062764419,0.05859541,239.9097876,14.93259386,16.06618314,0.481715581,0.039627521,0.014207703,0.358531215,0.109735989,0.040947006,0.373141084,3.184064117,1.194121544,0.375030621,12.6441673,7.173928728,0.567370595,2.604740161,1.414920681,0.543209915,0.039717345,0.014214637,0.357894943,0.039700973,0.014248474,0.358894841,0.109920631,0.041021078,0.373188154,0.109842447,0.041112273,0.374284029,3.190607832,1.197367609,0.375278841,3.188286837,1.199638754,0.376264375,12.63950196,7.170062748,0.567274152,12.64877472,7.177740702,0.567465297,2.604042575,1.414436904,0.543169654,2.605429086,1.41539784,0.54324942,0.19597885,0.065128278,0.332322994,0.220660674,0.109765077,0.497438328,0.226443566,0.101056547,0.446276962,7.97843742,2.80332643,0.35136284,1.64677432,0.526949645,0.319988986,0.196583373,0.066916192,0.340395991,0.19533651,0.065476766,0.335199837,0.223561356,0.113177667,0.506248792,0.217578535,0.109852499,0.504886654,0.229165939,0.104495967,0.455983848,0.22355089,0.100826932,0.451024515,8.002374522,2.865570023,0.358089966,7.953002893,2.833278504,0.356252669,1.647944421,0.537116632,0.325931278,1.64553102,0.534168433,0.324617662,habitat_background_2024
Chromodoris elisabethina,medium.yes,yes,30cm,animals_on_background,24_ChromodorisElisabethina_31_MG_D_RAW,0.170483123,0.351758233,2.063302381,2.58138277,14.23538902,1.192280882,2.34217303,1.964447359,2.637765345,16.33331055,0.086248728,0.223317903,2.589231263,4.260176833,31.02854493,0.085774267,0.224575009,2.618209605,4.618753221,37.8639593,0.599527195,1.486540779,2.479521849,4.380547008,35.59234568,0.594395958,1.505999134,2.53366315,4.901486333,45.40693297,2.804927572,0.560985514,2.332656428,0.233265643,1.08660969,0.67514856,0.975719154,0.606248397,0.397125579,0.640698479,0.054181516,2.804962641,2.804890892,0.560992528,0.560978178,2.313420755,2.351063873,0.231342075,0.235106387,1.086770297,1.086448064,0.675248351,0.675048136,0.963731604,0.987002444,0.598800113,0.613259099,0.396167302,0.398042283,0.637024232,0.644153618,0.054245507,0.054117591,304.7286792,17.4347064,17.47827995,0.499375969,0.021412401,0.010350678,0.483396423,0.03930551,0.034432554,0.876023606,1.14435375,0.958836689,0.837884866,20.18530605,13.51268269,0.669431648,2.399444737,1.729133829,0.720639156,0.021319986,0.010296865,0.482967714,0.021311317,0.010225592,0.479819825,0.038961113,0.034445615,0.88410246,0.038950114,0.034381979,0.882718315,1.134529197,0.959649772,0.845857273,1.134314935,0.958329155,0.844852805,20.18687481,13.51326015,0.669408231,20.18373915,13.51210567,0.669455029,2.399647084,1.72917983,0.720597559,2.399242628,1.729087851,0.720680698,0.211386085,0.068330069,0.323247716,0.476251446,0.132533177,0.278284041,0.462273262,0.132002081,0.285549894,8.642038638,3.167544198,0.366527428,1.17936121,0.566283174,0.480160928,0.210016268,0.06498245,0.30941627,0.212757705,0.071492413,0.336027373,0.473901822,0.131762201,0.278036916,0.478604164,0.133248818,0.278411321,0.460036426,0.131126782,0.28503565,0.464513042,0.132825584,0.285945866,8.578573082,3.003655195,0.350134593,8.705587738,3.322043007,0.381598935,1.172281167,0.541434577,0.461864092,1.186450573,0.59001062,0.497290518,habitat_background_2024
Chromodoris elisabethina,medium.yes,yes,30cm,animals_on_background,24_ChromodorisElisabethina_19_MG_D_RAW,0.25396337,0.438355282,1.726057117,2.047547031,9.970402472,1.361954768,2.407083928,1.767374354,2.22593869,11.84983642,0.128216097,0.280821237,2.190218257,3.65890573,24.03963269,0.130515463,0.285534351,2.18774347,3.791542312,25.91968723,0.679494739,1.568269817,2.307994054,4.179671671,32.43076393,0.683505505,1.540405873,2.253684661,3.861484692,27.06092641,4.020757997,0.574394,4.61750186,0.219881041,1.547203903,0.795105521,1.849295915,0.700741092,0.39713752,0.747923307,0.063600344,4.023470554,4.018031885,0.574781508,0.574004555,4.619915773,4.607588573,0.219995989,0.21940898,1.547817485,1.546586397,0.586503926,0.602969565,1.85447842,1.838660422,0.953013386,0.944884543,0.397388748,0.396706767,0.769758656,0.773927054,0.062090711,0.065107382,216.9030715,15.10546875,14.35924135,0.51266307,0.060882981,0.029499753,0.484532016,0.116109833,0.026404777,0.227412065,3.293189332,0.687450856,0.208749266,13.78563184,8.297104846,0.601866127,2.161831316,1.154956357,0.534249064,0.060862803,0.029587531,0.486134874,0.060790816,0.029543534,0.4859868,0.116039613,0.026492898,0.228309082,0.115973353,0.026453609,0.228100755,3.290833089,0.689606003,0.209553625,3.289238283,0.688613897,0.209353606,13.78664834,8.296321905,0.601764961,13.78461382,8.297888742,0.601967444,2.161790512,1.154865389,0.534217068,2.161872182,1.155047452,0.534281102,0.204081781,0.066437117,0.325541636,0.097531942,0.066319251,0.679974684,0.09173043,0.072980506,0.795597552,8.324290915,2.860094067,0.343584108,1.215146107,0.515924913,0.424578502,0.205681535,0.068426604,0.332682291,0.202558773,0.06463786,0.319106691,0.097169677,0.064231615,0.661025299,0.097876827,0.068448311,0.699331122,0.091390053,0.070326745,0.769522966,0.092054478,0.075642833,0.821718123,8.394752914,2.955212599,0.352030921,8.257209206,2.772921184,0.335818206,1.214399015,0.502170456,0.413513557,1.215857358,0.530257208,0.436117941,habitat_background_2024
Chromodoris elisabethina,medium.yes,yes,30cm,animals_on_background,24_ChromodorisElisabethina_17_MG_D_RAW,0.234561743,0.423917579,1.807275022,2.04601219,8.530604574,1.385240778,2.667334794,1.925538748,2.876367696,15.88225883,0.121859799,0.28407743,2.331182492,3.692923162,21.72060471,0.11574147,0.267094221,2.307679534,3.67072178,21.26754444,0.705388252,1.686645176,2.391087703,4.100135556,26.64961336,0.680828771,1.723192969,2.531022546,5.256403384,44.9297198,3.881702522,0.554528932,5.351238629,0.254820887,1.529605991,0.786061983,1.962692911,0.724762381,0.404674909,0.755412182,0.072854007,3.886135405,3.877298504,0.555162201,0.553899786,5.37264334,5.315741757,0.255840159,0.25313056,1.531209862,1.528004567,0.565428906,0.564245289,1.949064551,1.966407567,1.001621042,1.010533589,0.40550118,0.403515173,0.783524974,0.787389439,0.075288082,0.070428821,162.1109898,12.28231477,13.19873272,0.482017655,0.034120671,0.0222606,0.652408036,0.076700145,0.042998763,0.560608626,2.241891225,1.200707634,0.535578007,18.20055902,11.10232291,0.609999006,2.410597318,0.997114933,0.413638116,0.033967118,0.022088695,0.650296403,0.033840674,0.021897234,0.647068483,0.076697183,0.042872154,0.558979516,0.076520259,0.042838929,0.559837749,2.241461368,1.196641335,0.533866589,2.23680336,1.196365463,0.534855001,18.19773289,11.09986893,0.609958889,18.20336011,11.10475379,0.610038681,2.410264604,0.997119517,0.413697117,2.410927084,0.997110261,0.413579601,0.195577053,0.083006751,0.424419682,0.281770999,0.150965856,0.535774998,0.268445217,0.156801946,0.584111527,8.00167027,3.657578515,0.457101879,1.3402063,0.601669,0.4489376,0.194636433,0.077904964,0.400258895,0.196578899,0.088104537,0.448189187,0.285656769,0.152910301,0.535293813,0.277632295,0.148747354,0.535771076,0.27212256,0.158909139,0.583961649,0.264528508,0.154422843,0.583766353,7.948732074,3.380812607,0.425327282,8.058054328,3.930147792,0.487729126,1.341150505,0.590717553,0.440455825,1.339200635,0.613116498,0.457822736,habitat_background_2024
Chromodoris elisabethina,medium.yes,yes,30cm,animals_on_background,24_ChromodorisElisabethina_16_MG_D_RAW,0.193625672,0.356195543,1.839609079,2.712041153,12.65443626,1.374953752,2.351374884,1.710148346,2.535431047,11.82662519,0.098003242,0.234020938,2.387889759,4.412056649,29.07312471,0.097857103,0.233734435,2.38852803,4.363862047,28.13177575,0.697783126,1.567256591,2.246051148,4.160966375,26.71998422,0.679351246,1.536671402,2.261968918,4.254517986,28.14194304,1.771705711,0.59056857,1.419591102,0.473197034,0.715341092,0.651131523,0.523243602,0.476276852,0.531882802,0.563704187,0.034310274,1.772647526,1.770762596,0.590882509,0.590254199,1.422115955,1.416976605,0.474038652,0.472325535,0.715624104,0.715057119,0.651389131,0.650873039,0.518878703,0.526890573,0.472303749,0.479596468,0.53246058,0.531289867,0.56184644,0.565234753,0.034066628,0.034553931,792.2250628,28.35424091,27.94026704,0.503676858,0.024002596,0.011800445,0.491632038,0.052882975,0.041303,0.781026403,1.528962468,1.171656764,0.766308388,16.1488639,6.597407213,0.408536926,2.278970841,0.745262665,0.327017201,0.023820083,0.011645897,0.488910839,0.023810412,0.011647218,0.489164912,0.052214334,0.040912941,0.783557648,0.052166695,0.040893357,0.783897793,1.509992979,1.160286545,0.768405258,1.508672516,1.159789063,0.768748055,16.14644469,6.596952785,0.408569993,16.15128445,6.59786053,0.408503767,2.278660637,0.745289166,0.327073349,2.279281218,0.745235955,0.326960951,0.299691514,0.04132955,0.137906975,0.466375412,0.184309427,0.395195421,0.459325929,0.169927436,0.369949583,12.38908664,1.962103131,0.15837351,1.899898321,0.314703717,0.1656424,0.298819569,0.03860358,0.129186922,0.300551204,0.043826151,0.145819251,0.464203894,0.18628691,0.401304065,0.468516409,0.182300762,0.389102192,0.457263907,0.171663816,0.37541519,0.461358969,0.168160784,0.364490115,12.34771627,1.825884189,0.147872218,12.42987556,2.086519906,0.167863298,1.893968877,0.307822171,0.162527576,1.905744427,0.32118359,0.168534451,habitat_background_2024
Chromodoris elisabethina,medium.yes,yes,30cm,animals_on_background,24_ChromodorisElisabethina_15_MG_D_RAW,0.31182187,0.473300488,1.517855334,2.536796695,10.8006765,1.688249263,2.813032419,1.66624235,3.096239715,15.69984409,0.156228721,0.318156963,2.036481907,4.056936812,23.91995321,0.16184538,0.323110468,1.99641453,3.945868972,22.71313758,0.828780421,1.883738832,2.2729046,4.908378047,35.71886651,0.86308182,1.899289498,2.200590321,4.601687107,31.51158002,5.671813682,0.70897671,7.651187767,0.273256706,1.825110921,0.877692825,2.251514594,0.764666753,0.491116708,0.821179789,0.08861213,5.667788256,5.675831203,0.708473532,0.7094789,7.769299492,7.52378861,0.277474982,0.268706736,1.824480332,1.825740621,0.61963598,0.620064003,2.265930834,2.234906831,1.089682392,1.074763001,0.492974257,0.489092818,0.854659186,0.847413502,0.085732957,0.091489362,105.8972501,10.66412589,9.930232558,0.517817825,0.088048986,0.062747937,0.712648033,0.146746429,0.026744485,0.182249646,4.207843018,0.617452664,0.146738522,19.34350505,12.45399583,0.643833462,2.464327132,1.364448959,0.553680127,0.087863657,0.062882739,0.715685432,0.088058806,0.063171113,0.717374171,0.146578188,0.026886219,0.183425785,0.146642687,0.026951591,0.1837909,4.203545284,0.621463195,0.147842631,4.204716404,0.622349625,0.148012271,19.34059368,12.45359626,0.64390972,19.34643289,12.45439685,0.643756755,2.46418607,1.364198744,0.553610282,2.464468992,1.364700526,0.553750334,0.204174455,0.081655409,0.399929601,0.066385964,0.058861407,0.886654399,0.050388791,0.057767493,1.146435395,8.358315377,3.583530183,0.428738331,1.25469765,0.529116365,0.421708262,0.205408217,0.082646025,0.402350143,0.2030191,0.080698673,0.397493009,0.067521158,0.059691874,0.884046953,0.065322912,0.058051708,0.888688305,0.051261367,0.058572242,1.14261958,0.049571667,0.056990802,1.149664826,8.412275726,3.630400008,0.431559797,8.307784238,3.538288703,0.425900409,1.255464886,0.527525103,0.42018308,1.253979172,0.530601112,0.423133912,habitat_background_2024
Chromodoris elisabethina,medium.yes,yes,30cm,animals_on_background,24_ChromodorisElisabethina_39_MG_D_RAW,0.21231003,0.343559832,1.618198779,2.718707933,12.06132175,1.132914728,2.020263653,1.783244231,3.44039413,19.02295771,0.116945379,0.25213298,2.155989257,4.179565293,25.15121489,0.099138311,0.213235658,2.150890556,4.502253582,29.19304741,0.638113084,1.527880827,2.394373137,5.156731157,38.64763731,0.496396829,1.185566129,2.388343475,5.440933281,43.96833865,3.16329146,0.632658292,3.533518518,0.353351852,1.264636857,0.785763059,1.497057887,0.719932663,0.493005072,0.752847861,0.060645896,3.157432177,3.168980668,0.631486435,0.633796134,3.606277533,3.422559551,0.360627753,0.342255955,1.263189079,1.266037114,0.60746554,0.608835155,1.514668513,1.465720854,0.941116461,0.910703571,0.496057094,0.488026044,0.774291001,0.759769363,0.069206888,0.052128559,244.5555704,13.44942869,18.18334265,0.425173898,0.051810146,0.01380826,0.266516528,0.101716624,0.0260968,0.256563768,2.435305201,0.672374563,0.276094579,10.27203222,7.815473303,0.760849765,1.890484593,1.124460346,0.594800058,0.051985703,0.013821682,0.265874681,0.051916367,0.013838477,0.266553269,0.101389117,0.026048074,0.256911937,0.101461106,0.026110685,0.257346743,2.426085261,0.671092008,0.276615179,2.427914782,0.671929724,0.276751774,10.27416247,7.817240567,0.760864021,10.26995102,7.813745644,0.760835726,1.890032308,1.124057498,0.594729251,1.890926464,1.124853559,0.594869013,0.177343374,0.065662156,0.370254351,0.164697983,0.143213511,0.869552305,0.184237647,0.128372792,0.696778284,7.203681855,2.771563443,0.384742622,1.426333309,0.865680321,0.606927087,0.180177448,0.069135684,0.383708864,0.173599988,0.06053863,0.348724849,0.167841265,0.147549252,0.879099974,0.16054618,0.137150781,0.854276204,0.186015664,0.131869971,0.708918638,0.181889154,0.123557162,0.679299225,7.324857582,2.920798739,0.398751608,7.043626941,2.551089507,0.362184075,1.404632888,0.851589732,0.606272101,1.454996303,0.883013978,0.606884001,habitat_background_2024
Chromodoris kuiteri,high.yes,yes,30cm,animals_on_background,25_ChromodorisKuiteri_18_OI_D_RAW,0.237730467,0.401345694,1.688238359,2.732059484,13.96515496,1.146871352,1.947642529,1.69822232,2.866294733,16.46511565,0.122955384,0.265038883,2.155569568,4.236304509,29.02263841,0.119406247,0.26503178,2.219580519,4.576118744,33.28724874,0.591731289,1.30807659,2.210592229,4.571604177,36.4017392,0.557829781,1.258062765,2.255280745,4.61817276,36.17127059,2.488692696,0.497738539,2.219007449,0.221900745,1.018077417,0.632567065,0.972542052,0.604274352,0.359819642,0.618420709,0.042116234,2.488944986,2.488441029,0.497788997,0.497688206,2.185403639,2.253417148,0.218540364,0.225341715,1.018014237,1.01813883,0.632527809,0.632605223,0.961599066,0.983577758,0.597475093,0.611131222,0.358164681,0.36151496,0.615001451,0.621868223,0.043649469,0.040584686,517.9437403,21.90978593,23.63983573,0.481009175,0.079130385,0.028081841,0.354880634,0.181576626,0.020020034,0.11025667,5.110258039,0.411172007,0.080460126,16.51290627,8.653645303,0.524053438,2.70985512,1.416972004,0.522895853,0.078822068,0.027947014,0.354558245,0.078803925,0.02793761,0.354520544,0.181471998,0.019848963,0.10937755,0.181460005,0.019870277,0.109502238,5.111270533,0.404874643,0.079212133,5.111047107,0.405675175,0.079372224,16.51364827,8.654480586,0.524080472,16.51216744,8.652813445,0.524026508,2.709844392,1.416988123,0.522903871,2.709865803,1.416955954,0.522887869,0.227661192,0.073195528,0.321510784,0.061398164,0.102802618,1.674359795,0.036192795,0.105422476,2.912802857,9.317531145,3.15543516,0.338655714,1.406840769,0.784286995,0.557480997,0.228324736,0.07215219,0.316006892,0.226948326,0.074291844,0.327351363,0.061569697,0.100717315,1.63582605,0.061213881,0.104996399,1.715238403,0.035603955,0.103359224,2.903026485,0.036825405,0.10759053,2.921638756,9.344086459,3.109128471,0.332737554,9.289001905,3.204131879,0.34493823,1.415882712,0.774151211,0.546762245,1.397126715,0.794888984,0.568945519,habitat_background_2024
Chromodoris kuiteri,high.yes,yes,30cm,animals_on_background,25_ChromodorisKuiteri_19_OI_D_RAW,0.27467475,0.456267535,1.661119326,2.936534396,14.08500631,0.99316303,1.645665018,1.656993836,3.109489476,16.41433331,0.13332047,0.291367203,2.185464877,4.538615213,30.26928344,0.145931478,0.323335063,2.215663587,4.60672085,30.99947979,0.48274663,1.077466388,2.231950098,4.79958162,35.14293539,0.512813773,1.134817932,2.212924054,4.749166449,34.70516068,4.098652497,0.819730499,4.973317907,0.497331791,1.50606655,0.935771761,1.695328347,0.815280599,0.658531145,0.87552618,0.046036353,4.105531282,4.091704117,0.821106256,0.818340823,4.840293192,5.088979027,0.484029319,0.508897903,1.507109824,1.505008765,0.724766623,0.723756227,1.669958508,1.714513976,1.037603561,1.065287429,0.652567788,0.663619363,0.881185092,0.894521828,0.043995089,0.048077997,430.2401413,21.72980973,19.7995356,0.523239881,0.043627947,0.024633485,0.564626274,0.114069751,0.064254772,0.563293701,3.175332092,1.746848681,0.550131019,13.62525454,7.679795008,0.56364415,3.171323811,1.557406608,0.491090378,0.043463274,0.024721062,0.568780482,0.043334768,0.024659317,0.569042308,0.113540215,0.064599117,0.568953622,0.113201161,0.06457626,0.570455808,3.157837425,1.755328019,0.555863961,3.148498313,1.756234256,0.557800602,13.6225196,7.678355314,0.563651626,13.62800172,7.681239649,0.563636534,3.170543535,1.557472439,0.491231999,3.172107578,1.557339986,0.490948036,0.191424813,0.056918643,0.297342034,0.231468794,0.207450701,0.896236152,0.225836429,0.241243542,1.068222441,7.78081502,2.426025794,0.311795845,2.021113443,0.84406394,0.417623238,0.189827023,0.054592162,0.287588993,0.192887186,0.058924173,0.305485162,0.234832923,0.209061894,0.890258026,0.228389782,0.205909966,0.901572584,0.230002924,0.243380518,1.058162711,0.222023055,0.239198267,1.07735779,7.712110202,2.326573333,0.301677916,7.843696945,2.511721224,0.320221605,2.013793509,0.832574584,0.413435926,2.027812996,0.854381334,0.421331422,habitat_background_2024
Chromodoris kuiteri,high.yes,yes,30cm,animals_on_background,25_ChromodorisKuiteri_21_MG_D_RAW,0.267858505,0.442821151,1.653190554,2.489570043,10.8046507,1.402036217,2.38784356,1.703125448,2.81732348,13.74387539,0.137162551,0.305227362,2.225296631,4.051070802,24.20405089,0.133738789,0.288864839,2.159918159,4.103291157,25.2196202,0.726838764,1.659670875,2.283409963,4.445536256,29.49662824,0.678419834,1.530770637,2.256376597,4.474682402,30.52755722,1.919825892,0.319970982,1.928320856,0.128554724,0.872387701,0.486888847,0.948188224,0.45598215,0.224262853,0.471435498,0.034823233,1.920323115,1.919330776,0.320053853,0.319888463,1.877851266,1.981381867,0.125190084,0.132092124,0.872604376,0.872169674,0.419634002,0.486767163,0.929078212,0.963328928,0.518528423,0.537644112,0.222621968,0.225990294,0.469081212,0.512205637,0.035922781,0.033726087,768.9111634,26.83748846,28.65063788,0.483661825,0.038044093,0.013426774,0.352926638,0.110721799,0.040321858,0.364172711,3.270394809,1.19162394,0.364366998,19.97684578,9.416720961,0.471381772,2.702657694,1.072802677,0.396943601,0.038116824,0.01322873,0.347057503,0.038103535,0.013214638,0.346808706,0.111123889,0.039833561,0.358460824,0.111099815,0.03981294,0.358352891,3.284351148,1.178776871,0.358907077,3.28380585,1.178499549,0.358882225,19.97804406,9.41789232,0.471412131,19.97565283,9.415554491,0.471351528,2.702860387,1.072937335,0.396963654,2.702455903,1.072668556,0.396923611,0.285227845,0.043200694,0.151460298,0.353825752,0.147490294,0.416844429,0.358933853,0.16855959,0.469611847,11.76405182,2.025187704,0.172150526,2.074749728,0.354942891,0.171077449,0.284128812,0.041105203,0.144671014,0.286395904,0.046406713,0.162036929,0.356527016,0.146650855,0.411331676,0.350954831,0.151978293,0.433042316,0.362855392,0.166600106,0.459136365,0.354766016,0.174715142,0.492479928,11.71345814,1.929703274,0.164742406,11.81782313,2.172817509,0.183859369,2.08264785,0.352814222,0.169406567,2.066355551,0.365787958,0.177020822,habitat_background_2024
Chromodoris kuiteri,high.yes,yes,30cm,animals_on_background,25_ChromodorisKuiteri_17_MG_D_RAW,0.20685736,0.441639398,2.134994845,2.339617955,11.78935642,1.263760735,2.473879017,1.957553316,1.849798148,8.588685335,0.108015538,0.289165372,2.677072002,4.138099909,29.37553672,0.102438758,0.274320061,2.677893264,4.331073358,32.41358229,0.647039654,1.590235942,2.457710175,3.430630096,21.37695877,0.618436621,1.551256796,2.5083521,3.701066382,24.5739547,1.263409442,0.252681888,2.367414727,0.236741473,0.45959496,0.285562404,1.291687241,0.621170259,0.244711681,0.453366332,0.016672355,1.2627804,1.264036527,0.25255608,0.252807305,2.242823682,2.509695373,0.224282368,0.250969537,0.459261472,0.45992368,0.220858083,0.221176537,1.236592572,1.343742562,0.768338165,0.834914197,0.238419224,0.251888421,0.494598124,0.528045367,0.017343454,0.016002324,3483.992299,56.65864333,61.49092344,0.479550157,0.022866674,0.009557612,0.417971237,0.049610061,0.025638157,0.516793501,1.321286912,0.870951125,0.659168812,17.87227672,6.079347927,0.340155204,2.876042941,1.227253815,0.426716096,0.022671584,0.009262885,0.408568036,0.02267838,0.009266829,0.408619538,0.049057866,0.02492833,0.508141344,0.049080741,0.0249226,0.507787758,1.302400778,0.84656657,0.650004656,1.303245736,0.846697972,0.649684054,17.8743517,6.078803485,0.340085257,17.87020787,6.079889832,0.340224908,2.876407508,1.227092647,0.426605981,2.87567945,1.227414352,0.426825859,0.299893621,0.094552738,0.315287594,0.349944743,0.19808079,0.566034477,0.412099755,0.225683961,0.547644006,12.50151173,4.293605798,0.343446928,2.16272795,1.027569984,0.475126788,0.300255178,0.0941129,0.313443054,0.299502387,0.095024615,0.317274986,0.351672973,0.194067647,0.551841233,0.348074654,0.202314694,0.581239375,0.414506654,0.221742837,0.534956037,0.40949529,0.229840035,0.561276383,12.5188786,4.297739071,0.343300643,12.48271933,4.289038233,0.343598067,2.144167885,0.978276335,0.456249878,2.182811493,1.077963193,0.493841633,habitat_background_2024
Chromodoris kuiteri,high.yes,yes,30cm,animals_on_background,25_ChromodorisKuiteri_16_MG_D_RAW,0.2103593,0.356945804,1.696838719,1.814868199,7.357007117,1.274576105,2.126822286,1.668650681,1.850894256,7.951470894,0.109346603,0.234345917,2.143147659,3.213362485,17.13745864,0.103846632,0.229923761,2.214070464,3.644696558,21.9171008,0.658978848,1.39988593,2.124326045,3.322625176,19.05914395,0.61655561,1.359432404,2.20488206,3.688989914,22.81459788,3.66505802,0.733011604,2.978823532,0.297882353,1.364023101,0.847515204,1.261741468,0.704191322,0.515446979,0.775853263,0.069488536,3.664903171,3.665154397,0.732980634,0.733030879,2.852489455,3.117867833,0.285248946,0.311786783,1.363843313,1.364191121,0.761175446,0.761369561,1.213189438,1.303127669,0.75379698,0.809678745,0.50911479,0.522408831,0.757486213,0.785524153,0.073306322,0.065683835,179.8167439,12.64138818,14.22444603,0.470537713,0.05081355,0.019367444,0.381147229,0.133704392,0.033777988,0.252631848,3.856157975,0.91393242,0.237005959,14.68705081,8.960856413,0.610119522,2.137813628,1.127642033,0.527474434,0.051019845,0.019519612,0.382588622,0.050988622,0.019518012,0.382791512,0.133952052,0.034045093,0.2541588,0.133922086,0.03404423,0.254209228,3.860876727,0.919797284,0.238235341,3.859893464,0.919764643,0.238287572,14.6891435,8.962132802,0.610119494,14.6849823,8.959593998,0.610119496,2.138067192,1.12778154,0.527477127,2.137562994,1.127504051,0.52747173,0.184547656,0.043111653,0.233607156,0.121723524,0.091259328,0.749726307,0.116895097,0.091214028,0.780306708,7.48263337,1.833675201,0.24505747,1.174224011,0.327179645,0.278634777,0.182658979,0.039775605,0.217758826,0.186648286,0.046433887,0.248777465,0.118751369,0.091909022,0.773961789,0.125029222,0.090393602,0.722979803,0.11343256,0.090441036,0.797311076,0.12074621,0.091882403,0.760954762,7.401939675,1.687968189,0.228044035,7.572382755,1.978565407,0.261287031,1.157379994,0.307304377,0.26551727,1.192958314,0.34680313,0.290708507,habitat_background_2024
Chromodoris kuiteri,high.yes,yes,30cm,animals_on_background,25_ChromodorisKuiteri_15_MG_D_RAW,0.297321114,0.634325068,2.133467948,5.261883495,44.8039706,1.570223922,2.894197697,1.84317514,3.554616379,21.36527501,0.158785519,0.451560527,2.843839471,7.578621788,84.9125089,0.142552997,0.398775219,2.797382208,8.670699144,118.5824885,0.831513742,2.105123164,2.531675736,5.74146214,49.09563573,0.741202072,1.792220373,2.417991586,5.342319016,43.93106484,3.766486165,0.376648616,3.572198011,0.079382178,1.541652334,0.669531102,1.746368305,0.556967478,0.228015397,0.61324929,0.068675011,3.767181232,3.765757537,0.376718123,0.376575754,3.609482324,3.519200427,0.080210718,0.078204454,1.541700067,1.541580023,0.498763796,0.50634543,1.761317187,1.708585676,0.764930335,0.742029331,0.228464421,0.227390104,0.631847065,0.624187381,0.071851852,0.065499111,184.2992838,12.91752577,14.2673827,0.475172678,0.026330828,0.01282109,0.486923153,0.07124447,0.046146582,0.6477216,2.025508835,1.298779144,0.641211295,16.68698399,11.51744509,0.690205318,3.090193298,2.165216747,0.700673563,0.026345248,0.012870321,0.488525334,0.026340708,0.012887854,0.489275166,0.071159175,0.045923304,0.645360264,0.071016139,0.045722864,0.643837653,2.02330324,1.293167151,0.639136599,2.019197481,1.287809836,0.637783005,16.68815797,11.52372982,0.690533362,16.68581834,11.5112014,0.689879343,3.090189597,2.164647952,0.700490337,3.090196973,2.165781361,0.700855441,0.226426354,0.095784522,0.42302727,0.381483789,0.144232531,0.37808299,0.380471653,0.141292083,0.371360342,9.358198359,4.502088369,0.481084948,1.684676568,1.238099924,0.734918469,0.231535049,0.104219269,0.45012308,0.220823829,0.085546334,0.387396299,0.38710102,0.147559256,0.381190562,0.375323569,0.140704191,0.374887702,0.386021173,0.144417352,0.374117698,0.374385691,0.137985032,0.368563851,9.61279859,5.00074701,0.5202176,9.078987252,3.877887011,0.427127707,1.726485887,1.298324014,0.752003838,1.638825761,1.170864567,0.714453357,habitat_background_2024
Chromodoris kuiteri,high.yes,yes,30cm,animals_on_background,25_ChromodorisKuiteri_20_OI_D_RAW,0.277941847,0.447064193,1.60848105,2.491904397,12.11145412,1.110682188,1.888959371,1.700719964,2.894416354,15.43760042,0.141563015,0.30225057,2.135095596,4.204305826,29.33319541,0.141380106,0.298616559,2.112154023,3.974661143,24.73765559,0.555714248,1.268103991,2.281935358,4.665462631,34.53768906,0.556192397,1.274549571,2.291562376,4.731221968,35.55194522,2.69129011,0.384470016,3.272776942,0.155846521,1.230460637,0.632331682,1.457799964,0.63311448,0.270158268,0.632723081,0.05961557,2.688968122,2.693596924,0.384138303,0.384799561,3.391004478,3.144857249,0.161476404,0.149755107,1.230288888,1.230624999,0.534307675,0.534453646,1.477450127,1.43340951,0.759259171,0.736626771,0.272807353,0.267277334,0.646783423,0.635540209,0.060573565,0.058658758,248.8822163,15.50885157,16.04775281,0.491461356,0.03362286,0.011814684,0.351388444,0.101129164,0.036759504,0.363490636,2.954051566,1.07145556,0.362707128,13.71657678,8.597262722,0.626779032,2.701905956,1.32040104,0.48869245,0.033580451,0.011767757,0.350434757,0.033584377,0.011715247,0.348830266,0.101010681,0.036589176,0.362230758,0.101077448,0.036558175,0.361684782,2.951325742,1.067146516,0.361582085,2.953205713,1.066136238,0.361009812,13.72055782,8.599219495,0.626739788,13.71260874,8.595309759,0.626817983,2.702383235,1.320893244,0.488788277,2.701430237,1.319910061,0.48859676,0.160006776,0.057687509,0.360531659,0.228967547,0.090324748,0.394487119,0.226400037,0.089758302,0.396458869,6.482410256,2.440432263,0.376469888,1.543258244,0.510117783,0.330545964,0.160827704,0.058563586,0.364138671,0.159160099,0.056755971,0.356596733,0.22732996,0.091188845,0.401129906,0.230656501,0.08938989,0.387545502,0.224752737,0.090636241,0.403270909,0.228099008,0.088808181,0.389340496,6.51685859,2.476116219,0.379955493,6.446881379,2.402499152,0.372660673,1.55809785,0.526267395,0.337762737,1.527953162,0.492387356,0.322252912,habitat_background_2024
Chromodoris kuiteri,high.yes,yes,30cm,animals_on_background,25_ChromodorisKuiteri_28_MG_D_RAW,0.276255264,0.539085247,1.951402621,1.798888564,9.520702606,1.496010466,2.916789505,1.949711964,1.555428064,6.621574963,0.142444869,0.345345985,2.42441856,3.365654391,22.29834005,0.138207907,0.33685887,2.437334283,3.867460703,31.94268595,0.767356092,1.901727615,2.47828568,3.254879171,19.47322414,0.729280009,1.772749761,2.430821825,3.143044381,18.16003055,3.032416337,0.758104084,2.232952636,0.372158773,1.177643344,0.849490106,0.958700622,0.595674188,0.565131428,0.722582147,0.047460171,3.031562929,3.033266237,0.757890732,0.758316559,2.209101805,2.257645396,0.368183634,0.376274233,1.177321022,1.177963835,0.73151068,0.731910082,0.947257056,0.969976105,0.683301529,0.699689858,0.563037183,0.567295396,0.707406104,0.71579997,0.048239966,0.046682192,402.9089757,19.72969967,20.42144495,0.491385734,0.047683982,0.026904639,0.564228021,0.094153763,0.039251226,0.416884305,2.747432413,1.098404162,0.399792969,17.20725629,8.516568225,0.494940511,2.580084204,1.083690372,0.42002132,0.047668988,0.026878326,0.563853512,0.04769456,0.02690892,0.564192653,0.094076929,0.039224926,0.416945218,0.094108048,0.039253746,0.417113598,2.74590536,1.098817342,0.400165774,2.746656099,1.099217147,0.400201958,17.20720704,8.516219487,0.494921661,17.20730534,8.516915567,0.494959286,2.580051938,1.083657676,0.4200139,2.580116343,1.083722936,0.420028709,0.286181449,0.040133703,0.14023866,0.264501299,0.176328443,0.666644903,0.258979468,0.15199597,0.586903552,11.79921635,1.880238524,0.159352831,1.851556204,0.234461345,0.126629342,0.286176387,0.038827928,0.135678309,0.286186668,0.041436852,0.144789595,0.265208535,0.176309542,0.664795884,0.263772166,0.176344215,0.668547474,0.259828421,0.151677294,0.583759443,0.258104228,0.152317622,0.590139972,11.79740777,1.816386153,0.153964853,11.80108093,1.943871169,0.164719756,1.85123053,0.234030678,0.126418981,1.851891962,0.234903928,0.126845374,habitat_background_2024
Chromodoris kuiteri,high.yes,yes,30cm,animals_on_background,25_ChromodorisKuiteri_25_OI_D_RAW,0.17628031,0.370847004,2.1037347,2.137620744,10.07962846,1.000299365,1.868138372,1.867579283,1.574799084,7.152274103,0.089626298,0.237312468,2.647799501,3.898506149,25.62596522,0.08786253,0.234053389,2.663858958,4.04207526,28.48933318,0.513376198,1.208822771,2.354652936,3.191082162,19.50846217,0.488292518,1.139103858,2.332830868,3.144174178,19.43349038,1.889362625,0.472340656,1.223672398,0.2039454,0.751316945,0.541960616,0.350852474,0.319359684,0.338143028,0.43066015,0.032263348,1.888513402,1.890208,0.47212835,0.472552,1.241109464,1.205164312,0.206851577,0.200860719,0.750442215,0.752184413,0.683081941,0.684667758,0.367901914,0.331905478,0.265385133,0.239419194,0.339489964,0.336706359,0.474233537,0.462043476,0.03344561,0.03108282,900.8519513,28.8992903,31.17211329,0.481082322,0.022406669,0.00669143,0.298635622,0.043718504,0.038852465,0.888696126,1.246110027,1.09759783,0.880819355,16.76537956,8.342811824,0.49762141,2.022734629,1.079236583,0.533553224,0.022371977,0.006632108,0.296447132,0.022361011,0.006644356,0.297140243,0.043470288,0.038693491,0.890113517,0.04342207,0.038691602,0.891058452,1.23910743,1.093085172,0.882155288,1.237741181,1.093041266,0.88309356,16.76230933,8.338417299,0.497450389,16.76843781,8.347185403,0.497791476,2.022685804,1.078957852,0.533428301,2.022783263,1.079514152,0.533677617,0.236784379,0.039926493,0.168619626,0.633927069,0.081178902,0.128057163,0.629371831,0.080284259,0.127562523,9.667946143,1.741830502,0.180165516,1.878205461,0.522685121,0.27828964,0.237543277,0.041161625,0.17328053,0.235968991,0.038530374,0.163285749,0.634966089,0.083874302,0.132092569,0.632810707,0.078156282,0.123506574,0.630405282,0.082947935,0.131578744,0.628261453,0.077297016,0.123033199,9.700969507,1.795766776,0.185112094,9.632464614,1.680868741,0.174500381,1.868425479,0.538817194,0.28838035,1.888713438,0.504461143,0.267092473,habitat_background_2024
Chromodoris kuiteri,high.yes,yes,30cm,animals_on_background,25_ChromodorisKuiteri_13_MG_D_RAW,0.219735734,0.387090161,1.761616804,3.285113488,20.43458118,1.286080097,2.211434847,1.719515645,3.271188748,20.74493853,0.108784999,0.247141102,2.271830719,4.949996881,40.34714959,0.114581647,0.265783768,2.319601561,5.553581911,51.35534211,0.646548245,1.44217136,2.230570374,5.196930773,47.1901006,0.641726473,1.501959823,2.340498461,5.536871178,50.47152893,2.170581144,0.542645286,1.389483432,0.231580572,0.861216712,0.62123654,0.610926352,0.340964489,0.387112929,0.481100515,0.036419013,2.171908461,2.169250637,0.542977115,0.542312659,1.365297053,1.41328609,0.227549509,0.235547682,0.862374448,0.860058775,0.481300344,0.534384562,0.584907294,0.628334419,0.421921426,0.453247475,0.385263312,0.38893017,0.451610885,0.493816019,0.036309853,0.036527468,700.055862,26.54073411,26.37665783,0.501550306,0.029536364,0.011464778,0.388158076,0.06630813,0.028309375,0.426936716,2.020704292,0.869616707,0.430353274,15.70263161,7.250900846,0.461763418,2.102893104,1.116323637,0.530851347,0.029582217,0.011388076,0.384963579,0.029541891,0.011332515,0.383608298,0.066465535,0.028197702,0.424245467,0.066381994,0.028133686,0.423815014,2.025948819,0.867082588,0.427988397,2.02355703,0.865821242,0.427870937,15.70555578,7.251531484,0.461717598,15.69972567,7.250272528,0.461808867,2.103589585,1.11625854,0.530644641,2.102200965,1.116387751,0.531056626,0.283138037,0.050111758,0.176987023,0.344601869,0.070328725,0.204086893,0.351803317,0.077031758,0.21896257,11.68181109,2.367034846,0.202625674,1.454204095,0.522572654,0.359353034,0.282949203,0.049089274,0.173491471,0.283324533,0.052154421,0.184080144,0.347336299,0.075609577,0.217684064,0.341901286,0.065886403,0.192705924,0.355585757,0.080770823,0.227148646,0.348067698,0.074424597,0.213822189,11.67169199,2.313037491,0.198174994,11.69180493,2.469015516,0.211174881,1.435489072,0.469022617,0.326733673,1.472687455,0.581574538,0.394906969,habitat_background_2024
Chromodoris kuiteri,high.yes,yes,30cm,animals_on_background,25_ChromodorisKuiteri_30_MG_D_RAW,0.239990722,0.419673438,1.748706925,3.169699749,18.25095864,1.181071069,2.215100654,1.875501578,4.344521397,33.92568235,0.12190993,0.282482131,2.317137987,5.023532732,40.29377445,0.121552797,0.276261829,2.272772294,4.727277255,35.8277068,0.5934355,1.518470113,2.558778693,6.776484908,73.99321117,0.588855095,1.428141339,2.425284845,5.993379228,60.72349988,1.164843231,0.232968646,2.640295464,0.264029546,0.330862602,0.205576493,1.347836032,0.64817212,0.248499096,0.426874306,0.009052208,1.164406614,1.165278656,0.232881323,0.233055731,2.560864292,2.738978638,0.256086429,0.273897864,0.330276837,0.331445606,0.158829585,0.159391644,1.324544202,1.373027374,0.822985585,0.853109874,0.244483876,0.253476797,0.490907585,0.506250759,0.009986113,0.008119438,12110.94966,99.1390625,122.1612284,0.44798433,0.030885676,0.019119372,0.619036849,0.071356979,0.024863953,0.348444582,2.117749845,0.586594213,0.276989378,26.13603292,8.199605478,0.313728005,3.068281091,1.777160017,0.579203784,0.030570992,0.018451005,0.603546151,0.030583452,0.018455451,0.603445641,0.070942497,0.023915449,0.337110334,0.070961533,0.023937374,0.337328877,2.107699835,0.563916508,0.267550672,2.108195385,0.564598838,0.267811438,26.13846222,8.197999573,0.313637409,26.13361113,8.201205203,0.313818292,3.068374595,1.777250502,0.579215623,3.068187876,1.777069802,0.579191977,0.355405281,0.119790806,0.337054096,0.243350462,0.100074772,0.411237239,0.211011905,0.092753284,0.439564225,15.12865239,5.765203793,0.381078476,1.983127786,1.145482266,0.577613946,0.358149688,0.118816555,0.331751107,0.352034034,0.120879419,0.343374241,0.244955631,0.099792441,0.407389863,0.241378661,0.10038036,0.415862611,0.212654684,0.092456909,0.43477485,0.208993903,0.093070717,0.445327428,15.25077617,5.713458182,0.374633928,14.97863469,5.824135452,0.388829528,1.982128848,1.1421045,0.576200937,1.984354889,1.149616596,0.579340219,habitat_background_2024
Chromodoris kuiteri,high.yes,yes,30cm,animals_on_background,25_ChromodorisKuiteri_29_MG_D_RAW,0.308731302,0.599692646,1.942441996,1.960361513,10.44476736,1.40206088,2.702434065,1.927472697,1.882512891,9.908487234,0.15072654,0.363939828,2.414570302,3.78937366,28.53571558,0.161418898,0.391495815,2.425340654,3.569464849,25.07013982,0.678684153,1.631751507,2.40428703,3.606485727,25.8828851,0.72437513,1.775319295,2.450828614,3.682219543,27.6560149,2.259800499,0.376633417,1.947195271,0.129813018,0.988630041,0.551764931,0.959223769,0.461289125,0.253223217,0.506527028,0.03703896,2.2602847,2.259314073,0.376714117,0.376552345,1.977614576,1.919989938,0.131840972,0.127999329,0.98877602,0.988482822,0.508130358,0.475359755,0.968494869,0.949560175,0.540527278,0.529959624,0.254277544,0.252275837,0.524328818,0.50265969,0.035010903,0.03906642,677.9674617,27.5625309,24.59743136,0.528423137,0.043757285,0.023620369,0.539804255,0.123767865,0.053973091,0.436083236,3.545628461,1.469625581,0.414489447,21.43233213,9.956421125,0.464551457,4.25591728,3.642839026,0.855946859,0.043644677,0.023373902,0.535549881,0.043645278,0.023352193,0.535045122,0.123685376,0.05355464,0.432990879,0.123688527,0.053459641,0.4322118,3.544211385,1.46014484,0.411980179,3.544389231,1.457977761,0.411348096,21.43374474,9.957397151,0.464566378,21.43091398,9.95544093,0.464536461,4.25622443,3.643008061,0.855924804,4.255608924,3.642669288,0.855968994,0.311924328,0.051901975,0.166392841,0.314814923,0.075532969,0.239928173,0.310457822,0.093044917,0.299702281,12.95060986,2.423981008,0.187171186,2.515111068,0.848298939,0.337280906,0.311250061,0.052414174,0.16839892,0.312528421,0.051916218,0.166116791,0.313497975,0.076136266,0.24286047,0.31599481,0.075669496,0.239464364,0.308707006,0.094262006,0.305344563,0.312026423,0.092788058,0.297372437,12.91983088,2.435408998,0.188501616,12.97818553,2.435680381,0.187674955,2.510622313,0.836556341,0.333206766,2.519132658,0.866079241,0.343800569,habitat_background_2024
Chromodoris lochi,medium.yes,yes,30cm,animals_on_background,27_ChromodorisLochi_12_MG_D_RAW,0.262204503,0.463295652,1.766924851,2.664835734,13.17903923,1.426495707,2.519674809,1.766338865,2.709909509,13.20868718,0.130703925,0.301720838,2.308429812,4.358929562,29.11020249,0.135853688,0.311437667,2.292449115,4.491053826,32.54609821,0.709487898,1.669417083,2.352988807,4.579817625,31.53086499,0.71926562,1.680549982,2.336480342,4.518343848,31.84382355,4.544702698,0.649243243,4.999377274,0.238065584,1.620981507,0.83301971,1.846391749,0.681815924,0.443654414,0.757417817,0.065847141,4.541607843,4.547778748,0.64880112,0.649682678,5.089427787,4.90740443,0.242353704,0.233685925,1.62047844,1.62148137,0.598393058,0.598763409,1.859278204,1.828575783,0.955479987,0.939702064,0.445577412,0.441684302,0.776936522,0.769232736,0.065343689,0.06634941,201.2776751,14.30369677,14.07172414,0.504087563,0.031935499,0.016581002,0.519202851,0.072502828,0.040509045,0.558723648,2.030244472,1.131083994,0.55711714,16.11854689,9.677977556,0.60042494,2.142043148,0.882780022,0.41212056,0.031810298,0.016544185,0.520088979,0.031846559,0.016552148,0.519746842,0.072214932,0.040631877,0.562652014,0.072301842,0.040624507,0.561873746,2.020669179,1.133233449,0.560820871,2.023153389,1.133170475,0.560101118,16.12268313,9.678831672,0.600323879,16.11441592,9.677122393,0.600525792,2.141608654,0.882516064,0.41208092,2.142477089,0.883043316,0.412159981,0.218851217,0.071350454,0.326022652,0.305631771,0.243241988,0.795866172,0.306138164,0.239270232,0.781575967,8.959815788,3.166539128,0.353415651,1.386942963,0.653651404,0.471289319,0.220789451,0.073314708,0.332057117,0.216946847,0.069309829,0.319478387,0.308453372,0.245319056,0.79531974,0.302859467,0.241149339,0.796241707,0.308852721,0.241618024,0.782308224,0.303471033,0.236908346,0.780662139,9.045584534,3.259705329,0.360364255,8.875545531,3.069750596,0.345866131,1.395784414,0.657492276,0.471055751,1.378255982,0.649729992,0.4714146,habitat_background_2024
Chromodoris lochi,medium.yes,yes,30cm,animals_on_background,27_ChromodorisLochi_11_MG_D_RAW,0.208273267,0.350566183,1.683202981,3.208060653,17.25311095,0.969799661,1.645203661,1.696436623,3.813479617,28.11441947,0.103779222,0.232358,2.238964546,4.755104607,34.24383472,0.107656359,0.239915942,2.2285348,4.870186552,36.07678478,0.474338258,1.089911999,2.29775267,5.560175895,54.17963722,0.497700186,1.129475666,2.269389679,5.532925386,53.36522518,3.043134262,0.760783566,2.3802933,0.39671555,1.137452789,0.820498749,1.000163816,0.621436719,0.578749558,0.720967734,0.052169333,3.042811004,3.043440653,0.760702751,0.760860163,2.377909255,2.382069354,0.396318209,0.397011559,1.137127875,1.137774098,0.706537274,0.706938795,1.002253648,0.99701718,0.722973184,0.719195871,0.57851048,0.578935861,0.714755229,0.713067333,0.05099083,0.053346317,330.2668778,18.61136951,17.74543661,0.511908814,0.034085021,0.014157239,0.415350762,0.092049697,0.037263213,0.404816244,2.621538022,1.069347692,0.407908519,15.10834258,10.91693059,0.722576321,1.946832027,0.80947077,0.415788706,0.034025164,0.014094111,0.414226084,0.034067999,0.014173469,0.416034677,0.091829924,0.03745658,0.407890786,0.09191698,0.037475855,0.407714168,2.615527956,1.075204094,0.411084917,2.617949755,1.075622124,0.410864312,15.10877768,10.91980571,0.722745806,15.10790696,10.91405126,0.722406571,1.946747132,0.809540843,0.415842833,1.946917024,0.809400595,0.41573451,0.183507563,0.074851654,0.407894113,0.226976311,0.12413731,0.546917473,0.228931003,0.124928379,0.545703193,7.478745459,3.319505367,0.443858584,1.277144241,0.427209786,0.334503944,0.183958861,0.076873261,0.41788289,0.183076748,0.072866238,0.398009246,0.224987123,0.123677069,0.549707322,0.228875215,0.124538029,0.544130693,0.226694247,0.124892207,0.550927992,0.231066237,0.124916201,0.54060776,7.50100282,3.415116402,0.455287977,7.457498298,3.22541181,0.432505873,1.276810427,0.429205084,0.336154119,1.277462903,0.42529601,0.332922396,habitat_background_2024
Chromodoris lochi,medium.yes,yes,30cm,animals_on_background,27_ChromodorisLochi_13_MG_D_RAW,0.225820544,0.414988533,1.837691673,4.095152617,38.25851715,1.098434628,1.995005594,1.816226058,3.204699366,21.67357162,0.11326879,0.259343051,2.289624992,5.818970927,73.0801511,0.115979427,0.274624877,2.367875784,6.075127006,70.41976825,0.538553479,1.254372473,2.329151182,5.265071384,51.86029311,0.56110003,1.347302804,2.401181129,5.398730394,51.39555455,3.853349171,0.550478453,3.989513414,0.189976829,1.494512065,0.768027273,1.671779809,0.672773687,0.370227641,0.72040048,0.047861783,3.852568437,3.854121176,0.55036692,0.550588739,3.908572776,4.064121331,0.186122513,0.193529587,1.49419147,1.4948313,0.601306882,0.601564369,1.653485174,1.685936364,0.84972329,0.866399903,0.368244716,0.372059163,0.725515086,0.733982136,0.046476998,0.049245755,396.0888089,20.51601942,19.30631868,0.515188721,0.049978273,0.031171168,0.623694383,0.103147835,0.030624311,0.296897269,2.878120462,0.904529239,0.314277755,16.06438423,10.02490675,0.624045504,3.360887864,2.184302055,0.64991816,0.049898666,0.031132665,0.623917776,0.049910514,0.031161972,0.624356872,0.103120804,0.030405095,0.294849283,0.103106579,0.030439019,0.295218978,2.875499294,0.899624255,0.312858451,2.874780232,0.900560477,0.313262373,16.06211224,10.02255929,0.623987626,16.0666615,10.02725852,0.624103428,3.36089323,2.184353622,0.649932465,3.360882485,2.184250367,0.64990382,0.220879485,0.064495238,0.291992886,0.142744966,0.142987169,1.001696751,0.15223356,0.153816903,1.010400745,9.038569634,2.935293146,0.324751954,1.705631107,0.891413768,0.522629872,0.22053832,0.063962772,0.290030197,0.22120128,0.064991684,0.293812425,0.143429823,0.143707374,1.0019351,0.142098993,0.142301218,1.001423133,0.152573932,0.154521073,1.012761951,0.151912513,0.153148989,1.008139393,9.022450176,2.898726213,0.321279271,9.053773885,2.969283791,0.327960896,1.705971985,0.894357699,0.524251106,1.705309583,0.888627913,0.521094775,habitat_background_2024
Dendrodoris krusensterni,no.no,no,30cm,animals_on_background,35_DendrodorisKrusensterni_1_NP_D_RAW,0.206440113,0.387513557,1.877123351,2.998345756,19.9773096,0.801195016,1.416263242,1.767688532,2.189883025,10.65729698,0.1042525,0.24550008,2.354860354,5.116844606,50.16546924,0.105462763,0.256602515,2.433110112,5.114151526,47.72413583,0.402076198,0.901052766,2.241000019,3.832431575,25.86539109,0.399505045,0.924844843,2.314976631,4.080827887,28.47461586,2.716483963,0.905494654,2.016477547,0.672159182,1.043079236,0.949451637,0.717397552,0.653003393,0.788826918,0.801227515,0.033813025,2.714892595,2.718067684,0.904964198,0.906022561,2.011630691,2.020352445,0.670543564,0.673450815,1.042690945,1.043464858,0.9490982,0.949802646,0.712884737,0.721509557,0.648895651,0.656746301,0.787753881,0.789736688,0.798996925,0.803274473,0.033915079,0.03371107,816.5014123,28.48540965,28.66384659,0.498438852,0.069949645,0.024277438,0.347070213,0.117073003,0.015958399,0.136311517,3.320546026,0.297612582,0.089627603,10.71162317,4.642153713,0.433375375,2.163097494,0.928293025,0.429149878,0.070252937,0.024269462,0.345458329,0.070221068,0.024294602,0.345973124,0.117244752,0.015902265,0.135633063,0.117214082,0.015932919,0.135930075,3.323314434,0.296051063,0.089083073,3.322672752,0.296701211,0.089295947,10.70991998,4.641371349,0.433371244,10.71332435,4.642934087,0.433379401,2.16268871,0.928219769,0.429197122,2.163505796,0.928365918,0.42910258,0.200697979,0.014683003,0.073159697,0.08051535,0.042612661,0.529248906,0.051296011,0.042689081,0.83221054,8.140146546,0.644779543,0.07920982,1.715339744,0.344439023,0.200799302,0.200528589,0.013129548,0.065474692,0.200868229,0.016091263,0.08010855,0.079906839,0.042524693,0.532178385,0.08112695,0.042687784,0.526185005,0.050707125,0.042655423,0.841211623,0.051887886,0.042710613,0.823132643,8.132733754,0.576530466,0.070890119,8.147596966,0.706647682,0.08673081,1.709913951,0.340330363,0.19903362,1.72079308,0.348392044,0.202460161,habitat_background_2024
Dendrodoris krusensterni,no.no,no,30cm,animals_on_background,36_Dendrodorisgunnamatta_1_NF_D_RAW,0.147561154,0.244206825,1.654953337,2.995557672,14.28695785,0.653602863,1.048950468,1.604874348,3.327950035,19.1857767,0.071603146,0.154576561,2.158795659,4.630096652,31.2129097,0.077853552,0.169657453,2.179187043,4.632263884,31.10545891,0.311778547,0.656891814,2.106917942,5.030493626,41.29515022,0.342911389,0.732761785,2.136883782,5.075002912,40.14207162,2.279539111,0.569884778,2.193706773,0.365617796,1.052420856,0.759161175,0.910723332,0.828976102,0.467751287,0.794068638,0.020257598,2.280074557,2.279002084,0.570018639,0.569750521,2.271758567,2.125835545,0.378626428,0.354305924,1.052589488,1.05225151,0.958108241,0.957800601,0.936424532,0.886199724,0.675487514,0.639257974,0.474322534,0.462028223,0.816797878,0.798529287,0.018885824,0.021629353,2349.868191,51.94976816,45.23346829,0.534554827,0.039382369,0.017636095,0.447817003,0.080280749,0.032848559,0.409171054,2.291765791,0.906852734,0.395700441,14.34325685,6.736844148,0.4696872,2.367199897,0.813848595,0.343802226,0.039391922,0.017645053,0.447935827,0.039377375,0.017633452,0.447806702,0.080374244,0.032707519,0.406940294,0.080350533,0.032707221,0.407056672,2.294405746,0.902324867,0.393271708,2.293779562,0.902410996,0.393416617,14.34344597,6.737563098,0.469731131,14.34306721,6.736123108,0.469643139,2.367231875,0.813882169,0.343811765,2.367167829,0.813814924,0.34379266,0.249118299,0.050459305,0.20255158,0.348582659,0.431797783,1.238724224,0.344947324,0.443745913,1.286416453,10.19905371,2.17012269,0.212776867,1.776966023,0.284763985,0.160252915,0.248701593,0.051229965,0.205989693,0.249482144,0.049772373,0.199502745,0.350481589,0.43258212,1.234250623,0.346924618,0.431101517,1.242637434,0.346650921,0.444740543,1.282963683,0.343459838,0.442867593,1.289430506,10.18183578,2.202334251,0.216300312,10.21408745,2.141431376,0.209654694,1.780643019,0.284136064,0.159569358,1.773755474,0.285252986,0.160818664,habitat_background_2024
Dendrodoris krusensterni,no.no,no,30cm,animals_on_background,35_DendrodorisKrusensterni_3_CI_D_RAW,0.220525797,0.378340547,1.715629431,2.399902219,11.15334928,1.086296034,1.669316095,1.536704583,1.72945604,6.518601671,0.111138674,0.24814366,2.232739064,4.039848199,25.81491991,0.110816778,0.244831676,2.209337611,4.215746559,29.03264888,0.550963531,1.120185595,2.033139278,3.206760206,16.30965451,0.5364791,1.075519777,2.004774793,3.30004193,17.69016067,2.472357264,0.824119088,2.106149292,0.702049764,0.997424689,0.907895078,0.799556939,0.72778809,0.763084426,0.817841584,0.037201812,2.474485856,2.470224788,0.824828619,0.823408263,2.128561618,2.075869872,0.709520539,0.691956624,0.997956932,0.996889754,0.908379546,0.907408158,0.820912965,0.773671014,0.747227182,0.704225705,0.767174579,0.757682443,0.827803364,0.805816932,0.036873156,0.037530002,669.8565116,26.12,25.64534884,0.504584642,0.028767735,0.013936885,0.484462357,0.087905405,0.061932718,0.70453822,2.601241968,1.946461056,0.748281429,12.28747772,5.219004373,0.424741716,2.717183002,1.158862218,0.426493989,0.028663346,0.01399327,0.488193864,0.028661371,0.014005644,0.488659253,0.087293612,0.062161209,0.712093449,0.087265423,0.062209222,0.712873662,2.583722875,1.954038647,0.756288016,2.583063616,1.955648481,0.757104265,12.28441534,5.218314287,0.424791424,12.29053784,5.219691168,0.424691843,2.716551672,1.158677399,0.426525073,2.717813867,1.159046356,0.426462743,0.22077427,0.039990664,0.181138244,0.323855554,0.132071389,0.407809553,0.34224595,0.117780952,0.344141259,8.993143177,1.779943507,0.197922292,2.033620575,0.434676767,0.213745264,0.222799094,0.045667486,0.204971598,0.218787705,0.033319992,0.152293714,0.330561478,0.133852271,0.404923983,0.317276341,0.129796429,0.409095833,0.348436217,0.120324851,0.345328196,0.33617265,0.114744762,0.341326881,9.082788959,2.033514157,0.223886536,8.905191283,1.481910697,0.166409755,2.043136957,0.484820388,0.237292163,2.024284008,0.378740214,0.187098358,habitat_background_2024
Dendrodoris krusensterni,no.no,no,30cm,animals_on_background,35_DendrodorisKrusensterni_6_NF_N_RAW,0.121222686,0.234080333,1.93099444,2.081411401,10.03508815,0.777493818,1.481570525,1.905572095,1.993180638,9.836057575,0.060442358,0.144338796,2.388040471,3.800440805,26.0651061,0.062884586,0.153014868,2.433265097,3.804564269,25.33883548,0.384871539,0.923150163,2.398592954,3.679860432,24.77357887,0.393099819,0.957281232,2.435211586,3.71508872,24.92536587,1.638340208,0.546113403,1.063515632,0.354505211,0.588756426,0.535909193,0.13754818,0.198440077,0.450309307,0.367174635,0.016093044,1.638576815,1.638103576,0.546192272,0.546034525,1.062705714,1.064276637,0.354235238,0.354758879,0.588899462,0.588613284,0.849602333,0.849189466,0.136229467,0.138781957,0.124001405,0.126324781,0.450213755,0.450396702,0.486801869,0.487757124,0.015593659,0.016591967,3741.64214,63.12863071,59.27012987,0.515762009,0.091597735,0.023382961,0.255278813,0.14632464,0.019635609,0.13419209,3.899198817,0.234336544,0.06009864,13.38772574,5.38487374,0.402224683,1.982820017,0.75253557,0.379527926,0.091756042,0.0231953,0.252793166,0.09176021,0.023182659,0.252643917,0.146457605,0.019478134,0.132995035,0.146461108,0.019467533,0.132919469,3.900478167,0.231082807,0.059244738,3.900496354,0.230783126,0.05916763,13.38819639,5.385551684,0.40226118,13.38725504,5.38419559,0.402188169,1.98288383,0.752627475,0.379562062,1.982756199,0.752443636,0.379493776,0.256986947,0.017770471,0.069149314,0.129249522,0.020892622,0.161645641,0.054393889,0.033454751,0.615046134,10.51726827,0.777145205,0.073892306,1.566319132,0.120080971,0.076664435,0.256959192,0.017663535,0.068740622,0.257013007,0.017870219,0.069530407,0.129216892,0.020766898,0.16071349,0.129280161,0.021009895,0.162514454,0.054341639,0.033253433,0.611932827,0.05444295,0.033642537,0.617941113,10.51605451,0.772468627,0.073456126,10.51840794,0.781507423,0.074299022,1.566131587,0.119358367,0.076212222,1.566495229,0.120755001,0.077086096,habitat_background_2024
Dendrodoris krusensterni,no.no,no,30cm,animals_on_background,35_DendrodorisKrusensterni_5_NP_D_RAW,0.368688398,0.836062655,2.267667384,5.457280033,45.93872719,1.824068427,4.24530664,2.327383434,5.056666557,32.98257697,0.217477838,0.614862338,2.827241354,7.080589606,76.01031515,0.156109492,0.483929297,3.099935118,9.150942219,123.4512621,1.168137941,3.681524639,3.151618066,6.48943044,50.28844399,0.656655781,1.903901109,2.899389856,8.363117442,100.8509463,5.85882755,0.254731633,18.6274145,0.073626144,2.234959391,0.712793339,3.289918026,0.824750861,0.164178888,0.7687721,0.054019974,5.851192135,5.865038192,0.254399658,0.255001661,16.58780304,17.65744181,0.065564439,0.06979226,2.236455923,2.233146874,0.568808521,0.570841959,3.196720648,3.271238617,1.019526884,1.043292825,0.159982048,0.16239696,0.794167703,0.807067392,0.064849403,0.04320801,319.3220011,14.4203425,22.14385692,0.394384199,0.100326296,0.137038579,1.365928816,0.09429551,0.090671977,0.961572587,2.566911357,2.569200526,1.000891799,26.65205865,17.8320531,0.669068508,5.379727509,3.824828747,0.710970721,0.100220518,0.137451182,1.371487453,0.100753082,0.137588409,1.3656,0.09403825,0.090819737,0.965774424,0.092979244,0.089837391,0.966209098,2.559277206,2.574829327,1.006076763,2.526643422,2.546787368,1.007972611,26.65953366,17.84067437,0.669204293,26.64476449,17.82363326,0.668935665,5.386174,3.827056363,0.71053337,5.373436991,3.82264282,0.71139623,0.314805947,0.191224875,0.607437303,0.355232564,0.232194923,0.653642,0.356946678,0.245062537,0.686552228,14.01707697,10.42634077,0.743831313,2.72998737,2.366610766,0.866894401,0.344704561,0.209400383,0.607477841,0.270004524,0.149508454,0.553725736,0.357425839,0.226992694,0.635076341,0.351946061,0.240100657,0.682208676,0.359601617,0.241517328,0.671624699,0.3529684,0.250610114,0.710007224,15.68056928,11.69849243,0.746050237,11.52442559,7.502694369,0.651025451,2.661520517,2.289637572,0.860274252,2.832581169,2.477498991,0.8746436,habitat_background_2024
Discodoris sp,no.no,no,30cm,animals_on_background,127_TayuvaLilacina_7_NP_N_RAW,0.217471273,0.419027257,1.926816592,2.04719866,10.10737403,0.965969019,2.037450406,2.109229556,3.282044972,23.36896859,0.109269914,0.267446735,2.447578893,3.945816168,28.16815762,0.10990741,0.265443381,2.415154545,3.724600611,25.33366227,0.474530653,1.292245508,2.72320766,5.863103599,62.61986734,0.489609001,1.30771097,2.670929184,5.445911036,53.47408999,2.944097518,0.267645229,2.895368095,0.052643056,1.389006138,0.579260551,1.608369032,0.546239553,0.160144143,0.562750052,0.043127687,2.947225408,2.940963116,0.267929583,0.267360283,2.85046993,2.935622398,0.051826726,0.053374953,1.390910744,1.387077815,0.472385658,0.471083906,1.605047436,1.601463096,0.669356771,0.667861985,0.159878154,0.160367618,0.570871214,0.569472945,0.043028885,0.043226567,492.2628819,22.24020228,22.13392108,0.501197558,0.071882862,0.029361106,0.40845767,0.063012833,0.048816341,0.774704747,1.734115275,1.388042517,0.800432668,35.59026707,54.00417844,1.517386153,3.294699063,2.201036423,0.668053859,0.071747428,0.028993974,0.404111682,0.071800779,0.028928013,0.402892739,0.062870323,0.048860245,0.77715913,0.062812239,0.048848408,0.777689328,1.731237034,1.391698375,0.803875118,1.730062516,1.391514672,0.804314676,35.59130426,54.00069653,1.517244104,35.58922883,54.00766361,1.517528347,3.295133225,2.200958034,0.667942048,3.294264464,2.201114794,0.668165783,0.196421935,0.099638461,0.507267483,0.255083824,0.161103869,0.631572268,0.260062502,0.134696507,0.517938979,8.071480929,4.389783846,0.543863497,1.71808405,0.714433666,0.415831616,0.194738149,0.09856226,0.506127125,0.198099359,0.100669605,0.508177336,0.255482879,0.163771178,0.64102604,0.254686276,0.158400929,0.621945286,0.261735896,0.138619716,0.529616754,0.25839543,0.130648557,0.505614814,7.998221808,4.337930792,0.542361902,8.144463252,4.439570357,0.545102878,1.738911884,0.744649193,0.4282271,1.697334911,0.682337504,0.402005226,habitat_background_2024
Discodoris sp,no.no,no,30cm,animals_on_background,127_TayuvaLilacina_8_NP_N_RAW,0.069263641,0.156370813,2.257617594,6.737980944,78.89776847,0.368910899,0.789699598,2.1406242,6.406550132,75.77762155,0.035489362,0.103820865,2.925408079,9.984140528,169.8589173,0.034891971,0.098608473,2.826107862,8.757299665,124.2115024,0.187420442,0.527269394,2.813297148,9.710861612,167.1929898,0.181730167,0.491735168,2.705853279,8.100639268,109.9302604,1.040086162,0.260021541,1.963866569,0.327311095,0.11346918,0.081850712,0.849230923,0.773003299,0.293666318,0.427427005,0.002339393,1.04007024,1.040102035,0.26001756,0.260025509,2.051419651,1.871645839,0.341903275,0.311940973,0.113487358,0.113446524,0.103300645,0.103263476,0.876863738,0.816607117,0.632523483,0.589057519,0.300960418,0.285983241,0.367912064,0.346160498,0.002389782,0.002289046,181950.387,417.4482759,435.8633094,0.489209666,0.090499532,0.014830324,0.163871827,0.105209761,0.015999708,0.152074374,3.083551375,0.308966966,0.100198417,13.30684943,4.350147263,0.326910385,2.52730343,0.669465136,0.264893059,0.090400178,0.014346689,0.158702003,0.090429208,0.014497331,0.160316903,0.105093922,0.015490906,0.147400592,0.105116998,0.01562954,0.14868709,3.081334311,0.299046585,0.097051003,3.08180835,0.302006451,0.097996506,13.30679435,4.349787255,0.326884683,13.30690446,4.350506914,0.32693606,2.527316378,0.669399624,0.26486578,2.527290494,0.669530581,0.26492031,0.298955307,0.081575437,0.272868335,0.271662645,0.133604992,0.491804797,0.19554013,0.102095631,0.522121117,12.40987958,3.726016742,0.300246003,2.314060546,0.603789454,0.260922064,0.302754974,0.084866375,0.280313725,0.294991624,0.077698141,0.263391008,0.273935616,0.135803011,0.495747919,0.26929156,0.131209953,0.487241236,0.197890813,0.104335425,0.527237336,0.193087979,0.09961692,0.515914667,12.58361355,3.876291468,0.308042793,12.2286463,3.548937084,0.290215041,2.343316615,0.626848934,0.26750501,2.283541625,0.576387435,0.252409428,habitat_background_2024
Discodoris sp,no.no,no,30cm,animals_on_background,84_JorunnaPantheris_3_NL_N_RAW,0.242641034,0.400506,1.650611166,2.901566443,15.44326097,0.833034987,1.44379175,1.733170602,3.568680312,23.92668529,0.126545117,0.272338545,2.152106311,4.487372084,32.25066378,0.119202151,0.25257961,2.118918215,4.359810611,29.73369182,0.435744309,1.002281773,2.300160327,5.500442327,50.97571699,0.398469476,0.878472415,2.204616586,4.937663355,40.67980282,2.537385432,0.422897572,3.367401859,0.224493457,1.180085842,0.658618449,1.404899824,0.639397465,0.323695515,0.649007957,0.03299441,2.537791365,2.536976786,0.422965228,0.422829464,3.408556212,3.3176268,0.227237081,0.22117512,1.180591551,1.179577872,0.53731037,0.536849025,1.410161614,1.396301994,0.787026182,0.779290981,0.325101154,0.322002292,0.662168276,0.658070003,0.034626188,0.031363072,861.059684,27.8798752,30.88463194,0.474433915,0.053121501,0.027473684,0.517185765,0.11465915,0.043829033,0.382254996,3.305177483,1.154393307,0.349268175,18.54179593,9.921218669,0.535073232,3.514904568,1.199937379,0.341385479,0.052798479,0.027269442,0.516481582,0.052826617,0.027197713,0.51484865,0.114177986,0.043603095,0.381887057,0.114294558,0.043638124,0.381804042,3.292331926,1.14937676,0.349107194,3.295805488,1.149095905,0.348654042,18.54796006,9.926005772,0.535153502,18.53565423,9.91644211,0.53499283,3.515105278,1.199917465,0.341360321,3.514704588,1.199957181,0.341410537,0.226199993,0.058674155,0.259390616,0.205377101,0.064435952,0.31374458,0.204706305,0.105829442,0.51698184,9.243655252,2.549322181,0.275791569,2.644811824,0.828832041,0.313380345,0.227714963,0.060248285,0.264577628,0.224527852,0.056833447,0.253124264,0.207583767,0.064568425,0.311047564,0.202941504,0.064190416,0.316300087,0.206522711,0.106504078,0.515701532,0.202701456,0.105038769,0.51819445,9.310048446,2.623176933,0.281757603,9.170374085,2.462901326,0.268571522,2.656032668,0.834031296,0.314013945,2.632426872,0.822855429,0.312584345,habitat_background_2024
Discodoris sp,no.no,no,30cm,animals_on_background,42_DiscodorisSp_1_NF_N_RAW,0.107065712,0.246447485,2.301833887,2.26031602,14.04737059,0.594195358,1.311626573,2.207399562,1.870551047,11.26304857,0.054991554,0.153912478,2.79883849,4.200672973,35.94923714,0.05333518,0.151444606,2.839488027,4.721247658,45.96376665,0.30545399,0.818175069,2.678554208,3.733743622,31.91847432,0.288927479,0.788245028,2.728176053,3.994274363,34.36260909,1.760695874,0.586898625,1.405507455,0.468502485,0.732516678,0.666765415,0.463443958,0.6686083,0.527700555,0.667686857,0.022584132,1.759860054,1.76152842,0.586620018,0.58717614,1.372716153,1.443246507,0.457572051,0.481082169,0.732172322,0.732859331,1.056301378,1.057292523,0.44297792,0.4854248,0.403215879,0.441852694,0.522096035,0.534129155,0.729758629,0.749572609,0.024090154,0.021079337,1881.311319,40.5107352,46.43982169,0.465905414,0.081633838,0.017712746,0.216977994,0.087682368,0.021998556,0.250889168,2.533826357,0.395182917,0.155962904,10.99581056,6.911101873,0.628521366,2.00392486,1.143251635,0.570506239,0.081616643,0.017560686,0.215160595,0.081625857,0.017573657,0.215295215,0.087545076,0.021915141,0.250329794,0.08756632,0.021929928,0.250437936,2.531833396,0.393401712,0.155382148,2.532187797,0.393688965,0.155473842,10.99495755,6.910141481,0.628482779,10.99666025,6.912058243,0.628559771,2.003756822,1.143049325,0.570453117,2.004092244,1.143453086,0.570559109,0.170806077,0.117111561,0.68564048,0.192101278,0.076006295,0.395657414,0.117194772,0.060215433,0.513806474,6.96692159,5.001533521,0.717897203,1.344816348,0.77001054,0.572576725,0.168012238,0.113609764,0.676199341,0.173996368,0.120828484,0.694431072,0.193914501,0.073733602,0.380237692,0.190030755,0.078418606,0.412662711,0.118631285,0.058414909,0.492407282,0.115554416,0.062126569,0.537639074,6.847603892,4.85198081,0.708566221,7.1031707,5.160273765,0.726474695,1.326446805,0.746986169,0.563148229,1.365792564,0.794449377,0.581676455,habitat_background_2024
Discodoris sp,no.no,no,30cm,animals_on_background,84_JorunnaPantheris_2_NF_N_RAW,0.162262649,0.336138795,2.071572214,2.689420715,17.50743673,0.757515335,1.509032322,1.992081548,2.483077645,14.84661537,0.083107065,0.225224869,2.710056847,5.422712396,54.45844975,0.080536224,0.202732172,2.517279324,4.303744273,35.35142696,0.388715644,0.990456282,2.548022691,4.820227258,42.29941889,0.368535347,0.922089176,2.50203728,4.510793959,37.4421169,2.241430556,0.560357639,2.012982853,0.335497142,0.939878883,0.677979301,0.842685126,0.607868826,0.447927391,0.642924064,0.023931925,2.243322065,2.239545896,0.560830516,0.559886474,1.992962302,2.027018032,0.332160384,0.337836339,0.940373866,0.939384205,0.678336356,0.677622467,0.852039041,0.82854422,0.61461625,0.597668319,0.44649545,0.448861406,0.646476303,0.637645393,0.024570624,0.023294779,1664.502943,39.69900772,41.92807425,0.486346036,0.070325257,0.022173488,0.315299061,0.094224803,0.016384962,0.173892243,2.695462503,0.238640407,0.088534122,13.14918705,6.119056737,0.465356277,2.719605783,1.345985993,0.494919521,0.070558683,0.0221033,0.313261234,0.070603649,0.022088649,0.312854215,0.094282882,0.016258422,0.172442984,0.094268242,0.016232916,0.1721992,2.697810933,0.236303945,0.087590995,2.697852231,0.236223546,0.087559854,13.15108819,6.121643498,0.4654857,13.14729301,6.116477767,0.465227158,2.720036102,1.346214974,0.494925407,2.719177071,1.345757645,0.494913575,0.22414324,0.037133713,0.165669565,0.137884116,0.07738,0.561195897,0.087264052,0.019693285,0.22567466,9.134700378,1.656914669,0.181386866,2.132520075,0.384430771,0.180270646,0.225243805,0.041456592,0.184052087,0.22298522,0.03190538,0.143082937,0.135121455,0.076057629,0.562883435,0.140791,0.078607786,0.558329626,0.086339619,0.020233589,0.23434883,0.088236744,0.019043798,0.215826167,9.184636135,1.851104365,0.201543571,9.082157767,1.42176059,0.156544362,2.145232263,0.42812653,0.199571178,2.119144257,0.331606574,0.156481359,habitat_background_2024
Discodoris sp,no.no,no,30cm,animals_on_background,84_JorunnaPantheris_5_NL_N_RAW,0.165606243,0.307587469,1.857342233,1.961776312,10.4776752,0.860737159,1.630575405,1.89439411,2.005791467,10.72723557,0.085112767,0.193779634,2.276739911,3.832187525,29.26711511,0.082909651,0.187622402,2.262974223,3.715986569,27.40271637,0.438960906,1.040384863,2.370108244,4.034010432,32.21239407,0.420437477,0.969011467,2.304769486,3.66241159,26.57768081,3.911020698,0.977755175,3.362062099,0.560343683,1.375105997,0.991929301,1.329286719,0.825932276,0.769049429,0.908930789,0.040061776,3.911876597,3.910163045,0.977969149,0.977540761,3.305895123,3.421728398,0.55098252,0.570288066,1.375217573,1.374994122,0.854470721,0.854331883,1.307732203,1.349870505,0.943329382,0.973725742,0.764475835,0.773914414,0.898900051,0.914028812,0.041593085,0.038532068,574.9648536,23.0424581,24.95240964,0.480102544,0.196054812,0.101578441,0.51811246,0.253337815,0.052288556,0.206398544,6.265183297,1.179576817,0.188274909,12.27582763,6.998789197,0.570127686,1.793336912,1.001709494,0.558572953,0.196948721,0.102489429,0.520386365,0.196824811,0.102452568,0.520526692,0.253692198,0.052707898,0.207763179,0.253626947,0.052699142,0.207782108,6.273686596,1.18949047,0.189599919,6.272250566,1.189251942,0.189605299,12.27633986,6.998055619,0.570044142,12.27531755,6.99951955,0.570210874,1.793378535,1.001647054,0.558525172,1.793295464,1.001771664,0.55862053,0.189093398,0.071243703,0.376764622,0.085454137,0.037120544,0.434391418,0.075368249,0.036529587,0.484681384,7.695190709,3.025946623,0.393225683,1.135473381,0.464719717,0.409273987,0.187644451,0.068284981,0.363906208,0.190655816,0.074262644,0.389511557,0.084660105,0.036652367,0.432935527,0.086310353,0.037595374,0.435583601,0.074643458,0.036134741,0.484097896,0.076149802,0.03693071,0.484974469,7.631030014,2.89072107,0.378811388,7.764376037,3.163473229,0.407434315,1.125497851,0.453217686,0.402681965,1.146230126,0.476519295,0.415727422,habitat_background_2024
Discodoris sp,no.no,no,30cm,animals_on_background,84_JorunnaPantheris_1_NF_N_RAW,0.163934923,0.29496951,1.799308556,2.066140288,9.158531887,0.807554995,1.542427263,1.90999656,3.273268559,22.74375535,0.081592852,0.189677895,2.324687644,3.87435392,24.3231769,0.084608556,0.193856244,2.291213256,3.672253266,22.14813721,0.399178428,0.990723222,2.481905713,5.66310815,56.94798981,0.40828195,1.005952887,2.463868136,5.436885207,53.20741875,2.02054925,0.505137312,1.168670393,0.194778399,0.73638261,0.53118777,0.322623693,0.293664741,0.349957856,0.412426255,0.026924325,2.019806682,2.021278316,0.504951671,0.505319579,1.173181987,1.164651518,0.195530331,0.194108586,0.736039009,0.736722611,0.669971578,0.67059382,0.329053632,0.316528626,0.237362022,0.228327139,0.350241001,0.349714083,0.4536668,0.44946048,0.025353728,0.028490789,1310.833811,38.44193062,34.09906292,0.529933886,0.04433901,0.012050874,0.271789421,0.118029829,0.013500204,0.114379596,3.40635873,0.388553598,0.11406714,15.00692686,8.003969443,0.533351666,1.924649473,0.64450554,0.33486905,0.044331606,0.011848363,0.267266724,0.044305952,0.011875555,0.26803521,0.118103061,0.013479564,0.114133905,0.118058861,0.013484201,0.114215916,3.408660886,0.387936033,0.113808926,3.407365326,0.388060813,0.113888819,15.00202329,8.000806003,0.53331513,15.01183331,8.007129487,0.533387849,1.924271226,0.644176926,0.334764101,1.925027942,0.644833885,0.334973779,0.204067656,0.057402658,0.281292288,0.098965268,0.028018098,0.283110418,0.10121425,0.022010788,0.217467283,8.308230589,2.56841351,0.309140855,1.414328372,0.189688248,0.134118958,0.204856504,0.060016233,0.292967183,0.203367515,0.054964782,0.270273166,0.098501373,0.028614251,0.290495958,0.099376998,0.027468309,0.276405103,0.100970618,0.021733351,0.215244305,0.101430486,0.022250779,0.219369738,8.344030245,2.687092094,0.322037674,8.276456597,2.457630588,0.296942364,1.416883082,0.198138597,0.139841176,1.412060939,0.18181443,0.128758203,habitat_background_2024
Discodoris sp,no.no,no,30cm,animals_on_background,123_SebadorisFragilis_1_NL_D_RAW,0.155502851,0.311016068,2.000066659,1.853913195,9.182727505,0.856871094,1.712922719,1.999043649,2.007143066,11.02851766,0.078665112,0.193436601,2.458988443,3.421660744,22.44834464,0.078178058,0.195091023,2.495470326,3.668582917,25.86522056,0.434638254,1.064867721,2.4500092,3.531268086,24.63135341,0.422343543,1.053668357,2.494813464,3.899155276,30.75524004,2.858057528,0.476342921,3.093467696,0.20623118,1.21792261,0.679735551,1.334257649,0.685672794,0.341287051,0.682704172,0.036369612,2.85652295,2.859588451,0.476087158,0.476598075,3.131639488,3.051538904,0.208775966,0.203435927,1.217256792,1.218584893,0.625546248,0.626228757,1.346475308,1.319984553,0.751482178,0.736697406,0.342431562,0.340017001,0.688514213,0.681463081,0.037428102,0.035311353,702.6000569,25.71789243,27.31950368,0.484901113,0.057084459,0.02005557,0.351331525,0.124609319,0.042869593,0.344031994,3.519237928,1.099921914,0.312545482,18.03160726,10.33802846,0.573328174,2.683410596,1.144663448,0.426570369,0.057435948,0.019818213,0.345048945,0.057402287,0.019839838,0.345628009,0.125394431,0.042266191,0.337065931,0.125311814,0.042355333,0.337999518,3.540467258,1.080472019,0.305177803,3.538252401,1.083391387,0.306193924,18.02988038,10.33652237,0.573299553,18.03332997,10.33953036,0.573356689,2.683359222,1.144438876,0.426494845,2.683461845,1.144887431,0.42664569,0.21490485,0.051338947,0.238891524,0.242599679,0.171528209,0.707042193,0.222606202,0.181833714,0.816840286,8.759761302,2.250739255,0.256940706,1.555942803,0.316491849,0.203408408,0.214986997,0.051436043,0.23925188,0.214817799,0.051235685,0.238507635,0.246775179,0.176015077,0.713260862,0.238174847,0.166508356,0.699101346,0.226476321,0.186236371,0.8223216,0.218504987,0.176940974,0.809780025,8.763326514,2.255203129,0.257345555,8.7559832,2.245991941,0.256509394,1.548751444,0.324402359,0.209460569,1.563563581,0.307673308,0.196776972,habitat_background_2024
Discodoris sp,no.no,no,30cm,animals_on_background,127_TayuvaLilacina_5_NF_N_RAW,0.155143383,0.268340936,1.72963185,2.097313848,9.104060511,0.761224577,1.306345398,1.71611038,2.175304003,10.12971176,0.075362379,0.166857508,2.214068996,3.71434333,22.29252755,0.082277222,0.185489555,2.254446002,3.71135033,22.1548783,0.367241497,0.815371024,2.220258414,3.938820555,26.4301461,0.395154809,0.897730381,2.271844755,3.862801642,24.43519888,1.067834538,0.355944846,1.370898716,0.456966239,0.152266639,0.138599068,0.441803348,0.637387499,0.406455542,0.387993284,0.001108697,1.067854482,1.067814578,0.355951494,0.355938193,1.456179775,1.256505576,0.485393258,0.418835192,0.152526557,0.152002984,0.220049307,0.219293951,0.492603658,0.35762716,0.448387172,0.325526269,0.420672376,0.387386692,0.33421824,0.27241011,0.001287899,0.000929601,833408.9311,775.4583333,1074.730769,0.419123825,0.040353667,0.004517641,0.111951179,0.086596388,0.013128562,0.151606341,2.471958819,0.40627056,0.16435167,16.37063307,4.225097716,0.258090063,2.059351729,0.326731231,0.158657322,0.040371206,0.004458768,0.110444267,0.040372522,0.004450062,0.11022503,0.08664779,0.012953028,0.149490577,0.086652469,0.012920434,0.149106358,2.473529935,0.401035095,0.162130682,2.473636531,0.400348825,0.161846262,16.3708817,4.225170262,0.258090574,16.37038467,4.225025216,0.25808955,2.059362758,0.326750186,0.158665677,2.059340711,0.326712293,0.158648975,0.343937991,0.071009201,0.206459312,0.534979005,0.17040944,0.318534817,0.593371978,0.131572756,0.221737393,14.39367799,3.361056098,0.233509191,1.962247297,0.191723885,0.09770628,0.348464123,0.076409993,0.219276501,0.33767104,0.06168163,0.182667812,0.545840915,0.18337038,0.335941068,0.519939438,0.14802493,0.284696484,0.601758435,0.141579869,0.235276917,0.581759961,0.114289724,0.196455123,14.60791195,3.616690097,0.24758433,14.09704636,2.919557118,0.207104172,1.974467791,0.206305951,0.104486866,1.945326613,0.166539568,0.085610081,habitat_background_2024
Discodoris sp,no.no,no,30cm,animals_on_background,127_TayuvaLilacina_2_NP_D_RAW,0.303680488,0.604033411,1.989042548,2.524442666,14.0524036,1.212534359,2.303651942,1.89986529,2.077467593,10.27728277,0.152763207,0.37837325,2.47686113,4.641414046,38.39659326,0.154032935,0.381167397,2.474583737,4.183116063,31.57433994,0.591224223,1.447417707,2.448170511,4.307908198,34.0405816,0.621712076,1.453554111,2.337985969,3.344273367,19.84261396,2.330429877,0.332918554,3.70212262,0.176291553,1.226085247,0.630083176,1.749507885,0.662929094,0.254605054,0.646506135,0.049360065,2.331026286,2.329829126,0.333003755,0.332832732,3.651400496,3.74977549,0.173876214,0.178560738,1.226400765,1.225761607,0.478138393,0.464469488,1.745659522,1.746557533,0.897091534,0.897553021,0.253439985,0.255696735,0.687614964,0.681011255,0.049750254,0.048969756,370.944424,19.10039982,19.42076749,0.495841667,0.037943509,0.012383016,0.326354011,0.107994005,0.040160034,0.371872808,3.077082275,1.142068878,0.371153182,13.33697745,8.925273305,0.669212596,3.340925535,1.911154998,0.572043578,0.03820318,0.012244483,0.320509519,0.038226728,0.012277802,0.321183693,0.108966698,0.039540327,0.362866157,0.10898735,0.039524287,0.36265023,3.108066951,1.125837337,0.362230723,3.108994043,1.125069352,0.361875686,13.33593055,8.925188749,0.66925879,13.33802381,8.925357675,0.669166423,3.340807259,1.910759303,0.571945388,3.341043751,1.911550401,0.572141685,0.218775839,0.093452274,0.427159939,0.323256762,0.171975286,0.532008318,0.338255713,0.153791948,0.45466179,8.974053562,3.971995893,0.442608891,2.389074902,1.344798557,0.562895101,0.220431341,0.093439655,0.4238946,0.217093431,0.093713279,0.431672571,0.32341292,0.170969938,0.528642881,0.323098066,0.173498133,0.53698289,0.338078443,0.154335337,0.456507477,0.338435864,0.153704176,0.454160424,9.044626609,3.981131303,0.440165357,8.902333505,3.9733151,0.446322877,2.374053187,1.364206678,0.574631893,2.404340761,1.328813446,0.552672678,habitat_background_2024
Discodoris sp,no.no,no,30cm,animals_on_background,127_TayuvaLilacina_1_NP_D_RAW,0.046275088,0.168558785,3.64253836,7.22012751,80.71254355,2.070106599,4.29494359,2.074745132,2.282335644,11.38681635,0.022188695,0.096152537,4.333402,10.93183182,189.026977,0.024365619,0.108872319,4.468276408,11.35277098,196.6113089,0.967261335,2.526140623,2.611642305,4.674520203,37.51281971,1.097021614,2.850866265,2.598732995,3.979991106,26.71200929,4.397696408,0.549712051,5.591382112,0.199692218,1.684197697,0.809927889,2.056974355,0.779435267,0.374702135,0.794681578,0.069165857,4.404418868,4.390856051,0.550552359,0.548857006,5.446956873,5.708622881,0.194534174,0.203879389,1.685230293,1.683126826,0.638572825,0.637775772,2.030956987,2.074066485,0.976683858,0.997415144,0.372543266,0.376368198,0.807628341,0.817595458,0.065030305,0.07330141,181.7640195,14.37744593,12.64230242,0.532108802,0.011324752,0.006948256,0.613545977,0.007839356,0.019463856,2.482838683,0.22524496,0.56704217,2.517446653,26.97964528,16.09802256,0.596672877,0.642557105,1.148361343,1.787173986,0.011446452,0.006958089,0.607881723,0.011470408,0.006957083,0.606524465,0.007992668,0.019676795,2.461855654,0.008021305,0.019711771,2.457426847,0.229647187,0.573268052,2.496299043,0.230471943,0.5742931,2.491813505,26.97223404,16.09124441,0.596585525,26.98712268,16.10485436,0.596760705,0.642329124,1.148321615,1.787746457,0.642787121,1.148401371,1.786596732,0.299202559,0.109102206,0.36464329,0.601939668,0.14074965,0.233826839,0.601366698,0.14067888,0.233931944,12.5622339,5.246173139,0.417614668,0.243430725,0.611034764,2.510097134,0.297989501,0.106770341,0.35830236,0.30027874,0.11111806,0.370049706,0.600408193,0.14043758,0.233903503,0.603298336,0.141010935,0.23373334,0.599845006,0.140340336,0.233960997,0.602716687,0.140963736,0.233880593,12.49693161,5.113753807,0.409200752,12.62016767,5.360196138,0.424732561,0.245081543,0.614826626,2.508661481,0.24196618,0.607646913,2.511288621,habitat_background_2024
Discodoris sp,no.no,no,30cm,animals_on_background,127_TayuvaLilacina_3_NP_D_RAW,0.177336125,0.321584653,1.813418747,2.947108579,19.76289765,0.759574493,1.338728633,1.762471811,2.710394076,17.24104786,0.087442042,0.199531164,2.28186762,4.944838619,46.77877531,0.092072021,0.214042789,2.32473217,4.722386649,39.18092728,0.368807685,0.828741528,2.24708313,4.274155188,31.93061716,0.390327454,0.911655061,2.335616039,5.289402057,52.63642959,1.34890086,0.44963362,1.213321766,0.404440589,0.476243255,0.433495292,0.319318292,0.460678916,0.427037104,0.447087104,0.01688438,1.353952835,1.343855699,0.451317612,0.4479519,1.243821387,1.186386676,0.414607129,0.395462225,0.480128462,0.472324093,0.692678952,0.681419626,0.346818236,0.293036527,0.315687563,0.266733341,0.43296237,0.421707063,0.504183257,0.474076484,0.015984803,0.017783541,3400.035794,61.55942029,55.23177083,0.527089584,0.051897097,0.010327371,0.198997091,0.139167722,0.034478228,0.247745869,4.230325574,0.889057383,0.210162875,10.12195247,3.041276841,0.300463458,3.483972635,1.887375658,0.541730908,0.051972507,0.010190203,0.196069114,0.052030033,0.010076088,0.19365908,0.139254762,0.034078659,0.24472168,0.139313957,0.033723981,0.242071802,4.23483383,0.877935097,0.207312762,4.23817686,0.868388823,0.204896787,10.13079394,3.058978575,0.301948553,10.11309892,3.02340819,0.298959618,3.48608289,1.890522502,0.542305666,3.481859494,1.884215693,0.541152133,0.228680077,0.00282646,0.012359887,0.170075985,0.103896733,0.610884206,0.198921157,0.051697592,0.25988986,9.311891677,0.119454943,0.012828214,2.255438963,1.101155546,0.488222277,0.22876603,0.00298449,0.013046036,0.228602852,0.002671822,0.011687615,0.173235531,0.109705699,0.633274818,0.167237331,0.098212463,0.587263996,0.200493304,0.054588054,0.272268713,0.197508682,0.048869177,0.247427994,9.315524355,0.126133784,0.01354017,9.308627943,0.112919472,0.012130625,2.288925591,1.16272221,0.507977286,2.225353321,1.04091048,0.467750658,habitat_background_2024
Doriprismatica atromarginata,high.yes,yes,30cm,animals_on_background,47_DoriprismaticaAtromarginata_36_NF_D_RAW,0.156518191,0.265065245,1.693510785,3.46778,19.85696304,0.853499145,1.320240908,1.546856744,2.665456367,12.21212564,0.080242459,0.177375886,2.210499137,4.967128535,36.99996567,0.078740561,0.175271371,2.225934993,5.506159442,46.99322149,0.437588939,0.910959692,2.08177038,4.152271527,25.44306571,0.417788848,0.869531533,2.081270329,4.2871527,28.39322154,2.354545459,0.784848486,1.935801932,0.645267311,0.955640155,0.869861155,0.676472515,0.975943543,0.715057899,0.922902349,0.020331276,2.352718512,2.356367174,0.784239504,0.785455725,1.871798514,1.978823529,0.623932838,0.659607843,0.954974721,0.956301499,1.377737294,1.37965143,0.658499606,0.687786823,0.599392172,0.626050546,0.704086171,0.722531784,0.988564733,1.002850988,0.020220588,0.020441856,2321.904884,48.45454546,47.91923775,0.502777248,0.080939018,0.042560661,0.525836143,0.101926211,0.028965213,0.284178259,2.68402241,0.557995005,0.207895062,16.4441519,6.820593988,0.414773229,2.789553092,1.139655532,0.408544127,0.081188683,0.042523283,0.523758754,0.081096461,0.042534263,0.524489756,0.10193166,0.029027641,0.284775512,0.101926396,0.029004644,0.284564595,2.684835935,0.559471571,0.208382033,2.684483888,0.558927187,0.208206572,16.44309696,6.819216563,0.414716071,16.44520604,6.821969848,0.414830306,2.789384269,1.139421409,0.40848492,2.789721787,1.139889393,0.408603251,0.320302126,0.021664884,0.067638902,0.191702815,0.059640858,0.31111102,0.120056612,0.07127616,0.593687915,13.2831166,0.967763098,0.072856629,2.257956251,0.181193472,0.080246671,0.319061975,0.021265391,0.066649719,0.321527647,0.021915103,0.068159313,0.188288827,0.058541101,0.31091118,0.195076529,0.060329683,0.309261618,0.115976592,0.069961852,0.603241146,0.124088502,0.072099367,0.581031809,13.22771949,0.949917879,0.071812672,13.33786021,0.978940319,0.073395605,2.247584296,0.177852327,0.079130437,2.268205852,0.183286174,0.080806675,habitat_background_2024
Doriprismatica atromarginata,high.yes,yes,30cm,animals_on_background,47_DoriprismaticaAtromarginata_35_NF_N_RAW,0.165648244,0.293828866,1.773812134,2.449730949,16.0732317,0.996833072,1.674822277,1.680143168,1.615902716,6.592460544,0.086231131,0.19260112,2.233545095,3.80161483,29.05926094,0.082126076,0.190340172,2.317658183,4.920480334,50.27025382,0.523306898,1.138358447,2.175317107,3.131228728,16.90637401,0.475005164,1.026056997,2.16009651,3.109087262,16.63941199,1.987350594,0.496837649,1.098678089,0.183113015,0.72804714,0.525174999,0.220347072,0.200568548,0.339975332,0.362871774,0.040201581,1.987018999,1.987675342,0.49675475,0.496918835,1.088973125,1.110107362,0.181495521,0.185017894,0.728204847,0.727885412,0.662840616,0.662549854,0.202853787,0.238592159,0.146328076,0.172107862,0.339125135,0.340968365,0.404584346,0.417328858,0.043474936,0.036938208,573.6351287,22.00175902,26.07223942,0.457664428,0.038491634,0.009129895,0.237191657,0.083969467,0.021090181,0.251164873,2.453519961,0.529170443,0.215678067,13.26837453,5.97204765,0.450096403,2.453114611,1.57263744,0.64107785,0.038564065,0.009093605,0.235805143,0.038538343,0.009077563,0.235546271,0.084129135,0.020970787,0.249269023,0.084063642,0.020897863,0.248595741,2.45739709,0.52532342,0.213772297,2.455656269,0.522883352,0.212930188,13.26868584,5.973370708,0.450185556,13.26806628,5.97073727,0.450008098,2.45330689,1.57244247,0.640948133,2.452924219,1.572830441,0.641206291,0.204920311,0.022981892,0.112150386,0.214065612,0.064440637,0.301032177,0.179746255,0.081686376,0.454453841,8.318277674,0.982968554,0.118169721,1.219094404,0.466911206,0.3829984,0.204789611,0.023145524,0.113020987,0.205073673,0.022786958,0.111115962,0.213817673,0.06529723,0.305387433,0.214356538,0.063418928,0.295857214,0.179365046,0.082555607,0.460265859,0.180193556,0.080651052,0.447580114,8.312891434,0.990690465,0.119175196,8.324597751,0.973772807,0.116975359,1.203996471,0.400026466,0.332248869,1.236809935,0.534015097,0.431768117,habitat_background_2024
Doriprismatica atromarginata,high.yes,yes,30cm,animals_on_background,47_DoriprismaticaAtromarginata_37_NF_D_RAW,0.180390712,0.320255231,1.775342125,3.036960875,20.14529534,0.852266721,1.485471497,1.742965507,2.652065003,14.02437196,0.09084794,0.207609382,2.285240397,4.842573334,41.84852628,0.092143301,0.213993549,2.322399423,5.147023863,48.89450411,0.422413871,0.953461289,2.257173249,4.325295508,31.03787056,0.430834197,0.9996158,2.320186761,4.625702891,35.03310059,2.321325135,0.580331284,2.147130408,0.357855068,1.013368653,0.730990965,0.86910073,0.626923656,0.469093176,0.678957311,0.038792383,2.320126462,2.32250879,0.580031616,0.580627197,2.06915382,2.216838611,0.34485897,0.369473102,1.013416366,1.013314573,0.922451329,0.730951955,0.837255428,0.895507771,0.603952127,0.64597231,0.462445293,0.47505015,0.763201728,0.688462133,0.038628843,0.038955734,613.975987,24.88739172,24.67016206,0.502191691,0.03663739,0.01433492,0.39126477,0.084752204,0.024904263,0.293847969,2.348360422,0.794690733,0.33840237,13.38047503,7.609616925,0.568710521,2.193084342,0.868673777,0.39609684,0.036630054,0.014254258,0.389141054,0.036578096,0.014216976,0.388674586,0.084898648,0.024763977,0.291688706,0.084791632,0.024822351,0.292745291,2.353111938,0.790236504,0.335826142,2.349709334,0.792167969,0.337134452,13.37626546,7.605219362,0.568560738,13.38468118,7.614005283,0.568859667,2.192757064,0.868576438,0.396111567,2.193411355,0.868770862,0.396082048,0.201514484,0.029090329,0.144358504,0.211159105,0.164140463,0.77733074,0.249432901,0.199805506,0.801039095,8.179243987,1.249131262,0.152719648,1.605556608,0.087639161,0.054584909,0.200498133,0.027617961,0.137746726,0.202521146,0.031783231,0.156937837,0.219312468,0.172267076,0.785486923,0.203083466,0.165304106,0.813971266,0.259402315,0.209692459,0.808367727,0.239558525,0.201221203,0.839966778,8.135194189,1.173104569,0.144201176,8.222873863,1.374437324,0.167148049,1.603436669,0.05081034,0.031688398,1.607656339,0.114031809,0.070930463,habitat_background_2024
Doriprismatica atromarginata,high.yes,yes,30cm,animals_on_background,47_DoriprismaticaAtromarginata_24_MG_D_RAW,0.229209189,0.415581982,1.813112228,2.017743505,10.21816023,1.002352346,1.909380303,1.904899321,2.578466503,16.11945777,0.115273459,0.265019138,2.299047333,3.866794895,28.1325442,0.117005902,0.268664928,2.296165608,3.732888638,25.78890227,0.499005871,1.221902429,2.448673453,4.725081886,43.66939753,0.504752094,1.242133733,2.460878813,4.670235873,41.29851066,1.028170353,0.342723451,1.448709797,0.482903266,0.079465356,0.072332484,0.593299084,0.5400441,0.412813358,0.306188292,0.002943306,1.02807078,1.028269813,0.34269026,0.342756604,1.3765119,1.537252321,0.4588373,0.51241744,0.079280744,0.079649167,0.072164443,0.072499796,0.537695381,0.65276535,0.489431427,0.594172627,0.40076378,0.427587022,0.280797935,0.333336212,0.003160747,0.002726025,115377.2276,315.3809524,365.8344828,0.462968007,0.04990157,0.013140165,0.263321672,0.098229918,0.009172197,0.093374781,2.809920358,0.184992162,0.065835376,22.65647206,7.866118614,0.347190798,3.199348473,0.212890042,0.066541686,0.049777334,0.012507509,0.251269171,0.04977931,0.012476028,0.250626776,0.098128328,0.008658239,0.088233843,0.098135437,0.008699735,0.088650293,2.807892547,0.174476311,0.062137816,2.808053458,0.175437732,0.062476635,22.65699853,7.86599299,0.347177186,22.65594621,7.866244035,0.347204392,3.199399614,0.212520845,0.066425227,3.199297391,0.21325815,0.066657808,0.40364076,0.091087085,0.225663743,0.225990391,0.061279875,0.271161416,0.174320572,0.045376763,0.260306417,17.29078109,4.878448625,0.282141599,3.033733172,0.704950929,0.232370775,0.401619863,0.085129682,0.211965816,0.405982213,0.097456908,0.240052163,0.228892152,0.057564446,0.251491567,0.222628351,0.065078661,0.292319735,0.176621953,0.042836525,0.242532282,0.171654144,0.047945887,0.279316806,17.17247675,4.562521258,0.265688015,17.42785094,5.215604212,0.299268351,3.057765122,0.657757191,0.215110437,3.005889258,0.754520751,0.251014155,habitat_background_2024
Doriprismatica atromarginata,high.yes,yes,30cm,animals_on_background,47_DoriprismaticaAtromarginata_25_MG_D_RAW,0.182562451,0.312521638,1.71186154,3.110946429,16.01870023,1.380762264,2.230867977,1.615678554,2.935886112,15.3454486,0.093127946,0.208293485,2.236637808,4.659965389,33.06981924,0.092762826,0.209200242,2.25521636,4.78885061,34.41380845,0.69132924,1.487376766,2.151473827,4.355833992,29.1701369,0.692256347,1.508575133,2.179214593,4.526874941,32.20021879,2.305958106,0.576489526,1.975688316,0.329281386,0.952637853,0.687182953,0.851108033,0.528823154,0.452885456,0.608003053,0.046738072,2.305936218,2.305979537,0.576484054,0.576494884,2.01859481,1.933248436,0.336432468,0.322208073,0.952797831,0.952476913,0.592006578,0.591807181,0.866273704,0.834637094,0.624884389,0.602063398,0.456458261,0.449351478,0.608445483,0.59693529,0.046338082,0.047138345,416.0177896,20.58052196,20.21415153,0.50449042,0.025601618,0.011576017,0.452159603,0.043156674,0.028882111,0.669238581,1.271599741,0.842865071,0.662838348,17.59954289,10.12265052,0.575165536,1.905487796,0.837989277,0.439776775,0.025449796,0.01151645,0.452516393,0.02544532,0.011496257,0.451802399,0.042709151,0.028815948,0.674701963,0.042707799,0.028801899,0.674394365,1.258018635,0.841023813,0.668530488,1.258036031,0.84071901,0.66827896,17.60033794,10.12281498,0.575148899,17.59874661,10.12248571,0.575182195,1.905538608,0.837956345,0.439747765,1.905436906,0.838022255,0.439805828,0.24283627,0.054609576,0.224882287,0.385533145,0.144607683,0.375084957,0.386575457,0.168462278,0.4357811,9.947418446,2.477232108,0.249032663,1.2305138,0.237249841,0.19280551,0.243838963,0.05716661,0.234444113,0.241849902,0.051947965,0.214794238,0.384473187,0.146233531,0.380347799,0.386575847,0.142980686,0.369864509,0.384961041,0.170043111,0.441715118,0.388163591,0.166873524,0.429905144,9.993705631,2.595714973,0.259734984,9.901884841,2.353758905,0.237708168,1.233859652,0.246804799,0.200026639,1.227222421,0.227399116,0.185295764,habitat_background_2024
Doriprismatica atromarginata,high.yes,yes,30cm,animals_on_background,47_DoriprismaticaAtromarginata_26_MG_D_RAW,0.242964017,0.377638752,1.554299096,3.004928458,14.47520679,1.199512427,2.248462428,1.874480312,4.61017009,32.72429774,0.121982523,0.249439337,2.044877666,4.48618738,29.38402044,0.125401262,0.265558797,2.11767245,4.727608115,32.50898334,0.591443832,1.515016373,2.561555792,7.220923838,77.72662581,0.610947111,1.519325258,2.486835982,6.325960852,58.39421075,2.459604257,0.614901064,2.026316619,0.337719436,0.982047425,0.708397475,0.859306133,0.53391692,0.47631025,0.621157197,0.038758951,2.461299442,2.457902032,0.615324861,0.614475508,2.052768168,1.999976704,0.342128028,0.333329451,0.982510071,0.981580211,0.61046783,0.708060451,0.881168364,0.835620782,0.635628614,0.602772979,0.478726444,0.473902479,0.623048222,0.655416715,0.038380912,0.039137487,615.1146848,25.05461768,24.55095076,0.505076718,0.054133095,0.018598015,0.343560905,0.136690481,0.030418463,0.222535344,4.098379387,1.028336294,0.250912909,18.39235656,10.98922976,0.597488947,2.305706478,1.101770166,0.477844937,0.054189807,0.018545533,0.34223286,0.054232531,0.018526583,0.341613842,0.136832831,0.030255929,0.221116008,0.136895348,0.030179398,0.220455983,4.102961417,1.023657382,0.249492325,4.104885197,1.021370161,0.248818204,18.38980594,10.98561971,0.597375511,18.39491255,10.99284542,0.597602483,2.305611153,1.101743059,0.477852936,2.305802003,1.101797319,0.477836916,0.255595819,0.081070287,0.317181585,0.178787733,0.137407051,0.76854854,0.210310967,0.137816894,0.655300558,10.53333679,3.652459355,0.346752356,1.730252226,0.882810796,0.51022087,0.257459528,0.084648307,0.328782966,0.253765732,0.079877865,0.314770101,0.178816722,0.137141963,0.766941486,0.178759266,0.142181714,0.795380947,0.210074839,0.137305752,0.653603985,0.210542834,0.142852652,0.678496862,10.62167113,3.827684013,0.360365518,10.44659601,3.582835552,0.342966795,1.726103508,0.877866463,0.508582747,1.734326102,0.916725395,0.528577293,habitat_background_2024
Doriprismatica atromarginata,high.yes,yes,30cm,animals_on_background,47_DoriprismaticaAtromarginata_34_NP_D_RAW,0.299276633,0.511196321,1.708106362,3.087076801,15.91958587,1.635744053,2.736308563,1.672821954,2.762237,12.27924514,0.143722034,0.330820842,2.30181019,5.152883817,39.67505073,0.160313831,0.355898464,2.220010976,4.580363609,30.94375022,0.76915099,1.698805709,2.20867649,4.24585475,25.11386761,0.867386249,1.920023654,2.213574007,4.196561125,24.46579604,3.134349679,0.626869936,3.720558636,0.372055864,1.290365351,0.801749071,1.590533774,0.690760041,0.4994629,0.746254556,0.061984841,3.138144287,3.130531747,0.627628857,0.626106349,3.579005236,3.822808906,0.357900524,0.382280891,1.290935085,1.289789462,0.587529877,0.560148446,1.551142344,1.615017015,0.963778927,1.003466491,0.492764691,0.50419362,0.775654402,0.781807469,0.057817474,0.066128194,230.1317479,16.29580937,14.12214286,0.535729994,0.043725238,0.021094212,0.482426477,0.085341853,0.034670776,0.4062576,2.500420868,0.940105005,0.375978707,14.75098177,8.108153924,0.549668764,2.086568308,0.914232958,0.438151464,0.043542035,0.02099261,0.482122862,0.043530392,0.021007078,0.482584178,0.0850722,0.034569681,0.406356971,0.085039878,0.034546461,0.406238362,2.493282337,0.937937905,0.376185998,2.492382612,0.937342749,0.376083008,14.7500336,8.108330748,0.549716087,14.75193286,8.107976411,0.549621293,2.086582455,0.914149229,0.438108365,2.086554118,0.914316938,0.438194692,0.236104335,0.081578005,0.34551676,0.266948329,0.155620168,0.582959888,0.250372896,0.151444757,0.604876806,9.705513603,3.617855607,0.372762922,1.784372516,0.640610854,0.359011836,0.231860631,0.077225477,0.33306852,0.239793327,0.085365718,0.355997054,0.258424893,0.155350187,0.601142504,0.274357631,0.156264047,0.569563331,0.242180854,0.150877556,0.622995392,0.257494121,0.152340782,0.591628194,9.51506708,3.411401809,0.358526302,9.871066044,3.796025658,0.384560861,1.779160876,0.648280521,0.364374312,1.78890292,0.637377672,0.356295283,habitat_background_2024
Doriprismatica atromarginata,high.yes,yes,30cm,animals_on_background,47_DoriprismaticaAtromarginata_39_NF_D_RAW,0.244692684,0.47283237,1.932351888,2.15362307,11.10832489,1.18391392,2.279949216,1.925772793,2.390136739,13.99653575,0.119888693,0.289752039,2.416842096,4.105067408,31.54461136,0.128242251,0.312999086,2.440686139,3.991342588,28.06911065,0.578242925,1.394006236,2.410762287,4.559916684,40.84069129,0.604241697,1.509483765,2.498145645,4.468540029,35.9201384,2.626467267,0.875489089,2.699616593,0.899872198,1.028969728,0.936608609,1.036502986,0.943465677,0.887680643,0.940037143,0.038248792,2.622812981,2.630099413,0.874270994,0.876699804,2.6447258,2.744901858,0.881575267,0.914967286,1.028240541,1.029692796,0.935944874,0.937266774,1.022628558,1.047588961,0.930836627,0.953556566,0.87792313,0.895833545,0.933390751,0.94541167,0.037535386,0.038960134,632.5062895,25.641527,24.66726297,0.509682841,0.075366011,0.034642593,0.459658043,0.144738215,0.028508013,0.196962586,4.065961585,0.552164008,0.13580158,11.79303399,4.997516015,0.423768474,2.184185114,0.924037005,0.423058009,0.075171483,0.034765295,0.462479831,0.075292525,0.034789568,0.462058727,0.144747592,0.02853959,0.197167975,0.144829151,0.028580519,0.197339545,4.063118337,0.554099664,0.136373007,4.065027814,0.554518678,0.136412026,11.79507834,4.997244221,0.423671982,11.79099252,4.997786157,0.423864755,2.184646744,0.923889015,0.422900873,2.183724137,0.924184418,0.42321482,0.239955869,0.090012499,0.375121058,0.098217034,0.091135628,0.927900427,0.073705454,0.030502915,0.413848815,9.860810023,3.970579158,0.402662575,1.819536375,0.754512313,0.414672838,0.236719708,0.087211031,0.368414747,0.243064667,0.092464094,0.380409439,0.098890742,0.090787602,0.918059673,0.097569841,0.0914617,0.937397244,0.072986884,0.029452555,0.403532168,0.074395743,0.031455768,0.422816776,9.718736057,3.845927943,0.395723057,9.997292526,4.079762595,0.408086748,1.79104163,0.733963032,0.409796746,1.846909681,0.772255271,0.41813375,habitat_background_2024
Doriprismatica atromarginata,high.yes,yes,30cm,animals_on_background,47_DoriprismaticaAtromarginata_27_MG_D_RAW,0.331970663,0.688546726,2.0741192,3.891202133,24.4363285,1.473883272,2.718309527,1.844318053,3.038893382,16.41606061,0.166915752,0.436177805,2.613161426,5.847308826,52.10796924,0.168120158,0.458463026,2.726996159,6.493083068,61.46934517,0.740617723,1.741846732,2.351883674,4.690524347,34.62967632,0.731593548,1.802355525,2.463602268,5.037240708,38.22087193,4.704765461,0.672109352,6.797328862,0.323682327,1.694030996,0.870559721,2.143138219,0.812084753,0.497895839,0.841322237,0.058561809,4.714503382,4.694996121,0.673500483,0.670713732,6.328731467,7.248692314,0.301368165,0.345175824,1.695219233,1.692834602,0.642357865,0.641454273,2.09105069,2.180895172,1.074587483,1.120758414,0.487434324,0.507944778,0.858472674,0.881106344,0.059906171,0.057218416,258.5680748,15.69277108,16.47689076,0.487812746,0.032052937,0.018210118,0.568126345,0.107186717,0.097731881,0.911790977,3.070760346,2.760975036,0.899117718,16.31039135,9.732975769,0.596734656,4.214447764,2.697145672,0.639976059,0.031897348,0.018234181,0.571651952,0.031878497,0.018197097,0.570826695,0.106202982,0.097576393,0.918772632,0.106176338,0.097373907,0.917096115,3.040734308,2.7540734,0.90572642,3.039979889,2.748542838,0.904131915,16.31605603,9.739095222,0.596902536,16.3047469,9.726870505,0.596566789,4.215397006,2.697758825,0.639977402,4.21350191,2.696534181,0.639974596,0.24136439,0.086968367,0.360319795,0.374951624,0.190672207,0.50852482,0.369772034,0.206284103,0.55786832,9.945308976,3.882954441,0.39043075,2.420504371,1.790822118,0.73985494,0.239391769,0.085965303,0.359098826,0.243428182,0.087954571,0.361316305,0.378894807,0.18537622,0.489255109,0.370826192,0.19596846,0.52846445,0.373721598,0.200612464,0.536796549,0.365639926,0.211970753,0.579725402,9.859628835,3.844175921,0.389890531,10.03494912,3.920957338,0.390730166,2.34852762,1.742969116,0.742153978,2.495807779,1.836305587,0.735756015,habitat_background_2024
Doriprismatica atromarginata,high.yes,yes,30cm,animals_on_background,47_DoriprismaticaAtromarginata_47_NF_D_RAW,0.200011673,0.327186572,1.635837385,2.554406981,11.78369815,0.796644396,1.314119506,1.649568506,2.876935999,16.02812379,0.100765524,0.216532004,2.148869926,4.202229428,27.21069596,0.101780017,0.219539396,2.15699901,4.200655666,27.48320211,0.393246652,0.873380034,2.220947161,4.928775697,41.35464135,0.403973774,0.880645984,2.17995831,4.476469369,32.9387844,1.622934439,0.40573361,1.656728904,0.276121484,0.675509283,0.487276946,0.659165868,0.59999863,0.340927547,0.543637788,0.016326056,1.622314788,1.623551583,0.405578697,0.405887896,1.699379727,1.613280939,0.283229955,0.268880156,0.67455587,0.676454834,0.614007214,0.615735725,0.681500395,0.635011132,0.49159862,0.458063705,0.344404326,0.337384026,0.552802917,0.536899715,0.016564834,0.016087454,3631.013322,59.36885246,61.16024096,0.492568647,0.052324037,0.017662273,0.337555618,0.115061399,0.023359331,0.203016229,3.263956683,0.646544966,0.198086258,15.61548639,6.870237845,0.439963103,3.222491054,1.201721202,0.372916847,0.052256359,0.017475266,0.334414144,0.052212886,0.017493144,0.335035003,0.115060207,0.023014193,0.200018696,0.114978927,0.023121131,0.20109016,3.264913013,0.636448155,0.194935716,3.262455187,0.640213144,0.196236609,15.61157993,6.864584307,0.439711057,15.61938809,6.875876884,0.440214229,3.221951044,1.201243879,0.372831202,3.223030404,1.202197431,0.3730022,0.273852066,0.006667255,0.024346192,0.193400586,0.118437653,0.612395521,0.193006027,0.163343514,0.846313024,11.24132343,0.289015916,0.025710133,2.621752658,0.245449017,0.093620203,0.274034428,0.006830196,0.024924589,0.273664432,0.006487317,0.02370537,0.196085664,0.12021015,0.613049149,0.190637867,0.116488916,0.611048151,0.196496627,0.16588003,0.844187669,0.189414494,0.160573107,0.847734002,11.24922894,0.296094626,0.026321326,11.23318932,0.281199051,0.025032877,2.61503754,0.251514835,0.096180201,2.628661948,0.238751668,0.090826311,habitat_background_2024
Doriprismatica atromarginata,high.yes,yes,30cm,animals_on_background,47_DoriprismaticaAtromarginata_49_MG_D_RAW,0.281682625,0.519045167,1.842659507,2.640281681,15.21412681,1.119182843,2.198554858,1.964428665,3.140517682,20.02839355,0.137794396,0.330942796,2.401714471,4.861849238,40.54546823,0.148491546,0.344154559,2.317671063,4.288787293,32.04125547,0.541884281,1.402806237,2.588756097,5.576029273,52.94904668,0.577792679,1.461728364,2.529849229,5.127214814,44.73698877,3.909077451,0.558439636,4.395585005,0.209313572,1.507355377,0.77462743,1.820296853,0.689752675,0.383876604,0.732190053,0.057356934,3.908356408,3.909783166,0.55833663,0.558540452,4.563570924,4.244314649,0.217312901,0.202110221,1.507006571,1.507702816,0.571039725,0.571303548,1.851687559,1.788715134,0.951579167,0.919217742,0.387824765,0.380325337,0.761309446,0.745260645,0.054953395,0.059759162,270.5785155,17.19723781,15.73383578,0.522219167,0.048632554,0.020761173,0.426898683,0.104473961,0.013831673,0.1323935,2.677420737,0.313782024,0.117195635,13.17999487,7.591900059,0.576016921,3.218064594,2.302669817,0.715544934,0.048439984,0.020640932,0.426113527,0.04845666,0.020694542,0.42707323,0.104524256,0.013626669,0.130368489,0.104512413,0.013621191,0.130330847,2.675530063,0.309013439,0.115496157,2.675126213,0.308658311,0.115380841,13.17732334,7.590199276,0.576004632,13.1826786,7.593607116,0.576029148,3.218061,2.302763861,0.715574957,3.218068204,2.30257534,0.715514773,0.189568979,0.08295176,0.437580879,0.051990894,0.069609721,1.338882942,0.043102124,0.056909692,1.320345423,7.748207825,3.628867124,0.468349224,1.558466962,0.890066024,0.571116389,0.191707578,0.084856613,0.442635673,0.187603436,0.081108096,0.432338008,0.053267949,0.070077135,1.315559108,0.050817178,0.069154951,1.360857746,0.044173601,0.056866599,1.287343519,0.042117351,0.056930119,1.351702293,7.842095631,3.725695838,0.475089315,7.661917446,3.535169882,0.461394932,1.563721149,0.893899434,0.571648874,1.553637946,0.886498621,0.570595372,habitat_background_2024
Doriprismatica atromarginata,high.yes,yes,30cm,animals_on_background,47_DoriprismaticaAtromarginata_50_MG_D_RAW,0.20853535,0.353836891,1.696771751,3.237414105,18.49244718,0.946134401,1.589479507,1.679972218,3.035218479,16.0405124,0.104889706,0.240428291,2.292201009,5.523695631,49.42634302,0.107249977,0.237751714,2.216799679,4.860795733,36.04249755,0.477185401,1.069065793,2.240357293,4.901911582,37.48848532,0.470221707,1.073387797,2.282727025,4.861870445,35.95776411,2.796809193,0.932269731,1.918882755,0.639627585,1.059270921,0.964189944,0.799840751,0.728046426,0.785948658,0.846118185,0.042005994,2.797849992,2.795773232,0.932616664,0.931924411,1.927581668,1.906479635,0.642527223,0.635493212,1.059500035,1.059042587,0.964398493,0.963982105,0.814656037,0.780798402,0.741531881,0.710713334,0.787571943,0.783708811,0.852965187,0.837347719,0.042067072,0.041945328,520.1151609,22.77156177,22.84055728,0.499243671,0.041392897,0.014076351,0.340066815,0.082376531,0.028373778,0.344440073,2.178071478,0.833474253,0.382666162,9.955638464,4.274601772,0.429364906,1.833828641,0.354442494,0.193280051,0.04141374,0.014119725,0.340943012,0.041425683,0.014113145,0.340685872,0.082245709,0.028479681,0.346275591,0.082286925,0.028443592,0.345663564,2.175460083,0.837160898,0.38482016,2.176609518,0.836120462,0.384138935,9.956363826,4.275169332,0.42939063,9.954918092,4.274037858,0.429339329,1.833883404,0.354491865,0.193301201,1.833774255,0.354393444,0.193259035,0.204737296,0.053430793,0.260972444,0.153620642,0.24822139,1.615807529,0.195729139,0.242617561,1.2395577,8.328342215,2.310166314,0.277386094,1.705982907,0.196271805,0.115049104,0.207561997,0.057673781,0.277862914,0.201923527,0.048594861,0.240659726,0.151936743,0.247320846,1.627788249,0.155298024,0.249098238,1.604001333,0.194837317,0.243094346,1.247678577,0.19661751,0.24213679,1.231511832,8.450185802,2.496401732,0.295425662,8.20697016,2.097832221,0.255615919,1.716458725,0.210180527,0.122450091,1.69554763,0.180454833,0.106428643,habitat_background_2024
Doriprismatica atromarginata,high.yes,yes,30cm,animals_on_background,47_DoriprismaticaAtromarginata_51_MG_D_RAW,0.216216541,0.362918522,1.678495639,2.7894689,14.59610884,0.82976953,1.466502991,1.767361825,3.323065007,20.31054959,0.107097039,0.233550041,2.180732948,4.311976518,29.90369899,0.112407172,0.253716114,2.257116793,4.828701506,36.55307166,0.411141693,0.936280082,2.277268637,4.839758417,37.95380876,0.418722084,1.025030185,2.447996473,5.692919646,50.96884378,2.544294218,0.848098073,2.046264696,0.682088232,1.007894312,0.917424939,0.829646043,0.755176372,0.765093152,0.836300656,0.049757531,2.544947328,2.543643432,0.848315776,0.847881144,2.040369869,2.05229673,0.68012329,0.68409891,1.008052316,1.00773677,0.917568761,0.917281538,0.828782766,0.830488698,0.754390584,0.75594339,0.764219533,0.765990027,0.835979672,0.836612464,0.051023409,0.048493215,364.9361945,18.59884726,19.62144155,0.486622363,0.037893651,0.010237033,0.270151662,0.113143606,0.00728069,0.06434911,2.840466504,0.181758826,0.063989076,7.406932952,3.204962397,0.432697639,1.647445651,0.751891694,0.456398482,0.037809345,0.010253352,0.271185661,0.037802842,0.010249547,0.271131647,0.11313433,0.00726348,0.064202265,0.113138222,0.007258939,0.064159917,2.837869867,0.181108067,0.063818313,2.837811867,0.181122851,0.063824827,7.406878993,3.204941897,0.432698023,7.406986701,3.204982816,0.432697255,1.647482295,0.751857887,0.45636781,1.647409149,0.751925366,0.456429033,0.144579466,0.037782898,0.26132963,0.034810086,0.039907844,1.146444853,0.046692066,0.017667355,0.378380241,5.831510774,1.578939167,0.270759882,1.297118422,0.501803124,0.386859916,0.144660716,0.037967496,0.262458925,0.144494082,0.037587648,0.260132784,0.034602067,0.039835118,1.151235222,0.035028689,0.039982378,1.141418059,0.046781934,0.017638551,0.377037655,0.046597626,0.017696837,0.379779801,5.834905161,1.586653792,0.271924521,5.827943687,1.570779349,0.269525485,1.295654917,0.502653012,0.387952845,1.298656387,0.50090153,0.385707517,habitat_background_2024
Doriprismatica atromarginata,high.yes,yes,30cm,animals_on_background,47_DoriprismaticaAtromarginata_23_MG_D_RAW,0.181327471,0.341603923,1.883906069,3.195873111,15.82590501,1.435943143,2.515605594,1.751883844,3.288477866,17.67499098,0.093820477,0.234365471,2.498020447,4.879936365,32.54779747,0.089873119,0.218231646,2.428219339,5.109861559,38.02413311,0.732659401,1.731036889,2.362676143,5.407392981,43.16325724,0.704016974,1.634185513,2.321230275,4.967818045,36.67219349,1.569492146,0.392373036,1.505204262,0.250867377,0.636130336,0.45887104,0.694742541,0.50115081,0.321620207,0.480010925,0.025932177,1.566306766,1.572657639,0.391576692,0.39316441,1.578825002,1.42574289,0.2631375,0.237623815,0.634104702,0.638129024,0.457409854,0.460312789,0.749166186,0.626495667,0.540409171,0.451921096,0.327357096,0.315394112,0.498909513,0.456116943,0.027720844,0.024149903,1417.268839,35.07393715,40.40803383,0.464666419,0.022497547,0.010720773,0.476530749,0.045487483,0.0315108,0.692735629,1.3528096,0.939765866,0.694677112,18.65165471,6.861789414,0.367891724,1.809037008,0.692049006,0.38255105,0.022313216,0.01051181,0.47110244,0.022372517,0.010581158,0.472953388,0.044973743,0.031049852,0.690399565,0.045127352,0.031166047,0.690624326,1.337463266,0.925978933,0.692339713,1.342055404,0.929471997,0.692573491,18.65094381,6.851884932,0.367374702,18.65236048,6.871608164,0.368404212,1.808465603,0.692070413,0.382683758,1.809604287,0.692027132,0.382419039,0.361674726,0.059294251,0.163943585,0.512389522,0.197558493,0.385563102,0.513384418,0.196179271,0.382129384,15.20612403,2.796525548,0.183907848,1.840169784,0.353729085,0.19222633,0.363661198,0.064055577,0.176140806,0.359402672,0.053208696,0.148047581,0.513266635,0.202785681,0.395088376,0.511386312,0.191398326,0.374273464,0.514300497,0.201368924,0.391539432,0.51233664,0.19006268,0.370972257,15.30808359,3.039753672,0.198571797,15.08950644,2.482527468,0.164520124,1.838717479,0.366480795,0.199313271,1.841830876,0.338545646,0.183809301,habitat_background_2024
Doriprismatica atromarginata,high.yes,yes,30cm,animals_on_background,47_DoriprismaticaAtromarginata_22_MG_D_RAW,0.358449741,0.6172033,1.721868449,3.713484068,22.00098156,1.398338026,2.175373136,1.555684745,2.810131336,13.17792889,0.168100027,0.370351683,2.203162552,5.589902249,49.32915746,0.19564159,0.447219292,2.285911154,5.206845431,38.90932165,0.660863873,1.344984854,2.035191979,4.278438233,28.12191226,0.73963642,1.55463761,2.101894346,4.332172289,27.44697096,3.57723561,0.511033659,4.316732832,0.205558706,1.450176655,0.745243379,1.73090754,0.696568436,0.358296182,0.720905908,0.051136657,3.576014741,3.578452881,0.510859249,0.511207554,4.205379722,4.396643221,0.200256177,0.209363963,1.450199846,1.450151304,0.58360335,0.583583815,1.696803029,1.754569755,0.871984264,0.901670489,0.355557713,0.360285759,0.727793807,0.742627152,0.04876161,0.053507055,345.078311,19.50793651,17.68912416,0.524448334,0.048501183,0.019768637,0.407590813,0.154805238,0.069105679,0.446404006,4.388378132,1.708431679,0.38930822,13.03156364,7.723759445,0.592696292,3.179353424,1.915220257,0.602393003,0.048227883,0.0197316,0.409132621,0.048243193,0.01972279,0.408820166,0.154231296,0.069002826,0.447398341,0.154189512,0.06890148,0.446862297,4.372614516,1.70881667,0.390799752,4.371951321,1.706540903,0.390338496,13.03467725,7.724701859,0.592627014,13.02844054,7.722812573,0.592765692,3.179779802,1.915425663,0.602376826,3.178925747,1.915014092,0.602409192,0.2185494,0.077354291,0.353944193,0.178191435,0.164439232,0.922823437,0.167081862,0.155957103,0.933417316,8.946648452,3.351139661,0.374569279,2.044574121,1.707984584,0.835374256,0.21628986,0.073462375,0.339647801,0.220604515,0.080671402,0.365683367,0.170147987,0.15746444,0.925455789,0.185507179,0.170175691,0.917353668,0.160415493,0.150135429,0.935916014,0.173145113,0.160807872,0.928746233,8.843075062,3.151968482,0.356433532,9.040851392,3.519639498,0.389303988,1.94278005,1.6296933,0.838846014,2.137158719,1.770663345,0.828512796,habitat_background_2024
Doriprismatica atromarginata,high.yes,yes,30cm,animals_on_background,47_DoriprismaticaAtromarginata_21_MG_D_RAW,0.227433406,0.357513161,1.571946567,2.548523481,11.04403202,1.324598385,2.163841475,1.633583054,2.728690431,12.2030573,0.11616953,0.246588532,2.122661019,4.190546417,25.83679384,0.115471875,0.239851785,2.077144635,3.976039141,23.04966106,0.653461021,1.450927333,2.220373194,4.344326141,27.19224071,0.672753091,1.472228266,2.188363438,4.211070688,25.5833967,2.601288902,0.867096301,2.090941605,0.696980535,1.013656167,0.922669605,0.811652825,0.73879824,0.782038418,0.830733923,0.038724873,2.605113542,2.597409113,0.868371181,0.865803038,2.145658425,2.036327179,0.715219475,0.678775726,1.0145395,1.01275942,0.92347365,0.921853351,0.8347372,0.788102502,0.759810543,0.717361812,0.791795328,0.772289382,0.841642097,0.819607582,0.036616785,0.04082973,618.070578,26.30988024,23.49195711,0.528291357,0.034394321,0.01565142,0.455058256,0.08573108,0.032721795,0.381679488,2.538197562,0.882357396,0.347631488,12.66134461,5.373635878,0.424412734,1.731193303,0.495203331,0.286047393,0.034281379,0.015636332,0.456117349,0.034205061,0.015621588,0.456704009,0.085460635,0.03274327,0.383138624,0.085284312,0.032754116,0.384057929,2.530928489,0.882873752,0.348833938,2.526173679,0.883105879,0.349582408,12.65510847,5.372725399,0.424549929,12.66759854,5.374537899,0.42427441,1.730706567,0.495013561,0.286018191,1.731681427,0.495392849,0.286076204,0.245276163,0.057802882,0.235664491,0.199241175,0.169712573,0.851794681,0.184243388,0.141919237,0.770281304,10.04583161,2.568625541,0.255690682,1.489271671,0.204308289,0.137186715,0.245369841,0.061369697,0.250111001,0.24519228,0.054410737,0.221910483,0.193894284,0.17118318,0.882868623,0.204029007,0.168168564,0.824238506,0.179909395,0.143312974,0.796584157,0.188124228,0.140489417,0.746790661,10.05408136,2.733046366,0.271834518,10.03844443,2.411866928,0.240263015,1.493695575,0.221080483,0.148009063,1.485310319,0.187891821,0.126500044,habitat_background_2024
Doriprismatica atromarginata,high.yes,yes,30cm,animals_on_background,47_DoriprismaticaAtromarginata_48_NF_D_RAW,0.240073854,0.427050655,1.778830336,5.424268775,52.57193081,1.000531173,1.686491541,1.685596197,3.788596205,24.21745251,0.120175986,0.281096153,2.339037624,7.86921826,108.1185032,0.123623031,0.28716565,2.322913846,7.233090105,89.19884731,0.495587488,1.108731847,2.237207101,5.63394047,49.60605371,0.506568869,1.136652468,2.243826135,5.378149265,45.3020466,3.722823216,0.744564643,2.53932843,0.253932843,1.411673965,0.877122351,1.13791825,0.584774303,0.499248743,0.730948327,0.05160207,3.734459313,3.711094901,0.746891863,0.74221898,2.508876083,2.556945916,0.250887608,0.255694592,1.414119034,1.409196592,0.726713428,0.724183793,1.118105173,1.148348438,0.694717804,0.713509001,0.498889735,0.498956786,0.710715616,0.718846397,0.050390649,0.052811366,337.9901995,18.84495192,17.93531769,0.512365791,0.052109554,0.028842774,0.553502608,0.109015965,0.031078586,0.285082883,2.878900519,0.988637116,0.343407877,14.26544725,8.445535088,0.592027361,3.047177185,1.97008797,0.646528853,0.052411949,0.029263388,0.558334289,0.052142497,0.029023396,0.556616909,0.109236201,0.031614943,0.289418182,0.109217151,0.031381976,0.287335605,2.885577598,1.00731136,0.349084828,2.883144029,0.999987806,0.346839352,14.26010867,8.439828167,0.591848797,14.27079008,8.451238484,0.592205367,3.047591431,1.968639382,0.645965651,3.046762609,1.971536538,0.647092272,0.183688551,0.080501187,0.438248256,0.069195802,0.084424795,1.220085504,0.083768647,0.069163334,0.825647026,7.498104751,3.547465899,0.473115009,1.432151652,1.038211029,0.72493093,0.182310125,0.07667227,0.420559581,0.185001488,0.083961486,0.453842219,0.065481635,0.080975147,1.236608505,0.072733509,0.087413266,1.201829341,0.080856106,0.062924701,0.778230661,0.086542814,0.074498724,0.860830858,7.433481398,3.363809203,0.452521372,7.559657847,3.712741672,0.491125623,1.398380053,0.982387634,0.70251834,1.464318761,1.087586907,0.742725516,habitat_background_2024
Doriprismatica atromarginata,high.yes,yes,30cm,animals_on_background,47_DoriprismaticaAtromarginata_16_MG_D_RAW,0.216608271,0.44585469,2.058345644,4.924918476,39.79289138,1.185194737,1.827826609,1.542216273,2.630601938,12.48750664,0.106644916,0.277024727,2.597636514,6.797209583,72.98126922,0.111998637,0.303676734,2.711432415,7.469539536,88.35280705,0.589337884,1.207390233,2.048723261,4.358155182,30.46275254,0.598647852,1.223997683,2.044603817,3.957674639,23.39501063,2.42961796,0.34708828,3.648220616,0.173724791,1.214987721,0.624380176,1.53816282,0.790459324,0.260406536,0.70741975,0.040944703,2.428769791,2.430464668,0.346967113,0.347209238,3.746956723,3.549491516,0.178426511,0.169023406,1.215517312,1.214444071,0.624652332,0.624100795,1.545461951,1.529214871,0.794210335,0.785860987,0.262696812,0.258116322,0.709431333,0.704980891,0.039201419,0.04268348,549.7007121,24.50928074,22.4282678,0.522167891,0.024365769,0.011653154,0.478259234,0.057358232,0.052147576,0.909155916,1.652139671,1.415343891,0.856673268,16.18078542,9.140050557,0.564870636,3.533587267,3.089270323,0.874258958,0.024198203,0.011578146,0.478471319,0.024191764,0.011542304,0.477117111,0.056599671,0.051816753,0.915495654,0.056556499,0.051461735,0.909917254,1.630698816,1.405840175,0.862109031,1.629409725,1.395132405,0.856219515,16.18371779,9.14120645,0.564839709,16.17785,9.138892212,0.56490153,3.534527414,3.090178902,0.874283473,3.53264614,3.088360195,0.874234235,0.240431577,0.073362709,0.30512926,0.471351742,0.307372088,0.652107673,0.45982264,0.308320469,0.670520419,9.867806944,3.20575707,0.324870266,1.874823154,1.526190923,0.814045271,0.240032045,0.073497605,0.306199138,0.240797566,0.073236688,0.304142146,0.467721042,0.314179232,0.671723535,0.474677633,0.300956514,0.634022952,0.456165745,0.314925743,0.690375696,0.463172527,0.302097711,0.652235817,9.850985769,3.211171066,0.325974592,9.883215928,3.200699049,0.32385198,1.869285657,1.538474858,0.823028226,1.87989576,1.514830123,0.805805383,habitat_background_2024
Doriprismatica atromarginata,high.yes,yes,30cm,animals_on_background,47_DoriprismaticaAtromarginata_15_MG_D_RAW,0.217120719,0.355068795,1.635351971,3.228832846,17.07762426,1.166794075,2.010851499,1.723398792,3.99257704,26.33510314,0.112268963,0.242726653,2.162010278,4.886946808,36.17406079,0.108003349,0.229946116,2.129064679,4.795422662,34.81401915,0.60007444,1.380721461,2.300916966,5.604228111,46.25769207,0.570353437,1.288691323,2.259460959,6.239328585,65.8500161,2.966079283,0.494346547,2.721780584,0.181452039,1.283599212,0.716390361,1.351750684,0.615208249,0.337899293,0.665799305,0.052130874,2.963735885,2.968402126,0.493955981,0.494733688,2.761894257,2.677248587,0.184126284,0.178483239,1.282767003,1.284424267,0.583812423,0.617677507,1.361088604,1.338831259,0.759638014,0.747215953,0.339041132,0.336608463,0.671725218,0.68244673,0.05342595,0.050837295,330.7962477,17.71749599,18.67059815,0.486903654,0.037395396,0.027985116,0.748357254,0.06645724,0.040601175,0.61093683,1.832202396,1.107487093,0.604456743,19.45507224,10.82396771,0.556357107,2.531268732,1.363187497,0.538539224,0.037076495,0.027744496,0.748304185,0.037139297,0.027787455,0.748195493,0.066050221,0.040500074,0.6131709,0.066175163,0.040503159,0.612059825,1.820351719,1.105246758,0.607161103,1.823947563,1.105144462,0.605908023,19.46160613,10.8267043,0.556310935,19.4485637,10.82123634,0.556402854,2.531475785,1.363064136,0.538446445,2.531062482,1.363310331,0.538631638,0.21841322,0.072834683,0.333471951,0.356472917,0.226125617,0.634341647,0.373772418,0.239390971,0.640472544,8.947073398,3.30810236,0.369741279,1.508627064,0.6766155,0.448497522,0.218270857,0.07011252,0.321217964,0.21856266,0.076183965,0.348568071,0.352472602,0.226962854,0.643916299,0.360672067,0.226937346,0.629206879,0.369543936,0.24017819,0.649931351,0.378211077,0.24035628,0.635508303,8.934890968,3.169790532,0.354765441,8.959861357,3.474523766,0.387787671,1.501357294,0.671952279,0.447563202,1.516258179,0.686768822,0.452936598,habitat_background_2024
Doriprismatica atromarginata,high.yes,yes,30cm,animals_on_background,47_DoriprismaticaAtromarginata_31_NF_D_RAW,0.202622159,0.382816487,1.889312049,2.087700384,9.862237491,1.075007854,2.125290327,1.976999814,2.761586351,16.17099029,0.098000545,0.23395435,2.387276016,3.861899122,25.4833469,0.107415795,0.25075706,2.334452393,3.685213865,23.85996477,0.519971025,1.302991494,2.505892507,4.656376212,37.24001414,0.555036773,1.375131534,2.477550319,4.922780183,43.25835735,1.271081684,0.423693895,2.572282268,0.857427423,0.437234409,0.39798791,1.014371875,0.923321071,0.640560659,0.66065449,0.016401112,1.269078739,1.273080672,0.423026246,0.424360224,2.500988499,2.626971559,0.833662833,0.875657186,0.434977004,0.439471146,0.395933132,0.400023876,1.001744752,1.022391701,0.911827368,0.930621031,0.62834454,0.650008705,0.65388025,0.665322454,0.017835322,0.014967648,3624.100915,55.06851312,65.81076389,0.455566202,0.045925637,0.012605236,0.274470575,0.097219336,0.037020274,0.380791264,2.818362315,1.064512587,0.377706082,18.19091783,5.507907302,0.302783364,2.578610107,0.657982632,0.255169492,0.046152635,0.012314112,0.266812761,0.04611342,0.01236035,0.268042367,0.097894123,0.036144483,0.369220151,0.097776551,0.036286966,0.371121353,2.837690781,1.039523646,0.366327316,2.834332226,1.043558258,0.368184876,18.1963764,5.503016629,0.302423763,18.18547798,5.512768821,0.303141266,2.579464684,0.656317796,0.254439535,2.577758461,0.659635927,0.255895165,0.375757253,0.135929411,0.361747937,0.633447998,0.162963305,0.257263904,0.624469645,0.163328458,0.261547473,16.05049994,6.333372563,0.394590361,2.28311645,0.999562122,0.437806018,0.369579143,0.133619355,0.361544631,0.383115209,0.138090528,0.360441259,0.62436529,0.158135859,0.253274584,0.64426525,0.167571647,0.260097293,0.615259916,0.158373858,0.257409681,0.635438177,0.168055033,0.264471099,15.75107878,6.211387442,0.394346795,16.40710222,6.44850469,0.393031299,2.257809065,1.004156651,0.444748259,2.313256844,0.992800758,0.429178783,habitat_background_2024
Doriprismatica atromarginata,high.yes,yes,30cm,animals_on_background,47_DoriprismaticaAtromarginata_19_MG_D_RAW,0.229078221,0.440043909,1.920932982,2.19899052,11.2979708,0.751579756,1.428252075,1.900333349,2.072692178,10.74315056,0.116951796,0.28169738,2.408662287,3.783728979,24.94050934,0.115575462,0.28342045,2.452254524,4.108988359,29.84809528,0.38084308,0.924065608,2.426368382,3.80766576,26.55638949,0.371591347,0.901052949,2.424849115,3.707166824,24.65149968,1.978875027,0.494718757,1.107511706,0.184585284,0.724029019,0.522276538,0.234138716,0.213122244,0.339652021,0.367699391,0.027072189,1.978262927,1.979485211,0.494565732,0.494871303,1.116425758,1.098177905,0.18607096,0.183029651,0.723601192,0.724455124,0.658650189,0.659427471,0.248152178,0.218970142,0.179003958,0.157953569,0.340318346,0.338950477,0.418827074,0.40869052,0.027831498,0.026313024,1292.568502,34.9305136,37.00399361,0.485587724,0.041903937,0.01004096,0.239618536,0.110350485,0.005449303,0.049381778,2.967360591,0.27839753,0.093819919,14.3673768,7.188837003,0.500358354,2.957096846,1.10631558,0.374122201,0.041913571,0.009918135,0.236633021,0.041913794,0.009951621,0.237430681,0.110338852,0.005303857,0.048068809,0.110341834,0.005345699,0.048446707,2.968439728,0.27605713,0.092997384,2.968234249,0.276706123,0.093222468,14.36610848,7.187756913,0.500327345,14.3686429,7.189914746,0.500389271,2.956850219,1.106099327,0.374080269,2.957343041,1.10653134,0.374164013,0.187193307,0.04732663,0.252822231,0.025210925,0.056061081,2.22368208,0.080075222,0.047780249,0.596692066,7.594409236,2.06910985,0.272451719,2.068892484,0.261778988,0.126530977,0.18785341,0.049078993,0.261262186,0.186495243,0.045384302,0.243353669,0.026024624,0.058099875,2.232496246,0.024350431,0.053801006,2.209447767,0.080699837,0.049577605,0.61434578,0.079414685,0.045788963,0.57658055,7.62310887,2.145854468,0.281493352,7.564059145,1.984048652,0.262299463,2.072494341,0.271046323,0.13078266,2.065083492,0.251523477,0.121798212,habitat_background_2024
Doriprismatica atromarginata,high.yes,yes,30cm,animals_on_background,47_DoriprismaticaAtromarginata_18_MG_D_RAW,0.196342685,0.302773233,1.542065259,2.260967042,9.513666036,0.892935076,1.537755631,1.722135989,3.300677897,19.91626177,0.09946409,0.20693128,2.080462204,3.811373575,22.20138341,0.100479325,0.204060402,2.030869559,3.585375998,19.4677122,0.437432521,1.027876192,2.349793724,5.290963065,45.5781261,0.457038794,1.062621139,2.325013003,5.100875825,41.97198643,1.649271181,0.329854236,1.203930044,0.120393004,0.651612588,0.404869665,0.423144523,0.236161455,0.22512362,0.32051556,0.033320652,1.648780246,1.649762286,0.329756049,0.329952457,1.195709116,1.211805563,0.119570912,0.121180556,0.651194205,0.652028805,0.363438406,0.405128275,0.411547806,0.432163067,0.255709029,0.268518011,0.22466348,0.225566507,0.309573717,0.336823143,0.032550761,0.034089469,842.1388436,29.72124756,28.33457249,0.511942602,0.047899874,0.011240717,0.234671112,0.135029999,0.011280158,0.083538166,3.935001673,0.325166122,0.082634303,12.93782654,5.600188553,0.432853891,2.059774139,0.633204426,0.307414495,0.047703854,0.011025991,0.231134186,0.047711794,0.011032698,0.231236293,0.1348823,0.011009553,0.081623408,0.134876648,0.011042449,0.081870724,3.930570299,0.319004634,0.081159885,3.930432651,0.320210663,0.081469571,12.93880342,5.600015799,0.432807859,12.93684947,5.600361122,0.432899922,2.059794592,0.633190386,0.307404626,2.059753681,0.633218467,0.307424365,0.184709227,0.041181181,0.222951404,0.063986877,0.040412336,0.631572247,0.074140368,0.035696508,0.481471955,7.489487095,1.779007826,0.237534,1.327788308,0.239060491,0.18004413,0.184075824,0.040349064,0.219198065,0.185313197,0.042813586,0.231033662,0.063469315,0.03876905,0.610831385,0.064480389,0.042776422,0.663402053,0.073595933,0.03408973,0.463201279,0.074659505,0.037921225,0.507922274,7.462898441,1.749214371,0.234388071,7.514840217,1.843773828,0.245351035,1.323516335,0.227076602,0.171570683,1.331861769,0.255023857,0.191479223,habitat_background_2024
Doriprismatica atromarginata,high.yes,yes,30cm,animals_on_background,47_DoriprismaticaAtromarginata_17_MG_D_RAW,0.188155328,0.325630094,1.730645092,2.827980259,16.61093406,0.857841025,1.498892184,1.747284333,3.15554437,21.11066655,0.098124145,0.21899018,2.231766508,4.690598405,37.84130742,0.092866095,0.202608108,2.181723144,4.670955047,40.77592073,0.446196076,1.017353907,2.280060184,5.434695212,54.21912666,0.412050725,0.911993357,2.213303612,4.619700223,37.99081524,2.008162668,0.669387556,1.106665395,0.368888465,0.751463461,0.684011519,0.213342571,0.194192777,0.519138011,0.439102148,0.036127072,2.007566291,2.00875681,0.669188764,0.669585603,1.111054154,1.102107615,0.370351385,0.367369205,0.751100017,0.751825129,0.683680699,0.684340724,0.221824039,0.204100607,0.201912941,0.185780378,0.519770074,0.518477404,0.44279682,0.435060551,0.03692606,0.035329315,712.148441,26.08114559,27.30510585,0.488536746,0.03584147,0.011461628,0.319786777,0.078704816,0.020870037,0.265168484,2.262596339,0.675365267,0.298491276,13.43277552,8.489228862,0.631978763,2.174167201,1.110485221,0.510763487,0.035848482,0.011309962,0.315493464,0.035854419,0.011348201,0.316507734,0.078797444,0.020781546,0.263733752,0.078794759,0.020799391,0.26396922,2.266104889,0.673518905,0.297214356,2.265914759,0.673826876,0.297375209,13.4315256,8.488361891,0.631973027,13.43402146,8.490092703,0.631984453,2.174043673,1.110429627,0.510766936,2.174290333,1.110540615,0.510760039,0.181106785,0.065492871,0.36162572,0.21162203,0.015643537,0.073922061,0.245535962,0.035101322,0.142957968,7.359982003,2.90045775,0.394084897,1.349089085,0.438421728,0.324976114,0.181701905,0.067491331,0.371439867,0.180485725,0.063331161,0.350892906,0.211769465,0.017031119,0.080422919,0.211468169,0.014047625,0.06642903,0.245551155,0.035682901,0.145317585,0.245520107,0.034483927,0.140452556,7.387181332,2.996031086,0.405571618,7.331597149,2.796815752,0.381474281,1.352671307,0.448822827,0.331804796,1.345350726,0.427249356,0.317574702,habitat_background_2024
Glossodoris vespa,high.yes,yes,30cm,animals_on_background,54_GlossodorisVespa_15_OI_D_RAW,0.175210526,0.361278657,2.06196891,2.852473497,15.70058161,1.362774975,2.486633311,1.82468372,2.164956466,10.38285144,0.088226279,0.230457936,2.612123498,4.744512771,37.07654682,0.089140182,0.236388435,2.651872935,4.898935622,38.94003812,0.682899193,1.607208405,2.353507547,3.884658709,25.67222815,0.680993861,1.604180544,2.355646115,4.023993159,27.93480334,2.9760555,0.5952111,2.206197729,0.220619773,1.146973414,0.712654651,0.986758247,0.507093428,0.407915436,0.609874039,0.041331933,2.976854674,2.975255077,0.595370935,0.595051015,2.199611365,2.212422838,0.219961136,0.221242284,1.147349307,1.146596862,0.589620907,0.589234227,0.979295519,0.991796111,0.608470517,0.616237571,0.407666036,0.40814665,0.599045712,0.602735899,0.04155507,0.041108868,537.9933685,23.06445216,23.3256513,0.497184754,0.021892124,0.012573446,0.574336503,0.042306212,0.038095185,0.900463149,1.241950753,1.126688002,0.907192173,22.26394984,12.06369548,0.541848844,2.507615989,1.257432796,0.501445517,0.02183639,0.012473074,0.57120585,0.021837703,0.012452629,0.570235322,0.042220919,0.038059037,0.901426082,0.042241128,0.038045155,0.900666162,1.239428592,1.125552555,0.908122148,1.240024823,1.125138017,0.907351204,22.26582712,12.06551535,0.541884893,22.26207404,12.06187642,0.541812789,2.507644667,1.257640479,0.501522602,2.507587335,1.257225243,0.501368477,0.296509239,0.041499086,0.139958829,0.571880402,0.139447737,0.243840733,0.5783263,0.144412387,0.249707452,12.25571081,1.971622706,0.160873795,1.413289456,0.688883765,0.487432891,0.29651086,0.042013925,0.141694388,0.2965076,0.040972259,0.13818283,0.575002572,0.138746376,0.241296965,0.568725385,0.140070458,0.246288388,0.581445078,0.143769069,0.247261649,0.575174709,0.144980085,0.252062691,12.25633084,1.99222962,0.162546985,12.25508426,1.950577614,0.159164766,1.403410187,0.67930358,0.4840378,1.423272666,0.698265634,0.490605666,habitat_background_2024
Glossodoris vespa,high.yes,yes,30cm,animals_on_background,54_GlossodorisVespa_18_MG_D_RAW,0.235225685,0.434706095,1.848038386,2.824185075,17.37927743,1.272141753,2.300740641,1.808556819,2.51630446,14.29587789,0.112245609,0.261840971,2.332750239,4.809591355,42.61833564,0.126772332,0.296150569,2.336082051,4.617284528,38.80089886,0.59042359,1.353382629,2.292223164,4.113438451,29.69161322,0.683509952,1.598157102,2.338162155,4.456159386,36.38154129,3.079708055,0.615941611,2.711857771,0.271185777,1.225411808,0.761391166,1.19228198,0.612711733,0.443563694,0.687051449,0.061712598,3.079391321,3.080018641,0.615878264,0.616003728,2.665075633,2.751257619,0.266507563,0.275125762,1.225326754,1.225496178,0.629693388,0.629780454,1.167190036,1.211385014,0.725215944,0.752675829,0.441192914,0.445564745,0.677454666,0.691228142,0.057764779,0.065659974,232.1135358,16.31158715,14.22997859,0.534078288,0.029332398,0.012784778,0.43585859,0.065808027,0.03153444,0.47918835,1.928287792,0.998671073,0.517905614,16.33126532,10.35514327,0.634068645,2.190845227,0.95618179,0.436444245,0.029349694,0.012692511,0.432458037,0.029357303,0.012689423,0.43224075,0.065959964,0.031493101,0.477457822,0.065985441,0.031511895,0.477558303,1.933228064,0.997244834,0.515844381,1.934135716,0.997828663,0.51590416,16.33134525,10.35609157,0.634123608,16.33118473,10.35418697,0.634013217,2.190747637,0.956363584,0.436546669,2.190943631,0.955998433,0.436340954,0.201790453,0.052610941,0.260720663,0.298802665,0.106741166,0.357229631,0.320400024,0.099051038,0.309148036,8.212778832,2.313880687,0.281741507,1.336742002,0.613809547,0.459183257,0.200225278,0.047886025,0.239160734,0.20316727,0.056399306,0.277600351,0.294845182,0.104907171,0.355804258,0.302283893,0.108189251,0.357906106,0.316876444,0.096490429,0.304504898,0.323499567,0.101131632,0.31261752,8.141722694,2.091064616,0.256833191,8.27528389,2.491521911,0.301079932,1.334167128,0.603722162,0.452508647,1.339007009,0.622537604,0.464924828,habitat_background_2024
Glossodoris vespa,high.yes,yes,30cm,animals_on_background,54_GlossodorisVespa_14_MG_D_RAW,0.261554936,0.464067227,1.774262929,1.909469799,8.493512388,0.96010222,1.821727104,1.897430364,4.763095519,86.89899423,0.133357711,0.303606436,2.276632032,3.561983752,21.57970374,0.131802067,0.294659627,2.235622204,3.446019084,20.90043939,0.484242233,1.195104454,2.467988897,7.23058068,159.4447873,0.469557899,1.109852034,2.363610613,7.26254841,226.4422933,2.376408173,0.297051022,1.926132534,0.068790448,0.978141774,0.470386762,0.805741492,0.449692889,0.182920735,0.460039826,0.043611352,2.374711064,2.37810399,0.296838883,0.297262999,1.932289912,1.919141691,0.069010354,0.068540775,0.97816897,0.978036625,0.607770553,0.607688322,0.822409995,0.786251221,0.395495607,0.378106913,0.182924618,0.182901887,0.50163308,0.492897617,0.042835006,0.044387097,481.0755013,22.3453919,21.52906977,0.509302931,0.040918887,0.010573273,0.258395919,0.14486215,0.032132239,0.22181252,4.33458339,1.057739793,0.244023404,65.2726243,55.54907843,0.851031792,2.181510384,0.952307939,0.436536056,0.041030805,0.01031093,0.251297273,0.041053705,0.010325964,0.251523308,0.145265179,0.031698728,0.218212842,0.145263592,0.031750925,0.218574557,4.34793318,1.046305836,0.240644415,4.347934982,1.047736294,0.240973312,65.2760438,55.55068451,0.851011815,65.26920189,55.5474707,0.851051784,2.181218649,0.952044585,0.436473705,2.181802367,0.952571341,0.436598363,0.179770278,0.033762243,0.187807705,0.173687669,0.136431844,0.785501036,0.19682252,0.12214973,0.620608507,7.279397138,1.445898186,0.198628837,1.745238935,0.399695948,0.229020761,0.180635816,0.03685332,0.204020005,0.178935652,0.031951953,0.178566726,0.172475181,0.139459211,0.808575531,0.174856854,0.139025938,0.795084296,0.195851089,0.125388377,0.640223027,0.197759257,0.123961454,0.626830096,7.316405533,1.572724995,0.214958696,7.243710471,1.374524199,0.18975416,1.749112305,0.425838159,0.243459586,1.741503898,0.389853999,0.223860537,habitat_background_2024
Glossodoris vespa,high.yes,yes,30cm,animals_on_background,54_GlossodorisVespa_13_OI_D_RAW,0.239397193,0.367656863,1.535760958,2.838359677,13.26989516,1.057530977,1.702487787,1.609870372,3.030623136,14.54143376,0.120650422,0.25089355,2.079508267,4.418755144,29.24872286,0.123569784,0.253261473,2.049542086,4.349877127,27.71101644,0.526517781,1.149718038,2.18362623,4.555063029,29.87237132,0.533401113,1.166691671,2.18726891,4.649828407,31.23593952,2.082886638,0.520721659,2.796456731,0.466076122,0.998958973,0.720596578,1.109320801,0.689259767,0.493398891,0.704928173,0.041858269,2.085006194,2.080768351,0.521251549,0.520192088,2.757857054,2.832035306,0.459642842,0.472005884,0.999757035,0.998159273,0.721172259,0.620191227,1.102771863,1.114550279,0.795481749,0.80397808,0.490447195,0.496098986,0.758327004,0.712084654,0.041976258,0.041740256,523.9630813,22.82299042,22.95768747,0.498528888,0.036018396,0.013522493,0.375432968,0.086741627,0.024773353,0.285599361,2.242916063,0.690041999,0.307653956,12.02681924,5.368911796,0.446411615,2.10573982,0.763264086,0.362468373,0.036025777,0.013425432,0.37266184,0.035999325,0.013406097,0.372398582,0.086986449,0.02440597,0.280572098,0.086966793,0.024413148,0.280718046,2.248895494,0.680109823,0.302419488,2.248227717,0.680100596,0.302505209,12.02669717,5.371398814,0.446622937,12.0269413,5.366423713,0.446200208,2.106167183,0.763776215,0.362637981,2.105312472,0.762751313,0.362298387,0.254271838,0.042046982,0.165362324,0.243940044,0.242931557,0.995865838,0.266325141,0.241625435,0.907257325,10.41533857,1.801647508,0.172980215,1.82201233,0.507115073,0.278326916,0.253355998,0.043241874,0.17067634,0.255193049,0.04220043,0.165366689,0.249285806,0.251409705,1.008519936,0.23856293,0.242284102,1.015598284,0.272135289,0.249280341,0.916016231,0.260480917,0.241711412,0.92794288,10.37583176,1.849579153,0.178258399,10.45507709,1.811359869,0.173251699,1.816584982,0.528312449,0.290827269,1.827471511,0.502554747,0.275000045,habitat_background_2024
Glossodoris vespa,high.yes,yes,30cm,animals_on_background,54_GlossodorisVespa_19_MG_D_RAW,0.261434501,0.471913555,1.805092876,1.786803561,8.348952349,1.450957734,2.621646684,1.806838768,1.962587764,10.42087811,0.12454158,0.281461897,2.259983354,3.336835328,21.08062069,0.139984128,0.319396618,2.281663084,3.598564796,23.55236028,0.714716148,1.635486788,2.288302555,3.753374658,27.80570735,0.733922681,1.713528556,2.33475351,3.953855859,29.65064442,3.544492322,0.59074872,3.227255724,0.215150382,1.378502056,0.769356646,1.365946781,0.621669171,0.402949551,0.695512908,0.060390403,3.544593713,3.544370785,0.590765619,0.590728464,3.266214078,3.186907792,0.217747605,0.212460519,1.378205672,1.378787648,0.662776829,0.663056701,1.374231641,1.354351884,0.766973282,0.755878179,0.404256612,0.401594492,0.714875056,0.70946744,0.059368986,0.061404016,242.1818409,15.8438114,15.28557964,0.508966313,0.059289699,0.027670964,0.466707777,0.134783344,0.049914367,0.370330379,3.83063137,1.310720371,0.342168234,18.80639018,10.46671855,0.556551175,2.936262947,1.356522381,0.461989408,0.059382718,0.027694754,0.466377342,0.059288191,0.02765127,0.466387474,0.134974945,0.049865767,0.369444617,0.134789982,0.049852458,0.369852841,3.835406842,1.307875621,0.341000492,3.830998936,1.309157162,0.341727362,18.80952662,10.47001088,0.556633406,18.80327094,10.46344214,0.556469253,2.936952091,1.356766837,0.461964239,2.935577586,1.356278807,0.462014294,0.237481128,0.057552595,0.242345971,0.201821799,0.108285821,0.536541751,0.190980696,0.117707731,0.616333138,9.720100284,2.50259039,0.257465491,1.792299482,0.348014843,0.194172261,0.237857049,0.058111034,0.244310751,0.237120443,0.057905489,0.244202856,0.204930383,0.113948301,0.556034198,0.198839198,0.10422267,0.524155554,0.194300196,0.123748432,0.636892986,0.187795728,0.113414787,0.603926342,9.735950109,2.52273974,0.259115927,9.704892819,2.521916061,0.259860269,1.783217401,0.329248084,0.184637097,1.801013486,0.369998661,0.20543914,habitat_background_2024
Glossodoris vespa,high.yes,yes,30cm,animals_on_background,54_GlossodorisVespa_12_OI_D_RAW,0.307726748,0.508124369,1.651219379,1.960784212,8.369417229,1.4153333,2.377909422,1.680105613,2.244759841,10.6525664,0.162580072,0.340936427,2.097037,3.395466343,19.28918072,0.14915433,0.315069438,2.112372046,3.507657319,21.10163545,0.740255953,1.59601469,2.156030874,3.815584947,24.81153518,0.675603279,1.453371352,2.151220098,3.819602189,25.00693958,3.804076693,0.760815339,3.657549186,0.365754919,1.417107186,0.880498201,1.488573107,0.764975252,0.563285129,0.822736726,0.062669727,3.80309182,3.805024348,0.760618364,0.76100487,3.685504305,3.612569486,0.36855043,0.361256949,1.416945825,1.417262613,0.728166111,0.728328908,1.498356202,1.474055616,0.930981053,0.91588225,0.564584397,0.561130909,0.829573582,0.822105579,0.065889101,0.05944912,224.2960977,14.17701683,15.82110682,0.472596786,0.048419877,0.028286424,0.58419034,0.131537784,0.061143138,0.46483327,3.598436931,1.451549716,0.403383398,16.07353883,9.564171055,0.595025847,3.207639181,1.687469231,0.526078257,0.048614689,0.028418445,0.584564991,0.048706896,0.028472569,0.584569561,0.131947156,0.061376002,0.465155925,0.132148695,0.061463196,0.465106338,3.606991721,1.455652784,0.403564215,3.611385097,1.457040481,0.403457522,16.07264648,9.566630111,0.595211879,16.0744254,9.561727173,0.594840993,3.207469703,1.687816297,0.52621426,3.207807564,1.687124318,0.52594312,0.218373384,0.09407734,0.430809552,0.232320273,0.133426513,0.574321438,0.21909495,0.127984275,0.584149816,8.974666536,4.161968681,0.463746331,1.939108168,0.930034298,0.479619607,0.221047883,0.097684591,0.441915974,0.215408029,0.089800188,0.416884127,0.229725297,0.13340987,0.580736522,0.235197458,0.133376123,0.567081481,0.216037832,0.127116862,0.588400932,0.222484534,0.128840301,0.579097789,9.09635023,4.333034468,0.476348685,8.839749545,3.958579396,0.447815787,1.960774191,0.961651102,0.490444594,1.915085931,0.892955745,0.466274505,habitat_background_2024
Glossodoris vespa,high.yes,yes,30cm,animals_on_background,54_GlossodorisVespa_11_OI_D_RAW,0.231480864,0.417673307,1.804353501,1.456476993,6.455356198,1.214179947,2.223922128,1.831624822,1.470689183,6.108625339,0.118813942,0.267928173,2.255022998,2.944339679,17.02259933,0.116212143,0.261399734,2.249332361,3.137776139,19.55494776,0.61592452,1.430177849,2.32200181,2.958899425,16.04270918,0.599095807,1.38684437,2.314895804,3.15711018,18.58805861,1.941978289,0.485494572,1.259850779,0.20997513,0.750829867,0.541609263,0.425049451,0.386896683,0.347734851,0.464252973,0.025646289,1.942356132,1.941601514,0.485589033,0.485400379,1.232050035,1.290479298,0.205341673,0.215079883,0.751350051,0.750310075,0.683908289,0.682961662,0.396630906,0.454143323,0.286108721,0.32759516,0.345465353,0.350240131,0.485008505,0.505278411,0.02662456,0.024669197,1445.422695,36.55930569,39.53638254,0.480438597,0.053995996,0.024765862,0.458661083,0.123468748,0.024103918,0.195222823,3.510230074,0.698189779,0.198901429,19.39408743,8.268289231,0.426330409,2.504845552,0.505563638,0.201834256,0.053859641,0.024607334,0.456878912,0.05386712,0.024578957,0.456288687,0.123418962,0.023957426,0.194114626,0.123451092,0.023899955,0.193598569,3.508914003,0.693776746,0.197718367,3.509861584,0.692113951,0.197191238,19.39553072,8.27058073,0.42641683,19.39264877,8.266004116,0.426244203,2.504820902,0.505556208,0.201833276,2.504870124,0.505571042,0.201835232,0.337947581,0.007151964,0.021162938,0.179783402,0.159529295,0.887341618,0.184571125,0.161516922,0.875093123,14.07155685,0.326212509,0.023182404,2.242257034,0.076403377,0.034074317,0.337849314,0.007017665,0.020771581,0.338053509,0.00729174,0.02156978,0.17499066,0.150049704,0.857472641,0.184949799,0.168925707,0.913359779,0.179680198,0.152240242,0.847284475,0.189843361,0.170718735,0.899261027,14.06709683,0.320099773,0.022755212,14.07636458,0.332575573,0.023626525,2.239986144,0.071810065,0.032058263,2.244704968,0.080956877,0.036065709,habitat_background_2024
Glossodoris vespa,high.yes,yes,30cm,animals_on_background,54_GlossodorisVespa_5_MG_D_RAW,0.19292778,0.37506345,1.944061402,2.462810811,11.79754972,1.13171302,2.085576076,1.842848884,2.434021095,12.9484046,0.095795427,0.235354024,2.456839857,4.225571374,28.68311727,0.099306258,0.251482616,2.532394445,4.337634152,29.26631033,0.562924244,1.326720265,2.35683625,4.188288991,30.65966791,0.568573866,1.380262062,2.427586184,4.416243309,33.05659016,3.017376178,0.754344045,2.291823455,0.381970576,1.124115077,0.810877623,0.955049318,0.593405506,0.56815731,0.702141564,0.060117725,3.016929622,3.017820975,0.754232406,0.754455244,2.270896024,2.308872848,0.378482671,0.384812141,1.123902491,1.124327009,0.698319881,0.698583648,0.939508477,0.968563845,0.67771211,0.698671128,0.566357538,0.569633693,0.688015996,0.698627388,0.059707638,0.060527507,244.4355095,15.74827586,15.521414,0.503627504,0.024536718,0.008480103,0.345608669,0.049490174,0.031097664,0.628360361,1.40377876,0.957596246,0.682156101,13.19522837,8.340225408,0.632063741,1.546609601,0.521923233,0.337462817,0.024527076,0.00844797,0.344434449,0.024535222,0.008463962,0.344971915,0.049505579,0.03128053,0.631858671,0.04952283,0.031291699,0.631864103,1.405429903,0.963299468,0.685412674,1.406038925,0.963686022,0.685390713,13.19489632,8.340672258,0.632113512,13.19556047,8.339778458,0.632013962,1.546500308,0.52194545,0.337501032,1.546718908,0.521900981,0.337424582,0.179758303,0.052743668,0.293414364,0.382312979,0.147375874,0.385484882,0.403188549,0.116515749,0.288985758,7.293421051,2.285343115,0.313343094,1.151987459,0.376959415,0.327225277,0.17832771,0.050144037,0.281190382,0.181168473,0.055141081,0.304363556,0.377853576,0.146038394,0.386494672,0.38670872,0.148518771,0.3840585,0.399597217,0.114443255,0.286396526,0.406728611,0.118389993,0.291078596,7.231681111,2.168004575,0.299792613,7.354279591,2.393440223,0.325448631,1.152137399,0.367746192,0.319186055,1.151839658,0.385825783,0.334964837,habitat_background_2024
Glossodoris vespa,high.yes,yes,30cm,animals_on_background,54_GlossodorisVespa_16_OI_D_RAW,0.234563436,0.426814118,1.819610612,2.274382181,14.32340695,0.990455184,1.805524693,1.822924169,2.336653555,13.23144757,0.119784016,0.275035364,2.29609403,3.783100942,29.08270714,0.11783202,0.273266366,2.319118056,4.331291747,40.92135118,0.502432068,1.159606227,2.307986097,4.063820698,31.50923819,0.489194639,1.156347449,2.363777846,4.317054482,34.28188123,2.721368781,0.680342195,2.181004974,0.363500829,1.061534519,0.765735293,0.883540856,0.5489748,0.521921512,0.657355047,0.040117084,2.721499774,2.721237776,0.680374944,0.680309444,2.197582378,2.162735127,0.36626373,0.360455855,1.061685753,1.061383435,0.659662448,0.659474607,0.889676274,0.876072129,0.641765775,0.631952458,0.523319337,0.520382649,0.650714111,0.645713533,0.041113029,0.039123012,572.8269582,23.32318952,24.56040404,0.487081019,0.030721407,0.011041356,0.359402686,0.09803652,0.03991657,0.407160205,2.617954578,1.186573995,0.453244684,12.73193385,6.780446473,0.532554328,2.771784445,1.45248614,0.524025648,0.030616889,0.011059061,0.361207873,0.030613461,0.011050083,0.360955053,0.097420799,0.0398944,0.409505984,0.097426849,0.039890334,0.409438818,2.601113412,1.187698887,0.456611727,2.601152073,1.187393413,0.456487502,12.7323802,6.780613248,0.532548757,12.73148926,6.780280313,0.532559874,2.771829109,1.452452346,0.524005012,2.771739958,1.452519799,0.524046202,0.189942178,0.044126591,0.232315914,0.228280407,0.175629932,0.769360517,0.227253014,0.204991302,0.902039968,7.706668793,1.881322959,0.244116234,1.737904225,0.455061919,0.261845223,0.190225665,0.045460751,0.238983268,0.189644832,0.042679888,0.225051682,0.226685082,0.175730698,0.775219507,0.229953725,0.175504701,0.763217472,0.225672715,0.205432005,0.910309449,0.228910573,0.204511632,0.893412783,7.719478841,1.939472064,0.251243912,7.693232476,1.818212727,0.236339241,1.733763378,0.448973462,0.258958903,1.742247513,0.461311785,0.264779707,habitat_background_2024
Glossodoris vespa,high.yes,yes,30cm,animals_on_background,54_GlossodorisVespa_6_MG_D_RAW,0.228880709,0.428439606,1.871890417,1.625358734,8.097166952,1.094128632,2.044258911,1.868389923,1.50986477,6.780041892,0.115454871,0.267269289,2.314924322,3.151260675,20.34846437,0.11670819,0.273131542,2.340294555,3.297877812,22.26522684,0.540780509,1.270965294,2.350242422,3.063725976,18.04021408,0.55403463,1.29925366,2.345076626,3.063813907,18.48641944,1.026902384,0.256725596,2.758058613,0.459676436,0.083859547,0.060491877,1.056981436,0.962105965,0.358201016,0.511298921,0.00260382,1.027137701,1.026667309,0.256784425,0.256666827,2.940407737,2.516718765,0.490067956,0.419453127,0.084417551,0.083299791,0.076840166,0.075822738,1.088751815,1.008855253,0.785368422,0.727735235,0.373426191,0.338059977,0.431104294,0.401778986,0.002496962,0.002710568,146981.6833,399.4866667,367.9263804,0.520562777,0.044931059,0.005561123,0.123770132,0.142896909,0.014326457,0.100257293,4.289533165,0.396434631,0.092419062,16.62496138,3.274578483,0.196967584,2.817883506,1.090799717,0.38709894,0.044906889,0.005300994,0.118044123,0.044914295,0.005281912,0.117599798,0.142914199,0.013817925,0.09668686,0.142939132,0.013648712,0.095486182,4.29060284,0.383336748,0.089343331,4.291375525,0.377957937,0.088073844,16.62652802,3.27957646,0.197249628,16.62339601,3.26957596,0.196685199,2.81806126,1.091039454,0.387159594,2.817705898,1.090560085,0.387038294,0.404351562,0.062320864,0.154125444,0.425936431,0.316031347,0.74196834,0.426701432,0.323046648,0.757078893,17.21394271,2.989471752,0.17366572,2.966701727,1.096377627,0.369561125,0.39703079,0.061244872,0.154257234,0.411088469,0.062162562,0.151214561,0.389406585,0.312298768,0.801986355,0.459552854,0.313842247,0.682929601,0.388296631,0.317305654,0.81717334,0.462043274,0.322230792,0.697403922,16.86238787,2.937417546,0.174199382,17.53745944,2.982156873,0.170044976,2.874111033,1.127032231,0.39213246,3.051907887,1.056691992,0.346239805,habitat_background_2024
Glossodoris vespa,high.yes,yes,30cm,animals_on_background,54_GlossodorisVespa_10_OI_D_RAW,0.258457858,0.472408573,1.827797291,1.694058656,7.184925632,1.341595407,2.497558099,1.861632864,2.111984722,10.82147681,0.129872938,0.297568257,2.291226041,3.26380517,18.96155295,0.131683691,0.306201282,2.325278693,3.395251174,20.25483514,0.665154761,1.550978357,2.331755628,3.82573941,27.46814953,0.676450181,1.642714565,2.428433922,4.108712806,29.60491511,4.915153514,0.702164788,4.33134208,0.206254385,1.704574477,0.875977998,1.713668868,0.744236933,0.454209586,0.810107466,0.059050754,4.913111492,4.917117684,0.70187307,0.702445383,4.308182739,4.344420141,0.205151559,0.20687715,1.704908587,1.704231455,0.740432392,0.740138317,1.690533966,1.731535631,0.868762603,0.889833291,0.453512315,0.454661266,0.804597497,0.814985804,0.059600582,0.0585018,253.9288887,15.77835951,16.09349112,0.495056271,0.045835855,0.033232317,0.725028844,0.099104525,0.049278064,0.497233241,2.834264147,1.405340233,0.495839541,19.80957151,12.10014749,0.610823282,2.494855088,0.920556419,0.368981919,0.046016889,0.033263247,0.722848665,0.045938071,0.03309275,0.720377445,0.099440931,0.049352011,0.496294743,0.099400888,0.049422666,0.497205476,2.842348623,1.406079674,0.494689378,2.842201951,1.408751232,0.495654868,19.81029288,12.10096541,0.610842327,19.80885213,12.09933173,0.610804283,2.494594186,0.920129624,0.368849422,2.495115271,0.920981754,0.36911391,0.207888222,0.075996226,0.365562924,0.279263357,0.182332769,0.65290617,0.277473046,0.17959986,0.647269572,8.507080207,3.407135727,0.40050589,1.570010325,0.488052792,0.310859607,0.205900695,0.070118077,0.340543176,0.209909854,0.081486445,0.388197331,0.276359865,0.181633693,0.657236146,0.282216671,0.182988595,0.648397538,0.275510677,0.178272924,0.647063576,0.279469089,0.180915321,0.647353603,8.411559705,3.118571559,0.370748312,8.604239819,3.674666196,0.427076217,1.556609256,0.47762542,0.306837068,1.583641353,0.498024484,0.314480601,habitat_background_2024
Glossodoris vespa,high.yes,yes,30cm,animals_on_background,54_GlossodorisVespa_9_MG_D_RAW,0.280544943,0.519906612,1.85320258,2.292141251,12.04151544,0.807705157,1.391123278,1.722315706,1.482057925,6.029043416,0.149037498,0.356447028,2.391660039,4.21920545,30.97737716,0.13584096,0.311548261,2.293478049,3.882999362,27.47823251,0.419725074,0.932784953,2.222371286,2.986543276,15.81610463,0.388173575,0.847541458,2.183408432,2.950519046,15.93374401,1.31276656,0.32819164,1.417976242,0.236329374,0.476107003,0.343438606,0.569427177,0.518314953,0.282260507,0.43087678,0.015264838,1.309762309,1.315769578,0.327440577,0.328942395,1.374807862,1.471939408,0.229134644,0.245323235,0.473441152,0.478755202,0.430944708,0.435781765,0.534274315,0.609403011,0.385397453,0.439591351,0.27828761,0.287132815,0.40817108,0.437686558,0.016695136,0.013833801,4198.62227,58.8976834,71.28671329,0.452417378,0.045950484,0.009008306,0.196043772,0.209274928,0.04843916,0.231461843,6.093868388,1.369057154,0.224661425,10.63372295,3.747587126,0.352424748,2.844171427,1.45419233,0.511288566,0.04603791,0.00876796,0.190450869,0.046009496,0.008830506,0.19192789,0.210198272,0.047261204,0.22484107,0.209926076,0.047615683,0.226821193,6.120213387,1.335917105,0.218279498,6.112487216,1.34588836,0.220186695,10.62711029,3.736905534,0.351638915,10.64031982,3.758197512,0.353203435,2.844728196,1.454092275,0.511153325,2.843615988,1.454291856,0.511423435,0.241460594,0.024993619,0.103510135,0.353564798,0.116254091,0.328805616,0.342839846,0.099017359,0.2888152,9.857467759,1.060641774,0.107597793,3.418714966,0.786817667,0.230150122,0.241212475,0.023906595,0.09911011,0.241760189,0.026241535,0.108543658,0.356666953,0.10864757,0.304619111,0.349819074,0.124668208,0.356379104,0.345357341,0.092656098,0.268290513,0.339800072,0.106072309,0.312160937,9.846529954,1.013936504,0.102973993,9.870674712,1.114216267,0.11288147,3.44043641,0.734748241,0.213562512,3.392487207,0.84430983,0.248876349,habitat_background_2024
Glossodoris vespa,high.yes,yes,30cm,animals_on_background,54_GlossodorisVespa_8_MG_D_RAW,0.164402644,0.30968596,1.883704257,3.122041363,14.99483437,1.485741716,2.624120842,1.766202573,3.344409456,18.41064593,0.084182247,0.211100079,2.507655547,5.083480759,36.12909278,0.082709045,0.203434151,2.459636072,4.813183714,32.01468955,0.748847997,1.79815854,2.401233022,5.501785362,45.50799199,0.739335487,1.735618827,2.347538914,5.081337381,37.64985443,4.515470901,0.752578483,4.981014331,0.332067622,1.580372502,0.882022688,1.787104543,0.776129642,0.542323053,0.829076165,0.0651829,4.513528604,4.517404178,0.752254767,0.752900696,5.073103362,4.877722294,0.338206891,0.325181486,1.580080624,1.580662783,0.686220296,0.719390634,1.811680985,1.756307615,1.01111841,0.980213943,0.545230829,0.539041091,0.848669353,0.849802289,0.06563124,0.064734471,205.6870844,14.23664638,14.44772026,0.496320751,0.024636842,0.013874786,0.563172286,0.042842769,0.036033135,0.84105524,1.281178369,1.097286678,0.856466754,19.06445961,11.34581007,0.595128858,1.407845587,0.903861437,0.642017452,0.024659245,0.013912648,0.564196043,0.024676632,0.013920491,0.564116338,0.0428172,0.036002867,0.840850571,0.04285517,0.036010093,0.840274182,1.279921053,1.095876227,0.856206111,1.281041849,1.096050744,0.855593238,19.06262738,11.34379343,0.595080269,19.06629044,11.34782447,0.595177363,1.407653522,0.903868433,0.642110022,1.408037507,0.903854397,0.641924943,0.234736138,0.078734395,0.33541659,0.426092948,0.239423247,0.5619038,0.439513111,0.227135179,0.516788175,9.646762773,3.539704049,0.366931802,0.974574096,0.687146377,0.705073509,0.236847486,0.082763701,0.349438797,0.232595114,0.07482133,0.321680574,0.425261622,0.244673231,0.575347547,0.426935958,0.235433665,0.551449603,0.43875373,0.232278003,0.529404053,0.440283167,0.223177297,0.506894912,9.747124462,3.746123127,0.384331106,9.544990447,3.334493175,0.349344841,0.986325982,0.693418668,0.703031939,0.96265703,0.684736569,0.71129857,habitat_background_2024
Glossodoris vespa,high.yes,yes,30cm,animals_on_background,54_GlossodorisVespa_7_MG_D_RAW,0.268004645,0.529387817,1.975293438,4.253160432,36.58610907,1.942726709,3.636608865,1.871909646,2.783329633,14.30175653,0.134742393,0.359543851,2.668379586,7.840929096,108.9617502,0.137567628,0.341234544,2.480485762,6.030472507,63.2636847,0.939867281,2.269361386,2.414555152,4.662613834,34.13913303,1.003523905,2.474048697,2.465360998,4.670406649,33.538384,3.856016949,0.550859564,4.043421624,0.192543887,1.471596398,0.75625095,1.752185636,0.663943756,0.371701725,0.710097353,0.048031691,3.85979316,3.852220145,0.551399023,0.550317164,3.964881262,4.104717597,0.18880387,0.195462743,1.472421986,1.470761734,0.574054993,0.557305716,1.716125836,1.768567346,0.881914222,0.908863827,0.370101446,0.372889953,0.727984608,0.733084771,0.04484342,0.051203951,394.6801021,21.2998155,18.52974277,0.534774083,0.060056022,0.038984727,0.649139343,0.102345478,0.061208944,0.59806202,2.722566924,1.497750862,0.550124534,21.63527266,14.57641115,0.673733647,3.003699201,1.917981426,0.63853978,0.060460418,0.039130522,0.647208916,0.060547315,0.039126281,0.646210002,0.103050448,0.061486635,0.596665379,0.103211494,0.061485822,0.5957265,2.739659734,1.50350573,0.548792871,2.743817672,1.503057805,0.54779799,21.63849228,14.57377183,0.673511428,21.63204772,14.5790535,0.673956238,3.002272896,1.91783991,0.638795997,3.005127856,1.918121924,0.638282967,0.350631536,0.104045759,0.296738168,0.289357894,0.158344064,0.547225659,0.287390388,0.155765984,0.54200137,14.9139629,5.500242671,0.3687982,2.147639709,1.304950811,0.607620918,0.344125381,0.097079773,0.28210582,0.356300886,0.109638573,0.307713446,0.286634831,0.156738822,0.546824061,0.291730724,0.16008505,0.548742509,0.284129986,0.154192075,0.542681458,0.290231446,0.157454952,0.542515132,14.57871156,5.13659954,0.352335631,15.20609509,5.793259452,0.380982719,2.182297023,1.36250628,0.624345021,2.117439927,1.255618839,0.59298912,habitat_background_2024
Hypselodoris bennetti,medium.yes,yes,30cm,animals_on_background,73_HypselodorisBennetti_16_NL_D_RAW,0.224363274,0.428227661,1.908635278,3.019207908,19.89524293,1.042177221,1.837519467,1.76315451,2.237043951,10.6731463,0.107510725,0.258176697,2.401404109,4.492308948,34.79467652,0.118448411,0.297787223,2.51406685,5.490459029,56.00104033,0.510036624,1.172099923,2.298070116,3.999766991,26.14244227,0.531651366,1.209218117,2.2744569,3.995240129,27.64522626,2.629172288,0.657293072,2.126779476,0.354463246,1.053063701,0.75962489,0.844212812,0.608970819,0.505878159,0.684297854,0.036931401,2.629639981,2.628703737,0.657409995,0.657175934,2.078724749,2.164183672,0.346454125,0.360697279,1.053674993,1.052448987,0.760065843,0.759181467,0.791495295,0.886593199,0.570943168,0.639541806,0.50193206,0.508936606,0.665504506,0.699361636,0.037338033,0.036525815,680.083969,25.78234266,26.37789661,0.494291112,0.041212248,0.017771523,0.431219465,0.122026334,0.056027527,0.45914292,3.506932477,1.598974844,0.455946858,12.76472344,7.844886548,0.61457552,3.274843248,1.557519496,0.475601236,0.041408883,0.017766773,0.429057042,0.041379248,0.017766521,0.429358228,0.122598538,0.055847346,0.455530275,0.122460455,0.055747074,0.455225104,3.523419683,1.593769286,0.452335921,3.519616355,1.591474623,0.452172755,12.76335626,7.846598034,0.614775446,12.76608594,7.843180215,0.614376266,3.274999023,1.557488379,0.475569112,3.274688004,1.557550486,0.475633246,0.271304951,0.052884108,0.194924965,0.359610961,0.170237374,0.473393173,0.361006143,0.175254412,0.485461025,11.15154781,2.215905933,0.198708374,2.219193739,0.437715804,0.197240915,0.271086699,0.047659173,0.175807861,0.271527482,0.057725479,0.212595345,0.366884934,0.171787879,0.468233671,0.352194361,0.168210526,0.477607096,0.368848454,0.176916361,0.479645121,0.353010062,0.1730563,0.490230501,11.13881117,2.004564275,0.179962138,11.16453419,2.41231099,0.216069112,2.184470333,0.284781002,0.130366157,2.254597996,0.548585613,0.243318593,habitat_background_2024
Hypselodoris bennetti,medium.yes,yes,30cm,animals_on_background,73_HypselodorisBennetti_13_NL_N_RAW,0.184810035,0.294701087,1.594616258,2.525865319,10.54323142,1.152433963,2.061942158,1.789206344,3.784107906,23.82574642,0.096257862,0.206768581,2.148069537,4.067688396,23.36178847,0.091189873,0.188275672,2.064655481,4.013085582,23.35432766,0.605275585,1.470403957,2.429313182,5.913304121,53.51680642,0.549718266,1.263716268,2.298843509,5.575504245,49.35681227,2.146925986,0.357820998,2.20710646,0.147140431,0.999388297,0.557769229,1.168914257,0.562128934,0.252480714,0.559949081,0.044012383,2.141997984,2.151836284,0.356999664,0.358639381,2.247185096,2.161307326,0.14981234,0.144087155,0.996893498,1.001857764,0.479404435,0.481791743,1.189842883,1.137775964,0.664063957,0.635004856,0.253406002,0.251363268,0.571734196,0.558398299,0.046461531,0.041564732,473.2411494,20.5231823,23.05885815,0.470909165,0.035835335,0.011547747,0.322244715,0.094343267,0.038131792,0.40418138,2.710429849,1.056260014,0.38970203,19.53371978,10.36405147,0.530572343,2.487271172,1.01193355,0.406844884,0.036116768,0.011391935,0.315419552,0.036062797,0.011427286,0.316871886,0.095345114,0.037639722,0.394773469,0.095159464,0.037776482,0.396980818,2.738463324,1.042493227,0.380685481,2.733258956,1.046518392,0.382883001,19.5353592,10.3635226,0.530500745,19.53208973,10.36457698,0.530643527,2.48808198,1.010665024,0.406202461,2.486465,1.013192477,0.407483104,0.231803516,0.060019712,0.258924941,0.352933719,0.141687883,0.401457484,0.340670684,0.147364068,0.43257044,9.487271297,2.676605157,0.282125921,1.549271526,0.48646713,0.313997335,0.23397697,0.06363813,0.27198459,0.22937549,0.055585457,0.242333902,0.356757285,0.143939729,0.403466824,0.348662309,0.138987104,0.398629563,0.344894664,0.149258262,0.432764776,0.335951959,0.145052653,0.431766059,9.584868738,2.83928046,0.296225284,9.37824249,2.477109557,0.264133665,1.550568905,0.486775772,0.31393366,1.547822187,0.486117427,0.314065421,habitat_background_2024
Hypselodoris bennetti,medium.yes,yes,30cm,animals_on_background,73_HypselodorisBennetti_23_NF_D_RAW,0.152797713,0.243631209,1.594468951,3.286009874,20.52600683,1.133254565,1.889288999,1.667135573,3.761079765,23.32822713,0.073468372,0.153127289,2.084261365,4.923664984,41.11195374,0.081599578,0.173442825,2.125535797,4.734499832,37.83929731,0.526157697,1.139428179,2.165564023,5.331382502,44.18636148,0.609839536,1.391067034,2.281037799,5.64921206,49.21555754,3.032110003,0.606422001,2.837114245,0.283711425,1.286847913,0.799563564,1.243060116,0.638806533,0.445066713,0.719185048,0.054796696,3.038985722,3.025185562,0.607797144,0.605037112,2.891497081,2.785964766,0.289149708,0.278596477,1.28860113,1.28507279,0.719181984,0.660396777,1.243876176,1.239155027,0.772863722,0.769930308,0.448473426,0.441816794,0.746022853,0.715163542,0.050480005,0.059107358,299.421683,18.80982368,15.91836735,0.541629815,0.026880086,0.016501458,0.613891579,0.0487834,0.028017923,0.57433313,1.352708132,0.809397315,0.598353256,16.28609652,9.504073187,0.583569745,1.338442473,0.608407067,0.454563479,0.027076601,0.016634608,0.614353631,0.027082601,0.016603084,0.613053522,0.049223912,0.027972471,0.568269966,0.049307684,0.027924757,0.566336821,1.365561318,0.808022073,0.591714237,1.367945169,0.806680001,0.589701999,16.289615,9.51059186,0.58384387,16.28255074,9.497497755,0.583292993,1.338172478,0.608977209,0.455081254,1.338714563,0.607831808,0.45404138,0.221929365,0.103707451,0.467299364,0.416325383,0.173249689,0.416140105,0.437848119,0.179346822,0.409609666,9.143322803,4.558181931,0.498525758,1.020399117,0.44128196,0.432460155,0.224592046,0.107882754,0.480349844,0.219658506,0.10131356,0.461232125,0.407858069,0.178268259,0.437084057,0.423546702,0.170679882,0.402977715,0.428992768,0.184746367,0.430651472,0.445400374,0.176501126,0.396275209,9.262083842,4.742207679,0.51200224,9.042037878,4.452428759,0.492414301,1.014068028,0.447158649,0.440955278,1.025798563,0.441520054,0.430415941,habitat_background_2024
Hypselodoris bennetti,medium.yes,yes,30cm,animals_on_background,73_HypselodorisBennetti_24_NF_D_RAW,0.237577451,0.441499091,1.85833752,2.576748545,13.95414065,1.149628651,2.015133939,1.752856401,1.973529656,9.279154716,0.124556879,0.303941284,2.440180633,4.706118277,35.9360258,0.117528826,0.265004656,2.254805602,3.964854258,28.30019202,0.574570214,1.310186361,2.280289388,3.648786503,22.58150454,0.576438375,1.285174745,2.229509347,3.673635189,24.62702951,1.335832341,0.222638723,5.788172317,0.385878154,0.607080482,0.338818068,1.903029015,0.915163507,0.304258439,0.626990788,0.014054927,1.331114777,1.340551842,0.221852463,0.223425307,6.159416242,5.117254624,0.410627749,0.341150308,0.601836515,0.612251353,0.289422185,0.294430663,1.938673104,1.802390512,1.081994061,1.005933298,0.316240106,0.282287808,0.685708123,0.650181981,0.015988372,0.012120233,5016.364848,61.54545455,81.50666667,0.430230982,0.040211468,0.010085032,0.250799905,0.116226231,0.068464416,0.589061653,3.351426453,2.111107644,0.629913165,10.57535499,7.616097429,0.720174163,4.973911381,2.162871367,0.434843165,0.040092548,0.009752999,0.243262142,0.040186812,0.009836221,0.24476242,0.11484991,0.0663697,0.577882037,0.115725363,0.067402253,0.582432856,3.308727402,2.046624828,0.618553474,3.335411152,2.07827606,0.623094415,10.58129437,7.619485055,0.720090075,10.56943505,7.612713853,0.720257404,4.975639125,2.16281469,0.434680779,4.972189291,2.162926209,0.4350048,0.259250278,0.138186646,0.533024099,0.389337528,0.217938318,0.559767048,0.407651182,0.220376252,0.540600056,10.81513269,5.988822531,0.553744711,3.715930553,1.659783819,0.446667072,0.261094339,0.132572354,0.507756525,0.256816117,0.145224673,0.565481151,0.367678778,0.227945845,0.619959211,0.417927077,0.199913002,0.47834422,0.385818307,0.23067694,0.597890083,0.436470577,0.201902099,0.462578946,10.87846557,5.744164502,0.528030766,10.7315333,6.29611855,0.586693287,3.748962288,1.648735783,0.439784574,3.672328662,1.673114791,0.455600504,habitat_background_2024
Hypselodoris bennetti,medium.yes,yes,30cm,animals_on_background,73_HypselodorisBennetti_22_NF_D_RAW,0.159062738,0.278311243,1.749694786,1.992677008,9.05878861,1.107268671,2.053460096,1.854527406,2.93974091,19.79741554,0.08024979,0.179580417,2.237768074,3.545122774,22.1870327,0.08133267,0.184249234,2.265377899,3.766480725,23.92366469,0.548137693,1.304253707,2.379427149,4.537578618,37.5412008,0.560266895,1.370410848,2.445996471,5.297415379,52.68463762,2.016350315,0.504087579,1.149799693,0.191633282,0.757421436,0.546364075,0.311248249,0.224518153,0.347860431,0.385441114,0.039676542,2.015286608,2.017405921,0.503821652,0.50435148,1.15788538,1.141189626,0.192980897,0.190198271,0.756971083,0.757867626,0.546039214,0.546685933,0.311923662,0.305516071,0.22500536,0.22038326,0.348401274,0.347274876,0.385522287,0.383534596,0.040479911,0.038874062,586.0503004,23.70361146,24.72409326,0.489463864,0.032437297,0.010303649,0.317648214,0.073106372,0.012782012,0.174841281,2.099694408,0.541357952,0.25782702,14.52325032,6.899783255,0.475085336,1.489110747,0.46638954,0.313200036,0.032454442,0.01019781,0.314219232,0.032449238,0.010239252,0.315546767,0.073187009,0.012768735,0.174467232,0.073160205,0.012772655,0.17458473,2.103135059,0.540823195,0.257150958,2.102020562,0.541005044,0.257373811,14.5195879,6.897032131,0.475015695,14.52690258,6.902523067,0.475154496,1.488973482,0.466315558,0.313179223,1.489247631,0.466463251,0.313220744,0.219683754,0.053791173,0.244857308,0.148755776,0.038323797,0.257628964,0.22185278,0.057744687,0.260283813,8.96454384,2.446573287,0.272916651,1.114797639,0.213231878,0.191274067,0.219953066,0.051746454,0.235261345,0.219403628,0.055836772,0.254493385,0.147919382,0.040006879,0.270464073,0.149625756,0.036463723,0.243699508,0.22042096,0.060812176,0.275891076,0.223342095,0.054317337,0.243202415,8.971683741,2.314768572,0.258008267,8.957117233,2.576498429,0.287648175,1.11833116,0.219827002,0.196567,1.111122228,0.206062472,0.185454369,habitat_background_2024
Hypselodoris bennetti,medium.yes,yes,30cm,animals_on_background,73_HypselodorisBennetti_12_NL_N_RAW,0.172477397,0.308169419,1.786723501,2.098441556,9.344608797,1.02893571,1.905270626,1.851690643,2.533091653,12.77432179,0.083997691,0.190085211,2.26298138,3.802710606,24.05039422,0.090621877,0.208090128,2.296246072,3.75604252,23.2629207,0.488117459,1.16244325,2.381482631,4.504696193,33.64130483,0.54081289,1.295614462,2.395679702,4.291104925,29.77013713,1.760775514,0.586925171,1.235620045,0.411873348,0.68668492,0.62504755,0.339640146,0.489997154,0.49939926,0.557522352,0.021630592,1.763818333,1.757726824,0.587939444,0.585908941,1.244652904,1.22742177,0.414884301,0.40914059,0.688197366,0.685163608,0.992858927,0.98848214,0.347537554,0.332309178,0.316342315,0.302480849,0.501411873,0.497524766,0.654600621,0.645481494,0.020637899,0.022622998,2050.169527,47.45454546,43.20280612,0.523449501,0.031667078,0.01019411,0.321915071,0.080869598,0.044808854,0.554087755,2.323584144,1.244383132,0.535544682,16.40026165,6.852335824,0.417818689,2.216372093,0.869318981,0.392226099,0.031771076,0.010133678,0.318959243,0.031810568,0.010107388,0.317736791,0.081324851,0.044560614,0.547933548,0.081494457,0.04446029,0.545562136,2.336244232,1.237391218,0.529649769,2.340981293,1.234517575,0.527350466,16.39504341,6.851103013,0.417876479,16.40548897,6.853564583,0.417760458,2.215314467,0.870220842,0.392820457,2.217431561,0.868412672,0.391629977,0.299372463,0.011000306,0.036744547,0.582858955,0.010884331,0.01867404,0.566085787,0.034655723,0.061219913,12.35405367,0.480290714,0.038877176,2.048859477,0.667833882,0.325953971,0.299277956,0.011168431,0.03731792,0.299458654,0.010843268,0.036209568,0.582765444,0.011050684,0.01896249,0.582944237,0.01072895,0.018404762,0.566383528,0.03518539,0.062122906,0.565814251,0.034160988,0.060374916,12.34992731,0.487631334,0.039484551,12.35781687,0.473434227,0.038310507,2.043121864,0.678040856,0.331865107,2.054092121,0.658300085,0.32048226,habitat_background_2024
Hypselodoris bennetti,medium.yes,yes,30cm,animals_on_background,73_HypselodorisBennetti_18_NL_D_RAW,0.257346709,0.455663611,1.770621481,2.618638782,15.1637197,1.228790083,2.190555155,1.782692736,2.819470546,16.15236628,0.13687427,0.324715929,2.372366469,5.155161158,44.93963369,0.122616863,0.263625284,2.149992078,3.879186143,27.94673463,0.647838018,1.520093446,2.346409758,5.110827754,42.5001449,0.579934334,1.303270015,2.247271697,4.534264575,35.72460966,2.357343182,0.471468636,2.707726425,0.270772642,1.09385815,0.679652282,1.228341385,0.68555038,0.371120639,0.682601331,0.042664671,2.34962663,2.365019437,0.469925326,0.473003887,2.95125912,2.447919186,0.295125912,0.244791919,1.090160134,1.097490803,0.608429955,0.61252128,1.313932121,1.103790758,0.816391928,0.685823759,0.382525619,0.358897903,0.712410942,0.649172519,0.044789279,0.040545295,504.6719132,21.32677165,23.6637744,0.474027846,0.042286141,0.021637413,0.511690416,0.096795284,0.037449725,0.386896174,2.807337427,1.157070311,0.412159329,18.26483972,9.225979199,0.505122374,2.693902064,1.064985596,0.395331965,0.042256797,0.02120382,0.50178483,0.04232826,0.021590284,0.510067833,0.097391716,0.036967683,0.37957728,0.097090614,0.037189969,0.383043911,2.825313964,1.142181404,0.404267072,2.815910793,1.149022721,0.408046563,18.25159125,9.207644671,0.504484488,18.2779971,9.244128195,0.505751705,2.695244917,1.063620002,0.39462833,2.692568443,1.066337979,0.396030037,0.274913727,0.063163078,0.229755998,0.352360908,0.24007833,0.681342126,0.385186989,0.245008286,0.636076225,11.34807789,2.991419699,0.263605848,2.294069744,0.832753804,0.363002827,0.27916696,0.067454257,0.241626936,0.270226867,0.057633726,0.213279035,0.36610962,0.235115021,0.642198423,0.337210483,0.244358738,0.724647513,0.400684606,0.241360192,0.602369515,0.368109355,0.2476221,0.672686245,11.54098612,3.190056053,0.276411047,11.13550222,2.737171364,0.24580583,2.366866841,0.964928639,0.407681845,2.213850818,0.645690377,0.291659389,habitat_background_2024
Hypselodoris bennetti,medium.yes,yes,30cm,animals_on_background,73_HypselodorisBennetti_21_NF_D_RAW,0.294588918,0.56460539,1.916587334,5.111076535,43.44874855,1.426866347,2.500592318,1.752506339,3.440818904,17.80819309,0.149157279,0.381759659,2.559443705,8.038660745,101.307188,0.150305999,0.359490323,2.391723057,7.110312424,83.19521323,0.662272142,1.5420154,2.328371228,5.447418705,42.39920146,0.764745586,1.787160967,2.336935314,5.15159444,36.33238433,4.608985823,0.384082152,5.017915845,0.076029028,1.698706966,0.683609972,1.955522402,0.61532073,0.23005559,0.649465351,0.060143213,4.624797308,4.593118263,0.385399776,0.382759855,4.664154079,5.335490112,0.070669001,0.080840759,1.704322772,1.692880759,0.559799708,0.532678441,1.868044128,2.00510252,0.751756259,0.806912614,0.228034388,0.231800307,0.655777984,0.669795527,0.058132743,0.062152447,244.4797541,16.20200952,15.08947108,0.517777018,0.075625421,0.047668626,0.630325429,0.120745614,0.079095339,0.655057659,3.368650758,2.108008325,0.625772298,18.12065984,12.08853896,0.667113619,5.49230436,4.20304191,0.765260196,0.07619485,0.048162932,0.632102204,0.076230131,0.04803875,0.630180607,0.120563698,0.078405148,0.650321363,0.120490612,0.078184409,0.648883825,3.360760662,2.091149839,0.622225159,3.358819545,2.085118894,0.620789199,18.13809803,12.1002454,0.667117654,18.10315767,12.07675054,0.667107405,5.492828467,4.202923847,0.765165683,5.491778329,4.203160332,0.76535506,0.252739154,0.102240142,0.404528308,0.177304466,0.091538136,0.51627654,0.139379557,0.107046232,0.768019601,10.47997917,4.619171195,0.440761486,1.949828482,1.494285658,0.766367745,0.244763191,0.095580133,0.390500437,0.260194688,0.107784758,0.414246574,0.184094359,0.094346716,0.512491073,0.170957611,0.088633521,0.518453202,0.145561361,0.110577976,0.759665714,0.133601114,0.103630731,0.775672659,10.1186209,4.318469901,0.426784435,10.81775894,4.869373011,0.450127705,2.010550611,1.576897311,0.784311175,1.893068449,1.415347214,0.747647141,habitat_background_2024
Hypselodoris bennetti,medium.yes,yes,30cm,animals_on_background,73_HypselodorisBennetti_19_NL_D_RAW,0.175227151,0.305350752,1.742599538,2.473269351,12.36954474,0.967369612,1.684160579,1.740969076,2.529652737,13.26717179,0.086813789,0.194512906,2.240576166,4.231509627,29.65857151,0.090672359,0.205444602,2.265790865,4.20269196,29.54623408,0.46775961,1.039590283,2.22248835,4.015312737,27.18593778,0.500902315,1.158703324,2.31323212,4.43829138,33.76495692,2.100551082,0.700183694,1.375334881,0.45844496,0.805035463,0.732774857,0.444662656,0.641512609,0.579314327,0.687143733,0.032251142,2.100224388,2.100869694,0.700074796,0.700289898,1.389870665,1.361979183,0.463290222,0.453993061,0.805117513,0.804950988,1.161539043,1.161298798,0.453852562,0.435974423,0.413114405,0.396841022,0.581682509,0.57714148,0.787326724,0.77906991,0.030971129,0.033529538,901.8632744,31.28813559,28.82444918,0.520492268,0.037761641,0.011705347,0.30997983,0.092869014,0.034454339,0.370999292,2.697523307,0.922518599,0.341987258,13.59618051,6.344859488,0.466664846,2.088358403,0.790519682,0.378536405,0.037877176,0.011655109,0.30770796,0.037856521,0.011651292,0.307775038,0.093226155,0.034209505,0.366951793,0.093173632,0.034185496,0.366900969,2.707247076,0.914575818,0.337825027,2.705955051,0.91375891,0.337684438,13.5998306,6.347509576,0.466734459,13.59252538,6.342201474,0.466594786,2.08884434,0.790846888,0.378604989,2.087871794,0.790191439,0.378467414,0.244441702,0.030139953,0.123301191,0.336071074,0.245043369,0.729141506,0.314107032,0.274519563,0.873968218,9.985076813,1.29633491,0.129827235,1.653173502,0.097810842,0.059165503,0.244769967,0.030556979,0.124839578,0.244138866,0.029743625,0.121830766,0.338739935,0.24843387,0.73340591,0.333608968,0.24182115,0.724864057,0.31709693,0.278317907,0.877706091,0.311348761,0.270909745,0.870116663,9.999195695,1.314271431,0.131437715,9.972051719,1.279288645,0.128287406,1.654238798,0.099164185,0.059945508,1.652190735,0.09652467,0.058422232,habitat_background_2024
Hypselodoris bennetti,medium.yes,yes,30cm,animals_on_background,73_HypselodorisBennetti_20_NP_D_RAW,0.372894874,0.701031919,1.879971994,4.712078877,33.08218746,1.205098864,2.065905912,1.714304091,3.81367889,21.86869303,0.196893594,0.489572911,2.48648471,6.563249226,58.52488975,0.180745157,0.435542351,2.409704126,7.727947077,93.30923732,0.607824128,1.43156655,2.355231527,6.028993256,51.36664595,0.599016444,1.298647726,2.167966737,5.575290651,45.03796744,6.701120362,0.744568929,10.16304175,0.282306715,2.013239878,0.916264955,2.515000973,0.839527949,0.513437822,0.877896452,0.058160743,6.712464944,6.689695964,0.745829438,0.743299552,10.13024869,10.09432576,0.281395797,0.280397938,2.014454359,2.01200895,0.672441385,0.683325063,2.515615749,2.502389442,1.144906067,1.138886515,0.513612618,0.511848745,0.908673726,0.911105789,0.059547764,0.056774809,262.3801582,15.7932417,16.61344538,0.487345148,0.042486857,0.019832833,0.466799238,0.153296257,0.10823145,0.706028003,4.440100988,3.241963246,0.730155295,13.1203994,8.543448789,0.651157676,4.566340147,2.589728455,0.567134373,0.042442347,0.019822647,0.467048788,0.042404189,0.019775189,0.466349889,0.153913475,0.108979008,0.708053716,0.153738903,0.108671121,0.706855052,4.459088719,3.265158694,0.732247977,4.453059934,3.255309412,0.731027532,13.12663943,8.54924713,0.651289858,13.11418259,8.537663009,0.651025174,4.568892483,2.591332678,0.567168671,4.563797309,2.588126398,0.56709933,0.20564866,0.090870781,0.44187393,0.293215278,0.255818332,0.872459081,0.305667673,0.248948549,0.814441863,8.427935914,3.90770567,0.463661056,2.741284277,1.621074585,0.591355883,0.206145314,0.094568887,0.458748663,0.205128157,0.086943518,0.423849749,0.302386323,0.258234141,0.853987501,0.283603846,0.253237337,0.892926315,0.315287249,0.25136775,0.797265828,0.295586172,0.246304432,0.833274541,8.457470011,4.079925802,0.482404998,8.396983613,3.72356176,0.443440399,2.786858317,1.678805662,0.602400794,2.693521807,1.5589319,0.578770848,habitat_background_2024
Phyllidia ocellata,medium.yes,yes,30cm,animals_on_background,104_PhyllidiaOcellata_7_MG_D_RAW,0.182787867,0.278710921,1.524778013,2.454116925,9.828901469,0.983305384,1.541177761,1.567343966,3.181426324,18.69076992,0.093517199,0.191731,2.050221809,3.926528183,21.69683976,0.092026705,0.182739136,1.98571856,3.830687601,21.06458024,0.505285251,1.071389852,2.120366369,4.943191868,40.21408981,0.479875541,0.990358974,2.06378298,4.658289728,35.99043552,1.423208502,0.474402834,1.62975089,0.543250297,0.525394074,0.478234296,0.574809146,0.829274305,0.508826565,0.6537543,0.015449925,1.421792455,1.424620534,0.473930818,0.474873511,1.677024564,1.577515584,0.559008188,0.525838528,0.524159685,0.526620756,0.756202579,0.759753153,0.593496071,0.552510926,0.540223405,0.502917118,0.516469503,0.50035602,0.648212992,0.631335135,0.016076799,0.014824642,4067.157098,61.20143885,66.45525292,0.479422097,0.040313028,0.010527429,0.261142114,0.123494054,0.034877279,0.282420712,3.577292398,1.016516292,0.284158011,17.44953531,7.143087028,0.409356863,2.616534149,0.860970459,0.329049961,0.040491334,0.0103221,0.254921225,0.040467079,0.010354473,0.255873989,0.12408907,0.034156975,0.275261749,0.124006205,0.034277011,0.276413673,3.594611662,0.995777163,0.277019399,3.592211468,0.999194673,0.278155861,17.45142668,7.14317263,0.409317402,17.44765114,7.143001005,0.409396139,2.616920539,0.860693323,0.328895475,2.616149229,0.861246194,0.329203772,0.299959542,0.014005429,0.046691061,0.364783412,0.095355079,0.261401904,0.362185154,0.077635897,0.214354168,12.38040351,0.613494049,0.049553639,1.958091152,0.555644737,0.283768576,0.299533865,0.014315455,0.047792441,0.300420002,0.013632254,0.045377318,0.367681608,0.097465866,0.265082246,0.361648398,0.092814338,0.25664247,0.364544798,0.079354452,0.217680933,0.359632698,0.075567285,0.210123511,12.36175714,0.627074404,0.050726964,12.40057351,0.597147472,0.048154827,1.941203037,0.567944535,0.292573484,1.976359229,0.540839557,0.27365448,habitat_background_2024
Phyllidia ocellata,medium.yes,yes,30cm,animals_on_background,104_PhyllidiaOcellata_6_MG_D_RAW,0.224649082,0.375546668,1.67170355,3.073289624,16.6808971,1.218558025,2.065818641,1.695297719,3.034778581,15.8666707,0.109669619,0.239824999,2.186795222,4.82584307,36.62232109,0.118640835,0.263762309,2.223200037,5.038662943,39.63960872,0.595817107,1.356844652,2.277283811,5.021585226,39.2560514,0.624094283,1.401581302,2.245784553,4.647988999,32.67287817,2.23401608,0.744672027,2.380790277,0.793596759,0.937860758,0.853677651,0.940409144,0.855997292,0.769134393,0.854837472,0.043573675,2.241762697,2.226258423,0.747254232,0.742086141,2.377004799,2.381687164,0.792334933,0.793895721,0.940024543,0.935678122,0.855647213,0.85169093,0.940835738,0.939577837,0.856385595,0.855240604,0.769794583,0.767990931,0.856016404,0.853465767,0.039981847,0.047144275,485.3050133,24.01135074,20.21148325,0.542962731,0.048404904,0.016533747,0.341571742,0.126834233,0.029045377,0.229002665,3.845708383,1.023966319,0.266262081,10.72730657,4.367482669,0.40713693,2.082979392,0.794976103,0.381653369,0.048731719,0.016495627,0.338498772,0.048827361,0.016472864,0.337369532,0.127257925,0.029019187,0.228034417,0.1274005,0.028975604,0.227437134,3.863029577,1.022837505,0.264775996,3.868480367,1.021420616,0.264036655,10.72103728,4.370082787,0.407617535,10.73358567,4.364863398,0.406654732,2.08186796,0.795395218,0.382058437,2.08409256,0.794553774,0.381246874,0.200286231,0.077718846,0.388038883,0.136875479,0.064505318,0.471270078,0.159238845,0.053589478,0.336535208,8.160962221,3.299625043,0.404318137,1.617293995,0.585634523,0.362107647,0.201510367,0.077661193,0.385395522,0.199254209,0.077744958,0.390179754,0.13618054,0.064899388,0.476568738,0.137461357,0.064162441,0.466767118,0.159142605,0.054048923,0.339625727,0.159319981,0.053198852,0.333911987,8.212083994,3.297970324,0.401599682,8.117863387,3.300096678,0.406522815,1.626055198,0.585628862,0.360153126,1.609907757,0.585486534,0.363677069,habitat_background_2024
Phyllidia ocellata,medium.yes,yes,30cm,animals_on_background,104_PhyllidiaOcellata_27_OI_D_RAW,0.184759018,0.348232696,1.884794043,3.166986522,17.65661311,0.790213123,1.425808058,1.80433356,3.030639408,17.68717726,0.093728287,0.22352764,2.384847161,5.016455137,39.6932478,0.094192065,0.231046264,2.45292705,5.154863632,41.36211142,0.391673755,0.913580051,2.332502599,5.027165381,43.14079935,0.40049301,0.955859986,2.386708289,4.99571779,41.29969238,2.159571502,0.539892875,2.499408313,0.416568052,0.993278529,0.716499004,1.044088802,0.648728848,0.478230464,0.682613926,0.02732879,2.162154278,2.156985409,0.54053857,0.539246352,2.42034335,2.576511343,0.403390558,0.429418557,0.994119046,0.992434498,0.717105309,0.616634224,1.009913315,1.073613851,0.728498465,0.77444869,0.471964564,0.484332455,0.722801887,0.695541457,0.026855651,0.027802338,1267.111504,36.23611111,34.96819788,0.508903346,0.070918859,0.027337449,0.385475023,0.157160181,0.056031168,0.356522671,4.284324858,1.388684384,0.32413144,17.31507112,8.291639083,0.478868324,3.514810542,1.3534996,0.385084653,0.071362796,0.027172602,0.380767059,0.07142107,0.027143882,0.38005426,0.157998481,0.05558898,0.351832373,0.158111724,0.055525762,0.35118055,4.304189232,1.375946582,0.319676136,4.30685807,1.37443477,0.319127017,17.31120212,8.291670957,0.478977191,17.31894724,8.291604736,0.478759166,3.514158261,1.353623955,0.385191518,3.515464024,1.353374584,0.384977509,0.234566379,0.063486507,0.27065476,0.247626602,0.111345473,0.449650693,0.231777528,0.149194775,0.64369819,9.592149921,2.669888584,0.278340998,2.211817098,0.51873589,0.234529288,0.234692331,0.062878807,0.26792016,0.234444611,0.065906309,0.281116758,0.243459172,0.111602463,0.458403195,0.251655608,0.114252925,0.454005081,0.226468242,0.150499457,0.664549942,0.236910463,0.152258574,0.642684041,9.59416817,2.632862865,0.274423256,9.590198709,2.781540838,0.290039959,2.214326368,0.514254627,0.232239761,2.209391175,0.538077047,0.243540869,habitat_background_2024
Phyllidia ocellata,medium.yes,yes,30cm,animals_on_background,104_PhyllidiaOcellata_26_MG_D_RAW,0.270350721,0.497402768,1.839842577,1.447816193,6.247054041,1.469001368,2.697830016,1.836506129,1.394391931,5.717958887,0.130572796,0.302627924,2.317695065,3.270446779,20.68033158,0.143571606,0.322617135,2.247081744,2.723483613,14.55093196,0.699242552,1.646639817,2.354890749,3.218776151,19.25637879,0.769424406,1.751803108,2.276770914,2.709221702,13.82160604,3.095182139,0.51586369,2.945011662,0.196334111,1.267381672,0.707339179,1.210048178,0.675340747,0.3560989,0.691339963,0.050106441,3.096208256,3.094146915,0.516034709,0.515691152,2.96072622,2.926170709,0.197381748,0.195078047,1.267591652,1.26716748,0.707456371,0.707219636,1.205322507,1.211684065,0.6727033,0.676253753,0.356708229,0.3553846,0.690079835,0.691736695,0.048093161,0.052120359,359.9622223,19.79297732,18.18636057,0.521151195,0.042144957,0.023431099,0.55596448,0.107411476,0.052592359,0.489634449,3.090869544,1.455268042,0.470828038,19.69982975,10.65318845,0.540775661,2.736401005,1.334350574,0.487629763,0.042006661,0.023216986,0.552697718,0.042049644,0.023253362,0.552997822,0.107253963,0.052355686,0.488146866,0.107348733,0.052312172,0.487310566,3.087012319,1.448794206,0.469319218,3.089659719,1.447252923,0.468418226,19.70471106,10.65719028,0.540844788,19.69492614,10.64916413,0.540705969,2.736609114,1.33439697,0.487609635,2.736191945,1.334303924,0.487649972,0.285656153,0.048762836,0.170704658,0.308730006,0.227472648,0.736801229,0.298501736,0.232104053,0.777563495,11.78163314,2.154509547,0.182870195,2.112479767,0.395109367,0.187035811,0.284530709,0.047398929,0.166586339,0.286694967,0.049961748,0.174267962,0.307293169,0.229556444,0.747027485,0.310056243,0.225522417,0.727359705,0.29725326,0.234256014,0.78806878,0.29965411,0.230092664,0.767860864,11.73017573,2.077822054,0.177134776,11.82912962,2.221678374,0.187814188,2.116795124,0.398842168,0.188417936,2.108496584,0.39158168,0.185716061,habitat_background_2024
Phyllidia ocellata,medium.yes,yes,30cm,animals_on_background,104_PhyllidiaOcellata_25_MG_D_RAW,0.36986843,0.655830666,1.773145834,2.508012093,13.29033122,1.512972554,2.743523934,1.813333578,2.670967746,15.18513333,0.182026371,0.420835094,2.311945744,4.743259912,39.09049707,0.194129239,0.436848077,2.250295115,4.03101443,27.87143139,0.714967899,1.683981218,2.355324234,4.575169284,35.94956809,0.800421364,1.875281091,2.342867364,4.357002576,33.39316654,4.360339738,0.436033974,8.072888218,0.179397516,1.774578587,0.770689688,2.394067884,0.7263915,0.307715745,0.748540594,0.06422916,4.363799389,4.356778394,0.436379939,0.435677839,8.022542662,8.086227078,0.178278726,0.179693935,1.77460251,1.774535569,0.544674625,0.544654079,2.376848238,2.398244677,1.032252074,1.041544429,0.307329332,0.307685887,0.788463349,0.793099254,0.060865027,0.06759291,212.845572,15.42979636,13.79445115,0.527979253,0.05536754,0.0255159,0.460845826,0.119310507,0.06512963,0.545883442,3.341712307,1.712817025,0.512556698,14.81537739,10.3078298,0.695752091,3.850510942,2.612787686,0.678556099,0.055496597,0.025506422,0.459603353,0.055611333,0.025531823,0.459111876,0.119583457,0.065462785,0.547423419,0.119854516,0.065693861,0.548113353,3.348925918,1.721842888,0.514147798,3.355490981,1.727650346,0.514872594,14.81537606,10.30821305,0.695778022,14.81537874,10.30744381,0.695725974,3.8487408,2.611993898,0.67866194,3.852293654,2.613585521,0.678449193,0.230430322,0.092073803,0.399573293,0.244543267,0.204298821,0.835430162,0.227722128,0.20824092,0.914451844,9.492481956,4.090224815,0.430890976,2.081427116,1.582765381,0.760423158,0.226918451,0.088209958,0.388729774,0.233592278,0.095428967,0.408527919,0.240431662,0.194012775,0.806935213,0.248245199,0.213340719,0.859395145,0.223398225,0.197725291,0.885079956,0.231615205,0.217478122,0.938963058,9.33247559,3.898719985,0.417758391,9.636545588,4.255462966,0.441596309,2.120757561,1.639679113,0.773157264,2.046015482,1.53111689,0.748340813,habitat_background_2024
Phyllidia ocellata,medium.yes,yes,30cm,animals_on_background,104_PhyllidiaOcellata_24_MG_D_RAW,0.251106883,0.441823694,1.75950451,2.641263575,14.23024952,1.487081044,2.607256726,1.753271442,2.599755669,13.87299455,0.129943851,0.299694576,2.306339042,4.579310793,35.06097131,0.125693741,0.280116362,2.228562537,4.227815045,30.04209174,0.765837726,1.764303237,2.303755976,4.410136468,32.19434032,0.723686744,1.645391461,2.273623876,4.257094436,30.63081875,3.433043646,0.429130456,3.346487828,0.119517422,1.390769838,0.668818916,1.437522721,0.560448773,0.274323939,0.614633845,0.05546929,3.429761134,3.436274724,0.428720142,0.42953434,3.332961852,3.358592177,0.119034352,0.119949721,1.39081685,1.390666405,0.542239497,0.603958746,1.444895527,1.427065214,0.694847871,0.686273302,0.273877247,0.274742031,0.618543684,0.645116024,0.05643361,0.05450796,290.0230938,16.71993671,17.34594448,0.490811807,0.04286749,0.020545569,0.479280895,0.082224224,0.033763854,0.410631467,2.371576781,1.003545632,0.423155447,28.59117285,20.6409827,0.721935501,2.263051433,1.392938502,0.615513409,0.043052245,0.020524147,0.476726528,0.042946652,0.02049784,0.477286114,0.082508128,0.033713496,0.408608181,0.082322478,0.033768024,0.410192029,2.380511343,1.002383222,0.421078952,2.37490496,1.003865812,0.422697257,28.60170763,20.65219938,0.722061761,28.58069214,20.62981142,0.721809371,2.263900295,1.392091569,0.614908515,2.262206926,1.393779992,0.616115164,0.241698998,0.05284419,0.218636365,0.236832664,0.168436618,0.711205182,0.249815135,0.166909692,0.668132827,9.900124617,2.378297223,0.240229019,1.533237521,0.621292909,0.405216348,0.242957229,0.054976379,0.226280072,0.240400356,0.051157212,0.212800067,0.235946142,0.169813279,0.719712038,0.237747658,0.16912595,0.71136747,0.249020598,0.168327075,0.675956435,0.250635191,0.167537187,0.668450371,9.958017846,2.495620222,0.250614154,9.840371998,2.277761846,0.231471112,1.540096441,0.620420552,0.40284526,1.526158309,0.630031334,0.412821743,habitat_background_2024
Phyllidia ocellata,medium.yes,yes,30cm,animals_on_background,104_PhyllidiaOcellata_23_OI_D_RAW,0.203578552,0.363052772,1.783354724,1.631234058,6.621911533,0.873887012,1.551726512,1.775660343,1.911807151,9.803463784,0.107475139,0.240950443,2.241917939,3.079996679,16.6587651,0.098737983,0.225146297,2.280239992,3.337901018,19.31232823,0.460993617,1.032910576,2.240617957,3.452902024,23.42129736,0.412194584,0.933600207,2.264950205,3.538398528,23.3347514,2.407015,0.60175375,1.875140792,0.312523465,1.00638884,0.725956094,0.775065755,0.559091761,0.457138608,0.642523928,0.038682642,2.411190954,2.402799939,0.602797739,0.600699985,1.81415252,1.938100627,0.302358753,0.323016771,1.007771922,1.0049796,0.726953777,0.724939542,0.753943148,0.790130828,0.54385502,0.569958913,0.452578246,0.461858378,0.635404399,0.647449228,0.040568976,0.036793526,619.109823,23.64937759,26.17869416,0.474619562,0.033438532,0.009714455,0.290516795,0.107867648,0.04122205,0.382153967,3.078196548,1.185356971,0.385081639,11.9573076,6.591375228,0.551242424,1.952365663,0.716568977,0.367026009,0.033414323,0.00964573,0.288670525,0.033487631,0.009624107,0.287392899,0.107874608,0.041055927,0.380589353,0.108253247,0.040812134,0.37700609,3.078287253,1.180584838,0.383520036,3.089149765,1.173758593,0.379961699,11.96781819,6.60308207,0.551736496,11.94682276,6.579654015,0.550745093,1.953292633,0.716668684,0.366902876,1.951440964,0.716467908,0.367148134,0.17791875,0.050479864,0.283724249,0.259501479,0.184434559,0.710726425,0.261998681,0.181930335,0.694394086,7.212766186,2.169582186,0.300797521,1.564349225,0.381710501,0.244005939,0.17738893,0.054008375,0.304463049,0.178503797,0.046262595,0.259168689,0.251005688,0.181396341,0.722678209,0.268882857,0.187135838,0.69597534,0.253605024,0.179067921,0.7060898,0.271267278,0.184448943,0.679952795,7.194586823,2.336290186,0.324728889,7.232840535,1.968907786,0.272217779,1.547049549,0.373048081,0.241135186,1.583452189,0.389865692,0.246212481,habitat_background_2024
Phyllidia ocellata,medium.yes,yes,30cm,animals_on_background,104_PhyllidiaOcellata_9_MG_D_RAW,0.274198219,0.525302169,1.915775278,1.795575497,7.862506156,1.067984886,2.092201005,1.959017427,2.665863962,19.40760157,0.138171697,0.337444257,2.442209695,3.509187015,21.44064716,0.138631475,0.335295872,2.418612889,3.370254085,19.80550957,0.536642946,1.349413884,2.51454695,4.910878195,51.44747831,0.533364287,1.335623778,2.50414925,4.711399032,47.02315859,2.357552184,0.392925364,1.624063938,0.108270929,0.977088027,0.545323211,0.746856782,0.359162192,0.250598147,0.452242701,0.046470837,2.357049197,2.358054965,0.392841533,0.393009161,1.627988716,1.620095692,0.108532581,0.108006379,0.976974697,0.977199464,0.469825517,0.469933607,0.741685336,0.750179684,0.413942467,0.418683254,0.250687057,0.25050777,0.441883992,0.44430843,0.045721996,0.047218905,421.1404495,20.87131117,20.17795845,0.508445372,0.02665149,0.009662563,0.362552465,0.078479211,0.049629978,0.632396504,2.272609233,1.422202484,0.625801595,18.46531291,9.52706865,0.515944067,2.790276067,1.475409614,0.528768329,0.026676923,0.009560529,0.358381996,0.02667186,0.009575898,0.359026256,0.078738974,0.049505384,0.628727819,0.078689966,0.049489115,0.628912653,2.280605579,1.419508257,0.622426022,2.279213496,1.419271354,0.622702242,18.46504045,9.525906163,0.515888724,18.46558552,9.52823161,0.51599943,2.790360248,1.475245438,0.52869354,2.790191841,1.475573854,0.528843154,0.211569378,0.05936109,0.280575053,0.508335678,0.103002122,0.202626192,0.513467907,0.108817886,0.211927337,8.639755819,2.744541459,0.317664239,2.095962561,0.665961171,0.317735242,0.211114308,0.058632155,0.277727053,0.212009567,0.060054021,0.283260899,0.509478605,0.10429016,0.204699783,0.507230125,0.101726728,0.200553404,0.514627224,0.110224762,0.214183698,0.5123465,0.107425885,0.209674283,8.619710569,2.713635602,0.314817485,8.659145569,2.773951563,0.320349339,2.088547931,0.663180454,0.317531834,2.103134726,0.668550538,0.317882887,habitat_background_2024
Phyllidia ocellata,medium.yes,yes,30cm,animals_on_background,104_PhyllidiaOcellata_17_OI_D_RAW,0.261761634,0.646647921,2.470369363,8.429077129,106.8222957,0.906561139,1.48372411,1.636650906,2.929950136,15.36969195,0.14031724,0.455241717,3.2443748,11.65795314,199.8171617,0.124053462,0.410668724,3.310417273,13.82768758,275.7521493,0.4826701,1.08096819,2.239559049,4.778581445,34.71931098,0.424725237,0.895487843,2.108393295,4.364596026,30.17686801,2.001316442,0.400263288,1.782814637,0.178281464,0.921109165,0.572317303,0.921628268,0.57263984,0.289272376,0.572478571,0.030060837,1.994065628,2.008504172,0.398813126,0.401700834,1.756407002,1.81225406,0.1756407,0.181225406,0.918393851,0.923780446,0.570630183,0.573977063,0.91572952,0.92101991,0.568974741,0.572261845,0.287226913,0.29146312,0.569802462,0.573119454,0.032988017,0.027136589,1050.92628,29.31403763,35.85061511,0.449845682,0.041130363,0.012519058,0.304375103,0.154766592,0.072213078,0.466593451,4.631210904,1.931662085,0.417096549,11.42560428,6.811152544,0.596130618,4.245654387,3.422165345,0.806039548,0.041282544,0.012418725,0.300822665,0.041212045,0.012472009,0.30263019,0.15521604,0.071289691,0.459293327,0.154893405,0.071404118,0.460988759,4.647793839,1.906148781,0.410119047,4.637238666,1.910851833,0.412066743,11.41881305,6.811159822,0.596485799,11.43234791,6.811136942,0.595777612,4.244801274,3.420416406,0.805789526,4.24650152,3.423900876,0.806287448,0.224672697,0.058840804,0.261895661,0.279503479,0.145896815,0.521985686,0.288376932,0.146333384,0.507437899,9.164318893,2.422840337,0.264377568,2.95289991,2.521628453,0.853949856,0.226514101,0.055417389,0.244653152,0.222436476,0.062656709,0.281683606,0.284597469,0.1486586,0.52234688,0.273317281,0.142164454,0.520144404,0.294741184,0.147446688,0.500258178,0.280648112,0.144499525,0.514877952,9.239692327,2.283161248,0.247103601,9.072784548,2.578628903,0.28421582,2.979391287,2.567161126,0.861639469,2.920728483,2.464723994,0.84387303,habitat_background_2024
Phyllidia ocellata,medium.yes,yes,30cm,animals_on_background,104_PhyllidiaOcellata_14_OI_D_RAW,0.203343913,0.35435903,1.742658658,3.98047655,26.872792,0.973424279,1.636317267,1.680990809,3.571982385,20.37724026,0.103279481,0.232718396,2.253287807,5.015554988,37.67227846,0.103402891,0.246860851,2.387368936,6.666603419,69.49826044,0.508007374,1.196475979,2.355233489,5.619526233,45.83437992,0.466848086,1.028789552,2.203692342,5.174009913,40.08302562,2.083262967,0.416652593,1.573251411,0.157325141,0.859814453,0.534232757,0.767709186,0.477004537,0.286988867,0.505618647,0.031139003,2.080308528,2.086220976,0.416061706,0.417244195,1.691595369,1.46249379,0.169159537,0.146249379,0.857552927,0.86203433,0.532827592,0.535612044,0.826661824,0.687487848,0.51363387,0.427160217,0.292610621,0.281746787,0.523230731,0.481386131,0.030207925,0.032069717,968.9618859,32.1038961,30.18206522,0.51542748,0.038112823,0.010578798,0.277565314,0.129485845,0.032625598,0.251962663,3.774447767,1.062587997,0.281521447,11.34494194,7.19048646,0.633805488,2.720219439,1.583714559,0.58220103,0.038141076,0.010495738,0.275182016,0.03809775,0.010527602,0.276331342,0.129691079,0.032240767,0.248596648,0.129520839,0.032552768,0.251332286,3.780422043,1.052616465,0.278438876,3.775553591,1.060359233,0.280848678,11.33679729,7.182953709,0.633596379,11.35309906,7.198011292,0.634012903,2.720102199,1.584189666,0.582400789,2.720336859,1.58323857,0.582000926,0.212569286,0.06970855,0.327933313,0.22089309,0.136651302,0.618630949,0.244768253,0.124160057,0.507255561,8.671728226,2.954625455,0.340719333,2.140833374,0.544810548,0.254485265,0.219790265,0.074731206,0.340011447,0.205770185,0.063694904,0.30954389,0.239320451,0.15818978,0.660995664,0.203542328,0.109170485,0.536352739,0.261396577,0.142859488,0.546523944,0.229111421,0.100411501,0.438264929,8.983145047,3.187896094,0.354875278,8.378505594,2.675637878,0.319345479,2.152985746,0.505409115,0.234748008,2.129390991,0.579174954,0.271990891,habitat_background_2024
Phyllidia ocellata,medium.yes,yes,30cm,animals_on_background,104_PhyllidiaOcellata_12_MG_D_RAW,0.210026558,0.378668419,1.802954934,1.829501695,8.138620711,0.960748465,1.703074828,1.772654226,1.801905989,8.205108933,0.107542125,0.250786755,2.331986241,3.665868578,24.4115503,0.104159682,0.239483016,2.299191132,3.317997309,18.56101168,0.486290023,1.112992084,2.288741353,3.495971486,22.43135075,0.474952824,1.090308163,2.295613601,3.484066031,21.38603758,2.487893613,0.829297871,2.008632076,0.669544025,0.999268057,0.909572983,0.707544891,0.644035115,0.749420948,0.776804049,0.040809002,2.487908638,2.487877477,0.829302879,0.829292492,2.002277254,2.014043688,0.667425751,0.671347896,0.999300784,0.999234937,0.909602772,0.909542836,0.697574005,0.715804575,0.634959223,0.651553403,0.748364315,0.750320194,0.772280998,0.78054812,0.040676004,0.040942037,552.4620233,23.58451907,23.42477376,0.501699082,0.03816904,0.012309088,0.322488792,0.118344131,0.030256848,0.255668342,3.502353891,1.005168155,0.286997884,9.728535076,4.074486997,0.418818143,1.65837265,0.618203342,0.372777097,0.038231294,0.012282787,0.321275736,0.038243511,0.012284515,0.321218285,0.118544817,0.030094765,0.253868248,0.118573921,0.030084817,0.25372204,3.5086047,1.000725321,0.28522031,3.509595325,1.000543335,0.28508795,9.728313707,4.074318103,0.418810312,9.728756568,4.074655959,0.418825975,1.658344587,0.618174124,0.372765787,1.658400729,0.618232573,0.372788411,0.195652779,0.010557145,0.053958573,0.174105961,0.09251361,0.531363827,0.193363652,0.074853199,0.387111011,7.92921226,0.461629198,0.058218797,1.387536234,0.075614482,0.054495501,0.195351715,0.005311214,0.027187958,0.19595197,0.013925168,0.07106419,0.17269519,0.092236619,0.534100682,0.175507955,0.092756178,0.528501276,0.192146981,0.074381447,0.387107029,0.194572754,0.075289877,0.386949743,7.91603205,0.2321586,0.029327648,7.942310467,0.60893234,0.07666942,1.385141742,0.045530371,0.03287055,1.389915827,0.096552418,0.069466378,habitat_background_2024
Phyllidia ocellata,medium.yes,yes,30cm,animals_on_background,104_PhyllidiaOcellata_11_OI_D_RAW,0.279417983,0.498335844,1.783478067,1.757057935,8.222553476,1.379563643,2.601306585,1.885601,2.275034816,12.07255911,0.139684624,0.308718218,2.210108811,3.353094894,21.50463782,0.144489719,0.327850875,2.26902562,3.57076089,23.81889226,0.690207625,1.683860812,2.439643886,4.442907242,34.92723557,0.690956987,1.643923356,2.379197818,4.002462568,28.72632286,1.54737229,0.309474458,2.408660821,0.240866082,0.730616747,0.453957708,1.159566959,0.647166642,0.27517027,0.550562175,0.025679911,1.547429321,1.547314321,0.309485864,0.309462864,2.56766414,2.254963587,0.256766414,0.225496359,0.73032713,0.730902691,0.407603332,0.407924559,1.195498838,1.118393351,0.742805192,0.69489686,0.283126139,0.267479611,0.575204262,0.551410709,0.02565092,0.025708926,1439.515753,37.98495702,37.89699571,0.500579593,0.046875908,0.028988993,0.618419867,0.115023807,0.03671375,0.319183924,3.265382413,1.058755461,0.324236285,21.29896214,9.127564435,0.428545033,2.51539555,0.737718413,0.293281274,0.046696813,0.028422858,0.608668035,0.046756777,0.02847449,0.608991719,0.115674345,0.036202592,0.312969931,0.115722402,0.036126438,0.312181886,3.284588506,1.044338688,0.317951149,3.285862545,1.042306263,0.317209332,21.29907795,9.127655801,0.428546993,21.29884622,9.127472985,0.428543072,2.515392095,0.737728332,0.293285621,2.515399008,0.737708484,0.293276924,0.337334804,0.051928504,0.153937582,0.381225653,0.212561234,0.557573269,0.383399731,0.205408981,0.535756717,14.09100055,2.507109408,0.177922739,2.118178179,0.691334752,0.326381774,0.33485903,0.050537324,0.150921191,0.339807036,0.053143532,0.156393264,0.372039889,0.218034443,0.586051253,0.390398276,0.206462674,0.528851399,0.374246599,0.211352104,0.564740211,0.392539768,0.198793588,0.506429167,13.97565157,2.42239297,0.173329519,14.20618452,2.582778657,0.181806639,2.074357043,0.707737413,0.34118399,2.161936624,0.671140259,0.310434752,habitat_background_2024
Phyllidia ocellata,medium.yes,yes,30cm,animals_on_background,104_PhyllidiaOcellata_10_MG_D_RAW,0.252603343,0.450287466,1.782587124,3.568553708,23.50036199,0.959440426,1.725381724,1.798320852,3.798619078,27.44840117,0.125706596,0.282166057,2.244640038,5.147813969,44.30961323,0.131563159,0.319306461,2.427020329,5.806840512,54.63929788,0.479288404,1.126768196,2.350918958,5.478901696,50.3369318,0.484041354,1.181007453,2.439889574,6.230353713,66.65937607,2.953539458,0.590707892,2.593959466,0.259395947,1.168507232,0.726034364,1.17335726,0.602986351,0.425051919,0.664510358,0.043032975,2.954002118,2.953057606,0.590800424,0.590611521,2.554931015,2.635007592,0.255493102,0.263500759,1.168561204,1.168444436,0.600521666,0.600461659,1.157638335,1.18591882,0.719281139,0.736852792,0.423146763,0.42705614,0.659901402,0.668657226,0.04418921,0.041877011,494.8815627,21.62995856,22.87945034,0.485963734,0.056507789,0.017279086,0.305782377,0.148018567,0.039600662,0.26753848,4.205338307,0.977866511,0.232529809,11.96169151,7.010240506,0.586057624,2.354543705,1.220741277,0.518461931,0.056451445,0.017292214,0.306320129,0.056441897,0.017275744,0.30608014,0.148107826,0.039571497,0.267180324,0.148077184,0.039576184,0.267267266,4.206733567,0.976221842,0.232061723,4.206275681,0.976655461,0.232190074,11.9615216,7.008411788,0.585913066,11.96186097,7.012063901,0.586201756,2.354674624,1.221100395,0.518585618,2.354413133,1.220382987,0.518338507,0.187373017,0.066061266,0.352565524,0.146202201,0.107198476,0.733220672,0.137784422,0.09082667,0.659194041,7.620436388,2.80798402,0.368480737,1.744079925,0.787643406,0.451609697,0.186798376,0.066371571,0.355311284,0.187979244,0.065725964,0.349644794,0.146144963,0.109039405,0.746104435,0.146262586,0.105221414,0.719400748,0.137928448,0.093268185,0.676207024,0.13763248,0.08817741,0.640672975,7.597683196,2.831647287,0.372698784,7.644440224,2.782566705,0.363998753,1.734860963,0.776983152,0.447864797,1.753805613,0.798600828,0.455353103,habitat_background_2024
Phyllidia ocellata,medium.yes,yes,30cm,animals_on_background,104_PhyllidiaOcellata_22_OI_D_RAW,0.215648922,0.343106902,1.591043902,2.366973786,10.52956386,0.931010679,1.513460608,1.625610363,2.627994497,12.99385973,0.109551019,0.231332493,2.111641634,4.060985538,26.14725759,0.108614107,0.227524423,2.094796231,3.80752979,21.86344379,0.470536194,1.005419545,2.136752831,4.274119107,29.53878434,0.460909313,1.011461495,2.19449134,4.268705845,28.27870733,2.059221414,0.514805354,1.131996959,0.18866616,0.772155174,0.55699222,0.263534975,0.239879872,0.351735757,0.398436046,0.036075385,2.059378297,2.059063467,0.514844574,0.514765867,1.128233894,1.135891809,0.188038982,0.189315302,0.772332295,0.771976378,0.703007151,0.702683181,0.2587297,0.268420656,0.186634028,0.193624575,0.351441778,0.352040584,0.444820589,0.448153878,0.036665223,0.035486088,714.1234258,26.27380125,27.18005739,0.491523005,0.032014854,0.009910917,0.309572458,0.104589834,0.037805068,0.361460255,2.981311685,1.085450426,0.364084853,13.58576381,6.458158334,0.475362182,1.812768583,0.518885242,0.286239097,0.032021443,0.009845458,0.307464545,0.032005449,0.009814923,0.306664137,0.104722028,0.037793597,0.360894438,0.10467749,0.037792423,0.361036769,2.984963106,1.084964086,0.363476548,2.983660196,1.084869023,0.36360341,13.58448894,6.457541678,0.4753614,13.58703596,6.458773278,0.475362934,1.81264832,0.518916776,0.286275485,1.812888588,0.518853736,0.28620277,0.217731513,0.039213221,0.18009897,0.302740559,0.080860752,0.267095867,0.304753462,0.077553818,0.254480515,8.86349849,1.712551568,0.193213952,1.864410355,0.191080283,0.102488319,0.217464262,0.038507975,0.177077255,0.218007392,0.039925355,0.183137622,0.303209305,0.079767866,0.263078557,0.302256681,0.081969418,0.271191417,0.30517569,0.076638328,0.251128548,0.304317603,0.078484087,0.257901896,8.851824103,1.681747066,0.189988758,8.87554974,1.743656783,0.196456201,1.865623352,0.187990045,0.100765272,1.863158202,0.194206789,0.104235265,habitat_background_2024
Phyllidia ocellata,medium.yes,yes,30cm,animals_on_background,104_PhyllidiaOcellata_21_OI_D_RAW,0.250621839,0.465910923,1.859019644,1.932164195,8.859104582,0.930743813,1.690890056,1.81670835,2.042418965,10.7549914,0.123403056,0.291366771,2.361098507,3.700219282,24.23756086,0.129152982,0.297587309,2.304145863,3.236275077,17.91360477,0.459703608,1.070740068,2.329196574,3.857256892,27.71202156,0.471917431,1.06148539,2.249303204,3.279550961,19.80976081,1.88058493,0.626861643,1.311581189,0.43719373,0.740636129,0.674156057,0.419527261,0.38187017,0.532027686,0.528013114,0.028496642,1.880942789,1.880225772,0.62698093,0.626741924,1.328813425,1.296352628,0.442937808,0.432117543,0.740754031,0.740517754,0.674263376,0.674048307,0.442825368,0.395439593,0.403077021,0.359944629,0.534959369,0.529429733,0.538670198,0.516996468,0.026932701,0.030060582,1165.762788,36.12958435,32.26615553,0.528243198,0.038136804,0.012306588,0.322695843,0.154420845,0.051281715,0.332090625,4.633436253,1.589313994,0.34300979,12.41587864,5.19074892,0.418073426,2.800546157,0.819983388,0.292794099,0.038167539,0.012140026,0.318072016,0.038171653,0.012136924,0.317956475,0.154752912,0.050931021,0.329111878,0.154775677,0.050918043,0.32897962,4.645726728,1.581151375,0.340345325,4.646473032,1.580760404,0.340206516,12.41657267,5.191591252,0.418117897,12.41518237,5.189903594,0.418028785,2.800686265,0.820070265,0.292810471,2.800405596,0.819896186,0.292777656,0.243983607,0.029845645,0.122326437,0.286484371,0.069340703,0.242040091,0.297595222,0.108141544,0.363384676,9.968619451,1.335727467,0.133993225,2.719033924,0.297345788,0.109357145,0.245099648,0.03540764,0.144462222,0.242983694,0.023715294,0.097600351,0.286613815,0.070681401,0.246608492,0.286368396,0.068116787,0.237864192,0.297273634,0.109112725,0.367044746,0.297883349,0.107262719,0.360082964,10.02016583,1.603808706,0.1600581,9.922436603,1.035065342,0.104315642,2.722800604,0.317882247,0.116748265,2.715659176,0.277593993,0.102219746,habitat_background_2024
Phyllidia varicosa,high.yes,yes,30cm,animals_on_background,106_PhyllidiaVaricosa_19_MG_D_RAW,0.22232671,0.496368098,2.232606685,2.511342801,12.98257684,1.336888491,2.82965134,2.116594884,2.61449086,15.9327368,0.106589538,0.299814423,2.81279409,4.846907969,39.66306354,0.118327635,0.329661935,2.786009674,4.385839663,31.90610391,0.614487462,1.650461227,2.685915221,5.145448906,51.61337474,0.721560247,1.937623724,2.685324937,4.675225255,39.51536037,2.540832355,0.362976051,6.363797694,0.303037985,1.293813093,0.664888404,2.166924614,0.781552849,0.333007018,0.723220626,0.034826516,2.544749667,2.53689936,0.363535667,0.362414194,6.445960289,6.262902018,0.30695049,0.298233429,1.294915588,1.292699291,0.467042074,0.477354257,2.169331382,2.151910607,1.114815801,1.105863294,0.335243078,0.330323812,0.790928938,0.791608775,0.032358997,0.037293355,771.9367707,29.90330661,25.81442851,0.536692788,0.029083345,0.019277688,0.662842878,0.074575189,0.061558372,0.825453775,1.934382865,1.558301352,0.805580622,18.79298082,10.93975399,0.582119148,3.571720185,1.415370194,0.396271298,0.028774609,0.019101177,0.663820558,0.028717479,0.019061538,0.663760859,0.073609349,0.061386141,0.833944901,0.073533037,0.061454075,0.835734219,1.908163442,1.553010385,0.813877025,1.905529558,1.55369603,0.815361811,18.78586321,10.93950169,0.582326272,18.80013293,10.94000206,0.581910889,3.570936845,1.415374467,0.396359423,3.572507323,1.415365391,0.396182642,0.313239214,0.14047844,0.448470158,0.402684439,0.266835553,0.662641829,0.40216276,0.266600741,0.662917524,13.25856677,6.354394678,0.479267087,2.590375357,0.941575929,0.363490151,0.310348067,0.142988612,0.460736276,0.315747137,0.138520012,0.43870552,0.403572136,0.268665233,0.665717993,0.401914407,0.265826995,0.661402006,0.402230103,0.267713933,0.665574086,0.402104343,0.266223577,0.662075856,13.15012609,6.537904037,0.497174247,13.35263352,6.202963794,0.464549842,2.600067059,0.952434391,0.366311472,2.5819683,0.934045208,0.36175704,habitat_background_2024
Phyllidia varicosa,high.yes,yes,30cm,animals_on_background,106_PhyllidiaVaricosa_18_MG_D_RAW,0.250838301,0.441600516,1.760498756,3.685742294,22.26403666,1.100112651,2.230477547,2.027499225,4.494212917,30.17915216,0.12468095,0.285250907,2.287846758,5.456069419,45.20017611,0.130993779,0.31000246,2.366543371,5.943285355,52.52207837,0.51695908,1.325800661,2.564614325,6.369452601,60.38880152,0.584136784,1.647118695,2.819748284,6.883571412,64.58779105,3.558501995,0.508357428,5.402299242,0.257252345,1.47039956,0.755635896,1.9740283,0.728948193,0.382804886,0.742292045,0.042633818,3.559417455,3.557554653,0.508488208,0.508222093,5.056527222,5.669000292,0.240787011,0.269952395,1.470729126,1.470061727,0.573394996,0.542848772,1.914903798,2.014836886,0.984065888,1.035421336,0.374637609,0.389087244,0.778730442,0.789135054,0.040583612,0.04468224,505.439699,23.64048781,21.38025675,0.525102107,0.042017173,0.018201742,0.433197679,0.119888627,0.040182664,0.335166604,2.912762663,0.983276429,0.337575197,15.17364903,8.484118937,0.559135045,2.558363743,1.234243352,0.482434664,0.041900423,0.018019168,0.430047394,0.04187751,0.018019149,0.43028225,0.120053633,0.040137372,0.334328679,0.120039409,0.040078685,0.333879389,2.916532435,0.982328228,0.33681375,2.916263746,0.981097171,0.336422648,15.17319723,8.487042162,0.559344351,15.17410237,8.481184684,0.558924968,2.5584672,1.234195519,0.48239646,2.558259932,1.234291336,0.482472997,0.229387975,0.085063305,0.370827219,0.254851042,0.202502537,0.794591755,0.253233988,0.205717965,0.812363169,9.422140685,3.717004644,0.394496831,2.06906435,0.966761869,0.467245917,0.222917067,0.077706995,0.348591503,0.235260203,0.091131395,0.387364264,0.2478244,0.191081203,0.771034663,0.261227588,0.212976929,0.815292638,0.245143331,0.19440858,0.793040461,0.260576107,0.216059944,0.82916253,9.130647355,3.356799777,0.36764094,9.686665397,4.010384711,0.414010864,2.049679112,0.953009629,0.464955526,2.086656088,0.983334759,0.471249079,habitat_background_2024
Phyllidia varicosa,high.yes,yes,30cm,animals_on_background,106_PhyllidiaVaricosa_20_MG_D_RAW,0.305170999,0.615350522,2.016412186,3.102566456,22.88449726,1.12974515,2.161100832,1.912910033,2.152288592,11.18203786,0.152991327,0.386419524,2.525760989,5.239042944,53.30329179,0.156199696,0.398035726,2.548249038,5.270011076,52.89869278,0.55525883,1.333642591,2.401839503,3.925476869,28.21422451,0.574736308,1.421993738,2.474167228,4.141135198,31.18586004,3.718421114,0.371842111,4.847735207,0.107727449,1.50004536,0.651461423,1.894238688,0.632312408,0.23978478,0.641886915,0.052518014,3.715179874,3.721640128,0.371517987,0.372164013,4.770149064,4.912564493,0.106003313,0.1091681,1.499777567,1.500305122,0.500638051,0.500814153,1.877283813,1.905221921,0.815294001,0.827427367,0.23876065,0.240666056,0.657966026,0.66412076,0.052786984,0.052249433,325.4867212,17.94406393,18.13896353,0.49729929,0.048652082,0.026061412,0.535668995,0.119300155,0.034279548,0.287338671,3.334650724,0.975550575,0.292549552,16.3891146,11.22569896,0.684948469,4.041247958,2.441608776,0.604171979,0.048405464,0.02598561,0.536832174,0.048373476,0.025787452,0.533090744,0.119117817,0.034255261,0.287574621,0.1191036,0.034225674,0.287360535,3.327807281,0.975474233,0.293128223,3.327620066,0.974492543,0.292849702,16.39062004,11.22700658,0.684965337,16.38761218,11.22439358,0.684931609,4.041108511,2.441374962,0.604134968,4.041387125,2.441842089,0.604208905,0.181281604,0.071393344,0.393825644,0.11714689,0.087006462,0.742712524,0.119827339,0.09460063,0.789474517,7.381431844,3.064603645,0.415177395,1.821157165,1.389055193,0.76273219,0.177500517,0.067811333,0.382034568,0.185096075,0.074629397,0.403192758,0.11526747,0.085547765,0.742167457,0.119042904,0.088411064,0.742682351,0.11734844,0.093174245,0.793996454,0.122328124,0.095949856,0.784364646,7.219469013,2.904931765,0.402374712,7.544824673,3.20895924,0.425319259,1.792205861,1.376865926,0.768252105,1.850364084,1.400606486,0.75693562,habitat_background_2024
Phyllidia varicosa,high.yes,yes,30cm,animals_on_background,106_PhyllidiaVaricosa_17_MG_D_RAW,0.187571574,0.346830786,1.849058349,4.498709283,36.22431344,1.210844617,2.143896075,1.770579019,3.429282163,20.79012033,0.095083113,0.231995156,2.439919657,6.543937647,68.45409842,0.096555174,0.232625099,2.409245294,7.055428718,86.69277588,0.60108325,1.443231989,2.401051748,5.561687969,50.10914856,0.612801069,1.429398126,2.332564674,5.032556385,39.95018308,3.16006803,0.395008504,3.140784637,0.11217088,1.372116518,0.659848566,1.512836095,0.589811292,0.253589692,0.624829929,0.061729449,3.157255558,3.162874011,0.394656945,0.395359251,3.225245014,3.057966927,0.115187322,0.109213105,1.371609441,1.372614217,0.534751081,0.535142814,1.531400954,1.491514927,0.736448187,0.717267063,0.254922133,0.252286178,0.635599634,0.626204938,0.060728431,0.06272994,231.0941716,15.46675192,14.94135115,0.508639157,0.174029842,0.059716255,0.343138016,0.173569575,0.024520865,0.141273982,4.436779999,0.377111668,0.084996702,18.13316334,10.0186699,0.552505358,2.752019296,2.166993888,0.787419583,0.174179372,0.059364308,0.34082284,0.174097752,0.059427352,0.34134474,0.173732224,0.02451354,0.141099558,0.173692713,0.024499976,0.141053564,4.439878879,0.376127124,0.084715627,4.439604098,0.375265213,0.084526729,18.13663393,10.02184253,0.55257456,18.12968717,10.01548978,0.552435886,2.752292921,2.167271655,0.787442223,2.751745232,2.166715599,0.787396876,0.186526448,0.075013945,0.402162515,0.062358337,0.060607117,0.97191684,0.045701382,0.038324756,0.838590751,7.608176947,3.272606025,0.430143259,0.842150529,0.682532881,0.810464231,0.187578768,0.076088971,0.405637439,0.185508241,0.073943454,0.398599297,0.063756801,0.061099043,0.95831412,0.061005207,0.060093757,0.985059475,0.045984454,0.038009109,0.82656431,0.045427486,0.038625577,0.850268857,7.65429292,3.327606228,0.434737246,7.563555948,3.217812776,0.425436501,0.852576495,0.685135892,0.803606358,0.832062549,0.679839904,0.817053844,habitat_background_2024
Phyllidia varicosa,high.yes,yes,30cm,animals_on_background,106_PhyllidiaVaricosa_11_MG_D_RAW,0.268504051,0.446168584,1.661682877,2.282161251,11.06011529,1.581278692,2.677731732,1.693396456,2.443498906,13.18223428,0.135386685,0.290908715,2.148724714,3.792511492,23.3472302,0.137568539,0.296249679,2.153469692,4.046652564,28.59886104,0.792033289,1.731490849,2.186133934,3.844714193,24.50404003,0.7917266,1.780996577,2.249509586,4.419286834,35.68293803,2.967565017,0.42393786,2.912177321,0.138675111,1.279013952,0.65728315,1.409938679,0.549694548,0.281306485,0.603488849,0.058021531,2.973260557,2.961871119,0.424751508,0.423124446,2.819378472,3.006877838,0.134256118,0.143184659,1.281084013,1.276935513,0.515546133,0.497840439,1.358116831,1.456659578,0.697933988,0.748574942,0.279503813,0.283154552,0.60674006,0.62320769,0.057690548,0.058351985,263.5857005,16.33386201,16.13737769,0.503025513,0.04634657,0.02039205,0.439990486,0.118328348,0.04033301,0.340856701,3.413056908,1.129987874,0.331077947,21.27157296,11.97942399,0.563165875,2.547786471,1.077127114,0.422769775,0.046505046,0.020368059,0.437975236,0.046461033,0.020288202,0.436671348,0.118688686,0.04019145,0.338629154,0.118650858,0.040036935,0.337434854,3.423753599,1.125238592,0.328656417,3.423139893,1.121316821,0.327569675,21.27843223,11.98659977,0.563321566,21.26471985,11.97224578,0.563009805,2.548403021,1.078027699,0.423020884,2.547170474,1.076226172,0.422518313,0.252853595,0.066091631,0.261383,0.220914357,0.105391704,0.477070415,0.218973751,0.116994651,0.534286187,10.40459313,3.067377841,0.294809975,1.592872149,0.404841405,0.254158129,0.251588791,0.064119187,0.25485709,0.254102063,0.068164526,0.268256483,0.218302183,0.101689505,0.465819917,0.223492793,0.109181269,0.48852255,0.216391656,0.11373694,0.525606863,0.221522496,0.120433399,0.543662161,10.34564465,2.968005187,0.286884509,10.46278025,3.170774773,0.303052793,1.597279422,0.391150441,0.244885419,1.588521799,0.419119551,0.263842492,habitat_background_2024
Phyllidia varicosa,high.yes,yes,30cm,animals_on_background,106_PhyllidiaVaricosa_12_MG_D_RAW,0.289573171,0.483297255,1.66899873,2.923692621,18.17521687,1.236880327,2.091091199,1.690617235,2.554480773,12.19203167,0.149220942,0.316092529,2.118285307,4.08750518,28.38143662,0.144977152,0.317392545,2.189259069,4.89289152,43.81326745,0.628174405,1.369300918,2.17981011,3.95600321,24.49249841,0.61066427,1.381106085,2.26164548,4.306302181,29.03284568,2.131691592,0.426338318,2.094187223,0.209418722,0.943901055,0.5864787,0.83450457,0.601967803,0.31787852,0.594223251,0.040920597,2.130943321,2.132438823,0.426188664,0.426487765,2.097165542,2.090637675,0.209716554,0.209063767,0.943913619,0.943883162,0.680889749,0.680867778,0.840077849,0.828226025,0.521969716,0.514605763,0.317952609,0.317775766,0.601429732,0.597736771,0.040554415,0.041286651,549.3654366,23.65822785,23.22090396,0.504664377,0.051904717,0.019798339,0.381436225,0.103562682,0.026686694,0.257686392,2.883707251,0.728394473,0.252589604,13.85276986,7.376768125,0.53251214,4.283943392,2.506899161,0.585184941,0.051823234,0.019525954,0.376779927,0.051817055,0.019569374,0.377662806,0.103480265,0.02642455,0.255358354,0.103433283,0.026230859,0.25360173,2.882841496,0.72214983,0.250499318,2.881361191,0.716908371,0.248808922,13.84964915,7.374953919,0.532501137,13.85589187,7.378580984,0.532522991,4.283746666,2.506728943,0.585172079,4.2841402,2.507069419,0.5851978,0.248895885,0.019718826,0.079225199,0.104061746,0.074681902,0.717669127,0.127010641,0.060068072,0.472937318,10.17270279,0.840472154,0.082620339,1.997414558,0.79897801,0.400006101,0.248714,0.019569156,0.078681362,0.249074481,0.019862532,0.07974535,0.104456985,0.075547227,0.72323767,0.103673652,0.073819608,0.712038269,0.127515553,0.060063,0.471024897,0.126514857,0.060067545,0.474786492,10.16489974,0.834210239,0.082067729,10.18036477,0.846482474,0.083148541,1.995122694,0.789550509,0.395740328,1.999664988,0.808119628,0.404127508,habitat_background_2024
Phyllidia varicosa,high.yes,yes,30cm,animals_on_background,106_PhyllidiaVaricosa_13_MG_D_RAW,0.231336425,0.400638782,1.731844792,3.446727391,20.13209236,1.26567763,2.24882684,1.776776951,3.654020765,22.76831575,0.124797592,0.293328119,2.350430927,5.211794854,39.7974668,0.110114274,0.245575892,2.230191268,5.297384985,45.21656178,0.664211924,1.597163958,2.404599947,5.504111566,46.000071,0.602897647,1.419636138,2.354688469,5.599484723,48.58028782,1.948126673,0.487031668,2.343643316,0.390607219,0.865291202,0.624175663,1.054986994,0.761012252,0.438819444,0.692593958,0.021751784,1.948069417,1.948174324,0.487017354,0.487043581,2.263119894,2.433042832,0.377186649,0.405507139,0.865223495,0.86535074,0.624126822,0.624218611,1.028819816,1.08075273,0.742136623,0.779598302,0.432102002,0.44627536,0.683131723,0.701908456,0.023179523,0.020327304,2031.007323,42.141527,48.19491525,0.466495314,0.054932965,0.034187713,0.622353318,0.133481394,0.021170171,0.158600161,3.82780991,0.544756938,0.142315567,19.10655481,8.609776047,0.45061897,2.368683957,1.428089413,0.602904161,0.054697066,0.034136099,0.624093782,0.054635806,0.034044736,0.623121329,0.13318879,0.020812687,0.156264554,0.133218343,0.020863499,0.156611306,3.819674963,0.535587372,0.140218049,3.821036641,0.537514651,0.140672467,19.1065718,8.612426215,0.450757274,19.10653791,8.607138817,0.450481341,2.368641599,1.428105802,0.602921861,2.368726094,1.428073108,0.602886552,0.329368997,0.109376513,0.332078957,0.125164451,0.059232161,0.473234694,0.125483928,0.04911583,0.391411319,13.85115037,5.086753181,0.367244095,1.600394875,0.471637424,0.294700659,0.325238168,0.105252341,0.323616203,0.33406869,0.113643968,0.34018144,0.125562462,0.059140368,0.471003574,0.124711628,0.059332092,0.475754289,0.126984986,0.047567194,0.374589115,0.123776155,0.050748439,0.41000174,13.65101467,4.878972181,0.357407292,14.07884713,5.301039197,0.376525091,1.597131485,0.472711083,0.295975057,1.604107672,0.470376222,0.293232325,habitat_background_2024
Phyllidia varicosa,high.yes,yes,30cm,animals_on_background,106_PhyllidiaVaricosa_14_MG_D_RAW,0.267014086,0.539409923,2.020155306,3.660122151,24.0109552,1.162348038,2.231305845,1.919653815,3.119772728,18.09634299,0.136476879,0.356242022,2.610273806,5.691454033,51.72704305,0.13501854,0.353455217,2.617827276,5.921063961,55.66720239,0.594553718,1.523562845,2.562531863,5.152567755,41.9647748,0.56972388,1.397788639,2.453449272,4.835038424,37.93370251,4.762803174,0.680400453,7.477850698,0.356088128,1.663330768,0.854782924,2.208348696,0.796493428,0.518244291,0.825638176,0.045298847,4.761628129,4.76397271,0.68023259,0.68056753,7.645398784,7.248094864,0.364066609,0.345147374,1.6632177,1.663443231,0.599878982,0.599960325,2.240402994,2.162405409,1.151339385,1.111256555,0.522149599,0.512857452,0.875609183,0.85560844,0.046123019,0.044475044,444.3245313,20.68114818,21.4845195,0.490473632,0.035806611,0.019804312,0.55309094,0.083137465,0.043468957,0.522856411,2.27107506,1.213956374,0.534529393,16.74785758,11.32011352,0.675914126,3.162141198,1.523005984,0.481637564,0.035716597,0.019594786,0.548618496,0.035705643,0.019599513,0.548919208,0.08307636,0.043487315,0.523461973,0.083035427,0.043500346,0.523876949,2.266513534,1.212958891,0.535165078,2.265432926,1.213275065,0.535559915,16.74602399,11.31870386,0.675903956,16.74968718,11.3215196,0.675924241,3.162417837,1.523138271,0.481637263,3.16186516,1.522873914,0.481637843,0.21369388,0.096254722,0.450432751,0.292835685,0.200306599,0.684023873,0.28891681,0.196621894,0.680548475,8.783007058,4.221487223,0.480642586,2.185992294,1.202081878,0.549902157,0.217060339,0.100820832,0.464482973,0.21020424,0.091140859,0.4335824,0.305284296,0.208957912,0.684469902,0.279931576,0.190009314,0.678770567,0.299339152,0.205800594,0.687516459,0.278113111,0.185974977,0.668702662,8.936834824,4.439179703,0.496728404,8.623550693,3.976596649,0.461132171,2.1623609,1.171206,0.54163299,2.210488368,1.232761898,0.557687575,habitat_background_2024
Phyllidiella pustulosa,high.yes,yes,30cm,animals_on_background,108_PhyllidiellaPustulosa_28_OI_D_RAW,0.211537707,0.346335643,1.637228884,2.591033122,12.39198518,1.012694234,1.713916369,1.692432239,3.124632623,18.38610857,0.111489733,0.238331415,2.137698324,4.189332912,27.2600774,0.10266067,0.215650447,2.100614053,4.363276223,30.94494268,0.525699637,1.15265406,2.192609578,4.738775697,37.10120282,0.487894954,1.090544676,2.235203843,5.279960689,45.99800998,2.791330745,0.398761535,3.444525689,0.164025033,1.334547661,0.685821831,1.652040478,0.625996434,0.281393284,0.655909133,0.038021753,2.788359641,2.794288013,0.398337092,0.399184002,3.470934771,3.399738181,0.165282608,0.161892294,1.332953933,1.336124998,0.51968041,0.520916717,1.648260425,1.63543779,0.8470383,0.840448769,0.28180985,0.280538148,0.683359355,0.680682743,0.039550275,0.036495382,641.1225,24.28427419,26.40072727,0.479121505,0.049557464,0.019115122,0.385716306,0.156813029,0.032981934,0.21032649,4.64418642,1.02353103,0.220389738,12.1589138,6.858090904,0.564038122,2.220852282,0.886634882,0.399231812,0.049409991,0.01885583,0.381619777,0.049479456,0.018974703,0.383486484,0.15686713,0.032772574,0.208919322,0.156854428,0.032788622,0.209038549,4.646606254,1.018766303,0.219249544,4.645714871,1.018631093,0.219262508,12.15749242,6.855814176,0.563916796,12.16032867,6.86035613,0.564158775,2.221020402,0.886732584,0.399245583,2.22068493,0.886537578,0.399218082,0.211007212,0.055797299,0.264433135,0.139076202,0.101422731,0.729260142,0.136235154,0.108605656,0.797192597,8.603553117,2.437626465,0.28332788,1.622139149,0.595075806,0.366846338,0.212554728,0.056625461,0.266404146,0.209332519,0.055184449,0.263621005,0.139838045,0.103281428,0.738578894,0.13825175,0.100004464,0.723350437,0.136105769,0.11026935,0.810173957,0.136375172,0.107458224,0.787960319,8.669935143,2.483205469,0.286415691,8.531715696,2.400456662,0.281356851,1.628438757,0.597813501,0.367108372,1.615321827,0.595712237,0.368788577,habitat_background_2024
Phyllidiella pustulosa,high.yes,yes,30cm,animals_on_background,108_PhyllidiellaPustulosa_29_OI_D_RAW,0.2419484,0.412076566,1.703158883,2.610339198,11.29087805,1.023333977,1.599123611,1.562660526,2.595868522,13.00408891,0.125843252,0.286773539,2.278815387,4.175936108,24.91030797,0.118034258,0.264171124,2.238088579,4.220394433,25.48994012,0.5341797,1.125007924,2.106047692,4.296721309,30.31722262,0.491476727,1.023787415,2.083084222,4.084870159,26.40487568,2.892410888,0.964136963,2.216704897,0.738901632,1.079494959,0.982598657,0.867165134,0.789327721,0.851519298,0.885963189,0.05612808,2.892873686,2.891949842,0.964291229,0.963983281,2.239814144,2.190826086,0.746604715,0.730275362,1.079589193,1.079401047,0.982684432,0.982513175,0.878941069,0.853243874,0.800046639,0.776656044,0.855447972,0.847129321,0.891365536,0.879584609,0.059402242,0.052863573,283.6985613,15.83438155,17.91661773,0.46915297,0.025905092,0.00752679,0.290552509,0.082118226,0.053541109,0.65200031,2.350628088,1.555197678,0.661609416,7.819686658,3.373493997,0.431410381,2.175660917,0.962066572,0.442195088,0.025881205,0.007567648,0.292399373,0.025876201,0.007562483,0.292256307,0.081924975,0.053831926,0.657088095,0.081891281,0.053796651,0.656927699,2.345322349,1.563647053,0.666708802,2.344318398,1.562602633,0.666548808,7.820556879,3.373910878,0.431415682,7.818824992,3.373080832,0.431405081,2.175932354,0.962156656,0.442181327,2.17539215,0.961977251,0.442208662,0.154048212,0.03948196,0.256296129,0.355108395,0.123567633,0.347971589,0.358998501,0.11922804,0.332112918,6.220187782,1.659385989,0.266774259,1.735888029,0.503551076,0.290082694,0.154840397,0.041288924,0.26665473,0.153160667,0.037323853,0.24369085,0.356654548,0.125438587,0.351708924,0.353376123,0.121402146,0.343549376,0.360551616,0.12122287,0.336215023,0.357258428,0.116915918,0.327258669,6.253492466,1.73539082,0.277507462,6.182874019,1.568607844,0.253702055,1.745067839,0.522949363,0.299672799,1.725603193,0.480576826,0.278497877,habitat_background_2024
Phyllidiella pustulosa,high.yes,yes,30cm,animals_on_background,108_PhyllidiellaPustulosa_27_OI_D_RAW,0.220395672,0.40291799,1.828157454,3.102109841,14.37046041,1.219122776,2.097248894,1.720293424,3.369464689,18.4897315,0.110686626,0.267513804,2.416857511,4.775833216,31.29642593,0.111431635,0.273382649,2.453366577,4.880574402,32.41163494,0.605739534,1.396168087,2.304898408,5.187383949,40.21305215,0.614566494,1.441649288,2.345798709,5.179542036,39.68569935,1.175894294,0.195982382,2.656457257,0.17709715,0.368720194,0.205786659,1.239741766,0.596189766,0.186539766,0.400988212,0.012025083,1.176332872,1.175455721,0.196055479,0.195909287,2.790935958,2.527661562,0.186062397,0.168510771,0.369121741,0.368315812,0.177510035,0.177122465,1.284246509,1.184168097,0.716751624,0.660896799,0.191058938,0.182210029,0.44713083,0.419009632,0.011392436,0.012656983,6769.321948,86.7775378,78.00776699,0.526609687,0.023787507,0.007294583,0.306656033,0.066116544,0.022409325,0.338936723,1.876397538,0.64943626,0.346108032,21.58616967,7.514637843,0.348122801,2.53085891,0.965963757,0.381674282,0.023725172,0.006998682,0.294989745,0.023716323,0.00700123,0.295207226,0.066002841,0.021635171,0.327791508,0.065969954,0.021585264,0.327198415,1.872961041,0.627103927,0.334819525,1.871963707,0.625463769,0.334121739,21.58497989,7.513767829,0.348101683,21.58735957,7.515507617,0.348143903,2.530913453,0.965945128,0.381658696,2.530804361,0.965982384,0.381689869,0.361658769,0.086949136,0.240417609,0.562187321,0.319335088,0.568022571,0.566435599,0.315762422,0.557455115,15.3147635,4.372250447,0.285492522,2.017129512,0.377255592,0.187025964,0.362406795,0.087833169,0.242360712,0.360986272,0.086140285,0.238624822,0.569082878,0.32587005,0.572623184,0.555988014,0.313195568,0.563313525,0.572361255,0.323408807,0.565043151,0.561108262,0.308615497,0.550010609,15.35209792,4.411731092,0.287369916,15.28119876,4.336135776,0.283756258,2.015706831,0.35404269,0.175641956,2.018408544,0.396962656,0.196671114,habitat_background_2024
Phyllidiella pustulosa,high.yes,yes,30cm,animals_on_background,108_PhyllidiellaPustulosa_25_MG_D_RAW,0.222044585,0.332154688,1.495891861,2.695229805,12.07166349,1.140373329,1.775251152,1.556728052,2.82116421,13.10987543,0.112786861,0.22446655,1.990183503,4.09332984,24.41599306,0.113373571,0.229234407,2.021938656,4.324366912,27.49298107,0.572337258,1.19422141,2.086569401,4.278326357,26.56045167,0.56954695,1.223000869,2.147322305,4.459043469,29.49544809,3.987982517,0.664663753,5.662430047,0.377495336,1.489723184,0.831430339,1.832687347,0.795926002,0.521079545,0.813678171,0.061226,3.984571713,3.991368458,0.664095286,0.665228076,5.615279862,5.689299771,0.374351991,0.379286651,1.488871527,1.490566862,0.677614634,0.647344963,1.828037509,1.833637581,1.020247159,1.023372619,0.519223638,0.522257364,0.848930897,0.835358791,0.061372554,0.061079615,235.0994034,15.29392843,15.37207425,0.498725856,0.040036438,0.016031077,0.400412173,0.101805652,0.034014702,0.334114084,2.944923347,0.984391912,0.334267414,13.87330985,8.655810069,0.623918168,1.852100496,0.897229967,0.484439138,0.040244942,0.016070816,0.399325115,0.040210198,0.016088646,0.40011357,0.102045877,0.033979513,0.332982712,0.101979031,0.033989064,0.333294635,2.952729285,0.984230823,0.333329177,2.950648696,0.984364626,0.333609564,13.87331458,8.652728198,0.623695812,13.87330512,8.658886314,0.62414012,1.852083351,0.897219212,0.484437815,1.852117616,0.897240706,0.484440458,0.174951311,0.064619705,0.369358223,0.175014675,0.153012439,0.874283482,0.169824938,0.151633436,0.892880854,7.104033536,2.718568171,0.382679524,1.078399899,0.418158985,0.387758738,0.174580842,0.065246004,0.373729461,0.175323126,0.064393451,0.36728441,0.171957396,0.150249488,0.873759967,0.178083058,0.156564933,0.879168038,0.166767861,0.148992999,0.893415543,0.172893118,0.155059799,0.896853506,7.089021849,2.74544536,0.387281266,7.119099745,2.70852577,0.380459028,1.0745615,0.413053959,0.384393038,1.08225224,0.425672154,0.393320649,habitat_background_2024
Phyllidiella pustulosa,high.yes,yes,30cm,animals_on_background,108_PhyllidiellaPustulosa_24_MG_D_RAW,0.099326823,0.28333466,2.852549316,3.878777101,23.22460788,1.086164735,2.153416445,1.982587333,2.515586231,15.36473655,0.049997713,0.180273455,3.60563401,6.239615226,55.35667397,0.050242366,0.178455494,3.551892691,6.236821624,55.83774968,0.552796399,1.409938385,2.550556383,4.788256096,43.24052246,0.534166876,1.312563109,2.457215467,4.328401832,36.29553425,2.413186017,0.40219767,3.075863338,0.205057556,1.101838225,0.614947622,1.397182862,0.606788807,0.303627613,0.610868215,0.035913907,2.415010936,2.411365395,0.402501823,0.401894233,3.081088751,3.068145433,0.205405917,0.204543029,1.102450058,1.101226545,0.478787977,0.501189799,1.407286773,1.376356806,0.785421703,0.768159359,0.30395387,0.303218631,0.63210484,0.634674579,0.036658971,0.035169173,720.9228499,26.2784522,27.4339921,0.489243276,0.015029423,0.009493307,0.63164816,0.022436913,0.033220286,1.480608601,0.591297045,0.916748409,1.550402488,22.32941185,11.32698141,0.507267343,1.883702344,1.033786083,0.548805435,0.014871186,0.00927162,0.623462063,0.014865234,0.009264237,0.623215029,0.021838411,0.032580735,1.491900437,0.021803513,0.032531002,1.492007373,0.57461267,0.898018428,1.562823924,0.573637388,0.896604766,1.56301661,22.32960446,11.32824042,0.50731935,22.32921962,11.32572477,0.507215432,1.883717909,1.033764075,0.548789216,1.883686809,1.033808047,0.54882162,0.285606226,0.066335141,0.232260835,0.734282557,0.309260684,0.421173949,0.744652248,0.299209563,0.401811132,11.81745583,3.072953626,0.260035127,1.170246223,0.810744507,0.692798226,0.288821666,0.072366997,0.250559448,0.282256068,0.059565342,0.21103299,0.739833596,0.305585425,0.413046158,0.728498945,0.314877393,0.432227659,0.750212237,0.295733063,0.394199199,0.738859311,0.304554374,0.412195352,11.9776862,3.436787194,0.286932479,11.65051226,2.645958159,0.227110886,1.167758892,0.82006991,0.702259615,1.172837767,0.805893878,0.687131589,habitat_background_2024
Phyllidiella pustulosa,high.yes,yes,30cm,animals_on_background,108_PhyllidiellaPustulosa_37_MG_D_RAW,0.269013161,0.430842236,1.60156564,2.831188504,14.68332086,1.684752642,2.852897174,1.693362636,3.024523796,15.50149642,0.135636513,0.287318752,2.118299457,4.868854817,40.24849329,0.138554409,0.289572483,2.089955027,4.246007487,27.3617774,0.826762767,1.84847823,2.235802463,4.749388803,34.02913445,0.860814243,1.963728937,2.281245871,4.799375356,34.91823464,2.730972526,0.455162088,3.08866076,0.205910717,1.246293508,0.69556965,1.583143094,0.66022195,0.330536403,0.6778958,0.054667207,2.730720149,2.731219165,0.455120025,0.455203194,3.205075274,2.976206005,0.213671685,0.198413734,1.246139006,1.246444934,0.51968033,0.541324157,1.609451173,1.551396257,0.898251802,0.865850737,0.334395855,0.326808464,0.708966066,0.703587447,0.053820957,0.055512213,299.1091602,17.58012284,17.01405405,0.508181562,0.06968156,0.033259015,0.477300092,0.118939995,0.041212318,0.346496719,3.255967638,1.029996074,0.316341005,20.11504464,10.10328938,0.502275265,2.312505899,0.894533986,0.386824521,0.070293641,0.0330068,0.469555989,0.07027051,0.032979975,0.469328815,0.119789492,0.04091044,0.341519437,0.119770257,0.040950074,0.341905205,3.276258098,1.020989386,0.31163277,3.275613395,1.022058945,0.312020627,20.11499276,10.10240049,0.50223237,20.11509654,10.10417847,0.502318169,2.312515329,0.894354348,0.386745262,2.312496465,0.894713645,0.386903789,0.290296626,0.0865876,0.298272843,0.224348025,0.112754551,0.502587668,0.197970808,0.123245048,0.622541523,12.06990055,3.990565424,0.330621235,1.641759258,0.518221489,0.315650109,0.287055094,0.086055478,0.299787323,0.29343478,0.087411296,0.297890033,0.225533171,0.113699099,0.504134707,0.223200675,0.112382689,0.503505146,0.200070532,0.124283515,0.621198501,0.195938048,0.12280908,0.626775048,11.92509233,3.953340317,0.331514441,12.21009058,4.04107009,0.330961516,1.621411115,0.521959803,0.321917,1.661458461,0.516320714,0.310763541,habitat_background_2024
Phyllidiella pustulosa,high.yes,yes,30cm,animals_on_background,108_PhyllidiellaPustulosa_22_MG_D_RAW,0.096865385,0.257966297,2.663142233,5.212559691,43.27705732,1.079875225,1.965708007,1.820310312,2.576285911,12.44661484,0.049095792,0.170799068,3.478894225,7.883999634,94.64572599,0.048426269,0.164246876,3.391689659,7.808079643,92.66247199,0.54254356,1.308580961,2.411937138,4.325348712,28.63008016,0.538583111,1.27939615,2.375485091,4.40434119,30.76847142,3.222776771,0.644555354,2.556201207,0.255620121,1.235460388,0.767634699,1.113732091,0.621585715,0.450087737,0.694610207,0.049514147,3.222750081,3.222774011,0.644550016,0.644554802,2.621949334,2.48883651,0.262194933,0.248883651,1.235343115,1.235571885,0.68945812,0.689585799,1.141052107,1.082115584,0.708975536,0.672356215,0.453372475,0.446719227,0.699216828,0.680971007,0.050225155,0.048803714,368.5671692,18.91034156,19.4902439,0.492449303,0.013708685,0.006206491,0.452741529,0.018567646,0.027490518,1.48056022,0.541568815,0.803793449,1.484194487,16.95806055,9.685179607,0.571125429,1.664511374,1.23202262,0.740170743,0.013676694,0.006180653,0.451911372,0.013699126,0.006185488,0.451524236,0.018462651,0.027327809,1.480167125,0.018551408,0.02739096,1.476489576,0.538509094,0.799083158,1.483880526,0.541111615,0.800932013,1.480160452,16.96424916,9.691033387,0.571262146,16.9518862,9.679330849,0.570988428,1.664615742,1.232521344,0.740423939,1.664407247,1.231524833,0.739917971,0.219980033,0.042453162,0.192986435,0.677845384,0.086618494,0.127785031,0.686279468,0.089922107,0.131028409,8.965177005,1.88278438,0.210010843,0.748227819,0.741721221,0.991303988,0.221709674,0.045567843,0.205529342,0.218201456,0.038895622,0.178255557,0.678746421,0.088400054,0.130240177,0.676918854,0.084735491,0.125178211,0.687005945,0.091676721,0.133443853,0.685532436,0.088073909,0.128475189,9.040960149,2.02034672,0.223465947,8.887249752,1.725800766,0.194188395,0.769389342,0.757594596,0.984669991,0.726467581,0.724263101,0.99696548,habitat_background_2024
Phyllidiella pustulosa,high.yes,yes,30cm,animals_on_background,108_PhyllidiellaPustulosa_3_MG_D_RAW,0.263215114,0.45938991,1.745302175,2.794324596,14.58990294,1.301483488,2.303560971,1.769950209,3.398559876,23.49754732,0.13210995,0.299313036,2.265635837,4.560296765,34.44183255,0.134833517,0.310217212,2.300742557,4.503989788,31.17435721,0.654345627,1.536437739,2.348052275,5.634212875,57.56826752,0.649270606,1.517239363,2.336836673,5.010262448,42.52542621,2.252915815,0.563228954,2.116610363,0.352768394,0.978273984,0.705675513,0.913520566,0.567602241,0.457998674,0.636638877,0.04340042,2.251060139,2.254759019,0.562765035,0.563689755,2.149228277,2.079891994,0.358204713,0.346648666,0.977650931,0.978891096,0.607448677,0.608219235,0.922334643,0.902640879,0.665323808,0.65111776,0.460484874,0.45516921,0.636386242,0.629668498,0.044340868,0.042464066,485.9955953,21.55255814,22.54932302,0.488699293,0.031832581,0.014208911,0.446363776,0.093225175,0.046154146,0.495082427,2.697605148,1.378062962,0.510846802,15.60185501,7.945295786,0.509253277,3.041943813,1.369368287,0.450162255,0.031757304,0.014033799,0.44190776,0.031782302,0.014054052,0.442197422,0.093127295,0.045744581,0.491204871,0.093195837,0.045785318,0.491280727,2.694047493,1.36644006,0.507207116,2.696382531,1.368172838,0.507410511,15.60264828,7.946260605,0.509289222,15.60106674,7.94433683,0.50921754,3.042043444,1.369547428,0.4502064,3.041844811,1.369190242,0.450118375,0.257775815,0.0747047,0.289804923,0.373677866,0.14542098,0.389161344,0.381316369,0.126434092,0.331572686,10.64340686,3.745477533,0.351905887,2.134314899,0.668769721,0.313341636,0.259334569,0.078181594,0.301470004,0.256155255,0.070863989,0.27664468,0.371548299,0.147987451,0.398299363,0.375891874,0.14266169,0.379528529,0.379941641,0.128165811,0.337330256,0.382745607,0.124588092,0.325511487,10.72079158,3.937045879,0.367234625,10.56295368,3.533078503,0.334478273,2.150219708,0.69425508,0.322876345,2.117779436,0.64067765,0.302523313,habitat_background_2024
Phyllidiella pustulosa,high.yes,yes,30cm,animals_on_background,108_PhyllidiellaPustulosa_36_MG_D_RAW,0.247022583,0.421080528,1.704623611,3.43327088,20.85239208,1.53173402,2.536809094,1.656168147,2.902843345,13.6347096,0.124669518,0.282445231,2.265551632,5.232849764,45.06027251,0.126056179,0.283175206,2.246420661,5.075208125,40.4554492,0.774256949,1.725880566,2.229079852,4.358802888,26.66357357,0.760784333,1.718098174,2.258324861,4.619204909,31.11100147,2.203257313,0.314751045,2.590678776,0.123365656,1.048198916,0.538667686,1.320815344,0.550822781,0.21905835,0.544745233,0.046229063,2.20236685,2.204135246,0.314623836,0.314876464,2.501647963,2.680181497,0.119126093,0.12762769,1.048320339,1.048067428,0.455279738,0.437078066,1.288106063,1.348605902,0.661955571,0.693046337,0.216874965,0.221252077,0.558617654,0.565062202,0.046606128,0.045852568,425.6779464,20.45640569,20.80902935,0.495727373,0.034992276,0.017065957,0.487706399,0.089550869,0.045630331,0.509546492,2.558908203,1.277386977,0.499192185,18.79194694,8.919801149,0.474660831,2.525794198,1.319328536,0.522342057,0.034867441,0.016841073,0.483002828,0.034790738,0.016779153,0.482287918,0.089338932,0.045073687,0.504524579,0.089142301,0.045075929,0.505662616,2.551839467,1.260271991,0.493868054,2.546325586,1.260323646,0.494957775,18.7849859,8.919784533,0.474835839,18.79889198,8.91981141,0.474486019,2.525462894,1.318817653,0.522208288,2.52612474,1.319837951,0.522475367,0.286590219,0.064162302,0.223881688,0.368155104,0.146068668,0.396758504,0.363088917,0.137289074,0.378114196,11.84394241,2.80497032,0.23682742,2.056828503,0.582082593,0.283000062,0.285903284,0.062138908,0.217342406,0.287287388,0.066440137,0.231267154,0.371322292,0.147295527,0.396678385,0.36494073,0.145493661,0.398677508,0.365726673,0.138691152,0.379220773,0.360411863,0.13651061,0.378762809,11.80853168,2.693299727,0.228080832,11.8798807,2.926055346,0.246303428,2.036051046,0.576504611,0.283148407,2.077915512,0.589729617,0.283808275,habitat_background_2024
Phyllidiella pustulosa,high.yes,yes,30cm,animals_on_background,108_PhyllidiellaPustulosa_35_MG_D_RAW,0.26265153,0.448836143,1.708865518,2.788912409,14.44716478,1.260957823,2.178970733,1.728028244,3.221885516,21.31001179,0.130495925,0.292603657,2.242243635,4.644870017,35.73489373,0.135984025,0.307382368,2.260429987,4.348465805,29.16413996,0.626780172,1.455775851,2.322625885,5.439605798,54.20357447,0.636469725,1.465950741,2.303252902,4.744302724,38.45902068,2.625938782,0.525187756,2.465261041,0.246526104,1.070878079,0.665373961,1.096406363,0.527260008,0.38585693,0.596316985,0.0439455,2.628732877,2.623136758,0.525746575,0.524627352,2.46979467,2.453944961,0.246979467,0.245394496,1.071535964,1.070216657,0.515299874,0.549982566,1.103187857,1.085277106,0.685449155,0.674320579,0.386363021,0.385010924,0.600374514,0.612151573,0.042944313,0.044942673,473.5895282,22.28597015,21.25056818,0.511891184,0.033423218,0.014201319,0.424893838,0.09752484,0.045040966,0.461840958,2.829411376,1.351849496,0.477784711,13.69934038,7.659691769,0.559128509,2.909735798,1.355827685,0.465962472,0.033239027,0.014139583,0.425391002,0.033214573,0.014151016,0.426048411,0.096822819,0.044969282,0.46444921,0.096713441,0.04499394,0.465229443,2.808989573,1.350533567,0.480789811,2.805811594,1.351082593,0.481530049,13.69301475,7.658131493,0.559272858,13.70565384,7.661242214,0.558984074,2.909580414,1.355621136,0.465916367,2.909890882,1.356033784,0.466008465,0.229123857,0.070765789,0.308853867,0.250505243,0.152955688,0.610588771,0.265370565,0.137946849,0.519827243,9.398953643,3.268739473,0.347776954,1.946586733,0.624632343,0.320885955,0.228995947,0.072897756,0.318336447,0.229245589,0.069386772,0.302674402,0.245704129,0.154950878,0.630640108,0.255074485,0.152433767,0.597604918,0.260876991,0.139524719,0.534829533,0.26964712,0.137683225,0.510605212,9.399825001,3.394209684,0.361092859,9.398124368,3.177271002,0.338075011,1.940447071,0.642729445,0.331227506,1.952429878,0.613131053,0.314034865,habitat_background_2024
Phyllidiella pustulosa,high.yes,yes,30cm,animals_on_background,108_PhyllidiellaPustulosa_2_MG_D_RAW,0.24629573,0.41378063,1.680015441,3.533536524,21.66933027,1.54757845,2.538151404,1.640079316,2.973831739,13.88569388,0.12556448,0.282708623,2.251501568,5.328380564,46.44893379,0.124542861,0.276642505,2.221263443,5.151123847,41.4687454,0.788058586,1.748796679,2.219120138,4.408304485,26.88500335,0.763443772,1.7171506,2.249216857,4.665999023,31.5508559,3.241006041,0.463000863,3.509715287,0.167129299,1.363981262,0.700947709,1.535379738,0.598600411,0.315065081,0.64977406,0.06628674,3.237307061,3.244621832,0.462472437,0.463517405,3.475600468,3.54205335,0.165504784,0.168669207,1.363220256,1.364718996,0.531480379,0.532064694,1.523434653,1.543802521,0.782890543,0.793357556,0.313988611,0.316093306,0.657185461,0.662711125,0.067896989,0.06467861,198.5242579,13.72819359,14.46106195,0.487000927,0.03507878,0.01805561,0.514716011,0.087142679,0.045265342,0.519439413,2.496193253,1.258738245,0.504263139,19.27380635,10.45605995,0.542501038,2.41095338,1.15644266,0.479661975,0.035049798,0.017934193,0.511677501,0.034946549,0.017899857,0.512206704,0.087220479,0.04507819,0.516830345,0.08690605,0.04506915,0.518596234,2.497819045,1.252845755,0.501575867,2.48921404,1.253160026,0.503436027,19.26964006,10.45125561,0.542369011,19.27795284,10.46083734,0.542632168,2.41135714,1.155722399,0.479282965,2.410551539,1.157158889,0.480039058,0.232698275,0.056393036,0.242344023,0.299398786,0.138820637,0.463664662,0.292950109,0.12633662,0.431256437,9.522364305,2.526600807,0.265333349,1.545572329,0.523059055,0.338424184,0.232181189,0.055381415,0.238526708,0.233240378,0.057429053,0.246222605,0.301678125,0.139596752,0.462734087,0.297009179,0.137958491,0.464492348,0.295526387,0.126645317,0.428541485,0.290249197,0.125950895,0.433940545,9.498841686,2.477771983,0.260849908,9.547024893,2.57654875,0.269879756,1.529478509,0.512188125,0.334877621,1.562444729,0.533654148,0.341550737,habitat_background_2024
Phyllidiella pustulosa,high.yes,yes,30cm,animals_on_background,108_PhyllidiellaPustulosa_1_MG_D_RAW,0.216943336,0.4482853,2.066370454,3.651178812,25.03763097,0.968027635,1.96099719,2.025765712,3.254503392,19.7498363,0.114042752,0.300553715,2.635447768,6.30683819,65.01754427,0.105907153,0.27594248,2.605513152,5.850361426,55.44745127,0.499591541,1.281919518,2.565935195,5.471405801,48.86713546,0.469249264,1.24857357,2.660789619,5.72439695,51.22819936,3.594133799,0.89853345,3.04311477,0.507185795,1.325174096,0.955911049,1.157088946,0.718939785,0.702859622,0.837425417,0.030195501,3.593113399,3.595142734,0.89827835,0.898785683,3.075050849,2.999040709,0.512508475,0.499840118,1.324942046,1.325403387,0.82323278,0.823519427,1.167631173,1.14358099,0.842267851,0.824919312,0.705393412,0.699312901,0.832750315,0.824219369,0.03104817,0.029343019,1032.350483,31.20801734,33.07965616,0.485443253,0.072952309,0.049574786,0.679550609,0.139084233,0.056376551,0.405341062,3.903608177,1.560696764,0.399808765,20.4962695,10.60055338,0.517194282,3.243104654,1.321435149,0.407459916,0.073096192,0.049681691,0.679675501,0.073008564,0.04965349,0.680105004,0.139162803,0.056271021,0.404353892,0.139055359,0.056389705,0.405519824,3.904806354,1.556970406,0.398731785,3.902142021,1.560577623,0.399928453,20.49622282,10.60051715,0.517193692,20.49631608,10.60058955,0.517194871,3.242726465,1.321422568,0.407503557,3.243482095,1.32144756,0.407416327,0.310318365,0.076282105,0.245818853,0.252259677,0.2905997,1.151986334,0.273986903,0.272297246,0.993833074,12.91851806,3.526559364,0.272984823,2.443631475,1.108681749,0.453702516,0.308900073,0.077051317,0.249437679,0.311818747,0.075423557,0.241882687,0.261384646,0.296353813,1.133784318,0.242606557,0.283987187,1.170566825,0.283065886,0.277794802,0.981378599,0.264382432,0.265936619,1.005878555,12.8584143,3.576595897,0.278152175,12.9821006,3.471426492,0.267400985,2.44280013,1.106933992,0.45314145,2.444510938,1.110526825,0.454294071,habitat_background_2024
Phyllidiella pustulosa,high.yes,yes,30cm,animals_on_background,108_PhyllidiellaPustulosa_4_MG_D_RAW,0.283840645,0.455137273,1.603495765,2.724637165,13.19620254,1.712522362,2.872035465,1.677079101,2.920424629,14.53536783,0.140008933,0.298840511,2.134438878,4.685623202,35.81591621,0.148484404,0.310040007,2.088030789,4.148792433,25.76393046,0.829174938,1.854096259,2.236073685,4.729755386,33.87450049,0.885890272,1.977975746,2.232754788,4.560278082,31.45867132,4.711054623,0.673007803,5.825684641,0.277413554,1.62047747,0.832760686,2.009149192,0.741917262,0.475210679,0.787338974,0.073990879,4.720201859,4.701784719,0.674314551,0.671683531,5.721604215,5.906425718,0.272457344,0.281258368,1.621852245,1.619077627,0.632313554,0.59787578,1.992424495,2.019629695,1.023903645,1.037884353,0.473385947,0.476470949,0.8281086,0.817880066,0.071314184,0.076661567,156.8469622,13.02245581,12.0443459,0.519510066,0.053281292,0.027724665,0.520345209,0.120001113,0.047093428,0.392441596,3.418186689,1.271088522,0.371860474,18.01596354,10.63156661,0.590119234,2.300269723,1.077864762,0.468581902,0.053303375,0.027863742,0.522738793,0.053317377,0.027793068,0.521275975,0.119895282,0.047524119,0.396380228,0.119965027,0.047546073,0.39633278,3.412894306,1.281729058,0.375554864,3.415452127,1.282560358,0.375517006,18.01662499,10.63169897,0.590104916,18.01529975,10.63143373,0.590133602,2.300353626,1.077453384,0.468385979,2.300185524,1.078277429,0.46877846,0.231572953,0.102334357,0.441909801,0.187771392,0.137465388,0.732089092,0.181936273,0.148780779,0.817763147,9.567339729,4.58546144,0.479282807,1.468608288,0.611004347,0.416043101,0.232589282,0.103158149,0.443520648,0.230629637,0.102087012,0.442644812,0.188359754,0.140925008,0.748169423,0.187225299,0.134924783,0.720654655,0.182595953,0.152609582,0.835777462,0.181323985,0.145949879,0.804912153,9.610475023,4.614956121,0.480200626,9.527303289,4.581293338,0.480859399,1.46626173,0.616012846,0.420124752,1.470786268,0.609493379,0.414399694,habitat_background_2024
Phyllidiella pustulosa,high.yes,yes,30cm,animals_on_background,108_PhyllidiellaPustulosa_39_MG_D_RAW,0.221873081,0.341907642,1.541005516,2.754988767,12.69549823,1.178709909,1.864140649,1.581509271,2.803589556,12.9358328,0.106782738,0.218107053,2.042531009,4.178029842,25.30253464,0.118702087,0.245495021,2.068160958,4.259654273,27.16130154,0.561292091,1.176716312,2.096441997,4.176988882,24.87534351,0.618584059,1.335749626,2.15936639,4.292551933,27.12397592,2.036557555,0.509139389,2.126468756,0.354411459,0.913245472,0.658767357,0.85886577,0.619540694,0.431775424,0.639154025,0.044371757,2.040502396,2.032607111,0.510125599,0.508151778,2.151547903,2.103708029,0.358591317,0.350618005,0.914538124,0.911944511,0.659699808,0.657828912,0.871840182,0.844975115,0.628899754,0.609520704,0.434358458,0.429384891,0.644299781,0.633674808,0.041751003,0.046983997,465.5450262,22.95152013,20.2838428,0.530850641,0.041157594,0.01299497,0.315736878,0.10596384,0.028455775,0.268542317,3.057564681,0.805513046,0.263449225,13.62310194,6.875761972,0.504713391,2.048228752,0.871949969,0.425709271,0.041199408,0.012874143,0.312483691,0.041181388,0.012832308,0.31160454,0.106248036,0.028191844,0.265339904,0.106274217,0.028178596,0.265149884,3.064830305,0.797693684,0.260273361,3.065222023,0.797103734,0.260047634,13.62626775,6.878678993,0.504810203,13.61992908,6.872835268,0.504616083,2.048429523,0.871985333,0.42568481,2.048027534,0.871914463,0.42573376,0.225844724,0.023725034,0.105050202,0.203987611,0.193005979,0.9461652,0.20607871,0.171544026,0.832419936,9.197808432,1.049610235,0.114115253,1.504277624,0.19811273,0.131699579,0.225983101,0.022179103,0.098144963,0.22572216,0.025013805,0.11081679,0.209856425,0.200943432,0.957528138,0.198789397,0.185485712,0.933076485,0.211719,0.180530053,0.852687068,0.201082907,0.162954789,0.810386083,9.202815241,0.975948827,0.106048943,9.193373726,1.110757575,0.12082154,1.504569922,0.190916269,0.126890925,1.504018725,0.204274804,0.135819322,habitat_background_2024
Phyllidiella pustulosa,high.yes,yes,30cm,animals_on_background,108_PhyllidiellaPustulosa_40_MG_D_RAW,0.320413854,0.538291056,1.679986834,3.926737591,26.53271156,1.199254584,2.122328166,1.769706111,4.214933035,29.96658902,0.161426829,0.364777046,2.259705203,6.086383342,60.27486647,0.165763853,0.373739725,2.254651529,5.691137872,51.14169597,0.599955664,1.443660056,2.4062779,6.187613356,58.67073262,0.602911069,1.460615761,2.422605649,6.485554329,67.68698679,2.224788232,0.31782689,2.439749507,0.116178548,1.089815486,0.560054372,1.303740766,0.626966779,0.217002719,0.593510575,0.045115515,2.225941059,2.223630905,0.31799158,0.317661558,2.428120621,2.445906818,0.115624791,0.116471753,1.090129316,1.089487322,0.524241386,0.523932652,1.298202927,1.3031218,0.667144332,0.669672133,0.216808186,0.217066656,0.595692859,0.596802393,0.044232108,0.045996969,448.1623184,21.60801145,20.7405628,0.510241769,0.042577777,0.024490676,0.57519857,0.105209961,0.031990723,0.304065534,2.885737029,0.876722565,0.303812356,18.16406713,9.721297682,0.535193886,3.536250834,1.989155132,0.56250397,0.042236715,0.024182602,0.572549305,0.042314249,0.024254479,0.573198861,0.105036199,0.03175448,0.302319391,0.105169681,0.031650533,0.300947312,2.878629005,0.870060933,0.302248373,2.882380754,0.866970339,0.300782726,18.1712685,9.726141735,0.535248364,18.15686839,9.716446755,0.53513891,3.536714279,1.989188691,0.562439749,3.535787558,1.989121458,0.562568148,0.234107223,0.070439428,0.300885326,0.147683337,0.207272532,1.403493022,0.170156131,0.191870668,1.127615364,9.609062217,3.250633748,0.338288344,1.786030655,1.05834399,0.592567651,0.234334195,0.067688269,0.288853569,0.233889442,0.072980994,0.312032014,0.138258873,0.200294832,1.448694238,0.156726164,0.213306755,1.361015599,0.161507142,0.185951899,1.15135403,0.178454887,0.196975393,1.103782566,9.611921296,3.102914242,0.322819356,9.606318914,3.386316531,0.352509277,1.754779103,1.004360619,0.572357294,1.816016702,1.106723115,0.609423423,habitat_background_2024
